timestamp,accel_x,accel_y,accel_z,gyro_x,gyro_y,gyro_z,label
0.00000,0.40000,9.00000,10.30000,0.50000,0.10000,0.00000,normal
0.02000,1.17324,5.64225,7.62817,-0.31899,-0.15949,-0.05949,normal
0.04000,0.91972,5.72676,7.68451,-0.21772,-0.10886,-0.00886,normal
0.06000,0.66620,5.81127,7.74085,-0.11646,-0.05823,0.04177,normal
0.08000,0.41268,5.89577,7.79718,-0.01519,-0.00759,0.09241,normal
0.10000,1.27383,5.22617,7.90654,-0.19400,0.00000,-0.09400,normal
0.12000,1.19907,5.30093,7.92523,-0.17400,0.00000,-0.07400,normal
0.14000,1.12430,5.37570,7.94393,-0.15400,0.00000,-0.05400,normal
0.16000,1.04953,5.45047,7.96262,-0.13400,0.00000,-0.03400,normal
0.18000,0.97477,5.52523,7.98131,-0.11400,0.00000,-0.01400,normal
0.20000,0.90000,5.60000,8.00000,0.00000,0.00000,0.00000,normal
0.22000,0.71633,5.71633,8.21633,-0.01818,0.00000,0.00000,normal
0.24000,0.73673,5.73673,8.23673,-0.03636,0.00000,0.00000,normal
0.26000,0.75714,5.75714,8.25714,-0.05455,0.00000,0.00000,normal
0.28000,0.77755,5.77755,8.27755,-0.07273,0.00000,0.00000,normal
0.30000,0.79796,5.79796,8.29796,-0.09091,0.00000,0.00000,normal
0.32000,0.80000,5.60000,8.20000,-0.10000,0.00000,0.00000,normal
0.34000,0.80000,5.62469,8.20000,-0.08000,0.00000,0.00000,normal
0.36000,0.80000,5.64938,8.20000,-0.07069,0.00000,0.00000,normal
0.38000,0.80000,5.67407,8.20000,-0.03621,0.00000,0.00000,normal
0.40000,0.80000,5.69877,8.20000,-0.00172,0.00000,0.00000,normal
0.42000,0.50000,5.92022,7.87978,0.18556,0.10000,0.00000,normal
0.44000,0.50000,5.96517,7.83483,0.16333,0.10000,0.00000,normal
0.46000,0.50000,6.01011,7.78989,0.14111,0.10000,0.00000,normal
0.48000,0.50000,6.05506,7.74494,0.11889,0.10000,0.00000,normal
0.50000,0.50000,6.10000,7.70000,-0.20000,0.10000,0.10000,normal
0.52000,0.50000,5.48387,6.27204,-0.30000,0.31848,0.31848,normal
0.54000,0.50000,5.61290,6.22903,-0.30000,0.34022,0.34022,normal
0.56000,0.50000,5.74194,6.18602,-0.30000,0.36196,0.36196,normal
0.58000,0.50000,5.87097,6.14301,-0.30000,0.38370,0.38370,normal
0.60000,0.50000,6.00000,6.10000,-0.60000,0.70000,0.70000,normal
0.62000,0.70000,4.48947,6.59474,-0.20000,0.93455,0.80000,normal
0.64000,0.70000,4.74211,6.72105,-0.20000,0.97091,0.80000,normal
0.66000,0.70000,4.99474,6.84737,-0.20000,1.00727,0.80000,normal
0.68000,0.70000,5.24737,6.97368,-0.20000,1.04364,0.80000,normal
0.70000,0.70000,5.50000,7.10000,-0.20000,1.08000,0.80000,normal
0.72000,0.01000,3.25000,2.67000,-2.84000,1.62000,1.74000,normal
0.74000,-0.28313,2.57952,2.76024,-3.10000,2.08000,2.14000,normal
0.76000,-0.47590,2.24217,2.92892,-3.10000,2.18667,2.19333,normal
0.78000,-0.66867,1.90482,3.09759,-3.10000,2.29333,2.24667,normal
0.80000,-0.86145,1.56747,3.26627,-3.10000,2.40000,2.30000,normal
0.82000,-7.44444,-0.88889,3.85556,-6.76111,3.75667,2.48556,normal
0.84000,-7.93333,-0.86667,3.96667,-7.31667,3.69000,2.46333,normal
0.86000,-8.42222,-0.84444,4.07778,-7.87222,3.62333,2.44111,normal
0.88000,-8.91111,-0.82222,4.18889,-8.42778,3.55667,2.41889,normal
0.90000,-9.40000,-0.80000,4.30000,-9.90000,1.90000,2.10000,normal
0.92000,-10.87553,-7.37872,2.09255,-8.46559,0.63441,1.76559,normal
0.94000,-10.68404,-7.03830,1.77340,-8.42258,0.67742,1.72258,normal
0.96000,-10.49255,-6.69787,1.45426,-8.37957,0.72043,1.67957,normal
0.98000,-10.30106,-6.35745,1.13511,-8.33656,0.76344,1.63656,normal
1.00000,-10.10957,-6.01702,0.81596,-3.60000,0.50000,2.10000,normal
1.02000,-9.54149,-7.33085,1.16170,-2.78727,0.35636,2.44364,normal
1.04000,-9.60532,-7.22447,0.94894,-2.89636,0.30182,2.49818,normal
1.06000,-9.66915,-7.11809,0.73617,-3.00545,0.24727,2.55273,normal
1.08000,-9.73298,-7.01170,0.52340,-3.11455,0.19273,2.60727,normal
1.10000,-9.79681,-6.90532,0.31064,-3.22364,0.13818,2.66182,normal
1.12000,-11.80482,-7.10602,-1.80723,-4.31111,-0.38889,2.98889,normal
1.14000,-11.90120,-7.22651,-1.95181,-4.61081,-1.01486,3.30000,normal
1.16000,-11.99759,-7.34699,-2.09639,-4.44865,-1.04189,3.30000,normal
1.18000,-12.09398,-7.46747,-2.24096,-4.28649,-1.06892,3.30000,normal
1.20000,-12.19036,-7.58795,-2.38554,-4.12432,-1.09595,3.30000,normal
1.22000,-11.39540,-9.51954,-1.98391,-0.03563,-0.77586,2.75977,normal
1.24000,-11.09655,-9.28966,-1.93793,0.14828,-0.70690,2.64483,normal
1.26000,-10.79770,-9.05977,-1.89195,0.33218,-0.63793,2.52989,normal
1.28000,-10.49885,-8.82989,-1.84598,0.51609,-0.56897,2.41494,normal
1.30000,-10.20000,-8.60000,-1.80000,0.70000,-0.50000,2.30000,normal
1.32000,-9.48876,-3.84494,-0.38876,1.85506,0.38876,0.06629,normal
1.34000,-9.46629,-3.93483,-0.36629,1.76517,0.36629,-0.00112,normal
1.36000,-9.44382,-4.02472,-0.34382,1.67528,0.34382,-0.06854,normal
1.38000,-9.42135,-4.11461,-0.32135,1.58539,0.32135,-0.13596,normal
1.40000,-9.35000,-4.35000,-0.30000,1.35000,0.30000,-0.30000,normal
1.42000,-9.66374,-4.17582,0.42418,0.12381,-0.01524,-0.71524,normal
1.44000,-9.59780,-4.13187,0.46813,0.02857,-0.03429,-0.73429,normal
1.46000,-9.53187,-4.08791,0.51209,-0.06667,-0.05333,-0.75333,normal
1.48000,-9.46593,-4.04396,0.55604,-0.16190,-0.07238,-0.77238,normal
1.50000,-9.40000,-4.00000,0.60000,-0.25714,-0.09143,-0.79143,normal
1.52000,-10.28235,-1.30588,1.41176,-0.05000,-0.20000,-0.72000,normal
1.54000,-10.21176,-1.32941,1.45882,0.52025,-0.30000,-0.70000,normal
1.56000,-10.14118,-1.35294,1.50588,0.54557,-0.30000,-0.70000,normal
1.58000,-10.07059,-1.37647,1.55294,0.57089,-0.30000,-0.70000,normal
1.60000,-10.00000,-1.40000,1.60000,0.59620,-0.30000,-0.70000,normal
1.62000,-9.57209,-3.03488,0.25116,-1.32093,-0.28953,-1.12093,normal
1.64000,-9.47907,-3.15116,0.08837,-1.36744,-0.26628,-1.16744,normal
1.66000,-9.38605,-3.26744,-0.07442,-1.41395,-0.24302,-1.21395,normal
1.68000,-9.29302,-3.38372,-0.23721,-1.46047,-0.21977,-1.26047,normal
1.70000,-9.20000,-3.50000,-0.40000,-0.60000,0.00000,-1.20000,normal
1.72000,-9.14409,-3.87204,-1.27204,0.05258,0.08247,-0.98247,normal
1.74000,-9.05806,-3.82903,-1.22903,0.11443,0.06186,-0.96186,normal
1.76000,-8.97204,-3.78602,-1.18602,0.17629,0.04124,-0.94124,normal
1.78000,-8.88602,-3.74301,-1.14301,0.23814,0.02062,-0.92062,normal
1.80000,-8.80000,-3.70000,-1.10000,0.30000,0.00000,-0.90000,normal
1.82000,-9.26966,-3.08989,-0.38989,0.70000,0.10000,-0.38762,normal
1.84000,-9.20225,-3.06742,-0.36742,0.70000,0.10000,-0.36857,normal
1.86000,-9.13483,-3.04494,-0.34494,0.70000,0.10000,-0.34952,normal
1.88000,-9.06742,-3.02247,-0.32247,0.70000,0.10000,-0.33048,normal
1.90000,-9.00000,-3.00000,-0.30000,0.70000,0.10000,-0.31143,normal
1.92000,-9.50000,-3.00000,-0.20000,0.70000,0.10000,-0.30000,normal
1.94000,-9.15385,-2.90000,-0.15385,0.68158,0.20000,-0.30000,normal
1.96000,-9.10256,-2.90000,-0.10256,0.65526,0.20000,-0.30000,normal
1.98000,-9.05128,-2.90000,-0.05128,0.62895,0.20000,-0.30000,normal
2.00000,-9.00000,-2.90000,0.00000,0.60263,0.20000,-0.30000,normal
2.02000,-8.51609,-2.50000,0.72414,0.16413,-0.01196,-0.20000,normal
2.04000,-8.56207,-2.50000,0.79310,0.09891,-0.03370,-0.20000,normal
2.06000,-8.60805,-2.50000,0.86207,0.03370,-0.05543,-0.20000,normal
2.08000,-8.65402,-2.50000,0.93103,-0.03152,-0.07717,-0.20000,normal
2.10000,-8.70000,-2.50000,1.00000,-0.09674,-0.09891,-0.20000,normal
2.12000,-9.01915,-2.66702,0.19043,-1.43913,-0.50000,0.11304,normal
2.14000,-9.06170,-2.81596,0.16915,-1.50435,-0.50000,0.13478,normal
2.16000,-9.10426,-2.96489,0.14787,-1.56957,-0.50000,0.15652,normal
2.18000,-9.14681,-3.11383,0.12660,-1.63478,-0.50000,0.17826,normal
2.20000,-9.18936,-3.26277,0.10532,-1.70000,-0.50000,0.20000,normal
2.22000,-10.38876,-4.72247,0.32247,-0.85361,-0.40000,0.82784,normal
2.24000,-10.36629,-4.76742,0.36742,-0.75052,-0.40000,0.88969,normal
2.26000,-10.34382,-4.81236,0.41236,-0.64742,-0.40000,0.95155,normal
2.28000,-10.32135,-4.85730,0.45730,-0.54433,-0.40000,1.01340,normal
2.30000,-10.23000,-4.84000,0.52000,-0.44124,-0.40000,1.07526,normal
2.32000,-8.48415,-3.50000,1.06463,-1.49500,-0.10625,0.80625,normal
2.34000,-8.16707,-3.50000,0.35732,-1.39500,-0.23125,0.93125,normal
2.36000,-7.85000,-3.50000,-0.35000,-1.29500,-0.35625,1.05625,normal
2.38000,-7.53293,-3.50000,-1.05732,-1.19500,-0.48125,1.18125,normal
2.40000,-7.21585,-3.50000,-1.76463,-1.06000,-0.50000,1.20000,normal
2.42000,-8.71209,-5.31538,-0.66374,0.75057,0.01264,0.88736,normal
2.44000,-8.73407,-5.16154,-0.59780,0.84253,0.03563,0.86437,normal
2.46000,-8.75604,-5.00769,-0.53187,0.93448,0.05862,0.84138,normal
2.48000,-8.77802,-4.85385,-0.46593,1.02644,0.08161,0.81839,normal
2.50000,-8.80000,-4.70000,-0.40000,0.10000,0.10000,0.50000,normal
2.52000,-9.54286,-2.81429,1.50000,-1.05922,0.07282,0.28641,normal
2.54000,-9.60408,-2.97755,1.35714,-1.00097,0.03398,0.26699,normal
2.56000,-9.66531,-3.14082,1.21429,-0.94272,-0.00485,0.24757,normal
2.58000,-9.72653,-3.30408,1.07143,-0.88447,-0.04369,0.22816,normal
2.60000,-9.78776,-3.46735,0.92857,-0.82621,-0.08252,0.20874,normal
2.62000,-10.22308,-3.79451,1.57033,1.74000,0.32000,0.24000,normal
2.64000,-10.53077,-3.53077,1.74615,1.85789,0.48421,0.13684,normal
2.66000,-10.83846,-3.26703,1.92198,1.80526,0.58947,0.05789,normal
2.68000,-11.14615,-3.00330,2.09780,1.75263,0.69474,-0.02105,normal
2.70000,-11.45385,-2.73956,2.27363,1.70000,0.80000,-0.10000,normal
2.72000,-10.75506,-2.48764,0.73371,1.53778,-0.11556,-0.23111,normal
2.74000,-10.66517,-2.26292,0.80112,1.44889,-0.13778,-0.27556,normal
2.76000,-10.57528,-2.03820,0.86854,1.36000,-0.16000,-0.32000,normal
2.78000,-10.48539,-1.81348,0.93596,1.27111,-0.18222,-0.36444,normal
2.80000,-10.15000,-1.35000,1.20000,0.50000,-0.30000,-0.85000,normal
2.82000,-9.00968,-3.03011,0.43978,1.04382,-0.18539,-1.18539,normal
2.84000,-8.88065,-3.07312,0.35376,1.11124,-0.16292,-1.16292,normal
2.86000,-8.75161,-3.11613,0.26774,1.17865,-0.14045,-1.14045,normal
2.88000,-8.62258,-3.15914,0.18172,1.24607,-0.11798,-1.11798,normal
2.90000,-8.80000,-3.60000,0.15000,1.64286,-0.10000,-1.10000,normal
2.92000,-7.80968,-2.51505,0.50000,1.68750,-0.10000,-0.90000,normal
2.94000,-7.68065,-2.53656,0.50000,1.66827,-0.10000,-0.90000,normal
2.96000,-7.55161,-2.55806,0.50000,1.64904,-0.10000,-0.90000,normal
2.98000,-7.42258,-2.57957,0.50000,1.62981,-0.10000,-0.90000,normal
3.00000,-6.90000,-2.20000,0.60000,1.61058,-0.10000,-0.90000,normal
3.02000,-10.04301,-2.85269,0.66989,1.02000,0.36000,-0.74000,normal
3.04000,-10.45161,-3.00323,0.58387,0.88049,0.41951,-0.64146,normal
3.06000,-10.86022,-3.15376,0.49785,0.85610,0.44390,-0.56829,normal
3.08000,-11.26882,-3.30430,0.41183,0.83171,0.46829,-0.49512,normal
3.10000,-11.67742,-3.45484,0.32581,0.80732,0.49268,-0.42195,normal
3.12000,-9.63647,-2.88588,0.21412,-0.31446,0.00000,0.19639,normal
3.14000,-9.42471,-2.83882,0.26118,-0.41084,0.00000,0.17229,normal
3.16000,-9.21294,-2.79176,0.30824,-0.50723,0.00000,0.14819,normal
3.18000,-9.00118,-2.74471,0.35529,-0.60361,0.00000,0.12410,normal
3.20000,-8.71429,-2.70000,0.41429,-0.70000,0.00000,0.10000,normal
3.22000,-8.10000,-3.23371,0.42247,-0.25618,0.70000,-0.50000,normal
3.24000,-8.10000,-3.30112,0.46742,-0.18876,0.70000,-0.50000,normal
3.26000,-8.10000,-3.36854,0.51236,-0.12135,0.70000,-0.50000,normal
3.28000,-8.10000,-3.43596,0.55730,-0.05393,0.70000,-0.50000,normal
3.30000,-8.15000,-3.50000,0.75000,0.60000,0.70000,-0.40000,normal
3.32000,-8.71489,-2.55532,0.74043,0.65000,0.26667,-0.08333,normal
3.34000,-8.73617,-2.49149,0.65532,0.59118,0.22745,-0.06373,normal
3.36000,-8.75745,-2.42766,0.57021,0.53235,0.18824,-0.04412,normal
3.38000,-8.77872,-2.36383,0.48511,0.47353,0.14902,-0.02451,normal
3.40000,-8.80000,-2.30000,0.40000,0.41471,0.10980,-0.00490,normal
3.42000,-10.11786,-3.11190,-0.10000,-1.08000,-0.40000,0.20000,normal
3.44000,-10.18929,-3.15952,-0.10000,-1.54267,-0.50000,0.27867,normal
3.46000,-10.26071,-3.20714,-0.10000,-1.59600,-0.50000,0.25200,normal
3.48000,-10.33214,-3.25476,-0.10000,-1.64933,-0.50000,0.22533,normal
3.50000,-10.40000,-3.40000,-0.15000,-1.75000,-0.55000,0.25000,normal
3.52000,-10.37778,-4.37556,0.31222,-1.67753,-0.38876,0.51124,normal
3.54000,-10.15556,-4.33111,0.33444,-1.63258,-0.36629,0.53371,normal
3.56000,-9.93333,-4.28667,0.35667,-1.58764,-0.34382,0.55618,normal
3.58000,-9.71111,-4.24222,0.37889,-1.54270,-0.32135,0.57865,normal
3.60000,-9.40000,-4.25000,0.50000,-1.35000,-0.25000,0.60000,normal
3.62000,-8.05106,-3.57021,0.38511,-0.18444,-0.31556,0.58444,normal
3.64000,-7.83830,-3.52766,0.36383,-0.16222,-0.33778,0.56222,normal
3.66000,-7.62553,-3.48511,0.34255,-0.14000,-0.36000,0.54000,normal
3.68000,-7.41277,-3.44255,0.32128,-0.11778,-0.38222,0.51778,normal
3.70000,-7.20000,-3.40000,0.30000,-0.30000,-0.30000,-0.00000,normal
3.72000,-9.64412,-2.64118,0.44118,-0.87200,-0.40000,-0.44800,normal
3.74000,-9.85000,-2.70000,0.50000,-0.95200,-0.40000,-0.50133,normal
3.76000,-10.05588,-2.75882,0.55882,-1.03200,-0.40000,-0.55467,normal
3.78000,-10.17778,-2.98889,0.98889,-1.32222,-0.51111,-0.81111,normal
3.80000,-9.42281,-3.20000,1.04298,-1.50000,-0.49273,-1.00000,normal
3.82000,-9.45789,-3.20000,0.95526,-1.50000,-0.47455,-1.00000,normal
3.84000,-9.49298,-3.20000,0.86754,-1.50000,-0.45636,-1.00000,normal
3.86000,-9.52807,-3.20000,0.77982,-1.50000,-0.43818,-1.00000,normal
3.88000,-9.56316,-3.20000,0.69211,-1.50000,-0.42000,-1.00000,normal
3.90000,-9.59825,-3.20000,0.60439,-1.50000,-0.40182,-1.00000,normal
3.92000,-9.95000,-3.16875,0.74688,-1.00000,-0.61313,-0.68687,normal
3.94000,-9.61667,-3.12708,0.80937,-1.00000,-0.63333,-0.66667,normal
3.96000,-9.28333,-3.08542,0.87187,-1.00000,-0.65354,-0.64646,normal
3.98000,-8.95000,-3.04375,0.93437,-1.00000,-0.67374,-0.62626,normal
4.00000,-8.61667,-3.00208,0.99687,-1.00000,-0.69394,-0.60606,normal
4.02000,-6.50920,-2.80920,1.19080,-0.90698,-0.40698,0.42093,normal
4.04000,-6.53218,-2.83218,1.16782,-0.93023,-0.43023,0.49070,normal
4.06000,-6.55517,-2.85517,1.14483,-0.95349,-0.45349,0.56047,normal
4.08000,-6.57816,-2.87816,1.12184,-0.97674,-0.47674,0.63023,normal
4.10000,-6.55000,-2.95000,1.05000,-1.00000,-0.50000,0.70000,normal
4.12000,-8.46854,-3.92247,0.62247,-0.76436,-0.10000,1.71782,normal
4.14000,-8.80562,-3.96742,0.66742,-0.68515,-0.10000,1.75743,normal
4.16000,-9.14270,-4.01236,0.71236,-0.60594,-0.10000,1.79703,normal
4.18000,-9.47978,-4.05730,0.75730,-0.52673,-0.10000,1.83663,normal
4.20000,-10.55000,-4.50000,0.95000,-0.44752,-0.10000,1.87624,normal
4.22000,-11.70000,-6.80000,-0.20000,-0.04444,-0.10000,1.98889,normal
4.24000,-13.70769,-6.98462,-0.76923,1.22609,0.30000,1.03478,normal
4.26000,-13.93846,-6.85641,-0.84615,1.28406,0.30000,0.88986,normal
4.28000,-14.16923,-6.72821,-0.92308,1.34203,0.30000,0.74493,normal
4.30000,-14.40000,-6.60000,-1.00000,1.40000,0.30000,0.60000,normal
4.32000,-8.65556,-1.22222,1.33333,-0.43548,0.00000,-1.11183,normal
4.34000,-8.56667,-1.26667,1.40000,-0.50000,0.00000,-1.13333,normal
4.36000,-8.47778,-1.31111,1.46667,-0.56452,0.00000,-1.15484,normal
4.38000,-8.38889,-1.35556,1.53333,-0.62903,0.00000,-1.17634,normal
4.40000,-8.30000,-1.40000,1.60000,-0.69355,0.00000,-1.19785,normal
4.42000,-7.06322,-6.49080,-0.06437,-0.96818,0.24091,-1.04545,normal
4.44000,-6.97126,-6.46782,-0.22529,-0.58182,0.30909,-0.95455,normal
4.46000,-6.87931,-6.44483,-0.38621,-0.19545,0.37727,-0.86364,normal
4.48000,-6.78736,-6.42184,-0.54713,0.19091,0.44545,-0.77273,normal
4.50000,-6.95000,-5.60000,-0.65000,1.38000,0.66000,-0.46000,normal
4.52000,-8.81505,-4.60968,-1.80000,3.74200,0.38600,0.52800,normal
4.54000,-8.83656,-4.48065,-1.80000,3.80200,0.36600,0.56800,normal
4.56000,-8.85806,-4.35161,-1.80000,3.86200,0.34600,0.60800,normal
4.58000,-8.87957,-4.22258,-1.80000,3.92200,0.32600,0.64800,normal
4.60000,-8.90000,-4.06000,-1.79000,3.98200,0.30600,0.68800,normal
4.62000,-11.02118,-2.68588,-0.96471,2.56386,-0.01205,0.28193,normal
4.64000,-11.09176,-2.63882,-0.84706,2.41928,-0.06024,0.20964,normal
4.66000,-11.16235,-2.59176,-0.72941,2.27470,-0.10843,0.13735,normal
4.68000,-11.23294,-2.54471,-0.61176,2.13012,-0.15663,0.06506,normal
4.70000,-10.40000,-2.30000,-0.20000,1.20000,-0.30000,-0.30000,normal
4.72000,-8.65275,-2.42637,0.02637,-0.04091,-0.07273,-1.14091,normal
4.74000,-8.74066,-2.47033,0.07033,-0.10909,-0.02727,-1.20909,normal
4.76000,-8.82857,-2.51429,0.11429,-0.17727,0.01818,-1.27727,normal
4.78000,-8.91648,-2.55824,0.15824,-0.24545,0.06364,-1.34545,normal
4.80000,-9.55000,-2.75000,0.05000,-0.60000,0.25000,-1.90000,normal
4.82000,-8.93011,-2.68495,0.06989,-0.58235,0.41765,-2.10000,normal
4.84000,-8.97312,-2.66344,0.02688,-0.56275,0.43725,-2.10000,normal
4.86000,-9.01613,-2.64194,-0.01613,-0.54314,0.45686,-2.10000,normal
4.88000,-9.05914,-2.62043,-0.05914,-0.52353,0.47647,-2.10000,normal
4.90000,-8.95000,-2.60000,-0.10000,-0.50392,0.49608,-2.10000,normal
4.92000,-7.56989,-3.11505,0.63011,-0.10476,0.29524,-0.77619,normal
4.94000,-7.52688,-3.13656,0.67312,-0.12857,0.27143,-0.65714,normal
4.96000,-7.48387,-3.15806,0.71613,-0.15238,0.24762,-0.53810,normal
4.98000,-7.44086,-3.17957,0.75914,-0.17619,0.22381,-0.41905,normal
5.00000,-7.51667,-3.18333,0.75000,-0.20000,0.20000,-0.30000,normal
5.02000,-9.77753,-3.72247,0.83371,-0.61489,0.00000,2.05957,normal
5.04000,-9.73258,-3.76742,0.90112,-0.63617,0.00000,2.14468,normal
5.06000,-9.68764,-3.81236,0.96854,-0.65745,0.00000,2.22979,normal
5.08000,-9.64270,-3.85730,1.03596,-0.67872,0.00000,2.31489,normal
5.10000,-9.75000,-4.10000,1.25000,-0.70000,0.00000,2.40000,normal
5.12000,-9.61087,-4.88913,1.33478,0.46771,0.08646,2.77292,normal
5.14000,-9.63261,-4.86739,1.20435,0.57187,0.06563,2.73125,normal
5.16000,-9.65435,-4.84565,1.07391,0.67604,0.04479,2.68958,normal
5.18000,-9.67609,-4.82391,0.94348,0.78021,0.02396,2.64792,normal
5.20000,-9.69783,-4.80217,0.81304,0.88437,0.00313,2.60625,normal
5.22000,-10.70000,-1.68174,0.31826,1.03893,-0.21527,0.66183,normal
5.24000,-10.70000,-1.62957,0.37043,0.91679,-0.24580,0.58550,normal
5.26000,-10.70000,-1.57739,0.42261,0.79466,-0.27634,0.50916,normal
5.28000,-10.70000,-1.52522,0.47478,0.67252,-0.30687,0.43282,normal
5.30000,-10.70000,-1.47304,0.52696,0.55038,-0.33740,0.35649,normal
5.32000,-10.70000,-1.42087,0.57913,0.42824,-0.36794,0.28015,normal
5.34000,-11.26667,-2.27222,0.80000,0.30611,-0.39847,0.20382,normal
5.36000,-10.74118,-2.77941,0.78676,-2.72462,-0.60615,-1.71846,normal
5.38000,-10.38824,-2.95588,0.75735,-2.84769,-0.63692,-1.81077,normal
5.40000,-10.03529,-3.13235,0.72794,-2.97077,-0.66769,-1.90308,normal
5.42000,-9.05000,-3.45000,0.65000,-3.09385,-0.69846,-1.99538,normal
5.44000,-6.87576,-3.20000,-0.68788,-1.24915,-0.30000,-1.36949,normal
5.46000,-6.81515,-3.20000,-0.65758,-1.07966,-0.30000,-1.26780,normal
5.48000,-6.75455,-3.20000,-0.62727,-0.91017,-0.30000,-1.16610,normal
5.50000,-6.15000,-3.05000,-0.15000,-0.19703,-0.29703,0.11188,normal
5.52000,-5.80000,-3.01789,0.35368,-0.17723,-0.27723,0.19109,normal
5.54000,-5.80000,-3.03895,0.41684,-0.15743,-0.25743,0.27030,normal
5.56000,-5.80000,-3.06000,0.48000,-0.13762,-0.23762,0.34950,normal
5.58000,-5.80000,-3.08105,0.54316,-0.11782,-0.21782,0.42871,normal
5.60000,-6.40000,-3.30000,1.00000,-0.05000,0.00000,0.95000,normal
5.62000,-8.72418,-3.73956,1.08681,0.32857,0.41429,1.71429,normal
5.64000,-9.09780,-3.80549,1.06484,0.36429,0.43214,1.73214,normal
5.66000,-9.47143,-3.87143,1.04286,0.40000,0.45000,1.75000,normal
5.68000,-9.84505,-3.93736,1.02088,0.43571,0.46786,1.76786,normal
5.70000,-10.35556,-4.03333,0.97778,0.47143,0.48571,1.78571,normal
5.72000,-14.06000,-4.06000,0.42000,0.58000,0.34000,1.80000,normal
5.74000,-14.77848,-4.01899,0.58101,0.40000,0.25000,1.40000,normal
5.76000,-14.62658,-3.91772,0.68228,0.20172,-0.03103,1.10172,normal
5.78000,-14.47468,-3.81646,0.78354,0.09828,-0.16897,0.99828,normal
5.80000,-14.32278,-3.71519,0.88481,-0.08000,-0.32000,0.82000,normal
5.82000,-8.90000,-2.97556,1.18778,-0.47556,-0.08778,-0.71222,normal
5.84000,-8.90000,-2.93111,1.16556,-0.43111,-0.06556,-0.73444,normal
5.86000,-8.90000,-2.88667,1.14333,-0.38667,-0.04333,-0.75667,normal
5.88000,-8.90000,-2.84222,1.12111,-0.34222,-0.02111,-0.77889,normal
5.90000,-8.75000,-2.80000,1.20000,-0.30000,-0.05000,-0.80000,normal
5.92000,-7.10000,-3.42222,0.52667,-0.29176,-0.09176,-0.58353,normal
5.94000,-7.10000,-3.64444,0.39333,-0.26824,-0.06824,-0.53647,normal
5.96000,-7.10000,-3.86667,0.26000,-0.24471,-0.04471,-0.48941,normal
5.98000,-7.10000,-4.08889,0.12667,-0.22118,-0.02118,-0.44235,normal
6.00000,-7.26667,-4.50000,-0.13333,0.90000,0.15000,0.05000,normal
6.02000,-10.35275,-4.80000,-1.62637,2.23871,0.19032,0.40968,normal
6.04000,-10.44066,-4.80000,-1.67033,2.32473,0.16882,0.43118,normal
6.06000,-10.52857,-4.80000,-1.71429,2.41075,0.14731,0.45269,normal
6.08000,-10.61648,-4.80000,-1.75824,2.49677,0.12581,0.47419,normal
6.10000,-10.75000,-4.65000,-1.65000,2.58280,0.10430,0.49570,normal
6.12000,-9.48588,-2.05765,-0.77882,2.50000,-0.10000,0.10000,normal
6.14000,-9.43882,-1.91647,-0.70824,1.45070,-0.09014,-0.83944,normal
6.16000,-9.39176,-1.77529,-0.63765,1.30986,-0.06197,-0.95211,normal
6.18000,-9.34471,-1.63412,-0.56706,1.16901,-0.03380,-1.06479,normal
6.20000,-9.27778,-1.47778,-0.46667,1.02817,-0.00563,-1.17746,normal
6.22000,-10.05714,-2.62857,-0.00714,-0.51124,0.20000,-2.00000,normal
6.24000,-9.91429,-2.72381,-0.03095,-0.53371,0.20000,-2.00000,normal
6.26000,-9.77143,-2.81905,-0.05476,-0.55618,0.20000,-2.00000,normal
6.28000,-9.62857,-2.91429,-0.07857,-0.57865,0.20000,-2.00000,normal
6.30000,-8.90000,-3.40000,-0.10000,-0.60000,0.20000,-1.95000,normal
6.32000,-8.62444,-2.87556,-0.27556,-0.27273,0.18636,-1.57273,normal
6.34000,-8.66889,-2.83111,-0.23111,-0.22727,0.16364,-1.52727,normal
6.36000,-8.71333,-2.78667,-0.18667,-0.18182,0.14091,-1.48182,normal
6.38000,-8.75778,-2.74222,-0.14222,-0.13636,0.11818,-1.43636,normal
6.40000,-8.95000,-2.70000,0.05000,0.03333,0.10000,-1.26667,normal
6.42000,-10.20968,-2.25591,0.60000,-0.14272,-0.18932,-0.24660,normal
6.44000,-10.53226,-2.34194,0.60000,-0.22039,-0.16990,-0.14951,normal
6.46000,-10.85484,-2.42796,0.60000,-0.29806,-0.15049,-0.05243,normal
6.48000,-11.17742,-2.51398,0.60000,-0.37573,-0.13107,0.04466,normal
6.50000,-11.50000,-2.60000,0.60000,-0.45340,-0.11165,0.14175,normal
6.52000,-9.87778,-3.65556,2.10000,-1.10000,-0.50000,0.80000,normal
6.54000,-10.19231,-3.72308,2.05385,-1.08154,-0.30923,1.61846,normal
6.56000,-10.29487,-3.74872,2.00256,-1.02000,-0.34000,1.68000,normal
6.58000,-10.39744,-3.77436,1.95128,-0.95846,-0.37077,1.74154,normal
6.60000,-10.50000,-3.80000,1.90000,-0.80000,-0.50000,1.85000,normal
6.62000,-8.20000,-1.98791,-0.38791,-1.24687,-1.30000,1.53750,normal
6.64000,-8.20000,-1.96593,-0.36593,-1.30938,-1.30000,1.45417,normal
6.66000,-8.20000,-1.94396,-0.34396,-1.37188,-1.30000,1.37083,normal
6.68000,-8.20000,-1.92198,-0.32198,-1.43437,-1.30000,1.28750,normal
6.70000,-8.20000,-1.90000,-0.30000,-1.49688,-1.30000,1.20417,normal
6.72000,-10.19462,-3.57527,-0.16989,-2.21477,-0.90000,0.20000,normal
6.74000,-10.04409,-3.68280,-0.12688,-2.23750,-0.90000,0.20000,normal
6.76000,-9.89355,-3.79032,-0.08387,-2.26023,-0.90000,0.20000,normal
6.78000,-9.74301,-3.89785,-0.04086,-2.28295,-0.90000,0.20000,normal
6.80000,-8.70000,-4.10000,0.30000,-1.90000,-0.60000,0.40000,normal
6.82000,-8.14737,-3.36842,-0.24737,-1.65514,-0.48505,0.50000,normal
6.84000,-8.21053,-3.32632,-0.31053,-1.59907,-0.46636,0.50000,normal
6.86000,-8.27368,-3.28421,-0.37368,-1.54299,-0.44766,0.50000,normal
6.88000,-8.33684,-3.24211,-0.43684,-1.48692,-0.42897,0.50000,normal
6.90000,-8.40000,-3.20000,-0.50000,-1.43084,-0.41028,0.50000,normal
6.92000,-8.81250,-3.47500,-0.16250,-1.31000,-0.40000,0.50000,normal
6.94000,-8.70617,-3.54691,-0.02963,-1.61944,-0.30000,0.61944,normal
6.96000,-8.60741,-3.59630,0.04444,-1.64722,-0.30000,0.64722,normal
6.98000,-8.50864,-3.64568,0.11852,-1.67500,-0.30000,0.67500,normal
7.00000,-8.40988,-3.69506,0.19259,-1.70000,-0.26000,0.70000,normal
7.02000,-8.26667,-4.32667,0.91333,-1.17143,0.11429,0.91429,normal
7.04000,-8.37778,-4.37111,0.93556,-1.12381,0.13810,0.93810,normal
7.06000,-8.48889,-4.41556,0.95778,-1.07619,0.16190,0.96190,normal
7.08000,-8.60000,-4.46000,0.98000,-1.02857,0.18571,0.98571,normal
7.10000,-9.70000,-4.85000,1.10000,-0.30000,0.30000,1.00000,normal
7.12000,-10.12842,-4.94632,1.40000,0.01573,0.21573,0.86854,normal
7.14000,-10.04421,-4.88316,1.40000,0.03820,0.23820,0.82360,normal
7.16000,-9.96000,-4.82000,1.40000,0.06067,0.26067,0.77865,normal
7.18000,-9.87579,-4.75684,1.40000,0.08315,0.28315,0.73371,normal
7.20000,-10.80000,-4.60000,1.50000,0.10000,0.00000,-0.10000,normal
7.22000,-11.76452,-3.30000,2.33548,-0.43519,-0.03519,-0.43519,normal
7.24000,-11.85054,-3.30000,2.24946,-0.47222,-0.07222,-0.47222,normal
7.26000,-11.93656,-3.30000,2.16344,-0.50926,-0.10926,-0.50926,normal
7.28000,-12.02258,-3.30000,2.07742,-0.54630,-0.14630,-0.54630,normal
7.30000,-11.90000,-3.36000,1.92000,-0.58333,-0.18333,-0.58333,normal
7.32000,-9.25059,-2.30824,2.38353,-0.28571,-0.27857,-0.75714,normal
7.34000,-9.10941,-2.33176,2.33647,-0.21351,-0.50000,-1.11351,normal
7.36000,-8.96824,-2.35529,2.28941,-0.24054,-0.50000,-1.14054,normal
7.38000,-8.82706,-2.37882,2.24235,-0.26757,-0.50000,-1.16757,normal
7.40000,-8.60000,-2.60000,1.80000,-0.29459,-0.50000,-1.19459,normal
7.42000,-8.42903,-3.68387,-0.18065,-0.06786,-0.20000,-1.10000,normal
7.44000,-8.60108,-3.66237,-0.28817,0.00357,-0.20000,-1.10000,normal
7.46000,-8.77312,-3.64086,-0.39570,0.07500,-0.20000,-1.10000,normal
7.48000,-8.94516,-3.61935,-0.50323,0.14643,-0.20000,-1.10000,normal
7.50000,-9.60000,-3.90000,-1.10000,1.30000,-0.20000,-0.70000,normal
7.52000,-10.10426,-3.53617,-1.15213,1.47755,-0.30000,-0.60000,normal
7.54000,-9.97660,-3.45106,-1.08830,1.43673,-0.30000,-0.60000,normal
7.56000,-9.84894,-3.36596,-1.02447,1.39592,-0.30000,-0.60000,normal
7.58000,-9.72128,-3.28085,-0.96064,1.35510,-0.30000,-0.60000,normal
7.60000,-9.00000,-2.70000,-0.60000,1.31429,-0.30000,-0.60000,normal
7.62000,-8.51613,-2.33226,0.10000,0.56000,0.12000,-0.82000,normal
7.64000,-8.53763,-2.37527,0.10000,0.36571,0.21714,-0.90000,normal
7.66000,-8.55914,-2.41828,0.10000,0.30857,0.24571,-0.90000,normal
7.68000,-8.58065,-2.46129,0.10000,0.25143,0.27429,-0.90000,normal
7.70000,-8.60000,-2.70000,0.10000,0.20000,0.30000,-0.90000,normal
7.72000,-8.48763,-2.88763,0.60000,0.10000,0.28454,-0.68454,normal
7.74000,-8.46701,-2.86701,0.60000,0.10000,0.26392,-0.66392,normal
7.76000,-8.44639,-2.84639,0.60000,0.10000,0.24330,-0.64330,normal
7.78000,-8.42577,-2.82577,0.60000,0.10000,0.22268,-0.62268,normal
7.80000,-8.40515,-2.80515,0.60000,0.10000,0.20206,-0.60206,normal
7.82000,-9.08140,-2.30930,0.61860,-0.61951,-0.10976,-0.08049,normal
7.84000,-9.03488,-2.33256,0.66512,-0.66829,-0.13415,-0.03171,normal
7.86000,-8.98837,-2.35581,0.71163,-0.71707,-0.15854,0.01707,normal
7.88000,-8.94186,-2.37907,0.75814,-0.76585,-0.18293,0.06585,normal
7.90000,-8.95000,-2.50000,0.45000,-1.30000,-0.10000,1.10000,normal
7.92000,-10.52766,-3.73404,0.38511,-1.30000,-0.15607,1.17477,normal
7.94000,-10.18723,-3.77660,0.49149,-1.30000,-0.21215,1.24953,normal
7.96000,-9.84681,-3.81915,0.59787,-1.30000,-0.26822,1.32430,normal
7.98000,-9.50638,-3.86170,0.70426,-1.30000,-0.32430,1.39907,normal
8.00000,-9.53333,-4.00000,0.80000,-1.30000,-0.38037,1.47383,normal
8.02000,-9.78025,-4.49259,1.29259,-0.81000,-0.13000,2.40000,normal
8.04000,-9.58272,-4.41852,1.21852,-0.56438,-0.20000,2.40000,normal
8.06000,-9.38519,-4.34444,1.14444,-0.50959,-0.20000,2.40000,normal
8.08000,-9.18765,-4.27037,1.07037,-0.45479,-0.20000,2.40000,normal
8.10000,-8.20000,-3.60000,0.50000,-0.40000,-0.20000,2.40000,normal
8.12000,-10.75114,-2.52045,0.02045,-0.52826,-0.01413,0.84348,normal
8.14000,-10.86477,-2.56591,0.06591,-0.57174,-0.03587,0.75652,normal
8.16000,-10.97841,-2.61136,0.11136,-0.61522,-0.05761,0.66957,normal
8.18000,-11.09205,-2.65682,0.15682,-0.65870,-0.07935,0.58261,normal
8.20000,-11.10000,-3.10000,0.30000,-1.00000,-0.10000,0.10000,normal
8.22000,-8.83231,-3.60000,1.30000,-1.80000,-0.08197,-0.71803,normal
8.24000,-8.70923,-3.60000,1.30000,-1.80000,-0.04918,-0.75082,normal
8.26000,-8.58615,-3.60000,1.30000,-1.80000,-0.01639,-0.78361,normal
8.28000,-8.30000,-2.40000,1.00000,-1.10000,0.16667,-0.86667,normal
8.30000,-8.38511,-2.21560,1.14184,-0.84326,0.08865,-0.75461,normal
8.32000,-8.47021,-2.03121,1.28369,-0.77234,0.07447,-0.69787,normal
8.34000,-8.55532,-1.84681,1.42553,-0.70142,0.06028,-0.64113,normal
8.36000,-8.64043,-1.66241,1.56738,-0.63050,0.04610,-0.58440,normal
8.38000,-8.72553,-1.47801,1.70922,-0.55957,0.03191,-0.52766,normal
8.40000,-8.81064,-1.29362,1.85106,-0.48865,0.01773,-0.47092,normal
8.42000,-8.89574,-1.10922,1.99291,-0.41773,0.00355,-0.41418,normal
8.44000,-8.64156,-2.81688,1.86104,-1.30000,-0.39706,0.10588,normal
8.46000,-8.56364,-2.97273,1.80909,-1.30000,-0.36765,0.16471,normal
8.48000,-8.48571,-3.12857,1.75714,-1.30000,-0.33824,0.22353,normal
8.50000,-8.40779,-3.28442,1.70519,-1.30000,-0.30882,0.28235,normal
8.52000,-9.41882,-3.74353,0.12824,1.10000,0.10000,0.70000,normal
8.54000,-9.46588,-3.60235,0.19882,1.02208,0.07403,0.67403,normal
8.56000,-9.51294,-3.46118,0.26941,0.94416,0.04805,0.64805,normal
8.58000,-9.56000,-3.32000,0.34000,0.86623,0.02208,0.62208,normal
8.60000,-9.80000,-2.95000,0.68333,-0.20000,0.00000,0.30000,normal
8.62000,-11.22857,-2.81429,1.50000,-0.71959,-0.23918,0.06082,normal
8.64000,-10.96484,-2.99011,1.50000,-0.74021,-0.28041,0.01959,normal
8.66000,-10.70110,-3.16593,1.50000,-0.76082,-0.32165,-0.02165,normal
8.68000,-10.43736,-3.34176,1.50000,-0.78144,-0.36289,-0.06289,normal
8.70000,-9.00000,-3.55000,0.95000,-0.70000,-0.20000,-0.20000,normal
8.72000,-12.14947,-4.16632,0.38316,0.04359,0.07094,-0.30000,normal
8.74000,-12.08632,-4.12421,0.36211,0.09487,0.03675,-0.30000,normal
8.76000,-12.02316,-4.08211,0.34105,0.14615,0.00256,-0.30000,normal
8.78000,-11.96000,-4.04000,0.32000,0.19744,-0.03162,-0.30000,normal
8.80000,-11.60000,-3.73333,0.30000,0.24872,-0.06581,-0.30000,normal
8.82000,-9.63333,-2.26667,0.96667,0.30000,-0.10000,-0.30000,normal
8.84000,-8.05294,-2.47353,0.97059,0.90000,-0.30000,-0.36667,normal
8.86000,-7.75882,-2.62059,0.91176,0.54286,-0.24286,-0.62857,normal
8.88000,-7.46471,-2.76765,0.85294,0.46122,-0.16122,-0.66939,normal
8.90000,-6.90000,-3.30000,0.30000,1.15000,0.40000,-0.50000,normal
8.92000,-8.86087,-4.08696,-0.90870,1.38261,0.40000,-0.34493,normal
8.94000,-9.20870,-4.20290,-1.05362,1.46957,0.40000,-0.28696,normal
8.96000,-9.55652,-4.31884,-1.19855,1.55652,0.40000,-0.22899,normal
8.98000,-9.30000,-3.40000,-1.50000,2.17500,-0.25000,0.45000,normal
9.00000,-9.23220,-3.33220,-1.44915,2.06087,-0.30000,0.48696,normal
9.02000,-9.16441,-3.26441,-1.39831,2.00870,-0.30000,0.46957,normal
9.04000,-9.09661,-3.19661,-1.34746,1.95652,-0.30000,0.45217,normal
9.06000,-9.02881,-3.12881,-1.29661,1.90435,-0.30000,0.43478,normal
9.08000,-8.96102,-3.06102,-1.24576,1.85217,-0.30000,0.41739,normal
9.10000,-8.63333,-2.80000,-1.00000,1.80000,-0.30000,0.40000,normal
9.12000,-8.94444,-2.73333,-0.91111,1.08667,0.02667,-0.42667,normal
9.14000,-9.03333,-2.80000,-0.93333,1.06762,0.06476,-0.46476,normal
9.16000,-9.12222,-2.86667,-0.95556,1.04857,0.10286,-0.50286,normal
9.18000,-9.21111,-2.93333,-0.97778,1.02952,0.14095,-0.54095,normal
9.20000,-9.30000,-3.00000,-1.00000,1.01048,0.17905,-0.57905,normal
9.22000,-9.50000,-3.29024,-1.19512,1.00000,0.35556,-0.95556,normal
9.24000,-9.50000,-3.24146,-1.17073,1.00000,0.41739,-1.00000,normal
9.26000,-9.50000,-3.19268,-1.14634,1.00000,0.44638,-1.00000,normal
9.28000,-9.50000,-3.14390,-1.12195,1.00000,0.47536,-1.00000,normal
9.30000,-9.60000,-3.00000,-0.90000,0.94000,0.50000,-1.00000,normal
9.32000,-8.95761,-2.80000,-0.15761,0.70000,0.51429,-0.88571,normal
9.34000,-8.89239,-2.80000,-0.09239,0.70000,0.53626,-0.86374,normal
9.36000,-8.82717,-2.80000,-0.02717,0.70000,0.55824,-0.84176,normal
9.38000,-8.76196,-2.80000,0.03804,0.70000,0.58022,-0.81978,normal
9.40000,-8.85000,-2.80000,0.10000,0.60000,0.70000,-0.70000,normal
9.42000,-9.85333,-3.60000,0.46667,0.40964,0.69036,0.01928,normal
9.44000,-9.60889,-3.60000,0.57778,0.43373,0.66627,0.06747,normal
9.46000,-9.36444,-3.60000,0.68889,0.45783,0.64217,0.11566,normal
9.48000,-9.12000,-3.60000,0.80000,0.48193,0.61807,0.16386,normal
9.50000,-8.40000,-3.50000,1.10000,0.73333,0.70000,0.66667,normal
9.52000,-8.16522,-3.53261,0.95109,1.01553,0.70000,1.01553,normal
9.54000,-8.25217,-3.57609,0.88587,1.03495,0.70000,1.03495,normal
9.56000,-8.33913,-3.61957,0.82065,1.05437,0.70000,1.05437,normal
9.58000,-8.42609,-3.66304,0.75543,1.07379,0.70000,1.07379,normal
9.60000,-8.58824,-3.73529,0.66471,1.09320,0.70000,1.09320,normal
9.62000,-9.20500,-3.50000,0.40250,1.40000,0.30000,1.20000,normal
9.64000,-9.25500,-3.50000,0.42750,1.40000,0.30000,0.95068,normal
9.66000,-9.30500,-3.50000,0.45250,1.40000,0.30000,0.89589,normal
9.68000,-9.35500,-3.50000,0.47750,1.40000,0.30000,0.84110,normal
9.70000,-9.90000,-3.40000,0.40000,1.56667,0.30000,0.20000,normal
9.72000,-10.33548,-2.36774,0.74839,1.34667,0.20000,-0.62667,normal
9.74000,-10.24946,-2.32473,0.81290,1.27048,0.20000,-0.66476,normal
9.76000,-10.16344,-2.28172,0.87742,1.19429,0.20000,-0.70286,normal
9.78000,-10.07742,-2.23871,0.94194,1.11810,0.20000,-0.74095,normal
9.80000,-9.80000,-2.30000,0.80000,1.04190,0.20000,-0.77905,normal
9.82000,-9.25000,-2.75000,0.25000,0.09259,0.10000,-0.99630,normal
9.84000,-9.15128,-2.70000,0.17564,0.04321,0.10000,-0.97160,normal
9.86000,-9.10000,-2.70000,0.15000,-0.00617,0.10000,-0.94691,normal
9.88000,-9.04872,-2.70000,0.12436,-0.05556,0.10000,-0.92222,normal
9.90000,-8.90000,-2.76667,0.06667,-0.05000,0.15000,-0.65000,normal
9.92000,-7.88667,-3.20000,0.38667,0.42222,0.30000,-0.17778,normal
9.94000,-7.86444,-3.20000,0.36444,0.45926,0.30000,-0.14074,normal
9.96000,-7.84222,-3.20000,0.34222,0.49630,0.30000,-0.10370,normal
9.98000,-7.82000,-3.20000,0.32000,0.53333,0.30000,-0.06667,normal
10.00000,-7.81111,-3.18889,0.31111,0.57037,0.30000,-0.02963,normal
10.02000,-8.23333,-3.10000,0.73333,0.80000,0.30000,0.32000,normal
10.04000,-8.56164,-2.97945,0.80000,0.67941,0.27941,0.50000,normal
10.06000,-8.64384,-2.95205,0.80000,0.65000,0.25000,0.50000,normal
10.08000,-8.72603,-2.92466,0.80000,0.62059,0.22059,0.50000,normal
10.10000,-9.20000,-3.00000,0.80000,0.36000,0.16000,0.60000,normal
10.12000,-10.18367,-3.48469,0.85408,0.30000,0.23368,0.50000,normal
10.14000,-10.42857,-3.46429,0.79286,0.30000,0.27579,0.50000,normal
10.16000,-10.67347,-3.44388,0.73163,0.30000,0.31789,0.50000,normal
10.18000,-10.91837,-3.42347,0.67041,0.30000,0.36000,0.50000,normal
10.20000,-11.16327,-3.40306,0.60918,0.30000,0.30000,0.50000,normal
10.22000,-10.15056,-3.56292,0.45056,0.30000,-0.10000,0.07087,normal
10.24000,-10.06067,-3.49551,0.36067,0.30000,-0.10000,0.03204,normal
10.26000,-9.97079,-3.42809,0.27079,0.30000,-0.10000,-0.00680,normal
10.28000,-9.88090,-3.36067,0.18090,0.30000,-0.10000,-0.04563,normal
10.30000,-9.50000,-3.00000,0.00000,0.30000,-0.10000,-0.08447,normal
10.32000,-7.59286,-3.23061,-0.10000,0.60000,-0.10000,-0.30000,normal
10.34000,-7.45000,-3.27143,-0.10000,0.71429,0.01429,-0.20000,normal
10.36000,-7.30714,-3.31224,-0.10000,0.74286,0.04286,-0.20000,normal
10.38000,-7.16429,-3.35306,-0.10000,0.77143,0.07143,-0.20000,normal
10.40000,-7.02143,-3.39388,-0.10000,0.80000,0.10000,-0.20000,normal
10.42000,-9.53793,-4.01149,-1.13448,1.91368,0.27263,0.20000,normal
10.44000,-9.81379,-4.03448,-1.20345,1.93474,0.23053,0.20000,normal
10.46000,-10.08966,-4.05747,-1.27241,1.95579,0.18842,0.20000,normal
10.48000,-10.36552,-4.08046,-1.34138,1.97684,0.14632,0.20000,normal
10.50000,-10.48750,-3.96250,-1.48750,1.99789,0.10421,0.20000,normal
10.52000,-8.78140,-2.47209,-1.07209,1.35506,-0.08876,-0.33371,normal
10.54000,-8.73488,-2.40233,-1.00233,1.26517,-0.06629,-0.40112,normal
10.56000,-8.68837,-2.33256,-0.93256,1.17528,-0.04382,-0.46854,normal
10.58000,-8.64186,-2.26279,-0.86279,1.08539,-0.02135,-0.53596,normal
10.60000,-8.66667,-2.26667,-0.66667,0.60000,0.20000,-0.80000,normal
10.62000,-9.10000,-3.42472,-0.50000,0.20000,0.51471,-1.20000,normal
10.64000,-9.10000,-3.46966,-0.50000,0.20000,0.53431,-1.20000,normal
10.66000,-9.10000,-3.51461,-0.50000,0.20000,0.55392,-1.20000,normal
10.68000,-9.10000,-3.55955,-0.50000,0.20000,0.57353,-1.20000,normal
10.70000,-9.11429,-3.67143,-0.27143,0.20000,0.59314,-1.20000,normal
10.72000,-8.70345,-3.08966,0.60690,0.87778,0.61111,-1.01111,normal
10.74000,-8.72644,-3.02069,0.65287,0.92262,0.60000,-1.00000,normal
10.76000,-8.74943,-2.95172,0.69885,0.94643,0.60000,-1.00000,normal
10.78000,-8.77241,-2.88276,0.74483,0.97024,0.60000,-1.00000,normal
10.80000,-8.79540,-2.81379,0.79080,0.99405,0.60000,-1.00000,normal
10.82000,-9.64217,-2.80602,1.78193,0.37955,0.28977,-0.46932,normal
10.84000,-9.81084,-2.83012,1.70964,0.33409,0.26705,-0.40114,normal
10.86000,-9.97952,-2.85422,1.63735,0.28864,0.24432,-0.33295,normal
10.88000,-10.14819,-2.87831,1.56506,0.24318,0.22159,-0.26477,normal
10.90000,-12.90000,-3.40000,1.30000,0.10000,0.35000,0.00000,normal
10.92000,-10.55056,-3.18764,1.77528,-0.41613,-0.10000,1.03226,normal
10.94000,-10.46067,-3.16517,1.73034,-0.43763,-0.10000,1.07527,normal
10.96000,-10.37079,-3.14270,1.68539,-0.45914,-0.10000,1.11828,normal
10.98000,-10.28090,-3.12022,1.64045,-0.48065,-0.10000,1.16129,normal
11.00000,-8.65000,-3.15000,1.80000,-0.60000,-0.40000,1.20000,normal
11.02000,-8.45056,-3.11348,0.82584,-0.30000,-0.62524,1.18738,normal
11.04000,-8.36067,-2.95618,0.69101,-0.30000,-0.66408,1.16796,normal
11.06000,-8.27079,-2.79888,0.55618,-0.30000,-0.70291,1.14854,normal
11.08000,-8.18090,-2.64157,0.42135,-0.30000,-0.74175,1.12913,normal
11.10000,-9.07000,-2.30000,0.08000,-0.30000,-0.78058,1.10971,normal
11.12000,-9.70000,-2.30000,-0.20000,-1.11000,-0.87000,0.49000,normal
11.14000,-9.72564,-2.37692,-0.25128,-1.54571,-0.90000,0.15429,normal
11.16000,-9.75128,-2.45385,-0.30256,-1.60286,-0.90000,0.09714,normal
11.18000,-9.77692,-2.53077,-0.35385,-1.66000,-0.90000,0.04000,normal
11.20000,-9.00000,-3.20000,-0.20000,-1.90000,-0.80000,-0.13333,normal
11.22000,-8.00000,-3.54839,0.14839,-1.45055,-0.46703,-0.18352,normal
11.24000,-8.00000,-3.48387,0.08387,-1.38462,-0.42308,-0.16154,normal
11.26000,-8.00000,-3.41935,0.01935,-1.31868,-0.37912,-0.13956,normal
11.28000,-8.00000,-3.35484,-0.04516,-1.25275,-0.33516,-0.11758,normal
11.30000,-8.01667,-3.06667,-0.30000,-0.55000,-0.10000,0.05000,normal
11.32000,-8.08478,-2.78478,0.03043,-0.63736,-0.10000,0.21868,normal
11.34000,-8.06304,-2.76304,0.07391,-0.68132,-0.10000,0.24066,normal
11.36000,-8.04130,-2.74130,0.11739,-0.72527,-0.10000,0.26264,normal
11.38000,-8.01957,-2.71957,0.16087,-0.76923,-0.10000,0.28462,normal
11.40000,-7.90000,-2.75000,0.70000,-1.25000,-0.05000,0.90000,normal
11.42000,-7.43404,-3.76809,1.23404,-1.14623,0.01792,1.03585,normal
11.44000,-7.47660,-3.85319,1.27660,-1.08962,0.03679,1.07358,normal
11.46000,-7.51915,-3.93830,1.31915,-1.03302,0.05566,1.11132,normal
11.48000,-7.56170,-4.02340,1.36170,-0.97642,0.07453,1.14906,normal
11.50000,-8.70000,-4.55000,1.20000,-0.91981,0.09340,1.18679,normal
11.52000,-11.38202,-5.27303,1.49101,0.20000,0.20000,1.50000,normal
11.54000,-11.33708,-5.20562,1.46854,0.64675,0.10000,1.35325,normal
11.56000,-11.29213,-5.13820,1.44607,0.69870,0.10000,1.30130,normal
11.58000,-11.24719,-5.07079,1.42360,0.75065,0.10000,1.24935,normal
11.60000,-11.20225,-5.00337,1.40112,0.78333,0.13333,1.15000,normal
11.62000,-11.77333,-3.28667,1.40000,0.04944,-0.12022,-0.33034,normal
11.64000,-11.72889,-3.26444,1.40000,-0.06292,-0.16517,-0.39775,normal
11.66000,-11.68444,-3.24222,1.40000,-0.17528,-0.21011,-0.46517,normal
11.68000,-11.64000,-3.22000,1.40000,-0.28764,-0.25506,-0.53258,normal
11.70000,-9.05000,-2.95000,1.50000,-0.40000,-0.30000,-0.60000,normal
11.72000,-7.34318,-3.52273,0.83182,-0.87619,-0.07619,-1.40000,normal
11.74000,-7.22955,-3.56818,0.69545,-0.82857,-0.02857,-1.40000,normal
11.76000,-7.11591,-3.61364,0.55909,-0.78095,0.01905,-1.40000,normal
11.78000,-7.00227,-3.65909,0.42273,-0.73333,0.06667,-1.40000,normal
11.80000,-7.90000,-4.35000,-0.50000,1.31667,0.30000,-0.96667,normal
11.82000,-10.01915,-4.96596,-1.11702,1.99278,0.28454,-0.76907,normal
11.84000,-10.16809,-4.92340,-1.13830,2.11649,0.26392,-0.72784,normal
11.86000,-10.31702,-4.88085,-1.15957,2.24021,0.24330,-0.68660,normal
11.88000,-10.46596,-4.83830,-1.18085,2.36392,0.22268,-0.64536,normal
11.90000,-10.81000,-4.24000,-1.20000,2.48763,0.20206,-0.60412,normal
11.92000,-10.01529,-2.26235,-0.66235,2.37778,0.05556,-0.78889,normal
11.94000,-9.80353,-2.16824,-0.56824,2.00000,0.02000,-0.94000,normal
11.96000,-9.59176,-2.07412,-0.47412,1.86667,0.04667,-0.99333,normal
11.98000,-9.38000,-1.98000,-0.38000,1.73333,0.07333,-1.04667,normal
12.00000,-9.03333,-1.83333,-0.20000,1.60000,0.10000,-1.10000,normal
12.02000,-8.47907,-2.52093,0.00000,0.28556,0.40000,-1.50000,normal
12.04000,-8.43256,-2.56744,0.00000,0.26333,0.40000,-1.50000,normal
12.06000,-8.38605,-2.61395,0.00000,0.24111,0.40000,-1.50000,normal
12.08000,-8.33953,-2.66047,0.00000,0.21889,0.40000,-1.50000,normal
12.10000,-8.10000,-3.00000,0.10000,0.35000,0.40000,-1.30000,normal
12.12000,-8.28000,-2.57333,0.60000,0.50000,0.38043,-1.06087,normal
12.14000,-8.41333,-2.52889,0.60000,0.50000,0.35870,-1.01739,normal
12.16000,-8.54667,-2.48444,0.60000,0.50000,0.33696,-0.97391,normal
12.18000,-8.68000,-2.44000,0.60000,0.50000,0.31522,-0.93043,normal
12.20000,-9.40000,-2.30000,0.50000,0.10000,0.23333,-0.56667,normal
12.22000,-10.74022,-2.33043,0.48370,-0.54639,0.06186,0.06186,normal
12.24000,-11.32717,-2.50435,0.46196,-0.60825,0.14433,0.14433,normal
12.26000,-11.91413,-2.67826,0.44022,-0.67010,0.22680,0.22680,normal
12.28000,-12.50109,-2.85217,0.41848,-0.73196,0.30928,0.30928,normal
12.30000,-12.58000,-3.15000,0.64000,-0.79381,0.39175,0.39175,normal
12.32000,-9.69070,-3.80930,2.00930,-0.96875,0.17500,0.56875,normal
12.34000,-9.66744,-3.83256,2.03256,-0.99839,-0.00161,2.00484,normal
12.36000,-9.64419,-3.85581,2.05581,-0.96613,-0.03387,2.10161,normal
12.38000,-9.62093,-3.87907,2.07907,-0.93387,-0.06613,2.19839,normal
12.40000,-9.50000,-3.80000,2.10000,-0.90161,-0.09839,2.29516,normal
12.42000,-8.99783,-3.17065,0.09022,-0.40000,-0.50000,2.37558,normal
12.44000,-9.21522,-3.10543,0.06848,-0.40000,-0.50000,2.30581,normal
12.46000,-9.43261,-3.04022,0.04674,-0.40000,-0.50000,2.23605,normal
12.48000,-9.65000,-2.97500,0.02500,-0.40000,-0.50000,2.16628,normal
12.50000,-9.86739,-2.90978,0.00326,-0.50000,-0.50000,1.95000,normal
12.52000,-9.90000,-3.08750,1.05000,-1.12642,-0.60000,0.44717,normal
12.54000,-9.71818,-3.06477,1.14091,-1.16415,-0.60000,0.37170,normal
12.56000,-9.53636,-3.04205,1.23182,-1.20189,-0.60000,0.29623,normal
12.58000,-9.35455,-3.01932,1.32273,-1.23962,-0.60000,0.22075,normal
12.60000,-8.45000,-2.80000,1.30000,-1.27736,-0.60000,0.14528,normal
12.62000,-8.00000,-2.71348,0.05955,-1.90263,-0.20000,-0.80263,normal
12.64000,-8.00000,-2.73596,-0.00787,-1.92895,-0.20000,-0.82895,normal
12.66000,-8.00000,-2.75843,-0.07528,-1.95526,-0.20000,-0.85526,normal
12.68000,-8.00000,-2.78090,-0.14270,-1.98158,-0.20000,-0.88158,normal
12.70000,-7.95000,-3.15000,-0.40000,-1.85000,-0.20000,-0.75000,normal
12.72000,-7.36559,-3.70000,0.45161,-1.36596,-0.10000,-0.36596,normal
12.74000,-7.32258,-3.70000,0.51613,-1.32340,-0.10000,-0.32340,normal
12.76000,-7.27957,-3.70000,0.58065,-1.28085,-0.10000,-0.28085,normal
12.78000,-7.23656,-3.70000,0.64516,-1.23830,-0.10000,-0.23830,normal
12.80000,-7.25000,-3.60000,1.05000,-0.93333,0.03333,0.16667,normal
12.82000,-8.68925,-4.12043,1.95161,-0.26629,0.41685,0.61685,normal
12.84000,-8.92581,-4.27097,2.01613,-0.22135,0.43933,0.63933,normal
12.86000,-9.16237,-4.42151,2.08065,-0.17640,0.46180,0.66180,normal
12.88000,-9.39892,-4.57204,2.14516,-0.13146,0.48427,0.68427,normal
12.90000,-11.20000,-4.80000,3.10000,1.03333,0.46667,0.88333,normal
12.92000,-11.42211,-3.66211,2.14316,0.93158,0.37263,0.68632,normal
12.94000,-11.78000,-3.62000,2.08000,0.82632,0.33053,0.66526,normal
12.96000,-12.13789,-3.57789,2.01684,0.72105,0.28842,0.64421,normal
12.98000,-12.49579,-3.53579,1.95368,0.61579,0.24632,0.62316,normal
13.00000,-12.35000,-3.35000,1.90000,0.51053,0.20421,0.60211,normal
13.02000,-10.95600,-3.58400,1.23200,-0.72222,-0.54444,-0.16667,normal
13.04000,-10.77600,-3.56400,1.27200,-0.81781,-0.70000,-0.43562,normal
13.06000,-10.59600,-3.54400,1.31200,-0.84521,-0.70000,-0.49041,normal
13.08000,-10.41600,-3.52400,1.35200,-0.87260,-0.70000,-0.54521,normal
13.10000,-10.23600,-3.50400,1.39200,-0.90000,-0.70000,-0.60000,normal
13.12000,-7.54598,-3.80000,1.13103,-0.66333,-0.18778,-1.21222,normal
13.14000,-7.63793,-3.80000,0.99310,-0.59667,-0.16556,-1.23444,normal
13.16000,-7.72989,-3.80000,0.85517,-0.53000,-0.14333,-1.25667,normal
13.18000,-7.82184,-3.80000,0.71724,-0.46333,-0.12111,-1.27889,normal
13.20000,-8.85000,-4.13333,-0.18333,0.00000,0.00000,-1.20000,normal
13.22000,-11.36292,-3.92584,-1.07528,1.31546,-0.03093,-1.00000,normal
13.24000,-11.29551,-3.79101,-1.03034,1.33608,-0.07216,-1.00000,normal
13.26000,-11.22809,-3.65618,-0.98539,1.35670,-0.11340,-1.00000,normal
13.28000,-11.16067,-3.52135,-0.94045,1.37732,-0.15464,-1.00000,normal
13.30000,-10.82500,-3.27500,-0.77500,1.39794,-0.19588,-1.00000,normal
13.32000,-8.99059,-1.81882,0.47176,0.16765,0.01078,-1.50000,normal
13.34000,-8.96706,-1.86588,0.40118,0.10882,0.03039,-1.50000,normal
13.36000,-8.94353,-1.91294,0.33059,0.05000,0.05000,-1.50000,normal
13.38000,-8.92000,-1.96000,0.26000,-0.00882,0.06961,-1.50000,normal
13.40000,-8.58750,-2.22500,0.18750,-0.06765,0.08922,-1.50000,normal
13.42000,-8.03636,-2.87273,0.47273,-0.40000,0.20000,-1.31111,normal
13.44000,-7.92500,-2.92500,0.57500,-0.18143,0.20000,-0.94429,normal
13.46000,-7.84605,-2.95132,0.65395,-0.15286,0.20000,-0.85857,normal
13.48000,-7.76711,-2.97763,0.73289,-0.12429,0.20000,-0.77286,normal
13.50000,-7.60000,-2.80000,0.90000,0.00000,0.10000,-0.20000,normal
13.52000,-7.81354,-2.38646,1.00000,-0.15258,-0.01753,0.45258,normal
13.54000,-7.83438,-2.36562,1.00000,-0.21443,-0.03814,0.51443,normal
13.56000,-7.85521,-2.34479,1.00000,-0.27629,-0.05876,0.57629,normal
13.58000,-7.87604,-2.32396,1.00000,-0.33814,-0.07938,0.63814,normal
13.60000,-7.89688,-2.30313,1.00000,-0.40000,-0.10000,0.70000,normal
13.62000,-9.10930,-3.10000,0.79535,-1.22410,-0.16386,2.14819,normal
13.64000,-9.52791,-3.10000,0.58605,-1.27229,-0.09157,2.24458,normal
13.66000,-9.94651,-3.10000,0.37674,-1.32048,-0.01928,2.34096,normal
13.68000,-10.36512,-3.10000,0.16744,-1.36867,0.05301,2.43735,normal
13.70000,-13.90000,-4.90000,0.00000,-1.20000,-0.60000,2.90000,normal
13.72000,-11.18673,-4.76531,0.71735,-1.18113,-0.56226,2.88113,normal
13.74000,-11.28878,-4.72449,0.73776,-1.16226,-0.52453,2.86226,normal
13.76000,-11.39082,-4.68367,0.75816,-1.14340,-0.48679,2.84340,normal
13.78000,-11.49286,-4.64286,0.77857,-1.12453,-0.44906,2.82453,normal
13.80000,-11.59490,-4.60204,0.79898,-1.10566,-0.41132,2.80566,normal
13.82000,-8.94146,-2.66098,1.58049,-0.70000,-0.34615,2.01538,normal
13.84000,-8.64878,-2.46585,1.48293,-1.17971,-0.63188,1.22029,normal
13.86000,-8.35610,-2.27073,1.38537,-1.32464,-0.68986,1.07536,normal
13.88000,-8.06341,-2.07561,1.28780,-1.46957,-0.74783,0.93043,normal
13.90000,-8.00000,-1.80000,0.60000,-2.30000,-0.70000,0.40000,normal
13.92000,-9.54045,-3.04045,-0.68652,-3.40000,-0.78652,-0.94045,normal
13.94000,-9.60787,-3.10787,-0.66404,-3.40000,-0.76404,-1.00787,normal
13.96000,-9.67528,-3.17528,-0.64157,-3.40000,-0.74157,-1.07528,normal
13.98000,-9.74270,-3.24270,-0.61910,-3.40000,-0.71910,-1.14270,normal
14.00000,-8.60000,-3.60000,-0.10000,-3.20000,-0.80000,-1.60000,normal
14.02000,-7.88870,-3.56609,0.50000,-2.65676,-0.57838,-1.68919,normal
14.04000,-7.87130,-3.51391,0.50000,-2.58468,-0.54234,-1.67117,normal
14.06000,-7.85391,-3.46174,0.50000,-2.51261,-0.50631,-1.65315,normal
14.08000,-7.83652,-3.40957,0.50000,-2.44054,-0.47027,-1.63514,normal
14.10000,-7.81913,-3.35739,0.50000,-2.36847,-0.43423,-1.61712,normal
14.12000,-7.80174,-3.30522,0.50000,-2.00000,-0.40000,-1.50000,normal
14.14000,-7.83623,-3.01594,0.84783,-1.39155,-0.30000,-0.66620,normal
14.16000,-7.72029,-3.04493,0.93478,-1.36338,-0.30000,-0.55352,normal
14.18000,-7.60435,-3.07391,1.02174,-1.33521,-0.30000,-0.44085,normal
14.20000,-7.30000,-3.30000,1.30000,-1.30704,-0.30000,-0.32817,normal
14.22000,-8.27471,-4.11149,1.58276,-1.33333,-0.30000,0.36667,normal
14.24000,-8.57356,-4.15747,1.51379,-0.78769,-0.08769,1.63692,normal
14.26000,-8.87241,-4.20345,1.44483,-0.75692,-0.05692,1.72923,normal
14.28000,-9.17126,-4.24943,1.37586,-0.72615,-0.02615,1.82154,normal
14.30000,-9.47011,-4.29540,1.30690,-0.50000,-0.10000,2.30000,normal
14.32000,-11.99579,-5.25474,0.88632,-0.36774,-0.20000,2.28387,normal
14.34000,-12.14316,-5.33895,0.86526,-0.32473,-0.20000,2.26237,normal
14.36000,-12.29053,-5.42316,0.84421,-0.28172,-0.20000,2.24086,normal
14.38000,-12.43789,-5.50737,0.82316,-0.23871,-0.20000,2.21935,normal
14.40000,-12.58526,-5.59158,0.80211,0.20000,-0.10000,2.10000,normal
14.42000,-9.31333,-3.58000,2.02667,0.65806,-0.28602,0.73011,normal
14.44000,-9.33556,-3.38000,2.07111,0.59355,-0.26452,0.62258,normal
14.46000,-9.35778,-3.18000,2.11556,0.52903,-0.24301,0.51505,normal
14.48000,-9.38000,-2.98000,2.16000,0.46452,-0.22151,0.40753,normal
14.50000,-9.53333,-2.70000,2.20000,0.40000,-0.20000,0.30000,normal
14.52000,-9.18372,-3.73488,0.46512,-1.60909,-0.40909,-1.21818,normal
14.54000,-8.95116,-3.80465,0.39535,-1.62929,-0.42929,-1.25859,normal
14.56000,-8.71860,-3.87442,0.32558,-1.64949,-0.44949,-1.29899,normal
14.58000,-8.48605,-3.94419,0.25581,-1.66970,-0.46970,-1.33939,normal
14.60000,-8.18000,-4.04000,0.14000,-1.68990,-0.48990,-1.37980,normal
14.62000,-8.60000,-4.70000,-0.80000,-1.70000,-0.50000,-1.60000,normal
14.64000,-8.80779,-4.72597,-0.85195,0.04000,0.02000,-1.58000,normal
14.66000,-9.01558,-4.75195,-0.90390,0.22667,0.04667,-1.55333,normal
14.68000,-9.22338,-4.77792,-0.95584,0.41333,0.07333,-1.52667,normal
14.70000,-10.40000,-4.70000,-0.93333,0.60000,0.10000,-1.50000,normal
14.72000,-10.65667,-3.39889,-0.37111,1.65714,0.01429,-1.21429,normal
14.74000,-10.59000,-3.24333,-0.32667,1.59121,0.03626,-1.23626,normal
14.76000,-10.52333,-3.08778,-0.28222,1.52527,0.05824,-1.25824,normal
14.78000,-10.45667,-2.93222,-0.23778,1.45934,0.08022,-1.28022,normal
14.80000,-10.30000,-2.55000,-0.15000,1.00000,0.10000,-1.50000,normal
14.82000,-9.14607,-2.34045,0.21348,0.00000,0.31412,-1.80000,normal
14.84000,-9.05618,-2.40787,0.23596,0.00000,0.33765,-1.80000,normal
14.86000,-8.96629,-2.47528,0.25843,0.00000,0.36118,-1.80000,normal
14.88000,-8.87640,-2.54270,0.28090,0.00000,0.38471,-1.80000,normal
14.90000,-7.90000,-3.10000,0.50000,0.70000,0.60000,-1.20000,normal
14.92000,-7.34574,-3.08191,0.71809,0.91800,0.61800,-0.94600,normal
14.94000,-7.28191,-3.06064,0.73936,0.93800,0.63800,-0.88600,normal
14.96000,-7.21809,-3.03936,0.76064,0.95800,0.65800,-0.82600,normal
14.98000,-7.15426,-3.01809,0.78191,0.97800,0.67800,-0.76600,normal
15.00000,-7.10000,-3.00000,0.80000,0.99800,0.69800,-0.70600,normal
15.02000,-7.52759,-2.46322,1.40920,0.57590,0.58795,0.51807,normal
15.04000,-7.59655,-2.37126,1.43218,0.47952,0.53976,0.59036,normal
15.06000,-7.66552,-2.27931,1.45517,0.38313,0.49157,0.66265,normal
15.08000,-7.73448,-2.18736,1.47816,0.28675,0.44337,0.73494,normal
15.10000,-7.70000,-2.40000,1.40000,-0.20000,0.30000,1.20000,normal
15.12000,-12.22500,-2.97500,0.12500,-1.32195,-0.04390,2.33293,normal
15.14000,-12.08864,-3.11136,0.17045,-1.37073,-0.14146,2.40610,normal
15.16000,-11.95227,-3.24773,0.21591,-1.41951,-0.23902,2.47927,normal
15.18000,-11.81591,-3.38409,0.26136,-1.46829,-0.33659,2.55244,normal
15.20000,-12.80000,-4.30000,0.90000,-1.71000,-0.33000,2.81000,normal
15.22000,-13.18191,-4.80957,1.18191,-2.22268,-0.83402,2.55464,normal
15.24000,-13.16064,-4.70319,1.16064,-2.26392,-0.89588,2.47216,normal
15.26000,-13.13936,-4.59681,1.13936,-2.30515,-0.95773,2.38969,normal
15.28000,-13.11809,-4.49043,1.11809,-2.34639,-1.01959,2.30722,normal
15.30000,-10.75714,-3.55714,0.82857,-2.38763,-1.08144,2.22474,normal
15.32000,-9.30667,-1.56000,0.42000,-3.05000,-0.95000,0.20000,normal
15.34000,-9.48444,-1.49333,0.28667,-3.18696,-0.90000,-0.20870,normal
15.36000,-9.66222,-1.42667,0.15333,-3.30290,-0.90000,-0.35362,normal
15.38000,-9.84000,-1.36000,0.02000,-3.41884,-0.90000,-0.49855,normal
15.40000,-10.10000,-1.80000,-0.90000,-3.96667,-1.00000,-1.23333,normal
15.42000,-8.94091,-4.09091,-1.58636,-3.80857,-1.00000,-1.30000,normal
15.44000,-8.72879,-4.21212,-1.43485,-3.69429,-1.00000,-1.30000,normal
15.46000,-8.51667,-4.33333,-1.28333,-3.58000,-1.00000,-1.30000,normal
15.48000,-7.00000,-3.35000,-0.60000,-1.55000,-0.75000,-0.70000,normal
15.50000,-7.02857,-2.97143,-0.47143,-1.25043,-0.68348,-0.55043,normal
15.52000,-7.06429,-2.93571,-0.43571,-1.19826,-0.66609,-0.49826,normal
15.54000,-7.10000,-2.90000,-0.40000,-1.14609,-0.64870,-0.44609,normal
15.56000,-7.13571,-2.86429,-0.36429,-1.09391,-0.63130,-0.39391,normal
15.58000,-7.17143,-2.82857,-0.32857,-1.04174,-0.61391,-0.34174,normal
15.60000,-7.40000,-2.60000,-0.17143,-0.90000,-0.40000,0.10000,normal
15.62000,-7.18571,-3.05714,0.11429,-1.03689,-0.36311,0.45534,normal
15.64000,-7.16374,-3.14505,0.13626,-1.07573,-0.32427,0.51359,normal
15.66000,-7.14176,-3.23297,0.15824,-1.11456,-0.28544,0.57184,normal
15.68000,-7.11978,-3.32088,0.18022,-1.15340,-0.24660,0.63010,normal
15.70000,-7.40000,-3.80000,0.40000,-1.19223,-0.20777,0.68835,normal
15.72000,-9.54615,-4.30000,0.89423,-1.02222,-0.02222,1.17778,normal
15.74000,-9.70000,-4.30000,0.87500,-0.14118,0.32941,1.72941,normal
15.76000,-9.85385,-4.30000,0.85577,0.02424,0.40000,1.80000,normal
15.78000,-10.00769,-4.30000,0.83654,0.08485,0.40000,1.80000,normal
15.80000,-10.16154,-4.30000,0.81731,0.14545,0.40000,1.80000,normal
15.82000,-10.50000,-4.34000,0.80000,0.30000,0.40000,1.80000,normal
15.84000,-11.41304,-3.96957,1.06957,0.18286,0.23429,1.14857,normal
15.86000,-11.93478,-4.08551,1.18551,0.15429,0.29143,1.06286,normal
15.88000,-12.45652,-4.20145,1.30145,0.12571,0.34857,0.97714,normal
15.90000,-10.80000,-4.20000,1.90000,0.00000,0.20000,0.60000,normal
15.92000,-10.58065,-4.14839,2.10000,-0.60482,0.09036,-0.31446,normal
15.94000,-10.21505,-4.06237,2.10000,-0.62892,0.04217,-0.38675,normal
15.96000,-9.84946,-3.97634,2.10000,-0.65301,-0.00602,-0.45904,normal
15.98000,-9.48387,-3.89032,2.10000,-0.67711,-0.05422,-0.53133,normal
16.00000,-9.11828,-3.80430,2.10000,-0.80000,-0.10000,-0.90000,normal
16.02000,-8.26250,-3.41250,0.96250,-0.29175,0.00000,-1.38454,normal
16.04000,-8.37614,-3.25341,0.89432,-0.14742,0.00000,-1.36392,normal
16.06000,-8.48977,-3.09432,0.82614,-0.00309,0.00000,-1.34330,normal
16.08000,-8.60341,-2.93523,0.75795,0.14124,0.00000,-1.32268,normal
16.10000,-10.20000,-4.40000,0.10000,0.28557,0.00000,-1.30206,normal
16.12000,-11.22712,-3.00000,-0.02712,0.37222,-0.17222,-1.52778,normal
16.14000,-11.29492,-3.00000,-0.09492,1.03111,-0.20000,-1.40000,normal
16.16000,-11.36271,-3.00000,-0.16271,1.07556,-0.20000,-1.40000,normal
16.18000,-10.05000,-2.10000,-0.15000,-0.00513,-0.30000,-1.50000,normal
16.20000,-9.98348,-2.11652,-0.34957,-0.03932,-0.30000,-1.50000,normal
16.22000,-9.96609,-2.13391,-0.40174,-0.07350,-0.30000,-1.50000,normal
16.24000,-9.94870,-2.15130,-0.45391,-0.10769,-0.30000,-1.50000,normal
16.26000,-9.93130,-2.16870,-0.50609,-0.14188,-0.30000,-1.50000,normal
16.28000,-9.91391,-2.18609,-0.55826,-0.17607,-0.30000,-1.50000,normal
16.30000,-8.44000,-2.64000,-0.82000,-0.39808,0.00096,-1.09808,normal
16.32000,-8.14894,-2.83404,-0.90000,-0.35962,0.02019,-1.05962,normal
16.34000,-8.08511,-2.87660,-0.90000,-0.32115,0.03942,-1.02115,normal
16.36000,-8.02128,-2.91915,-0.90000,-0.28269,0.05865,-0.98269,normal
16.38000,-7.95745,-2.96170,-0.90000,-0.24423,0.07788,-0.94423,normal
16.40000,-7.56667,-3.08333,-0.75000,-0.20577,0.09712,-0.90577,normal
16.42000,-7.63810,-2.79048,0.64762,0.89130,0.59130,0.10870,normal
16.44000,-7.73333,-2.76667,0.76667,0.86957,0.56957,0.13043,normal
16.46000,-7.82857,-2.74286,0.88571,0.84783,0.54783,0.15217,normal
16.48000,-7.92381,-2.71905,1.00476,0.82609,0.52609,0.17391,normal
16.50000,-8.50000,-2.36667,1.43333,0.80435,0.50435,0.19565,normal
16.52000,-9.61235,-2.41852,1.30617,0.10000,0.35000,0.60000,normal
16.54000,-9.66173,-2.49259,1.33086,-0.65821,0.16119,1.03881,normal
16.56000,-9.71111,-2.56667,1.35556,-0.74776,0.10149,1.09851,normal
16.58000,-9.76049,-2.64074,1.38025,-0.83731,0.04179,1.15821,normal
16.60000,-10.40000,-3.40000,1.50000,-1.30000,-0.25000,1.90000,normal
16.62000,-14.16957,-4.33478,0.43913,-1.16082,-0.53918,1.91959,normal
16.64000,-13.75652,-4.37826,0.61304,-1.11959,-0.58041,1.94021,normal
16.66000,-13.34348,-4.42174,0.78696,-1.07835,-0.62165,1.96082,normal
16.68000,-12.93043,-4.46522,0.96087,-1.03711,-0.66289,1.98144,normal
16.70000,-11.40000,-4.10000,2.00000,-1.00000,-0.55000,1.80000,normal
16.72000,-9.09091,-3.51818,1.24545,-1.01596,-0.81596,1.03617,normal
16.74000,-8.90909,-3.38182,1.15455,-1.03723,-0.83723,0.95106,normal
16.76000,-8.72727,-3.24545,1.06364,-1.05851,-0.85851,0.86596,normal
16.78000,-8.54545,-3.10909,0.97273,-1.07979,-0.87979,0.78085,normal
16.80000,-8.53333,-2.26667,0.50000,-1.25000,-0.90000,0.45000,normal
16.82000,-10.36452,-1.43548,-1.45914,-3.54468,-1.30745,-1.01489,normal
16.84000,-10.30000,-1.50000,-1.56667,-3.67234,-1.32872,-1.05745,normal
16.86000,-10.23548,-1.56452,-1.67419,-3.80000,-1.35000,-1.10000,normal
16.88000,-10.17097,-1.62903,-1.78172,-3.92766,-1.37128,-1.14255,normal
16.90000,-10.10645,-1.69355,-1.88925,-4.05532,-1.39255,-1.18511,normal
16.92000,-7.39241,-4.30380,-1.20000,-4.33333,-1.28333,-1.26667,normal
16.94000,-7.34177,-4.32911,-1.20000,-3.41250,-0.97500,-0.76250,normal
16.96000,-7.29114,-4.35443,-1.20000,-3.19375,-0.91250,-0.66875,normal
16.98000,-7.24051,-4.37975,-1.20000,-2.97500,-0.85000,-0.57500,normal
17.00000,-6.92000,-3.90000,-0.94000,-1.66667,-0.66667,-0.10000,normal
17.02000,-7.04286,-2.88571,-0.18571,-0.68696,-0.38696,0.42609,normal
17.04000,-7.10879,-2.86374,-0.16374,-0.66522,-0.36522,0.46957,normal
17.06000,-7.17473,-2.84176,-0.14176,-0.64348,-0.34348,0.51304,normal
17.08000,-7.24066,-2.81978,-0.11978,-0.62174,-0.32174,0.55652,normal
17.10000,-7.75000,-3.02500,0.11250,-0.60000,-0.30000,0.60000,normal
17.12000,-8.72326,-3.94651,0.60000,-0.98391,-0.10000,1.71609,normal
17.14000,-8.76977,-4.03953,0.60000,-0.96092,-0.10000,1.73908,normal
17.16000,-8.81628,-4.13256,0.60000,-0.93793,-0.10000,1.76207,normal
17.18000,-8.86279,-4.22558,0.60000,-0.91494,-0.10000,1.78506,normal
17.20000,-10.40000,-5.10000,0.80000,0.40270,0.30000,1.79820,normal
17.22000,-11.57312,-5.38172,1.00000,0.45676,0.30000,1.76216,normal
17.24000,-11.65914,-5.36022,1.00000,0.51081,0.30000,1.72613,normal
17.26000,-11.74516,-5.33871,1.00000,0.56486,0.30000,1.69009,normal
17.28000,-11.83118,-5.31720,1.00000,0.61892,0.30000,1.65405,normal
17.30000,-12.58000,-5.30000,1.12000,0.67297,0.30000,1.61802,normal
17.32000,-9.90000,-2.40000,2.20000,0.85385,0.45385,1.29231,normal
17.34000,-9.82500,-2.32500,2.22500,0.50959,-0.08493,-0.17534,normal
17.36000,-9.75000,-2.25000,2.25000,0.34521,-0.05753,-0.31233,normal
17.38000,-9.67500,-2.17500,2.27500,0.18082,-0.03014,-0.44932,normal
17.40000,-9.60000,-2.10000,2.30000,0.01644,-0.00274,-0.58630,normal
17.42000,-8.91149,-3.30000,1.04943,-0.97381,-0.41310,-1.31310,normal
17.44000,-8.75057,-3.30000,0.95747,-0.92619,-0.43690,-1.33690,normal
17.46000,-8.58966,-3.30000,0.86552,-0.87857,-0.46071,-1.36071,normal
17.48000,-8.42874,-3.30000,0.77356,-0.83095,-0.48452,-1.38452,normal
17.50000,-8.20000,-4.10000,-0.30000,-0.70000,-0.50000,-1.60000,normal
17.52000,-9.59140,-3.31828,-0.65484,0.86250,-0.10000,-1.38437,normal
17.54000,-9.69892,-3.33978,-0.71935,0.94583,-0.10000,-1.36354,normal
17.56000,-9.80645,-3.36129,-0.78387,1.02917,-0.10000,-1.34271,normal
17.58000,-9.91398,-3.38280,-0.84839,1.11250,-0.10000,-1.32187,normal
17.60000,-8.90000,-3.10000,-0.80000,1.19583,-0.10000,-1.30104,normal
17.62000,-8.48172,-2.88172,-0.70000,1.18250,-0.09125,-0.48250,normal
17.64000,-8.46022,-2.86022,-0.70000,1.13250,-0.06625,-0.43250,normal
17.66000,-8.43871,-2.83871,-0.70000,1.08250,-0.04125,-0.38250,normal
17.68000,-8.41720,-2.81720,-0.70000,1.03250,-0.01625,-0.33250,normal
17.70000,-8.46667,-3.06667,-1.23333,0.70000,0.30000,-0.10000,normal
17.72000,-8.51828,-3.40000,-1.30000,0.72105,0.32105,-0.10000,normal
17.74000,-8.53978,-3.40000,-1.30000,0.74211,0.34211,-0.10000,normal
17.76000,-8.56129,-3.40000,-1.30000,0.76316,0.36316,-0.10000,normal
17.78000,-8.58280,-3.40000,-1.30000,0.78421,0.38421,-0.10000,normal
17.80000,-8.65000,-3.15000,-0.80000,1.12000,0.50000,-0.20000,normal
17.82000,-8.81828,-2.88172,-0.20860,1.38861,0.70000,-0.41139,normal
17.84000,-8.83978,-2.86022,-0.10108,1.36329,0.70000,-0.43671,normal
17.86000,-8.86129,-2.83871,0.00645,1.33797,0.70000,-0.46203,normal
17.88000,-8.88280,-2.81720,0.11398,1.31266,0.70000,-0.48734,normal
17.90000,-9.10000,-2.35000,1.10000,0.07115,0.59423,-0.79712,normal
17.92000,-9.31875,-2.04167,1.43854,-0.12115,0.55577,-0.77788,normal
17.94000,-9.44375,-1.87500,1.58438,-0.31346,0.51731,-0.75865,normal
17.96000,-9.56875,-1.70833,1.73021,-0.50577,0.47885,-0.73942,normal
17.98000,-9.69375,-1.54167,1.87604,-0.69808,0.44038,-0.72019,normal
18.00000,-11.30000,-1.20000,1.90000,-0.89038,0.40192,-0.70096,normal
18.02000,-11.54516,-2.03763,-0.77312,-4.73333,-0.46667,-0.26667,normal
18.04000,-11.48065,-2.31720,-0.85914,-4.87681,-0.59275,-0.17681,normal
18.06000,-11.41613,-2.59677,-0.94516,-4.84783,-0.70870,-0.14783,normal
18.08000,-11.35161,-2.87634,-1.03118,-4.81884,-0.82464,-0.11884,normal
18.10000,-7.50000,-6.20000,0.30000,0.20971,-0.70097,1.50194,normal
18.12000,-9.08172,-6.75376,0.59032,0.40388,-0.72039,1.54078,normal
18.14000,-9.06022,-6.58172,0.46129,0.59806,-0.73981,1.57961,normal
18.16000,-9.03871,-6.40968,0.33226,0.79223,-0.75922,1.61845,normal
18.18000,-9.01720,-6.23763,0.20323,0.98641,-0.77864,1.65728,normal
18.20000,-9.81818,-4.18182,-1.39091,1.18058,-0.79806,1.69612,normal
18.22000,-9.56364,-3.55455,-0.95455,1.66235,-1.09059,1.57176,normal
18.24000,-9.47273,-3.44091,-0.84091,1.56824,-1.06706,1.50118,normal
18.26000,-9.38182,-3.32727,-0.72727,1.47412,-1.04353,1.43059,normal
18.28000,-9.29091,-3.21364,-0.61364,1.38000,-1.02000,1.36000,normal
18.30000,-9.20000,-3.10000,-0.50000,0.66667,-0.83333,0.63333,normal
18.32000,-10.04222,-2.00111,0.01444,-0.54815,-0.28796,-0.42407,normal
18.34000,-9.95333,-2.15667,0.03667,-0.62222,-0.26944,-0.46111,normal
18.36000,-9.86444,-2.31222,0.05889,-0.69630,-0.25093,-0.49815,normal
18.38000,-9.77556,-2.46778,0.08111,-0.77037,-0.23241,-0.53519,normal
18.40000,-8.90000,-3.20000,0.10000,-0.84444,-0.21389,-0.57222,normal
18.42000,-7.90000,-3.40000,-0.43333,-1.40625,0.00625,-0.70000,normal
18.44000,-7.82222,-3.25556,-0.68889,-1.48909,0.10000,-0.70000,normal
18.46000,-7.85000,-3.20000,-0.80000,-1.41636,0.10000,-0.70000,normal
18.48000,-7.87778,-3.14444,-0.91111,-1.34364,0.10000,-0.70000,normal
18.50000,-8.15000,-3.00000,-0.90000,-0.78571,0.10000,-0.54286,normal
18.52000,-8.30000,-3.13830,-0.06596,-0.71724,0.11724,-0.26552,normal
18.54000,-8.30000,-3.18085,0.08298,-0.74023,0.14023,-0.21954,normal
18.56000,-8.30000,-3.22340,0.23191,-0.76322,0.16322,-0.17356,normal
18.58000,-8.30000,-3.26596,0.38085,-0.78621,0.18621,-0.12759,normal
18.60000,-7.95000,-3.90000,1.55000,-0.25000,0.45000,0.85000,normal
18.62000,-8.03871,-4.28065,1.76129,0.11591,0.50000,1.03864,normal
18.64000,-8.08172,-4.25914,1.71828,0.25227,0.50000,1.08409,normal
18.66000,-8.12473,-4.23763,1.67527,0.38864,0.50000,1.12955,normal
18.68000,-8.16774,-4.21613,1.63226,0.52500,0.50000,1.17500,normal
18.70000,-11.80000,-3.20000,1.60000,-0.90000,-0.10000,1.00000,normal
18.72000,-11.74000,-5.42000,-0.14000,-0.78000,-0.12000,0.96000,normal
18.74000,-11.99263,-5.44105,-0.28737,-0.66000,-0.14000,0.92000,normal
18.76000,-12.24526,-5.46211,-0.43474,-0.54000,-0.16000,0.88000,normal
18.78000,-12.49789,-5.48316,-0.58211,-0.42000,-0.18000,0.84000,normal
18.80000,-11.74000,-4.96000,0.45000,-0.30000,-0.20000,0.80000,normal
18.82000,-9.55349,-2.44186,0.86977,1.56104,-0.60000,0.08052,normal
18.84000,-9.46047,-2.32558,1.00930,1.40519,-0.60000,0.00260,normal
18.86000,-9.36744,-2.20930,1.14884,1.24935,-0.60000,-0.07532,normal
18.88000,-9.27442,-2.09302,1.28837,1.09351,-0.60000,-0.15325,normal
18.90000,-9.00000,-2.75000,1.00000,-0.45000,-0.40000,-0.65000,normal
18.92000,-8.36452,-3.87742,0.22258,-0.91915,-0.30000,-0.80000,normal
18.94000,-8.21398,-3.96344,0.13656,-0.94043,-0.30000,-0.80000,normal
18.96000,-8.06344,-4.04946,0.05054,-0.96170,-0.30000,-0.80000,normal
18.98000,-7.91290,-4.13548,-0.03548,-0.98298,-0.30000,-0.80000,normal
19.00000,-8.30000,-4.70000,-1.60000,-0.45000,-0.10000,-0.65000,normal
19.02000,-9.11489,-4.46170,-1.97660,1.52308,0.21538,-0.38462,normal
19.04000,-9.24255,-4.41915,-2.06170,1.69890,0.23736,-0.36264,normal
19.06000,-9.37021,-4.37660,-2.14681,1.87473,0.25934,-0.34066,normal
19.08000,-9.49787,-4.33404,-2.23191,2.05055,0.28132,-0.31868,normal
19.10000,-10.30000,-3.98000,-2.60000,3.00000,0.30000,-0.05000,normal
19.12000,-8.94526,-2.73158,-1.83158,3.26598,0.31134,-0.12268,normal
19.14000,-8.86105,-2.62632,-1.72632,3.20412,0.33196,-0.16392,normal
19.16000,-8.77684,-2.52105,-1.62105,3.14227,0.35258,-0.20515,normal
19.18000,-8.69263,-2.41579,-1.51579,3.08041,0.37320,-0.24639,normal
19.20000,-8.60842,-2.31053,-1.41053,3.01856,0.39381,-0.28763,normal
19.22000,-8.70488,-2.60976,-0.39512,1.86923,0.60769,-0.91538,normal
19.24000,-8.72927,-2.65854,-0.37073,1.46364,0.70000,-1.10000,normal
19.26000,-8.75366,-2.70732,-0.34634,1.37273,0.70000,-1.10000,normal
19.28000,-8.77805,-2.75610,-0.32195,1.28182,0.70000,-1.10000,normal
19.30000,-9.10000,-2.90000,-0.20000,1.00000,0.70000,-1.20000,normal
19.32000,-9.50000,-3.08636,0.02727,0.58571,0.58571,-1.10000,normal
19.34000,-9.50000,-3.06364,0.07273,0.56190,0.56190,-1.10000,normal
19.36000,-9.50000,-3.04091,0.11818,0.53810,0.53810,-1.10000,normal
19.38000,-9.50000,-3.01818,0.16364,0.51429,0.51429,-1.10000,normal
19.40000,-9.35000,-2.55000,0.35000,-0.00111,0.40000,-0.89889,normal
19.42000,-9.83871,-2.73871,0.45806,-0.02333,0.40000,-0.87667,normal
19.44000,-9.88172,-2.78172,0.52258,-0.04556,0.40000,-0.85444,normal
19.46000,-9.92473,-2.82473,0.58710,-0.06778,0.40000,-0.83222,normal
19.48000,-9.96774,-2.86774,0.65161,-0.09000,0.40000,-0.81000,normal
19.50000,-11.40000,-3.50000,1.30000,0.00000,0.40000,0.30000,normal
19.52000,-11.27500,-3.54167,1.38333,0.00000,0.34393,0.35607,normal
19.54000,-11.15000,-3.58333,1.46667,0.00000,0.28785,0.41215,normal
19.56000,-11.02500,-3.62500,1.55000,0.00000,0.23178,0.46822,normal
19.58000,-10.90000,-3.66667,1.63333,0.00000,0.17570,0.52430,normal
19.60000,-8.60000,-3.45000,2.10000,0.00000,0.11963,0.58037,normal
19.62000,-9.98077,-3.30769,1.79615,-0.10000,0.10000,0.90000,normal
19.64000,-9.85256,-3.35897,1.77051,-0.15522,-0.04478,1.40000,normal
19.66000,-9.72436,-3.41026,1.74487,-0.09552,-0.10448,1.40000,normal
19.68000,-9.59615,-3.46154,1.71923,-0.03582,-0.16418,1.40000,normal
19.70000,-8.50000,-3.30000,1.00000,-0.08333,-0.58333,1.23333,normal
19.72000,-8.75319,-2.58085,0.26170,-0.45258,-0.60000,0.94742,normal
19.74000,-8.92340,-2.55957,0.21915,-0.51443,-0.60000,0.88557,normal
19.76000,-9.09362,-2.53830,0.17660,-0.57629,-0.60000,0.82371,normal
19.78000,-9.26383,-2.51702,0.13404,-0.63814,-0.60000,0.76186,normal
19.80000,-10.43333,-1.52222,0.77778,-0.70000,-0.60000,0.70000,normal
19.82000,-9.66552,-2.63448,0.18851,-1.17692,-0.76923,0.05385,normal
19.84000,-9.59655,-2.70345,0.16552,-2.24355,-0.60000,-0.71452,normal
19.86000,-9.52759,-2.77241,0.14253,-2.34032,-0.60000,-0.74677,normal
19.88000,-9.45862,-2.84138,0.11954,-2.43710,-0.60000,-0.77903,normal
19.90000,-8.60000,-3.50000,-0.20000,-2.62857,-0.57143,-0.72857,normal
19.92000,-7.71828,-3.36344,-0.61828,-1.75000,-0.50000,-0.57500,normal
19.94000,-7.73978,-3.32043,-0.63978,-1.67308,-0.50000,-0.53654,normal
19.96000,-7.76129,-3.27742,-0.66129,-1.59615,-0.50000,-0.49808,normal
19.98000,-7.78280,-3.23441,-0.68280,-1.51923,-0.50000,-0.45962,normal
20.00000,-7.84000,-3.12000,-0.74000,-1.44231,-0.50000,-0.42115,normal
20.02000,-8.40000,-2.85000,-0.20000,-1.20349,-0.49651,0.40698,normal
20.04000,-8.34865,-2.92568,0.10270,-1.22674,-0.47326,0.45349,normal
20.06000,-8.29459,-2.95270,0.21081,-1.25000,-0.45000,0.50000,normal
20.08000,-8.24054,-2.97973,0.31892,-1.27326,-0.42674,0.54651,normal
20.10000,-8.10909,-3.13636,0.44545,-1.29651,-0.40349,0.59302,normal
20.12000,-8.07412,-4.22471,0.90000,-0.53889,0.01222,1.62444,normal
20.14000,-8.28588,-4.29529,0.90000,-0.42778,0.03444,1.66889,normal
20.16000,-8.49765,-4.36588,0.90000,-0.31667,0.05667,1.71333,normal
20.18000,-8.70941,-4.43647,0.90000,-0.20556,0.07889,1.75778,normal
20.20000,-10.00000,-4.70000,0.90000,0.10000,0.10000,1.85000,normal
20.22000,-12.61000,-4.71222,0.13667,0.58469,0.05408,1.45408,normal
20.24000,-12.81000,-4.73444,0.20333,0.56429,-0.00714,1.39286,normal
20.26000,-13.01000,-4.75667,0.27000,0.54388,-0.06837,1.33163,normal
20.28000,-13.21000,-4.77889,0.33667,0.52347,-0.12959,1.27041,normal
20.30000,-11.60000,-4.30000,0.80000,0.50306,-0.19082,1.20918,normal
20.32000,-10.51250,-2.98437,1.31563,-0.41463,-0.10488,-0.20976,normal
20.34000,-10.26250,-2.96354,1.33646,-0.48780,-0.12927,-0.25854,normal
20.36000,-10.01250,-2.94271,1.35729,-0.56098,-0.15366,-0.30732,normal
20.38000,-9.76250,-2.92188,1.37812,-0.63415,-0.17805,-0.35610,normal
20.40000,-9.51250,-2.90104,1.39896,-1.10000,-0.20000,-0.70000,normal
20.42000,-7.27363,-4.62637,-0.07912,-0.97000,0.01000,-0.90000,normal
20.44000,-7.22967,-4.67033,-0.21099,-0.90333,0.03222,-0.90000,normal
20.46000,-7.18571,-4.71429,-0.34286,-0.83667,0.05444,-0.90000,normal
20.48000,-7.14176,-4.75824,-0.47473,-0.77000,0.07667,-0.90000,normal
20.50000,-7.30000,-4.95000,-0.85000,-0.70333,0.09889,-0.90000,normal
20.52000,-10.05730,-5.11573,-1.61573,2.67586,0.40000,-0.38736,normal
20.54000,-10.28202,-5.13820,-1.63820,2.81379,0.40000,-0.36437,normal
20.56000,-10.50674,-5.16067,-1.66067,2.95172,0.40000,-0.34138,normal
20.58000,-10.73146,-5.18315,-1.68315,3.08966,0.40000,-0.31839,normal
20.60000,-10.98333,-4.86667,-1.70000,3.73333,0.16667,-0.26667,normal
20.62000,-10.41573,-2.25281,-1.05281,3.08800,0.01600,-0.84800,normal
20.64000,-10.43820,-2.18539,-0.98539,2.94800,0.03600,-0.90800,normal
20.66000,-10.46067,-2.11798,-0.91798,2.80800,0.05600,-0.96800,normal
20.68000,-10.48315,-2.05056,-0.85056,2.66800,0.07600,-1.02800,normal
20.70000,-9.70000,-2.50000,-0.50000,2.52800,0.09600,-1.08800,normal
20.72000,-9.27037,-2.81481,-0.60000,0.28462,0.15385,-1.90000,normal
20.74000,-9.17160,-2.86420,-0.60000,0.07846,0.20000,-1.92154,normal
20.76000,-9.07284,-2.91358,-0.60000,0.04769,0.20000,-1.95231,normal
20.78000,-8.97407,-2.96296,-0.60000,0.01692,0.20000,-1.98308,normal
20.80000,-8.40000,-3.20000,-0.60000,0.00000,0.24091,-1.95909,normal
20.82000,-8.13936,-2.85957,-0.13936,0.20000,0.40000,-1.80000,normal
20.84000,-8.07553,-2.81702,-0.07553,0.84507,0.60000,-1.45493,normal
20.86000,-8.01170,-2.77447,-0.01170,0.90141,0.60000,-1.39859,normal
20.88000,-7.94787,-2.73191,0.05213,0.95775,0.60000,-1.34225,normal
20.90000,-8.22000,-2.36000,0.74000,0.90000,0.60000,-0.70000,normal
20.92000,-8.40000,-2.34615,1.16923,0.62500,0.50000,-0.32500,normal
20.94000,-8.40000,-2.40769,1.26154,0.54605,0.50000,-0.24605,normal
20.96000,-8.40000,-2.46923,1.35385,0.46711,0.50000,-0.16711,normal
20.98000,-11.00000,-3.30000,1.80000,0.00000,0.40000,0.70000,normal
21.00000,-10.98962,-3.65094,2.60000,-0.40000,0.35405,1.64595,normal
21.02000,-10.81981,-3.57547,2.60000,-0.40000,0.30000,1.70000,normal
21.04000,-10.65000,-3.50000,2.60000,-0.40000,0.24595,1.75405,normal
21.06000,-10.48019,-3.42453,2.60000,-0.40000,0.19189,1.80811,normal
21.08000,-10.31038,-3.34906,2.60000,-0.40000,0.13784,1.86216,normal
21.10000,-10.58788,-2.52424,1.50303,-0.58000,-0.02000,2.02000,normal
21.12000,-10.50707,-2.68586,1.52323,-2.00253,-0.40127,2.29873,normal
21.14000,-10.42626,-2.84747,1.54343,-2.05316,-0.42658,2.27342,normal
21.16000,-10.34545,-3.00909,1.56364,-2.10380,-0.45190,2.24810,normal
21.18000,-10.26465,-3.17071,1.58384,-2.15443,-0.47722,2.22278,normal
21.20000,-9.90000,-4.50000,0.80000,-2.00000,-0.60000,2.10000,normal
21.22000,-9.79655,-3.90345,-0.30000,-0.81647,-0.60000,0.63412,normal
21.24000,-9.95747,-3.74253,-0.30000,-0.84000,-0.60000,0.54000,normal
21.26000,-10.11839,-3.58161,-0.30000,-0.86353,-0.60000,0.44588,normal
21.28000,-10.27931,-3.42069,-0.30000,-0.88706,-0.60000,0.35176,normal
21.30000,-9.70000,-2.70000,-0.10000,-1.80215,-0.39785,-0.80000,normal
21.32000,-8.81915,-3.06064,-0.22021,-1.82366,-0.37634,-0.80000,normal
21.34000,-8.73404,-3.12447,-0.24149,-1.84516,-0.35484,-0.80000,normal
21.36000,-8.64894,-3.18830,-0.26277,-1.86667,-0.33333,-0.80000,normal
21.38000,-8.56383,-3.25213,-0.28404,-1.88817,-0.31183,-0.80000,normal
21.40000,-7.90000,-3.20000,-0.70000,-1.49810,-0.10000,-0.59619,normal
21.42000,-8.14043,-2.92021,-1.12021,-1.47905,-0.10000,-0.55810,normal
21.44000,-8.18298,-2.94149,-1.14149,-1.46000,-0.10000,-0.52000,normal
21.46000,-8.22553,-2.96277,-1.16277,-1.44095,-0.10000,-0.48190,normal
21.48000,-8.26809,-2.98404,-1.18404,-1.42190,-0.10000,-0.44381,normal
21.50000,-8.02727,-3.11818,-0.40909,-1.40286,-0.10000,-0.40571,normal
21.52000,-7.39146,-3.34268,0.01707,-1.30000,-0.10000,0.08125,normal
21.54000,-7.36707,-3.46463,0.06585,-1.23913,0.02029,0.66087,normal
21.56000,-7.34268,-3.58659,0.11463,-1.15217,0.04928,0.74783,normal
21.58000,-7.31829,-3.70854,0.16341,-1.06522,0.07826,0.83478,normal
21.60000,-7.20000,-4.30000,0.50000,-0.25000,0.40000,1.35000,normal
21.62000,-9.70000,-5.00000,2.23333,0.72651,0.37108,1.68554,normal
21.64000,-9.96667,-4.73333,2.41111,0.43735,0.32289,1.66145,normal
21.66000,-10.23333,-4.46667,2.58889,0.14819,0.27470,1.63735,normal
21.68000,-10.50000,-4.20000,2.76667,-0.14096,0.22651,1.61325,normal
21.70000,-12.60000,-7.30000,-1.10000,1.58571,-0.10000,0.25714,normal
21.72000,-13.08534,-6.75776,-0.93448,2.22364,-0.08455,-0.06182,normal
21.74000,-12.96466,-6.29224,-0.86552,2.36909,-0.06636,-0.13455,normal
21.76000,-12.84397,-5.82672,-0.79655,2.51455,-0.04818,-0.20727,normal
21.78000,-12.72328,-5.36121,-0.72759,2.66000,-0.03000,-0.28000,normal
21.80000,-12.60259,-4.89569,-0.65862,2.80545,-0.01182,-0.35273,normal
21.82000,-12.20000,-1.40000,-0.10000,2.30000,-0.10000,-1.40000,normal
21.84000,-11.85068,-0.03973,2.03014,0.29318,-0.34091,-1.76136,normal
21.86000,-11.43973,-0.20411,1.94795,-0.04773,-0.38636,-1.82955,normal
21.88000,-11.02877,-0.36849,1.86575,-0.38864,-0.43182,-1.89773,normal
21.90000,-8.16316,-1.92632,1.26842,-0.72955,-0.47727,-1.96591,normal
21.92000,-6.00000,-2.80000,-0.30000,-1.65000,-0.50000,-2.00000,normal
21.94000,-6.05195,-2.87792,-0.48182,-1.88182,0.03939,-1.36061,normal
21.96000,-6.10390,-2.95584,-0.66364,-1.70000,0.10000,-1.30000,normal
21.98000,-6.15584,-3.03377,-0.84545,-1.51818,0.16061,-1.23939,normal
22.00000,-7.80000,-3.70000,-1.50000,0.25000,0.30000,-0.56667,normal
22.02000,-9.67692,-3.46484,-2.34725,1.15543,0.04457,-0.14457,normal
22.04000,-9.52308,-3.42088,-2.28132,1.22065,-0.02065,-0.07935,normal
22.06000,-9.36923,-3.37692,-2.21538,1.28587,-0.08587,-0.01413,normal
22.08000,-9.21538,-3.33297,-2.14945,1.35109,-0.15109,0.05109,normal
22.10000,-8.30000,-2.60000,-0.30000,1.42000,-0.30000,0.58000,normal
22.12000,-8.13333,-2.48333,0.11667,1.00000,-0.06552,0.68276,normal
22.14000,-8.17778,-2.46111,0.13889,1.00000,-0.01954,0.65977,normal
22.16000,-8.22222,-2.43889,0.16111,1.00000,0.02644,0.63678,normal
22.18000,-8.26667,-2.41667,0.18333,1.00000,0.07241,0.61379,normal
22.20000,-9.10000,-3.10000,0.20000,0.75000,0.40000,0.45000,normal
22.22000,-9.01935,-3.21935,0.31935,0.58235,0.40000,0.30000,normal
22.24000,-9.04086,-3.24086,0.34086,0.56275,0.40000,0.30000,normal
22.26000,-9.06237,-3.26237,0.36237,0.54314,0.40000,0.30000,normal
22.28000,-9.08387,-3.28387,0.38387,0.52353,0.40000,0.30000,normal
22.30000,-9.14167,-3.34167,0.40000,0.50392,0.40000,0.30000,normal
22.32000,-9.96667,-2.70741,0.38519,0.50000,0.30588,0.30000,normal
22.34000,-10.18889,-2.73210,0.33580,-0.01875,0.09062,0.10000,normal
22.36000,-10.41111,-2.75679,0.28642,-0.08125,0.05938,0.10000,normal
22.38000,-10.63333,-2.78148,0.23704,-0.14375,0.02813,0.10000,normal
22.40000,-9.10000,-3.50000,0.80000,-0.40000,-0.10000,0.10000,normal
22.42000,-10.09310,-3.98276,0.60000,-0.58261,-0.16522,0.43478,normal
22.44000,-10.41494,-4.12069,0.60000,-0.56087,-0.12174,0.47826,normal
22.46000,-10.73678,-4.25862,0.60000,-0.53913,-0.07826,0.52174,normal
22.48000,-11.05862,-4.39655,0.60000,-0.51739,-0.03478,0.56522,normal
22.50000,-9.02857,-3.97143,0.74286,-0.15000,-0.30000,0.90000,normal
22.52000,-10.43708,-3.63708,0.70000,-0.20000,-0.13462,0.76538,normal
22.54000,-10.34719,-3.54719,0.70000,-0.20000,-0.17308,0.72692,normal
22.56000,-10.25730,-3.45730,0.70000,-0.20000,-0.21154,0.68846,normal
22.58000,-10.16742,-3.36742,0.70000,-0.20000,-0.25000,0.65000,normal
22.60000,-9.51667,-3.21667,0.53333,-0.20000,-0.28846,0.61154,normal
22.62000,-7.79438,-3.40000,0.46854,-1.19861,-0.49722,-0.20417,normal
22.64000,-7.92921,-3.40000,0.42360,-1.17083,-0.44167,-0.28750,normal
22.66000,-8.06404,-3.40000,0.37865,-1.14306,-0.38611,-0.37083,normal
22.68000,-8.19888,-3.40000,0.33371,-1.11528,-0.33056,-0.45417,normal
22.70000,-10.50000,-3.20000,0.30000,-0.96154,-0.16154,-0.63846,normal
22.72000,-10.39038,-3.08173,0.45481,-0.38889,0.10000,-1.30000,normal
22.74000,-10.27500,-3.06250,0.51250,-0.36667,0.10000,-1.30000,normal
22.76000,-10.15962,-3.04327,0.57019,-0.34444,0.10000,-1.30000,normal
22.78000,-10.04423,-3.02404,0.62788,-0.32222,0.10000,-1.30000,normal
22.80000,-9.92885,-3.00481,0.68558,-0.30000,0.10000,-1.30000,normal
22.82000,-7.74118,-3.21176,1.82353,-0.07531,0.10000,-0.86296,normal
22.84000,-7.62353,-3.23529,1.87059,-0.02593,0.10000,-0.78889,normal
22.86000,-7.50588,-3.25882,1.91765,0.02346,0.10000,-0.71481,normal
22.88000,-7.38824,-3.28235,1.96471,0.07284,0.10000,-0.64074,normal
22.90000,-7.50000,-2.50000,1.50000,0.00000,-0.10000,0.40354,normal
22.92000,-7.82021,-2.66064,1.42021,0.00000,-0.10000,0.43894,normal
22.94000,-7.84149,-2.72447,1.44149,0.00000,-0.10000,0.47434,normal
22.96000,-7.86277,-2.78830,1.46277,0.00000,-0.10000,0.50973,normal
22.98000,-7.88404,-2.85213,1.48404,0.00000,-0.10000,0.54513,normal
23.00000,-7.90000,-3.11429,1.50000,0.00000,-0.10000,0.58053,normal
23.02000,-8.84773,-3.61477,1.28523,0.20000,-0.17500,1.45000,normal
23.04000,-9.07500,-3.63750,1.26250,0.20000,-0.10000,1.60000,normal
23.06000,-9.30227,-3.66023,1.23977,0.20000,-0.10000,1.60000,normal
23.08000,-9.52955,-3.68295,1.21705,0.20000,-0.10000,1.60000,normal
23.10000,-10.50000,-4.00000,1.20000,0.20000,-0.30000,1.20000,normal
23.12000,-10.70000,-3.65000,0.30000,-0.02088,0.00000,0.93736,normal
23.14000,-11.23333,-3.71667,0.30000,-0.04286,0.00000,0.87143,normal
23.16000,-11.76667,-3.78333,0.30000,-0.06484,0.00000,0.80549,normal
23.18000,-12.30000,-3.85000,0.30000,-0.08681,0.00000,0.73956,normal
23.20000,-9.40000,-3.30000,1.00000,-0.80000,0.19785,-0.50215,normal
23.22000,-10.57979,-3.52021,0.84043,-0.80000,0.17634,-0.52366,normal
23.24000,-10.55851,-3.54149,0.88298,-0.80000,0.15484,-0.54516,normal
23.26000,-10.53723,-3.56277,0.92553,-0.80000,0.13333,-0.56667,normal
23.28000,-10.51596,-3.58404,0.96809,-0.80000,0.11183,-0.58817,normal
23.30000,-8.00000,-3.60000,1.90000,-0.70000,0.20000,-0.90000,normal
23.32000,-8.29677,-3.31613,1.98065,-0.76571,0.20000,-0.90000,normal
23.34000,-8.40430,-3.44516,1.95914,-0.72762,0.20000,-0.90000,normal
23.36000,-8.51183,-3.57419,1.93763,-0.68952,0.20000,-0.90000,normal
23.38000,-8.61935,-3.70323,1.91613,-0.65143,0.20000,-0.90000,normal
23.40000,-9.11667,-4.21667,1.40000,-0.61333,0.20000,-0.90000,normal
23.42000,-10.46538,-4.47692,0.51154,0.82143,0.07143,-0.57143,normal
23.44000,-10.23462,-4.32308,0.58846,1.31912,-0.31912,-0.38088,normal
23.46000,-10.00385,-4.16923,0.66538,1.34853,-0.34853,-0.35147,normal
23.48000,-9.77308,-4.01538,0.74231,1.37794,-0.37794,-0.32206,normal
23.50000,-8.30000,-2.10000,1.00000,0.90000,-0.50000,-0.50000,normal
23.52000,-8.05914,-2.00000,0.93871,0.43936,-0.50000,-0.62021,normal
23.54000,-8.01613,-2.00000,0.87419,0.37553,-0.50000,-0.64149,normal
23.56000,-7.97312,-2.00000,0.80968,0.31170,-0.50000,-0.66277,normal
23.58000,-7.93011,-2.00000,0.74516,0.24787,-0.50000,-0.68404,normal
23.60000,-8.46667,-2.33333,0.16667,-0.70000,-0.50000,-0.80000,normal
23.62000,-8.43333,-1.88333,0.20000,-0.78333,-0.50000,-0.80000,normal
23.64000,-8.34444,-1.99444,0.06667,-0.86667,-0.50000,-0.80000,normal
23.66000,-8.25556,-2.10556,-0.06667,-0.95000,-0.50000,-0.80000,normal
23.68000,-8.16667,-2.21667,-0.20000,-1.03333,-0.50000,-0.80000,normal
23.70000,-7.80000,-3.58571,-0.64286,-1.60000,-0.30000,-0.60000,normal
23.72000,-8.13146,-4.14719,-0.40000,-1.05143,-0.08381,-0.05143,normal
23.74000,-8.17640,-4.21461,-0.40000,-0.99429,-0.06476,0.00571,normal
23.76000,-8.22135,-4.28202,-0.40000,-0.93714,-0.04571,0.06286,normal
23.78000,-8.26629,-4.34944,-0.40000,-0.88000,-0.02667,0.12000,normal
23.80000,-8.50000,-4.50000,0.10000,-0.82286,-0.00762,0.17714,normal
23.82000,-8.97692,-4.49615,1.19231,0.36364,0.25455,0.86364,normal
23.84000,-9.48974,-4.47051,1.14103,0.72258,0.42258,1.12258,normal
23.86000,-10.00256,-4.44487,1.08974,0.78710,0.48710,1.18710,normal
23.88000,-10.51538,-4.41923,1.03846,0.85161,0.55161,1.25161,normal
23.90000,-12.40000,-5.00000,1.10000,1.02000,0.52000,1.56000,normal
23.92000,-9.80000,-3.78333,2.73333,0.95000,0.26667,1.46667,normal
23.94000,-9.40000,-3.76111,2.91111,0.88333,0.22222,1.42222,normal
23.96000,-9.00000,-3.73889,3.08889,0.81667,0.17778,1.37778,normal
23.98000,-8.60000,-3.71667,3.26667,0.75000,0.13333,1.33333,normal
24.00000,-8.50000,-3.00000,2.10000,0.20000,0.30000,0.40000,normal
24.02000,-9.73478,-2.76087,1.46087,0.20000,0.30000,-0.08090,normal
24.04000,-9.99565,-2.71739,1.41739,0.20000,0.30000,-0.17079,normal
24.06000,-10.25652,-2.67391,1.37391,0.20000,0.30000,-0.26067,normal
24.08000,-10.51739,-2.63043,1.33043,0.20000,0.30000,-0.35056,normal
24.10000,-7.05000,-3.15000,2.25000,0.09469,-0.19469,-1.00000,normal
24.12000,-7.04255,-3.20000,2.25957,0.05929,-0.15929,-1.00000,normal
24.14000,-7.29787,-3.20000,2.21702,0.02389,-0.12389,-1.00000,normal
24.16000,-7.55319,-3.20000,2.17447,-0.01150,-0.08850,-1.00000,normal
24.18000,-7.80851,-3.20000,2.13191,-0.04690,-0.05310,-1.00000,normal
24.20000,-9.42000,-2.86000,1.78000,-0.08230,-0.01770,-1.00000,normal
24.22000,-8.70000,-2.20000,0.20000,-0.28182,0.10000,-1.10000,normal
24.24000,-8.51333,-2.25333,0.20000,-0.62090,-0.20000,-1.20000,normal
24.26000,-8.32667,-2.30667,0.20000,-0.65075,-0.20000,-1.20000,normal
24.28000,-8.14000,-2.36000,0.20000,-0.68060,-0.20000,-1.20000,normal
24.30000,-7.80000,-3.20000,1.30000,-0.80000,-0.04444,-0.98889,normal
24.32000,-7.85745,-3.23830,1.65745,-0.68539,0.20000,-0.45618,normal
24.34000,-7.92128,-3.28085,1.72128,-0.66292,0.20000,-0.38876,normal
24.36000,-7.98511,-3.32340,1.78511,-0.64045,0.20000,-0.32135,normal
24.38000,-8.04894,-3.36596,1.84894,-0.61798,0.20000,-0.25393,normal
24.40000,-8.52000,-3.36000,2.18000,-0.30000,0.30000,0.20000,normal
24.42000,-9.14773,-3.18409,2.16818,-0.21889,0.18111,0.61889,normal
24.44000,-9.21591,-3.16136,2.12273,-0.24111,0.15889,0.64111,normal
24.46000,-9.28409,-3.13864,2.07727,-0.26333,0.13667,0.66333,normal
24.48000,-9.35227,-3.11591,2.03182,-0.28556,0.11444,0.68556,normal
24.50000,-10.85000,-3.30000,1.30000,-0.80000,0.00000,1.00000,normal
24.52000,-11.72500,-3.61087,1.23696,-0.80000,-0.01786,1.00000,normal
24.54000,-12.22500,-3.74130,1.28043,-0.80000,-0.03571,1.00000,normal
24.56000,-12.72500,-3.87174,1.32391,-0.80000,-0.05357,1.00000,normal
24.58000,-13.22500,-4.00217,1.36739,-0.80000,-0.07143,1.00000,normal
24.60000,-13.20000,-4.10000,1.73333,-0.80000,-0.08929,1.00000,normal
24.62000,-10.28333,-2.40000,1.55000,-0.80000,-0.53636,0.92727,normal
24.64000,-10.20526,-2.34737,1.50000,-1.83582,-0.80000,0.28209,normal
24.66000,-10.10000,-2.40000,1.50000,-1.89552,-0.80000,0.25224,normal
24.68000,-9.99474,-2.45263,1.50000,-1.95522,-0.80000,0.22239,normal
24.70000,-9.20000,-3.10000,1.80000,-1.90000,-0.90000,0.20000,normal
24.72000,-8.31170,-4.10000,-0.51170,-1.51667,-0.91667,0.20000,normal
24.74000,-8.46064,-4.10000,-0.66064,-1.40556,-0.93889,0.20000,normal
24.76000,-8.60957,-4.10000,-0.80957,-1.29444,-0.96111,0.20000,normal
24.78000,-8.75851,-4.10000,-0.95851,-1.18333,-0.98333,0.20000,normal
24.80000,-9.40000,-4.00000,-1.40000,-0.65000,-1.05000,0.05000,normal
24.82000,-9.31573,-3.14944,-1.11573,-0.93678,-1.08161,-0.21839,normal
24.84000,-9.20337,-3.08202,-1.00337,-0.98276,-1.05862,-0.24138,normal
24.86000,-9.09101,-3.01461,-0.89101,-1.02874,-1.03563,-0.26437,normal
24.88000,-8.97865,-2.94719,-0.77865,-1.07471,-1.01264,-0.28736,normal
24.90000,-7.70000,-2.80000,-0.40000,-1.70000,-0.40000,-0.60000,normal
24.92000,-7.82043,-3.04086,-0.82043,-1.66436,-0.16436,-0.50000,normal
24.94000,-7.84194,-3.08387,-0.84194,-1.62475,-0.12475,-0.50000,normal
24.96000,-7.86344,-3.12688,-0.86344,-1.58515,-0.08515,-0.50000,normal
24.98000,-7.88495,-3.16989,-0.88495,-1.54554,-0.04554,-0.50000,normal
25.00000,-7.90000,-3.38000,-0.72000,-1.50594,-0.00594,-0.50000,normal
25.02000,-8.20864,-3.89136,0.30000,-0.08049,0.10000,0.20976,normal
25.04000,-8.23333,-3.86667,0.30000,-0.03171,0.10000,0.23415,normal
25.06000,-8.25802,-3.84198,0.30000,0.01707,0.10000,0.25854,normal
25.08000,-8.28272,-3.81728,0.30000,0.06585,0.10000,0.28293,normal
25.10000,-9.94000,-3.56000,0.06000,-0.12000,-0.22000,0.60000,normal
25.12000,-10.08222,-3.34667,0.35333,-0.23721,-0.31860,0.60000,normal
25.14000,-10.06000,-3.28000,0.42000,-0.28372,-0.34186,0.60000,normal
25.16000,-10.03778,-3.21333,0.48667,-0.33023,-0.36512,0.60000,normal
25.18000,-10.01556,-3.14667,0.55333,-0.37674,-0.38837,0.60000,normal
25.20000,-10.75000,-3.30000,0.40000,-1.70250,-0.11500,0.50000,normal
25.22000,-12.34731,-3.68387,-0.16129,-1.71917,-0.21500,0.50000,normal
25.24000,-12.71290,-3.87742,-0.22581,-1.73583,-0.31500,0.50000,normal
25.26000,-13.07849,-4.07097,-0.29032,-1.75250,-0.41500,0.50000,normal
25.28000,-13.44409,-4.26452,-0.35484,-1.76917,-0.51500,0.50000,normal
25.30000,-8.91250,-3.92500,0.75000,-1.78583,-0.61500,0.50000,normal
25.32000,-8.82143,-4.21190,0.74762,-1.60000,-0.20000,0.60000,normal
25.34000,-8.46429,-4.23571,0.84286,-1.42895,-0.34737,0.60000,normal
25.36000,-8.10714,-4.25952,0.93810,-1.35000,-0.40000,0.60000,normal
25.38000,-7.75000,-4.28333,1.03333,-1.27105,-0.45263,0.60000,normal
25.40000,-7.83333,-3.96667,0.93333,-0.75000,-0.15000,0.65000,normal
25.42000,-8.83111,-3.08222,0.86444,-0.20000,0.01765,0.16471,normal
25.44000,-9.12000,-3.06000,0.82000,-0.20000,0.04118,0.11765,normal
25.46000,-9.40889,-3.03778,0.77556,-0.20000,0.06471,0.07059,normal
25.48000,-9.69778,-3.01556,0.73111,-0.20000,0.08824,0.02353,normal
25.50000,-9.00000,-2.90000,1.60000,-0.50000,-0.20000,-0.60000,normal
25.52000,-9.02128,-2.90000,1.62128,-0.62000,-0.10000,-0.82000,normal
25.54000,-9.04255,-2.90000,1.64255,-0.64222,-0.10000,-0.84222,normal
25.56000,-9.06383,-2.90000,1.66383,-0.66444,-0.10000,-0.86444,normal
25.58000,-9.08511,-2.90000,1.68511,-0.68667,-0.10000,-0.88667,normal
25.60000,-8.40000,-2.80000,1.60000,-0.49815,-0.10000,-0.89630,normal
25.62000,-7.92258,-2.81935,1.48065,-0.47963,-0.10000,-0.85926,normal
25.64000,-7.83656,-2.84086,1.45914,-0.46111,-0.10000,-0.82222,normal
25.66000,-7.75054,-2.86237,1.43763,-0.44259,-0.10000,-0.78519,normal
25.68000,-7.66452,-2.88387,1.41613,-0.42407,-0.10000,-0.74815,normal
25.70000,-7.03333,-3.06667,1.30000,-0.40556,-0.10000,-0.71111,normal
25.72000,-6.62564,-3.48462,1.70000,-0.18333,-0.14167,0.21667,normal
25.74000,-6.75385,-3.40769,1.70000,-0.03182,-0.07727,0.36818,normal
25.76000,-6.88205,-3.33077,1.70000,0.05909,-0.04697,0.45909,normal
25.78000,-7.01026,-3.25385,1.70000,0.15000,-0.01667,0.55000,normal
25.80000,-9.15000,-3.15000,1.20000,0.10000,-0.15000,1.25000,normal
25.82000,-9.54301,-3.26129,1.03871,-0.04222,-0.20000,1.32111,normal
25.84000,-9.69355,-3.32581,0.97419,-0.08667,-0.20000,1.34333,normal
25.86000,-9.84409,-3.39032,0.90968,-0.13111,-0.20000,1.36556,normal
25.88000,-9.99462,-3.45484,0.84516,-0.17556,-0.20000,1.38778,normal
25.90000,-9.85000,-4.20000,0.85000,-0.59677,-0.29032,1.19355,normal
25.92000,-10.04731,-4.26129,0.72043,-0.57527,-0.22581,1.15054,normal
25.94000,-10.41290,-4.32581,0.74194,-0.55376,-0.16129,1.10753,normal
25.96000,-10.77849,-4.39032,0.76344,-0.53226,-0.09677,1.06452,normal
25.98000,-11.14409,-4.45484,0.78495,-0.51075,-0.03226,1.02151,normal
26.00000,-9.90000,-4.50000,1.00000,-0.30000,0.10275,0.09174,normal
26.02000,-10.54130,-4.41739,0.90000,-0.30000,0.12110,0.03670,normal
26.04000,-10.58478,-4.33043,0.90000,-0.30000,0.13945,-0.01835,normal
26.06000,-10.62826,-4.24348,0.90000,-0.30000,0.15780,-0.07339,normal
26.08000,-10.67174,-4.15652,0.90000,-0.30000,0.17615,-0.12844,normal
26.10000,-10.42500,-3.75000,0.80000,-0.30000,0.19450,-0.18349,normal
26.12000,-9.75930,-3.56163,0.81279,-0.20000,0.00909,-1.07273,normal
26.14000,-9.50349,-3.49186,0.83605,-0.20000,-0.07703,-1.36892,normal
26.16000,-9.24767,-3.42209,0.85930,-0.20000,-0.05000,-1.45000,normal
26.18000,-8.99186,-3.35233,0.88256,-0.20000,-0.02297,-1.53108,normal
26.20000,-8.80000,-3.15714,0.75714,-0.15000,0.10000,-1.72500,normal
26.22000,-9.62989,-3.50000,-0.22989,0.64483,0.20000,-1.67011,normal
26.24000,-9.67586,-3.50000,-0.27586,0.71379,0.20000,-1.62414,normal
26.26000,-9.72184,-3.50000,-0.32184,0.78276,0.20000,-1.57816,normal
26.28000,-9.76782,-3.50000,-0.36782,0.85172,0.20000,-1.53218,normal
26.30000,-9.18000,-3.08000,0.32000,1.20000,0.10000,-1.00000,normal
26.32000,-8.17556,-2.51111,0.40000,0.94545,0.11818,-0.90000,normal
26.34000,-8.02000,-2.40000,0.40000,0.87727,0.14091,-0.90000,normal
26.36000,-7.86444,-2.28889,0.40000,0.80909,0.16364,-0.90000,normal
26.38000,-7.70889,-2.17778,0.40000,0.74091,0.18636,-0.90000,normal
26.40000,-8.00000,-2.40000,0.30000,0.40000,0.30000,-0.50000,normal
26.42000,-7.80000,-2.62021,0.30000,0.40000,0.30000,-0.46296,normal
26.44000,-7.80000,-2.64149,0.30000,0.40000,0.30000,-0.42593,normal
26.46000,-7.80000,-2.66277,0.30000,0.40000,0.30000,-0.38889,normal
26.48000,-7.80000,-2.68404,0.30000,0.40000,0.30000,-0.35185,normal
26.50000,-7.90000,-2.80000,0.40000,0.40000,0.30000,-0.31481,normal
26.52000,-8.12338,-2.50390,0.59221,0.35455,0.15455,-0.10909,normal
26.54000,-8.27922,-2.52987,0.54026,-0.01774,0.08226,0.31774,normal
26.56000,-8.43506,-2.55584,0.48831,-0.05000,0.05000,0.35000,normal
26.58000,-8.59091,-2.58182,0.43636,-0.08226,0.01774,0.38226,normal
26.60000,-9.35000,-2.90000,0.55000,-0.57500,-0.27500,0.85000,normal
26.62000,-9.16344,-2.87957,0.41613,-0.93721,-0.22558,1.05581,normal
26.64000,-9.33548,-2.85806,0.22258,-0.98372,-0.13256,1.12558,normal
26.66000,-9.50753,-2.83656,0.02903,-1.03023,-0.03953,1.19535,normal
26.68000,-9.67957,-2.81505,-0.16452,-1.07674,0.05349,1.26512,normal
26.70000,-9.00000,-4.10000,1.00000,-0.85000,-0.15000,1.85000,normal
26.72000,-9.66667,-4.21594,0.82609,-0.71618,0.12794,1.90000,normal
26.74000,-10.33333,-4.33188,0.65217,-0.62794,0.15735,1.90000,normal
26.76000,-11.00000,-4.44783,0.47826,-0.53971,0.18676,1.90000,normal
26.78000,-9.40598,-4.54872,1.51282,0.28779,-0.59695,1.18473,normal
26.80000,-9.02991,-4.34359,1.56410,0.22672,-0.58168,1.10840,normal
26.82000,-8.65385,-4.13846,1.61538,0.16565,-0.56641,1.03206,normal
26.84000,-8.27778,-3.93333,1.66667,0.10458,-0.55115,0.95573,normal
26.86000,-7.90171,-3.72821,1.71795,0.04351,-0.53588,0.87939,normal
26.88000,-7.52564,-3.52308,1.76923,-0.01756,-0.52061,0.80305,normal
26.90000,-7.09091,-2.53636,1.83636,-0.07863,-0.50534,0.72672,normal
26.92000,-8.83462,-2.40000,0.98846,-0.36000,-0.32667,0.35333,normal
26.94000,-9.06538,-2.40000,0.91154,-0.72192,-0.20000,-0.28767,normal
26.96000,-9.29615,-2.40000,0.83462,-0.74932,-0.20000,-0.39726,normal
26.98000,-9.52692,-2.40000,0.75769,-0.77671,-0.20000,-0.50685,normal
27.00000,-9.70000,-3.10000,0.90000,-1.10000,-0.25000,-1.15000,normal
27.02000,-8.77011,-3.17011,1.28506,-1.58333,-0.30000,-1.80000,normal
27.04000,-8.72414,-3.12414,1.26207,-1.55952,-0.30000,-1.80000,normal
27.06000,-8.67816,-3.07816,1.23908,-1.53571,-0.30000,-1.80000,normal
27.08000,-8.63218,-3.03218,1.21609,-1.51190,-0.30000,-1.80000,normal
27.10000,-7.70000,-2.70000,0.75000,-0.79691,-0.20000,-1.19072,normal
27.12000,-7.41828,-2.51828,0.61828,-0.77629,-0.20000,-1.12887,normal
27.14000,-7.33226,-2.43226,0.53226,-0.75567,-0.20000,-1.06701,normal
27.16000,-7.24624,-2.34624,0.44624,-0.73505,-0.20000,-1.00515,normal
27.18000,-7.16022,-2.26022,0.36022,-0.71443,-0.20000,-0.94330,normal
27.20000,-6.80000,-3.60000,2.60000,-0.25000,-0.20000,0.30000,normal
27.22000,-6.85941,-3.54059,2.60000,-0.20000,-0.20000,0.56609,normal
27.24000,-6.91881,-3.48119,2.60000,-0.20000,-0.20000,0.63565,normal
27.26000,-6.97822,-3.42178,2.60000,-0.20000,-0.20000,0.70522,normal
27.28000,-7.03762,-3.36238,2.60000,-0.20000,-0.20000,0.77478,normal
27.30000,-7.09703,-3.30297,2.60000,-0.20000,-0.20000,0.84435,normal
27.32000,-10.50000,-3.65000,1.40000,-0.20000,-0.16667,1.03333,normal
27.34000,-10.97403,-3.87403,1.17532,-0.80182,-0.10182,2.00000,normal
27.36000,-11.05195,-3.95195,1.14935,-0.83818,-0.13818,2.00000,normal
27.38000,-11.12987,-4.02987,1.12338,-0.87455,-0.17455,2.00000,normal
27.40000,-11.30000,-4.35000,0.45000,-0.95000,-0.35000,1.95000,normal
27.42000,-12.60889,-5.04667,0.33556,-0.44419,-0.23721,1.56279,normal
27.44000,-12.12000,-4.98000,0.38000,-0.37442,-0.28372,1.51628,normal
27.46000,-11.63111,-4.91333,0.42444,-0.30465,-0.33023,1.46977,normal
27.48000,-11.14222,-4.84667,0.46889,-0.23488,-0.37674,1.42326,normal
27.50000,-10.00000,-3.70000,1.50000,0.10000,0.15000,0.10000,normal
27.52000,-9.74468,-3.65745,1.52128,0.10000,0.18208,-0.15377,normal
27.54000,-9.48936,-3.61489,1.54255,0.10000,0.16321,-0.21038,normal
27.56000,-9.23404,-3.57234,1.56383,0.10000,0.14434,-0.26698,normal
27.58000,-8.97872,-3.52979,1.58511,0.10000,0.12547,-0.32358,normal
27.60000,-7.64286,-3.22857,0.71429,0.10000,0.10660,-0.38019,normal
27.62000,-8.67500,-3.41591,0.12045,-0.19610,0.20000,-1.40390,normal
27.64000,-8.92500,-3.43864,0.00682,-0.17013,0.20000,-1.42987,normal
27.66000,-9.17500,-3.46136,-0.10682,-0.14416,0.20000,-1.45584,normal
27.68000,-9.42500,-3.48409,-0.22045,-0.11818,0.20000,-1.48182,normal
27.70000,-11.00000,-3.25000,-0.80000,0.20000,-0.40000,-1.70000,normal
27.72000,-10.08202,-2.66404,-0.11011,0.17849,-0.37849,-1.72151,normal
27.74000,-10.05955,-2.61910,0.00225,0.15699,-0.35699,-1.74301,normal
27.76000,-10.03708,-2.57416,0.11461,0.13548,-0.33548,-1.76452,normal
27.78000,-10.01461,-2.52921,0.22697,0.11398,-0.31398,-1.78602,normal
27.80000,-9.27143,-2.30000,0.62857,-0.40110,0.00000,-1.79780,normal
27.82000,-9.02527,-2.30000,0.44396,-0.42308,0.00000,-1.75385,normal
27.84000,-8.93736,-2.30000,0.37802,-0.44505,0.00000,-1.70989,normal
27.86000,-8.84945,-2.30000,0.31209,-0.46703,0.00000,-1.66593,normal
27.88000,-8.76154,-2.30000,0.24615,-0.48901,0.00000,-1.62198,normal
27.90000,-7.00000,-2.50000,0.00000,-0.51101,-0.20367,-0.38899,normal
27.92000,-6.97959,-2.47959,0.00000,-0.56606,-0.22202,-0.33394,normal
27.94000,-6.95918,-2.45918,0.00000,-0.62110,-0.24037,-0.27890,normal
27.96000,-6.93878,-2.43878,0.00000,-0.67615,-0.25872,-0.22385,normal
27.98000,-6.91837,-2.41837,0.00000,-0.73119,-0.27706,-0.16881,normal
28.00000,-6.80000,-2.60000,-0.10000,-0.78624,-0.29541,-0.11376,normal
28.02000,-8.30112,-3.93371,-0.21685,-0.76000,-0.50000,0.92000,normal
28.04000,-8.43596,-3.97865,-0.23933,-0.70000,-0.50000,1.13934,normal
28.06000,-8.57079,-4.02360,-0.26180,-0.70000,-0.50000,1.23770,normal
28.08000,-8.70562,-4.06854,-0.28427,-0.70000,-0.50000,1.33607,normal
28.10000,-9.63333,-4.23333,0.16667,-0.85000,-0.35000,1.85000,normal
28.12000,-10.62211,-4.13368,-0.15053,-0.91939,-0.20000,1.90000,normal
28.14000,-11.27474,-4.17579,-0.21368,-0.93980,-0.20000,1.90000,normal
28.16000,-11.92737,-4.21789,-0.27684,-0.96020,-0.20000,1.90000,normal
28.18000,-12.58000,-4.26000,-0.34000,-0.98061,-0.20000,1.90000,normal
28.20000,-13.25000,-4.60000,-0.30000,-0.90000,-0.80000,1.70000,normal
28.22000,-12.00225,-4.47528,0.16180,-1.00000,-0.51379,1.25862,normal
28.24000,-11.64270,-4.43034,0.27416,-1.00000,-0.53678,1.18966,normal
28.26000,-11.28315,-4.38539,0.38652,-1.00000,-0.55977,1.12069,normal
28.28000,-10.92360,-4.34045,0.49888,-1.00000,-0.58276,1.05172,normal
28.30000,-9.70000,-4.30000,0.80000,-1.25000,-0.70000,-0.00000,normal
28.32000,-8.73371,-2.63258,0.66629,-1.47103,-0.71776,-0.25327,normal
28.34000,-8.77865,-2.54270,0.62135,-1.54579,-0.73645,-0.30935,normal
28.36000,-8.82360,-2.45281,0.57640,-1.62056,-0.75514,-0.36542,normal
28.38000,-8.86854,-2.36292,0.53146,-1.69533,-0.77383,-0.42150,normal
28.40000,-9.64615,-3.04615,-0.30000,-1.77009,-0.79252,-0.47757,normal
28.42000,-9.90000,-3.37500,-0.28929,-2.46364,-0.90000,-1.06364,normal
28.44000,-9.90000,-3.54167,-0.26548,-2.45652,-1.00000,-1.20000,normal
28.46000,-9.90000,-3.70833,-0.24167,-2.39855,-1.00000,-1.20000,normal
28.48000,-9.90000,-3.87500,-0.21786,-2.34058,-1.00000,-1.20000,normal
28.50000,-8.50000,-4.80000,0.60000,-0.70000,-0.60000,-0.90000,normal
28.52000,-7.40000,-4.14839,1.00000,-0.63814,-0.57938,-0.90000,normal
28.54000,-7.40000,-4.08387,1.00000,-0.57629,-0.55876,-0.90000,normal
28.56000,-7.40000,-4.01935,1.00000,-0.51443,-0.53814,-0.90000,normal
28.58000,-7.40000,-3.95484,1.00000,-0.45258,-0.51753,-0.90000,normal
28.60000,-7.70000,-3.50000,1.00000,-0.30000,-0.35000,-0.75000,normal
28.62000,-8.07111,-3.95333,1.07111,-0.53908,-0.38046,-0.58046,normal
28.64000,-8.16000,-4.02000,1.16000,-0.58506,-0.35747,-0.55747,normal
28.66000,-8.24889,-4.08667,1.24889,-0.63103,-0.33448,-0.53448,normal
28.68000,-8.33778,-4.15333,1.33778,-0.67701,-0.31149,-0.51149,normal
28.70000,-8.00000,-6.30000,0.50000,-1.39429,-0.50000,-0.30000,normal
28.72000,-7.93548,-6.53656,0.39247,-1.35619,-0.50000,-0.30000,normal
28.74000,-7.87097,-6.77312,0.28495,-1.31810,-0.50000,-0.30000,normal
28.76000,-7.80645,-7.00968,0.17742,-1.28000,-0.50000,-0.30000,normal
28.78000,-7.74194,-7.24624,0.06989,-1.24190,-0.50000,-0.30000,normal
28.80000,-7.06364,-8.18182,1.51818,-1.20381,-0.50000,-0.30000,normal
28.82000,-7.96506,-11.09759,2.28916,0.70617,-0.10000,-1.00370,normal
28.84000,-8.10964,-11.31446,2.26506,0.82963,-0.10000,-1.07778,normal
28.86000,-8.25422,-11.53133,2.24096,0.95309,-0.10000,-1.15185,normal
28.88000,-8.39880,-11.74819,2.21687,1.07654,-0.10000,-1.22593,normal
28.90000,-11.42222,-10.75556,5.46667,1.20000,-0.10000,-1.30000,normal
28.92000,-9.36265,-13.68916,3.55060,-2.61667,-1.23333,-3.83333,normal
28.94000,-8.68795,-14.26747,2.85181,-2.92619,-1.28095,-4.02381,normal
28.96000,-8.01325,-14.84578,2.15301,-3.23571,-1.32857,-4.21429,normal
28.98000,-7.33855,-15.42410,1.45422,-3.54524,-1.37619,-4.40476,normal
29.00000,-2.80000,-10.40000,-0.30000,1.23404,0.00000,-5.99149,normal
29.02000,-2.64946,-9.99140,-0.51505,1.40426,0.00000,-5.94894,normal
29.04000,-2.49892,-9.58280,-0.73011,1.57447,0.00000,-5.90638,normal
29.06000,-2.34839,-9.17419,-0.94516,1.74468,0.00000,-5.86383,normal
29.08000,-2.19785,-8.76559,-1.16022,1.91489,0.00000,-5.82128,normal
29.10000,1.40000,-5.70000,-2.10000,5.20000,0.20000,-3.80000,normal
29.12000,1.55054,-5.54946,-2.20753,5.54545,0.23636,-3.70909,normal
29.14000,1.70108,-5.39892,-2.31505,5.89091,0.27273,-3.61818,normal
29.16000,1.85161,-5.24839,-2.42258,6.23636,0.30909,-3.52727,normal
29.18000,2.00215,-5.09785,-2.53011,6.58182,0.34545,-3.43636,normal
29.20000,1.08333,-4.10833,-4.05833,6.92727,0.38182,-3.34545,normal
29.22000,1.70000,10.50000,3.30000,11.37273,0.89091,-2.54545,normal
29.24000,1.80714,10.41071,3.85357,14.08800,0.99200,-2.21600,normal
29.26000,1.91429,10.32143,4.40714,13.30800,0.97200,-2.25600,normal
29.28000,2.02143,10.23214,4.96071,12.52800,0.95200,-2.29600,normal
29.30000,2.12857,10.14286,5.51429,11.74800,0.93200,-2.33600,normal
29.32000,2.23571,10.05357,6.06786,10.96800,0.91200,-2.37600,normal
29.34000,2.44000,1.70000,5.36000,0.71034,1.40517,-1.69483,normal
29.36000,2.33333,3.10000,5.66667,0.91724,1.50862,-1.59138,normal
29.38000,2.03704,3.98889,5.96296,1.12414,1.61207,-1.48793,normal
29.40000,1.06667,4.96667,6.53333,1.15000,1.70000,-1.25000,normal
29.42000,0.64483,4.55977,9.88966,0.13678,1.04483,-0.88161,normal
29.44000,0.71379,4.65172,10.02759,0.18276,0.97586,-0.85862,normal
29.46000,0.78276,4.74368,10.16552,0.22874,0.90690,-0.83563,normal
29.48000,0.85172,4.83563,10.30345,0.27471,0.83793,-0.81264,normal
29.50000,1.35000,6.00000,9.20000,-0.19429,0.20000,-0.39714,normal
29.52000,1.13804,5.59674,9.17935,-0.15619,0.20000,-0.37810,normal
29.54000,1.07283,5.48804,9.15761,-0.11810,0.20000,-0.35905,normal
29.56000,1.00761,5.37935,9.13587,-0.08000,0.20000,-0.34000,normal
29.58000,0.94239,5.27065,9.11413,-0.04190,0.20000,-0.32095,normal
29.60000,0.85833,5.62500,9.01667,-0.00381,0.20000,-0.30190,normal
29.62000,0.41475,5.57049,8.47049,0.00000,0.10000,-0.20000,normal
29.64000,0.44754,5.50492,8.40492,-0.20000,0.00000,-0.10000,normal
29.66000,0.48033,5.43934,8.33934,-0.20000,0.00000,-0.10000,normal
29.68000,0.59483,4.10862,8.00000,-0.19823,0.10000,0.00000,normal
29.70000,0.54310,4.19483,8.00000,-0.18053,0.10000,0.00000,normal
29.72000,0.49138,4.28103,8.00000,-0.16283,0.10000,0.00000,normal
29.74000,0.43966,4.36724,8.00000,-0.14513,0.10000,0.00000,normal
29.76000,0.38793,4.45345,8.00000,-0.12743,0.10000,0.00000,normal
29.78000,0.33621,4.53966,8.00000,-0.10973,0.10000,0.00000,normal
29.80000,0.35000,4.55000,8.80000,-0.10000,0.20000,-0.10000,normal
29.82000,0.40000,4.72500,8.80000,-0.10000,0.17692,-0.10000,normal
29.84000,0.40000,4.85658,8.80000,-0.10000,0.15128,-0.10000,normal
29.86000,0.40000,4.98816,8.80000,-0.10000,0.12564,-0.10000,normal
29.88000,0.50000,5.17500,8.82500,-0.10000,0.10000,-0.10000,normal
29.90000,0.58113,6.33396,8.50943,-0.40000,0.20000,0.00000,normal
29.92000,0.54340,6.20189,8.52830,-0.40000,0.20000,0.00000,normal
29.94000,0.50566,6.06981,8.54717,-0.40000,0.20000,0.00000,normal
29.96000,0.46792,5.93774,8.56604,-0.40000,0.20000,0.00000,normal
29.98000,0.43019,5.80566,8.58491,-0.40000,0.20000,0.00000,normal
30.00000,0.26667,5.43333,8.70000,-0.40000,0.20000,0.00000,normal
30.02000,-0.20000,5.06235,8.67176,0.08387,0.30000,0.00000,normal
30.04000,-0.20000,4.96824,8.60118,0.06237,0.30000,0.00000,normal
30.06000,-0.20000,4.87412,8.53059,0.04086,0.30000,0.00000,normal
30.08000,-0.20000,4.78000,8.46000,0.01935,0.30000,0.00000,normal
30.10000,-0.20000,4.20000,8.60000,-0.20000,0.20000,0.00000,normal
