timestamp,accel_x,accel_y,accel_z,gyro_x,gyro_y,gyro_z,label
0.00000,0.10000,5.40000,8.40000,-0.10000,-0.30000,-0.40000,normal
0.02000,-0.03168,4.80198,10.53069,-0.31485,-0.17030,-0.37030,normal
0.04000,0.16634,5.03960,10.21386,-0.33465,-0.13069,-0.33069,normal
0.06000,0.36436,5.27723,9.89703,-0.35446,-0.09109,-0.29109,normal
0.08000,0.56238,5.51485,9.58020,-0.37426,-0.05149,-0.25149,normal
0.10000,0.76040,5.75248,9.26337,-0.39406,-0.01188,-0.21188,normal
0.12000,0.02637,5.21758,8.21758,-0.20000,-0.09425,-0.19425,normal
0.14000,0.09231,5.26154,8.26154,-0.20000,-0.07126,-0.17126,normal
0.16000,0.15824,5.30549,8.30549,-0.20000,-0.04828,-0.14828,normal
0.18000,0.22418,5.34945,8.34945,-0.20000,-0.02529,-0.12529,normal
0.20000,0.29011,5.39341,8.39341,-0.20000,-0.00230,-0.10230,normal
0.22000,0.09011,4.81978,8.38022,-0.22286,0.10000,0.00000,normal
0.24000,0.06813,4.86374,8.33626,-0.26095,0.10000,0.00000,normal
0.26000,0.04615,4.90769,8.29231,-0.29905,0.10000,0.00000,normal
0.28000,0.02418,4.95165,8.24835,-0.33714,0.10000,0.00000,normal
0.30000,0.00220,4.99560,8.20440,-0.37524,0.10000,0.00000,normal
0.32000,-0.93956,5.08022,5.99121,-0.65556,0.15556,0.15556,normal
0.34000,-1.02747,5.03626,5.74945,-1.43387,0.30000,0.61935,normal
0.36000,-1.11538,4.99231,5.50769,-1.65968,0.30000,0.74839,normal
0.38000,-1.20330,4.94835,5.26593,-1.88548,0.30000,0.87742,normal
0.40000,-1.29121,4.90440,5.02418,-2.21667,0.30000,1.05000,normal
0.42000,-2.38280,3.20000,2.52903,-6.06129,0.91075,2.53226,normal
0.44000,-2.53333,3.20000,2.40000,-6.38387,0.93226,2.59677,normal
0.46000,-2.68387,3.20000,2.27097,-6.70645,0.95376,2.66129,normal
0.48000,-2.83441,3.20000,2.14194,-7.02903,0.97527,2.72581,normal
0.50000,-2.98495,3.20000,2.01290,-7.35161,0.99677,2.79032,normal
0.52000,-6.57524,-12.75905,1.43524,-1.49083,2.79174,5.10000,normal
0.54000,-7.01333,-11.40667,2.27333,-1.47248,2.97523,5.10000,normal
0.56000,-7.45143,-10.05429,3.11143,-1.45413,3.15872,5.10000,normal
0.58000,-7.88952,-8.70190,3.94952,-1.43578,3.34220,5.10000,normal
0.60000,-8.32762,-7.34952,4.78762,-1.41743,3.52569,5.10000,normal
0.62000,-11.20000,-1.95000,7.40000,-2.70000,4.00000,4.85000,normal
0.64000,-17.97179,-4.27179,-0.80769,-7.80000,2.82697,4.80000,normal
0.66000,-18.56154,-4.86154,-1.19231,-7.80000,2.57978,4.80000,normal
0.68000,-19.15128,-5.45128,-1.57692,-7.80000,2.33258,4.80000,normal
0.70000,-19.74103,-6.04103,-1.96154,-7.80000,2.08539,4.80000,normal
0.72000,-12.88235,-11.05529,-0.14000,-4.46364,-0.21818,4.17273,normal
0.74000,-12.76471,-10.09059,0.26000,-1.18676,0.02647,2.59412,normal
0.76000,-12.64706,-9.12588,0.66000,-1.15735,0.08529,2.35882,normal
0.78000,-12.52941,-8.16118,1.06000,-1.12794,0.14412,2.12353,normal
0.80000,-12.41176,-7.19647,1.46000,-1.26000,0.18000,1.76000,normal
0.82000,-9.81720,-4.41828,0.41075,-5.62609,-0.70870,0.09130,normal
0.84000,-9.66667,-4.63333,0.06667,-5.69130,-0.73043,0.06957,normal
0.86000,-9.51613,-4.84839,-0.27742,-5.75652,-0.75217,0.04783,normal
0.88000,-9.36559,-5.06344,-0.62151,-5.82174,-0.77391,0.02609,normal
0.90000,-9.21505,-5.27849,-0.96559,-5.88696,-0.79565,0.00435,normal
0.92000,-7.79205,-6.90000,-3.76818,-1.74270,-0.56629,0.21124,normal
0.94000,-7.76932,-6.90000,-3.67727,-1.42809,-0.49888,0.23371,normal
0.96000,-7.74659,-6.90000,-3.58636,-1.11348,-0.43146,0.25618,normal
0.98000,-7.72386,-6.90000,-3.49545,-0.79888,-0.36404,0.27865,normal
1.00000,-7.70114,-6.90000,-3.40455,0.50000,-0.10000,0.30000,normal
1.02000,-8.85106,-4.82340,-0.24894,1.51468,0.22936,0.17064,normal
1.04000,-8.93617,-4.69574,-0.16383,1.53303,0.26606,0.13394,normal
1.06000,-9.02128,-4.56809,-0.07872,1.55138,0.30275,0.09725,normal
1.08000,-9.10638,-4.44043,0.00638,1.56972,0.33945,0.06055,normal
1.10000,-9.19149,-4.31277,0.09149,1.58807,0.37615,0.02385,normal
1.12000,-9.78750,-3.50625,0.40625,1.27000,0.61000,-0.52000,normal
1.14000,-10.17750,-3.99000,0.97750,0.68750,0.67500,-1.01250,normal
1.16000,-10.15250,-4.09000,0.95250,0.65972,0.61944,-1.04028,normal
1.18000,-10.12750,-4.19000,0.92750,0.63194,0.56389,-1.06806,normal
1.20000,-10.10250,-4.29000,0.90250,0.60417,0.50833,-1.09583,normal
1.22000,-8.80444,-2.73111,0.04667,-0.03793,-0.25402,-1.31839,normal
1.24000,-9.31556,-3.30889,-0.08667,-0.38276,-0.13908,-1.36437,normal
1.26000,-9.82667,-3.88667,-0.22000,-0.72759,-0.02414,-1.41034,normal
1.28000,-10.33778,-4.46444,-0.35333,-1.07241,0.09080,-1.45632,normal
1.30000,-10.84889,-5.04222,-0.48667,-1.00000,-0.00000,-1.35000,normal
1.32000,-8.97447,-2.72553,-0.10000,0.30000,-0.10000,-1.28571,normal
1.34000,-8.93191,-2.76809,-0.10000,0.30000,-0.10000,-1.26531,normal
1.36000,-8.88936,-2.81064,-0.10000,0.30000,-0.10000,-1.24490,normal
1.38000,-8.84681,-2.85319,-0.10000,0.30000,-0.10000,-1.22449,normal
1.40000,-8.80426,-2.89574,-0.10000,0.30000,-0.10000,-1.20408,normal
1.42000,-8.20000,-3.29213,-0.00787,0.31031,0.20000,-0.57938,normal
1.44000,-8.20000,-3.26966,-0.03034,0.33093,0.20000,-0.53814,normal
1.46000,-8.20000,-3.24719,-0.05281,0.35155,0.20000,-0.49691,normal
1.48000,-8.20000,-3.22472,-0.07528,0.37216,0.20000,-0.45567,normal
1.50000,-8.20000,-3.20225,-0.09775,0.39278,0.20000,-0.41443,normal
1.52000,-8.30930,-3.20465,-0.29535,0.60000,0.30000,0.20000,normal
1.54000,-8.35581,-3.22791,-0.27209,0.60000,0.32405,0.44810,normal
1.56000,-8.40233,-3.25116,-0.24884,0.60000,0.34937,0.49873,normal
1.58000,-8.44884,-3.27442,-0.22558,0.60000,0.37468,0.54937,normal
1.60000,-8.49535,-3.29767,-0.20233,0.60000,0.40000,0.60000,normal
1.62000,-9.12174,-3.81087,0.44130,0.50000,0.50000,1.00000,normal
1.64000,-9.16522,-3.83261,0.72391,0.50000,0.50000,1.00000,normal
1.66000,-9.20870,-3.85435,1.00652,0.50000,0.50000,1.00000,normal
1.68000,-9.25217,-3.87609,1.28913,0.50000,0.50000,1.00000,normal
1.70000,-9.29565,-3.89783,1.57174,0.50000,0.50000,1.00000,normal
1.72000,-9.27303,-4.26404,-0.44494,-1.24167,-0.19167,0.38333,normal
1.74000,-9.20562,-4.17416,-0.55730,-1.07500,-0.16786,0.33571,normal
1.76000,-9.13820,-4.08427,-0.66966,-0.90833,-0.14405,0.28810,normal
1.78000,-9.07079,-3.99438,-0.78202,-0.74167,-0.12024,0.24048,normal
1.80000,-9.00337,-3.90449,-0.89438,0.90000,0.10000,-0.30000,normal
1.82000,-8.80000,-3.69792,-0.32708,1.34845,-0.10000,-0.20000,normal
1.84000,-8.80000,-3.55208,-0.22292,1.24536,-0.10000,-0.20000,normal
1.86000,-8.80000,-3.40625,-0.11875,1.14227,-0.10000,-0.20000,normal
1.88000,-8.80000,-3.26042,-0.01458,1.03918,-0.10000,-0.20000,normal
1.90000,-8.80000,-3.11458,0.08958,0.93608,-0.10000,-0.20000,normal
1.92000,-8.70000,-3.42326,0.67209,0.56000,-0.14000,-0.24000,normal
1.94000,-8.70000,-3.53953,0.53256,-0.08684,-0.08684,-0.10000,normal
1.96000,-8.70000,-3.65581,0.39302,-0.06053,-0.06053,-0.10000,normal
1.98000,-8.70000,-3.77209,0.25349,-0.03421,-0.03421,-0.10000,normal
2.00000,-8.70000,-3.88837,0.11395,-0.00789,-0.00789,-0.10000,normal
2.02000,-8.90575,-3.79425,-0.29425,0.50562,0.20562,0.10000,normal
2.04000,-8.92874,-3.77126,-0.27126,0.52809,0.22809,0.10000,normal
2.06000,-8.95172,-3.74828,-0.24828,0.55056,0.25056,0.10000,normal
2.08000,-8.97471,-3.72529,-0.22529,0.57303,0.27303,0.10000,normal
2.10000,-8.99770,-3.70230,-0.20230,0.59551,0.29551,0.10000,normal
2.12000,-9.29213,-3.39213,0.99213,0.19186,0.19186,0.00000,normal
2.14000,-9.26966,-3.36966,0.96966,0.16860,0.16860,0.00000,normal
2.16000,-9.24719,-3.34719,0.94719,0.14535,0.14535,0.00000,normal
2.18000,-9.22472,-3.32472,0.92472,0.12209,0.12209,0.00000,normal
2.20000,-9.20225,-3.30225,0.90225,0.00000,0.10000,0.00000,normal
2.22000,-9.18723,-3.58723,0.31277,0.21402,0.00000,0.10000,normal
2.24000,-9.16596,-3.56596,0.33404,0.23271,0.00000,0.10000,normal
2.26000,-9.14468,-3.54468,0.35532,0.25140,0.00000,0.10000,normal
2.28000,-9.12340,-3.52340,0.37660,0.27009,0.00000,0.10000,normal
2.30000,-9.10213,-3.50213,0.39787,0.28879,0.00000,0.10000,normal
2.32000,-8.80000,-3.17143,0.68571,-0.30000,-0.19753,0.10247,normal
2.34000,-8.77654,-3.24691,0.70000,-0.30000,-0.17284,0.12716,normal
2.36000,-8.75185,-3.29630,0.70000,-0.30000,-0.14815,0.15185,normal
2.38000,-8.72716,-3.34568,0.70000,-0.30000,-0.12346,0.17654,normal
2.40000,-8.70247,-3.39506,0.70000,-0.30000,-0.08000,0.20000,normal
2.42000,-8.90000,-3.61277,0.48723,-0.20000,0.10000,0.18778,normal
2.44000,-8.90000,-3.63404,0.46596,-0.20000,0.10000,0.16556,normal
2.46000,-8.90000,-3.65532,0.44468,-0.20000,0.10000,0.14333,normal
2.48000,-8.90000,-3.67660,0.42340,-0.20000,0.10000,0.12111,normal
2.50000,-8.90000,-3.69787,0.40213,-0.20000,0.10000,0.10000,normal
2.52000,-9.08776,-3.68776,0.20000,-0.08932,0.11068,0.00000,normal
2.54000,-9.06735,-3.66735,0.20000,-0.06990,0.13010,0.00000,normal
2.56000,-9.04694,-3.64694,0.20000,-0.05049,0.14951,0.00000,normal
2.58000,-9.02653,-3.62653,0.20000,-0.03107,0.16893,0.00000,normal
2.60000,-9.00612,-3.60612,0.20000,-0.01165,0.18835,0.00000,normal
2.62000,-6.74565,-2.90761,-0.31522,-0.07692,0.04615,-0.20000,normal
2.64000,-6.87609,-2.92935,-0.35870,0.01370,0.24110,-0.18630,normal
2.66000,-7.00652,-2.95109,-0.40217,0.04110,0.32329,-0.15890,normal
2.68000,-7.13696,-2.97283,-0.44565,0.06849,0.40548,-0.13151,normal
2.70000,-7.26739,-2.99457,-0.48913,0.09589,0.48767,-0.10411,normal
2.72000,-10.60870,-4.80870,-0.91739,0.61313,0.28687,0.83939,normal
2.74000,-10.63043,-4.83043,-0.96087,0.63333,0.26667,0.90000,normal
2.76000,-10.65217,-4.85217,-1.00435,0.65354,0.24646,0.96061,normal
2.78000,-10.67391,-4.87391,-1.04783,0.67374,0.22626,1.02121,normal
2.80000,-10.69565,-4.89565,-1.09130,0.69394,0.20606,1.08182,normal
2.82000,-8.40000,-3.48256,0.01163,0.39518,0.10964,0.88554,normal
2.84000,-8.40000,-3.41279,0.05814,0.37108,0.15783,0.81325,normal
2.86000,-8.40000,-3.34302,0.10465,0.34699,0.20602,0.74096,normal
2.88000,-8.40000,-3.27326,0.15116,0.32289,0.25422,0.66867,normal
2.90000,-8.40000,-3.20349,0.19767,0.32000,0.32000,0.54000,normal
2.92000,-9.38710,-4.58710,-0.21290,1.11616,0.49192,-0.10000,normal
2.94000,-9.36559,-4.56559,-0.23441,1.15657,0.47172,-0.10000,normal
2.96000,-9.34409,-4.54409,-0.25591,1.19697,0.45152,-0.10000,normal
2.98000,-9.32258,-4.52258,-0.27742,1.23737,0.43131,-0.10000,normal
3.00000,-9.30108,-4.50108,-0.29892,1.27778,0.41111,-0.10000,normal
3.02000,-9.90000,-3.00000,-0.10000,1.18000,-0.08000,-0.14000,normal
3.04000,-9.90000,-3.00000,-0.10000,0.94400,-0.23733,-0.21867,normal
3.06000,-9.90000,-3.00000,-0.10000,0.86400,-0.29067,-0.24533,normal
3.08000,-9.90000,-3.00000,-0.10000,0.78400,-0.34400,-0.27200,normal
3.10000,-9.90000,-3.00000,-0.10000,0.70400,-0.39733,-0.29867,normal
3.12000,-9.27692,-3.22198,-0.73297,-1.02826,-0.67174,-0.70000,normal
3.14000,-9.43077,-3.26593,-0.79890,-1.07174,-0.62826,-0.70000,normal
3.16000,-9.58462,-3.30989,-0.86484,-1.11522,-0.58478,-0.70000,normal
3.18000,-9.73846,-3.35385,-0.93077,-1.15870,-0.54130,-0.70000,normal
3.20000,-9.89231,-3.39780,-0.99670,-1.10000,-0.30000,-0.70000,normal
3.22000,-9.37742,-4.06129,-0.70000,-0.05506,-0.06629,-0.38876,normal
3.24000,-9.50645,-3.99677,-0.70000,0.03483,0.00112,-0.36629,normal
3.26000,-9.63548,-3.93226,-0.70000,0.12472,0.06854,-0.34382,normal
3.28000,-9.76452,-3.86774,-0.70000,0.21461,0.13596,-0.32135,normal
3.30000,-9.89355,-3.80323,-0.70000,0.50000,0.10000,-0.20000,normal
3.32000,-8.22581,-2.87419,0.30000,0.59038,0.19038,-0.10962,normal
3.34000,-8.26882,-2.83118,0.30000,0.57115,0.17115,-0.12885,normal
3.36000,-8.31183,-2.78817,0.30000,0.55192,0.15192,-0.14808,normal
3.38000,-8.35484,-2.74516,0.30000,0.53269,0.13269,-0.16731,normal
3.40000,-8.39785,-2.70215,0.30000,0.51346,0.11346,-0.18654,normal
3.42000,-9.15714,-0.85714,1.42857,-0.03333,-0.13333,-0.33333,normal
3.44000,-8.66026,-0.36538,0.48205,-1.33333,-0.75000,-0.43333,normal
3.46000,-8.37821,-0.44231,0.22564,-1.72222,-0.83333,-0.48889,normal
3.48000,-8.09615,-0.51923,-0.03077,-2.11111,-0.91667,-0.54444,normal
3.50000,-7.81410,-0.59615,-0.28718,-2.50000,-1.00000,-0.60000,normal
3.52000,-9.71522,-4.83152,0.78804,-2.05870,0.00000,-0.47826,normal
3.54000,-10.10652,-5.07065,0.76630,-1.77609,0.00000,-0.43478,normal
3.56000,-10.49783,-5.30978,0.74457,-1.49348,0.00000,-0.39130,normal
3.58000,-10.88913,-5.54891,0.72283,-1.21087,0.00000,-0.34783,normal
3.60000,-11.28043,-5.78804,0.70109,-0.92826,0.00000,-0.30435,normal
3.62000,-8.96327,-2.81429,0.23673,1.64149,-0.21170,0.40000,normal
3.64000,-8.90204,-2.67143,0.29796,1.53511,-0.23298,0.40000,normal
3.66000,-8.84082,-2.52857,0.35918,1.42872,-0.25426,0.40000,normal
3.68000,-8.77959,-2.38571,0.42041,1.32234,-0.27553,0.40000,normal
3.70000,-8.71837,-2.24286,0.48163,1.21596,-0.29681,0.40000,normal
3.72000,-8.22697,-1.82697,1.08876,-1.65941,-0.62970,-0.00990,normal
3.74000,-8.29438,-1.89438,1.56067,-1.77822,-0.68911,-0.02970,normal
3.76000,-8.36180,-1.96180,2.03258,-1.89703,-0.74851,-0.04950,normal
3.78000,-8.42921,-2.02921,2.50449,-2.01584,-0.80792,-0.06931,normal
3.80000,-8.49663,-2.09663,2.97640,-2.13465,-0.86733,-0.08911,normal
3.82000,-7.30000,-1.10000,-2.80000,-3.39412,-1.46471,0.04118,normal
3.84000,-7.25062,-1.74198,-2.82469,-6.67879,-1.87879,0.42121,normal
3.86000,-7.20123,-2.38395,-2.84938,-6.61818,-1.81818,0.48182,normal
3.88000,-7.15185,-3.02593,-2.87407,-6.55758,-1.75758,0.54242,normal
3.90000,-7.10247,-3.66790,-2.89877,-5.30000,-1.50000,0.90000,normal
3.92000,-9.31290,-8.49677,-2.92581,0.97609,-0.95109,1.51957,normal
3.94000,-9.33441,-8.32473,-2.96882,1.36739,-0.84239,1.56304,normal
3.96000,-9.35591,-8.15269,-3.01183,1.75870,-0.73370,1.60652,normal
3.98000,-9.37742,-7.98065,-3.05484,2.15000,-0.62500,1.65000,normal
4.00000,-9.39892,-7.80860,-3.09785,2.54130,-0.51630,1.69348,normal
4.02000,-11.13820,-2.53708,-1.72809,5.00106,0.88830,0.34149,normal
4.04000,-10.73371,-2.37978,-1.54831,4.63936,0.86702,0.23511,normal
4.06000,-10.32921,-2.22247,-1.36854,4.27766,0.84574,0.12872,normal
4.08000,-9.92472,-2.06517,-1.18876,3.91596,0.82447,0.02234,normal
4.10000,-9.52022,-1.90787,-1.00899,3.55426,0.80319,-0.08404,normal
4.12000,-10.06517,-0.30899,2.71011,0.27333,0.52667,-1.38000,normal
4.14000,-9.72809,-0.33146,2.48539,-1.60108,-0.17312,-1.56344,normal
4.16000,-9.39101,-0.35393,2.26067,-1.83763,-0.25914,-1.52043,normal
4.18000,-9.05393,-0.37640,2.03596,-2.07419,-0.34516,-1.47742,normal
4.20000,-8.71685,-0.39888,1.81124,-2.31075,-0.43118,-1.43441,normal
4.22000,-8.43636,-7.07273,-0.86364,-3.00000,-0.50000,-1.43333,normal
4.24000,-9.45000,-8.42000,-1.77000,-2.28500,0.20500,-0.89500,normal
4.26000,-9.65000,-8.58000,-2.13000,-1.13500,0.25500,-0.84500,normal
4.28000,-10.00000,-6.20000,-2.80000,1.23333,0.36667,-0.60000,normal
4.30000,-10.02906,-3.54017,-2.44188,4.71327,0.71416,-0.50000,normal
4.32000,-10.06325,-3.35214,-2.37350,4.85487,0.73186,-0.50000,normal
4.34000,-10.09744,-3.16410,-2.30513,4.99646,0.74956,-0.50000,normal
4.36000,-10.13162,-2.97607,-2.23675,5.13805,0.76726,-0.50000,normal
4.38000,-10.16581,-2.78803,-2.16838,5.27965,0.78496,-0.50000,normal
4.40000,-10.20000,-2.60000,-2.10000,5.65000,0.78333,-0.61667,normal
4.42000,-9.44167,-1.02917,0.12917,4.34516,0.58710,-0.92581,normal
4.44000,-9.35833,-1.07083,0.17083,4.08710,0.56559,-0.96882,normal
4.46000,-9.27500,-1.11250,0.21250,3.82903,0.54409,-1.01183,normal
4.48000,-9.19167,-1.15417,0.25417,3.57097,0.52258,-1.05484,normal
4.50000,-9.10833,-1.19583,0.29583,3.31290,0.50108,-1.09785,normal
4.52000,-7.09000,-2.71000,-0.32000,-0.90319,0.19681,-0.79362,normal
4.54000,-7.06778,-2.73222,-0.36444,-0.92447,0.17553,-0.75106,normal
4.56000,-7.04556,-2.75444,-0.40889,-0.94574,0.15426,-0.70851,normal
4.58000,-7.02333,-2.77667,-0.45333,-0.96702,0.13298,-0.66596,normal
4.60000,-7.00111,-2.79889,-0.49778,-0.98830,0.11170,-0.62340,normal
4.62000,-8.90000,-3.50000,-0.50000,-0.91818,0.10000,-0.43636,normal
4.64000,-8.94938,-3.50000,-0.42593,-0.80000,0.10000,0.10000,normal
4.66000,-8.99877,-3.50000,-0.35185,-0.70000,0.10000,0.52000,normal
4.68000,-9.04815,-3.50000,-0.27778,-0.70000,0.10000,0.65333,normal
4.70000,-9.09753,-3.50000,-0.20370,-0.70000,0.10000,0.78667,normal
4.72000,-12.15000,-4.78000,0.16000,-0.38140,0.49070,2.01860,normal
4.74000,-12.03889,-4.95778,0.29333,-0.33488,0.46744,2.06512,normal
4.76000,-11.92778,-5.13556,0.42667,-0.28837,0.44419,2.11163,normal
4.78000,-11.81667,-5.31333,0.56000,-0.24186,0.42093,2.15814,normal
4.80000,-11.70556,-5.49111,0.69333,0.20000,0.20000,2.30000,normal
4.82000,-10.05306,-4.60000,0.10000,1.54314,0.57843,1.97843,normal
4.84000,-9.80816,-4.60000,0.10000,1.62157,0.53922,1.93922,normal
4.86000,-9.56327,-4.60000,0.10000,1.70000,0.50000,1.90000,normal
4.88000,-9.31837,-4.60000,0.10000,1.77843,0.46078,1.86078,normal
4.90000,-9.07347,-4.60000,0.10000,1.85686,0.42157,1.82157,normal
4.92000,-9.63011,-1.98710,1.73763,2.47442,0.39070,0.49070,normal
4.94000,-9.71613,-1.66452,1.84516,2.21860,0.29767,0.39767,normal
4.96000,-9.80215,-1.34194,1.95269,1.96279,0.20465,0.30465,normal
4.98000,-9.88817,-1.01935,2.06022,1.70698,0.11163,0.21163,normal
5.00000,-9.97419,-0.69677,2.16774,1.45116,0.01860,0.11860,normal
5.02000,-9.90795,-3.08409,-0.22386,-2.01923,-0.60000,-1.41923,normal
5.04000,-9.93068,-3.03864,-0.29205,-2.05769,-0.60000,-1.45769,normal
5.06000,-9.95341,-2.99318,-0.36023,-2.09615,-0.60000,-1.49615,normal
5.08000,-9.97614,-2.94773,-0.42841,-2.13462,-0.60000,-1.53462,normal
5.10000,-9.99886,-2.90227,-0.49659,-2.17308,-0.60000,-1.57308,normal
5.12000,-8.43529,-3.11765,0.30000,-2.15000,-0.45000,-1.70000,normal
5.14000,-8.37792,-3.25455,0.21169,-1.92692,-0.37564,-1.55128,normal
5.16000,-8.35195,-3.43636,0.10779,-1.85000,-0.35000,-1.50000,normal
5.18000,-8.32597,-3.61818,0.00390,-1.77308,-0.32436,-1.44872,normal
5.20000,-8.30000,-3.80000,-0.10000,-1.40000,-0.35000,-1.30000,normal
5.22000,-8.17474,-1.40105,1.87474,-0.46306,-0.60000,-0.27477,normal
5.24000,-8.13263,-1.56947,1.83263,-0.55315,-0.60000,-0.23874,normal
5.26000,-8.09053,-1.73789,1.79053,-0.64324,-0.60000,-0.20270,normal
5.28000,-8.04842,-1.90632,1.74842,-0.73333,-0.60000,-0.16667,normal
5.30000,-8.00632,-2.07474,1.70632,-0.82342,-0.60000,-0.13063,normal
5.32000,-7.96000,-3.26000,0.76000,-1.50000,-0.50000,0.30000,normal
5.34000,-8.09333,-3.39333,0.67111,-1.16197,-0.18732,0.82535,normal
5.36000,-8.22667,-3.52667,0.58222,-1.07746,-0.15915,0.88169,normal
5.38000,-8.36000,-3.66000,0.49333,-0.99296,-0.13099,0.93803,normal
5.40000,-8.49333,-3.79333,0.40444,-0.90845,-0.10282,0.99437,normal
5.42000,-12.88710,-7.04194,1.52581,-0.92857,-0.41429,1.49286,normal
5.44000,-12.86559,-6.61183,0.90215,-0.69048,-0.46190,1.46905,normal
5.46000,-12.84409,-6.18172,0.27849,-0.45238,-0.50952,1.44524,normal
5.48000,-12.82258,-5.75161,-0.34516,-0.21429,-0.55714,1.42143,normal
5.50000,-12.80108,-5.32151,-0.96882,0.00000,-0.70000,1.00000,normal
5.52000,-7.15161,-3.49677,-0.16129,1.73061,0.13061,0.16939,normal
5.54000,-7.23763,-3.32473,-0.09677,1.77143,0.17143,0.12857,normal
5.56000,-7.32366,-3.15269,-0.03226,1.81224,0.21224,0.08776,normal
5.58000,-7.40968,-2.98065,0.03226,1.85306,0.25306,0.04694,normal
5.60000,-7.49570,-2.80860,0.09677,1.89388,0.29388,0.00612,normal
5.62000,-7.85161,-3.21720,-0.01720,1.29126,0.40000,-0.19126,normal
5.64000,-7.98065,-3.26022,-0.06022,1.27184,0.40000,-0.17184,normal
5.66000,-8.10968,-3.30323,-0.10323,1.25243,0.40000,-0.15243,normal
5.68000,-8.23871,-3.34624,-0.14624,1.23301,0.40000,-0.13301,normal
5.70000,-8.36774,-3.38925,-0.18925,1.21359,0.40000,-0.11359,normal
5.72000,-9.56154,-4.25385,-0.95385,1.25556,0.24444,0.11111,normal
5.74000,-9.74359,-4.34359,-1.04359,1.40448,0.09552,0.50000,normal
5.76000,-9.79487,-4.39487,-1.09487,1.43433,0.06567,0.50000,normal
5.78000,-9.84615,-4.44615,-1.14615,1.46418,0.03582,0.50000,normal
5.80000,-9.89744,-4.49744,-1.19744,1.49403,0.00597,0.50000,normal
5.82000,-9.17303,-3.44607,-0.58202,1.39310,0.10690,-0.52069,normal
5.84000,-9.10562,-3.31124,-0.53708,1.37011,0.12989,-0.58966,normal
5.86000,-9.03820,-3.17640,-0.49213,1.34713,0.15287,-0.65862,normal
5.88000,-8.97079,-3.04157,-0.44719,1.32414,0.17586,-0.72759,normal
5.90000,-8.90337,-2.90674,-0.40225,1.30115,0.19885,-0.79655,normal
5.92000,-9.62222,-3.10000,-0.30000,0.68966,0.28966,-1.71034,normal
5.94000,-9.66667,-3.10000,-0.30000,0.66667,0.26667,-1.73333,normal
5.96000,-9.71111,-3.10000,-0.30000,0.64368,0.24368,-1.75632,normal
5.98000,-9.75556,-3.10000,-0.30000,0.62069,0.22069,-1.77931,normal
6.00000,-9.80000,-3.10000,-0.30000,0.50000,0.15000,-1.75000,normal
6.02000,-10.45098,-2.66176,-0.01275,0.38407,0.08407,-1.58407,normal
6.04000,-10.52941,-2.60294,-0.03235,0.36637,0.06637,-1.56637,normal
6.06000,-10.60784,-2.54412,-0.05196,0.34867,0.04867,-1.54867,normal
6.08000,-10.68627,-2.48529,-0.07157,0.33097,0.03097,-1.53097,normal
6.10000,-10.76471,-2.42647,-0.09118,0.31327,0.01327,-1.51327,normal
6.12000,-10.46000,-2.20000,0.22000,-0.32857,-0.20952,-1.28095,normal
6.14000,-10.62987,-2.68312,0.32468,-0.80000,-0.25000,-1.00000,normal
6.16000,-10.29221,-2.78701,0.48052,-1.06667,-0.23333,-0.80000,normal
6.18000,-9.95455,-2.89091,0.63636,-1.13684,-0.26842,-0.69474,normal
6.20000,-9.61688,-2.99481,0.79221,-1.20000,-0.30000,-0.40000,normal
6.22000,-8.00000,-3.25851,2.24468,-0.37727,-0.11136,0.73409,normal
6.24000,-8.00000,-3.19468,2.15957,-0.33182,-0.13409,0.80227,normal
6.26000,-8.00000,-3.13085,2.07447,-0.28636,-0.15682,0.87045,normal
6.28000,-8.00000,-3.06702,1.98936,-0.24091,-0.17955,0.93864,normal
6.30000,-8.00000,-3.00319,1.90426,-0.20000,-0.30000,1.20000,normal
6.32000,-8.63131,-2.15253,-0.10000,-0.92626,-0.70000,1.50000,normal
6.34000,-8.83333,-2.23333,-0.10000,-0.96667,-0.70000,1.50000,normal
6.36000,-9.03535,-2.31414,-0.10000,-1.00707,-0.70000,1.50000,normal
6.38000,-9.23737,-2.39495,-0.10000,-1.04747,-0.70000,1.50000,normal
6.40000,-9.43939,-2.47576,-0.10000,-1.08788,-0.70000,1.50000,normal
6.42000,-9.58256,-4.09419,-0.08837,-1.48800,-0.89600,1.29600,normal
6.44000,-9.51279,-4.07093,-0.04186,-1.42800,-0.87600,1.27600,normal
6.46000,-9.44302,-4.04767,0.00465,-1.36800,-0.85600,1.25600,normal
6.48000,-9.37326,-4.02442,0.05116,-1.30800,-0.83600,1.23600,normal
6.50000,-9.30349,-4.00116,0.09767,-1.24800,-0.81600,1.21600,normal
6.52000,-8.91429,-3.54286,-0.07143,-0.95556,-0.57778,1.07778,normal
6.54000,-9.02000,-3.06000,-0.92000,-0.61286,-0.28714,0.67429,normal
6.56000,-9.04667,-3.00667,-0.94667,-0.64143,-0.25857,0.61714,normal
6.58000,-9.07333,-2.95333,-0.97333,-0.67000,-0.23000,0.56000,normal
6.60000,-9.10000,-2.90000,-1.00000,-0.69857,-0.20143,0.50286,normal
6.62000,-8.40215,-3.40000,0.20000,-1.31277,0.01277,0.20000,normal
6.64000,-8.25161,-3.40000,0.20000,-1.33404,0.03404,0.20000,normal
6.66000,-8.10108,-3.40000,0.20000,-1.35532,0.05532,0.20000,normal
6.68000,-7.95054,-3.40000,0.20000,-1.37660,0.07660,0.20000,normal
6.70000,-7.80000,-3.40000,0.20000,-1.39787,0.09787,0.20000,normal
6.72000,-9.01124,-4.62022,0.90000,-0.44943,0.51264,0.51264,normal
6.74000,-9.25843,-4.66517,0.90000,-0.35747,0.53563,0.53563,normal
6.76000,-9.50562,-4.71011,0.90000,-0.26552,0.55862,0.55862,normal
6.78000,-9.75281,-4.75506,0.90000,-0.17356,0.58161,0.58161,normal
6.80000,-10.00000,-4.80000,0.90000,0.25000,0.40000,0.65000,normal
6.82000,-11.34737,-3.77895,2.02632,-0.23158,0.46842,0.36842,normal
6.84000,-11.81053,-3.88421,2.19474,-0.26667,0.43333,0.33333,normal
6.86000,-12.27368,-3.98947,2.36316,-0.30175,0.39825,0.29825,normal
6.88000,-12.73684,-4.09474,2.53158,-0.33684,0.36316,0.26316,normal
6.90000,-13.20000,-4.20000,2.70000,-0.37193,0.32807,0.22807,normal
6.92000,-11.09091,-5.10000,0.90000,-0.40000,0.07778,0.11111,normal
6.94000,-9.58608,-4.42911,0.03291,1.42273,-0.29242,-0.52273,normal
6.96000,-9.43418,-4.20127,0.21013,1.51364,-0.26212,-0.61364,normal
6.98000,-9.28228,-3.97342,0.38734,1.60455,-0.23182,-0.70455,normal
7.00000,-9.13038,-3.74557,0.56456,1.69545,-0.20152,-0.79545,normal
7.02000,-8.15435,-2.53043,0.24565,0.29011,-0.20000,-1.29011,normal
7.04000,-8.26304,-2.79130,0.13696,0.26813,-0.20000,-1.26813,normal
7.06000,-8.37174,-3.05217,0.02826,0.24615,-0.20000,-1.24615,normal
7.08000,-8.48043,-3.31304,-0.08043,0.22418,-0.20000,-1.22418,normal
7.10000,-8.58913,-3.57391,-0.18913,0.20220,-0.20000,-1.20220,normal
7.12000,-10.35955,-5.01910,-1.90000,1.62360,-0.20000,-0.60000,normal
7.14000,-10.26966,-4.83933,-1.90000,1.69101,-0.20000,-0.60000,normal
7.16000,-10.17978,-4.65955,-1.90000,1.75843,-0.20000,-0.60000,normal
7.18000,-10.08989,-4.47978,-1.90000,1.82584,-0.20000,-0.60000,normal
7.20000,-10.00000,-4.30000,-1.90000,1.89326,-0.20000,-0.60000,normal
7.22000,-8.72022,-2.01011,-0.87978,1.35810,0.21048,-1.32095,normal
7.24000,-8.76517,-2.03258,-0.83483,1.28190,0.22952,-1.35905,normal
7.26000,-8.81011,-2.05506,-0.78989,1.20571,0.24857,-1.39714,normal
7.28000,-8.85506,-2.07753,-0.74494,1.12952,0.26762,-1.43524,normal
7.30000,-8.90000,-2.10000,-0.70000,1.05333,0.28667,-1.47333,normal
7.32000,-8.81250,-2.82500,-0.17500,0.30000,0.60000,-1.50000,normal
7.34000,-8.65696,-2.94304,-0.05696,0.32299,0.60000,-1.45402,normal
7.36000,-8.60633,-2.99367,-0.00633,0.34598,0.60000,-1.40805,normal
7.38000,-8.55570,-3.04430,0.04430,0.36897,0.60000,-1.36207,normal
7.40000,-8.50506,-3.09494,0.09494,0.39195,0.60000,-1.31609,normal
7.42000,-8.22791,-2.77907,0.88605,0.68353,0.59176,-0.57529,normal
7.44000,-8.32093,-2.70930,0.83953,0.63647,0.56824,-0.50471,normal
7.46000,-8.41395,-2.63953,0.79302,0.58941,0.54471,-0.43412,normal
7.48000,-8.50698,-2.56977,0.74651,0.54235,0.52118,-0.36353,normal
7.50000,-8.60000,-2.50000,0.70000,0.30000,0.40000,-0.10000,normal
7.52000,-8.68696,-2.83913,1.56087,-0.31474,0.50737,0.82947,normal
7.54000,-9.16522,-2.90435,1.49565,-0.35684,0.52842,0.91368,normal
7.56000,-9.64348,-2.96957,1.43043,-0.39895,0.54947,0.99789,normal
7.58000,-10.12174,-3.03478,1.36522,-0.44105,0.57053,1.08211,normal
7.60000,-10.60000,-3.10000,1.30000,-0.48316,0.59158,1.16632,normal
7.62000,-11.82553,-3.80000,1.54468,-0.50000,0.29500,2.00000,normal
7.64000,-11.71915,-3.80000,1.60851,-0.50000,0.24500,2.00000,normal
7.66000,-11.61277,-3.80000,1.67234,-0.50000,0.19500,2.00000,normal
7.68000,-11.50638,-3.80000,1.73617,-0.50000,0.14500,2.00000,normal
7.70000,-11.40000,-3.80000,1.80000,-0.45000,-0.15000,1.90000,normal
7.72000,-7.93978,-2.83011,0.57204,-0.51600,-0.48400,1.35200,normal
7.74000,-8.15484,-2.72258,0.52903,-0.53600,-0.46400,1.29200,normal
7.76000,-8.36989,-2.61505,0.48602,-0.55600,-0.44400,1.23200,normal
7.78000,-8.58495,-2.50753,0.44301,-0.57600,-0.42400,1.17200,normal
7.80000,-8.80000,-2.40000,0.40000,-0.59600,-0.40400,1.11200,normal
7.82000,-9.55227,-2.63977,-0.28409,-1.94167,-0.80000,-0.12083,normal
7.84000,-9.41591,-2.75341,-0.23864,-2.02500,-0.80000,-0.16250,normal
7.86000,-9.27955,-2.86705,-0.19318,-2.10833,-0.80000,-0.20417,normal
7.88000,-9.14318,-2.98068,-0.14773,-2.19167,-0.80000,-0.24583,normal
7.90000,-9.00682,-3.09432,-0.10227,-2.27500,-0.80000,-0.28750,normal
7.92000,-7.31379,-3.67931,-0.41379,-1.95789,-0.48316,-0.19158,normal
7.94000,-7.35977,-3.61034,-0.45977,-1.85263,-0.44105,-0.17053,normal
7.96000,-7.40575,-3.54138,-0.50575,-1.74737,-0.39895,-0.14947,normal
7.98000,-7.45172,-3.47241,-0.55172,-1.64211,-0.35684,-0.12842,normal
8.00000,-7.49770,-3.40345,-0.59770,-1.53684,-0.31474,-0.10737,normal
8.02000,-8.30952,-3.10000,0.10952,-0.80000,-0.20000,0.32000,normal
8.04000,-8.35714,-3.10000,0.15714,-0.83429,-0.20000,0.43429,normal
8.06000,-8.40476,-3.10000,0.20476,-0.89143,-0.20000,0.49143,normal
8.08000,-8.45238,-3.10000,0.25238,-0.94857,-0.20000,0.54857,normal
8.10000,-8.50000,-3.10000,0.30000,-1.25000,-0.15000,0.75000,normal
8.12000,-9.05376,-4.62796,1.65806,-0.61837,0.23265,0.91633,normal
8.14000,-9.29032,-4.67097,1.59355,-0.51633,0.27347,0.93673,normal
8.16000,-9.52688,-4.71398,1.52903,-0.41429,0.31429,0.95714,normal
8.18000,-9.76344,-4.75699,1.46452,-0.31224,0.35510,0.97755,normal
8.20000,-10.00000,-4.80000,1.40000,-0.21020,0.39592,0.99796,normal
8.22000,-11.07802,-3.70989,0.59011,0.68000,0.11000,0.58000,normal
8.24000,-11.47363,-3.73187,0.56813,0.63556,0.13222,0.53556,normal
8.26000,-11.86923,-3.75385,0.54615,0.59111,0.15444,0.49111,normal
8.28000,-12.26484,-3.77582,0.52418,0.54667,0.17667,0.44667,normal
8.30000,-12.66044,-3.79780,0.50220,0.50222,0.19889,0.40222,normal
8.32000,-9.57778,-3.57778,0.72222,-0.50957,-0.30957,-0.61915,normal
8.34000,-9.33333,-3.53333,0.76667,-0.53085,-0.33085,-0.66170,normal
8.36000,-9.08889,-3.48889,0.81111,-0.55213,-0.35213,-0.70426,normal
8.38000,-8.84444,-3.44444,0.85556,-0.57340,-0.37340,-0.74681,normal
8.40000,-8.60000,-3.40000,0.90000,-0.59468,-0.39468,-0.78936,normal
8.42000,-8.24941,-4.10706,0.07882,-0.41000,-0.11000,-1.20000,normal
8.44000,-8.41412,-4.13059,0.00824,-0.04857,0.11286,-1.20000,normal
8.46000,-8.57882,-4.15412,-0.06235,0.06571,0.14143,-1.20000,normal
8.48000,-8.74353,-4.17765,-0.13294,0.18000,0.17000,-1.20000,normal
8.50000,-8.98750,-4.23750,-0.25000,0.29429,0.19857,-1.20000,normal
8.52000,-9.85955,-4.04944,-1.01011,2.11047,0.08953,-0.60000,normal
8.54000,-9.76966,-3.93708,-1.03258,2.13372,0.06628,-0.60000,normal
8.56000,-9.67978,-3.82472,-1.05506,2.15698,0.04302,-0.60000,normal
8.58000,-9.58989,-3.71236,-1.07753,2.18023,0.01977,-0.60000,normal
8.60000,-9.50000,-3.60000,-1.10000,2.15000,0.00000,-0.65000,normal
8.62000,-9.42796,-2.30000,-0.38602,1.33191,0.10000,-0.91702,normal
8.64000,-9.47097,-2.30000,-0.36452,1.24681,0.10000,-0.93830,normal
8.66000,-9.51398,-2.30000,-0.34301,1.16170,0.10000,-0.95957,normal
8.68000,-9.55699,-2.30000,-0.32151,1.07660,0.10000,-0.98085,normal
8.70000,-9.60000,-2.30000,-0.30000,0.50000,0.10000,-1.05000,normal
8.72000,-8.65851,-2.88617,-0.18617,0.30000,0.21441,-1.08559,normal
8.74000,-8.59468,-2.86489,-0.16489,0.30000,0.23243,-1.06757,normal
8.76000,-8.53085,-2.84362,-0.14362,0.30000,0.25045,-1.04955,normal
8.78000,-8.46702,-2.82234,-0.12234,0.30000,0.26847,-1.03153,normal
8.80000,-8.40319,-2.80106,-0.10106,0.30000,0.28649,-1.01351,normal
8.82000,-7.97500,-2.42500,0.65000,0.40000,0.30000,-0.90000,normal
8.84000,-8.09231,-2.40000,0.72308,0.39531,0.30000,-0.59062,normal
8.86000,-8.19487,-2.40000,0.74872,0.36406,0.30000,-0.52813,normal
8.88000,-8.29744,-2.40000,0.77436,0.33281,0.30000,-0.46562,normal
8.90000,-8.40000,-2.40000,0.80000,0.30156,0.30000,-0.40312,normal
8.92000,-9.06667,-2.52222,0.83333,-0.73830,0.20000,0.73830,normal
8.94000,-9.60000,-2.56667,0.70000,-0.80213,0.20000,0.80213,normal
8.96000,-10.13333,-2.61111,0.56667,-0.86596,0.20000,0.86596,normal
8.98000,-10.66667,-2.65556,0.43333,-0.92979,0.20000,0.92979,normal
9.00000,-11.20000,-2.70000,0.30000,-0.99362,0.20000,0.99362,normal
9.02000,-10.28876,-3.60000,1.21011,-1.49059,-0.40941,1.90000,normal
9.04000,-10.04157,-3.60000,1.23258,-1.46706,-0.43294,1.90000,normal
9.06000,-9.79438,-3.60000,1.25506,-1.44353,-0.45647,1.90000,normal
9.08000,-9.54719,-3.60000,1.27753,-1.42000,-0.48000,1.90000,normal
9.10000,-9.30000,-3.60000,1.30000,-1.20000,-0.35000,1.85000,normal
9.12000,-8.64706,-3.67647,0.56471,-0.88788,-0.38788,1.36364,normal
9.14000,-8.71429,-3.64286,0.51429,-0.87273,-0.37273,1.31818,normal
9.16000,-8.78151,-3.60924,0.46387,-0.85758,-0.35758,1.27273,normal
9.18000,-8.84874,-3.57563,0.41345,-0.84242,-0.34242,1.22727,normal
9.20000,-8.91597,-3.54202,0.36303,-0.82727,-0.32727,1.18182,normal
9.22000,-8.98319,-3.50840,0.31261,-0.81212,-0.31212,1.13636,normal
9.24000,-10.22857,-3.15714,0.40000,-0.80000,-0.30000,1.00769,normal
9.26000,-9.70506,-3.30000,0.41899,-1.10563,-0.39437,-0.11127,normal
9.28000,-9.57848,-3.30000,0.44430,-1.13380,-0.36620,-0.16761,normal
9.30000,-9.45190,-3.30000,0.46962,-1.16197,-0.33803,-0.22394,normal
9.32000,-9.32532,-3.30000,0.49494,-1.19014,-0.30986,-0.28028,normal
9.34000,-8.48806,-2.88806,0.19403,-1.20769,-0.20000,-0.60000,normal
9.36000,-8.42836,-2.82836,0.16418,-1.23846,-0.20000,-0.60000,normal
9.38000,-8.36866,-2.76866,0.13433,-1.26923,-0.20000,-0.60000,normal
9.40000,-8.30896,-2.70896,0.10448,-1.30000,-0.20000,-0.60000,normal
9.42000,-8.27778,-2.93333,0.42222,-1.40000,-0.08632,-0.37263,normal
9.44000,-8.23333,-3.00000,0.46667,-1.40000,-0.06526,-0.33053,normal
9.46000,-8.18889,-3.06667,0.51111,-1.40000,-0.04421,-0.28842,normal
9.48000,-8.14444,-3.13333,0.55556,-1.40000,-0.02316,-0.24632,normal
9.50000,-8.10000,-3.20000,0.60000,-1.40000,-0.00211,-0.20421,normal
9.52000,-8.25955,-3.39213,2.81910,-1.89600,0.16400,0.61200,normal
9.54000,-8.16966,-3.81910,2.63933,-2.05600,0.10400,0.63200,normal
9.56000,-8.07978,-4.24607,2.45955,-2.21600,0.04400,0.65200,normal
9.58000,-7.98989,-4.67303,2.27978,-2.37600,-0.01600,0.67200,normal
9.60000,-7.90000,-5.10000,2.10000,-2.53600,-0.07600,0.69200,normal
9.62000,-10.93721,-6.72326,-0.08605,-1.30000,0.00000,1.10000,normal
9.64000,-10.72791,-6.46744,-0.03953,1.35823,0.00000,1.05696,normal
9.66000,-10.51860,-6.21163,0.00698,1.66203,0.00000,1.00633,normal
9.68000,-10.30930,-5.95581,0.05349,1.96582,0.00000,0.95570,normal
9.70000,-10.10000,-5.70000,0.10000,2.26962,0.00000,0.90506,normal
9.72000,-11.67447,-1.81489,1.55532,1.69213,-0.11348,-0.34045,normal
9.74000,-11.78085,-1.83617,1.49149,1.51236,-0.13596,-0.40787,normal
9.76000,-11.88723,-1.85745,1.42766,1.33258,-0.15843,-0.47528,normal
9.78000,-11.99362,-1.87872,1.36383,1.15281,-0.18090,-0.54270,normal
9.80000,-12.10000,-1.90000,1.30000,-0.80000,-0.40000,-1.10000,normal
9.82000,-7.70000,-3.11489,0.44043,-1.48431,-0.45294,-1.51569,normal
9.84000,-7.70000,-3.13617,0.35532,-1.46471,-0.39412,-1.53529,normal
9.86000,-7.70000,-3.15745,0.27021,-1.44510,-0.33529,-1.55490,normal
9.88000,-7.70000,-3.17872,0.18511,-1.42549,-0.27647,-1.57451,normal
9.90000,-7.70000,-3.20000,0.10000,-1.40588,-0.21765,-1.59412,normal
9.92000,-8.50000,-3.11398,-0.87204,0.40488,0.19756,-1.49512,normal
9.94000,-8.50000,-3.13548,-0.82903,0.45366,0.17317,-1.44634,normal
9.96000,-8.50000,-3.15699,-0.78602,0.50244,0.14878,-1.39756,normal
9.98000,-8.50000,-3.17849,-0.74301,0.55122,0.12439,-1.34878,normal
10.00000,-8.50000,-3.20000,-0.70000,0.60000,0.10000,-1.30000,normal
10.02000,-9.94396,-3.10000,-0.93297,0.68556,-0.01444,-0.17111,normal
10.04000,-10.03187,-3.10000,-0.99890,0.66333,-0.03667,-0.12667,normal
10.06000,-10.11978,-3.10000,-1.06484,0.64111,-0.05889,-0.08222,normal
10.08000,-10.20769,-3.10000,-1.13077,0.61889,-0.08111,-0.03778,normal
10.10000,-10.29560,-3.10000,-1.19670,0.30000,-0.20000,0.10000,normal
10.12000,-8.81515,-2.67172,-0.85758,-0.11368,-0.07263,-0.11368,normal
10.14000,-8.69394,-2.63131,-0.79697,-0.13474,-0.03053,-0.13474,normal
10.16000,-8.57273,-2.59091,-0.73636,-0.15579,0.01158,-0.15579,normal
10.18000,-8.45152,-2.55051,-0.67576,-0.17684,0.05368,-0.17684,normal
10.20000,-8.33030,-2.51010,-0.61515,-0.19789,0.09579,-0.19789,normal
10.22000,-8.50000,-3.11818,-0.47273,0.22178,0.61089,-0.18911,normal
10.24000,-8.50000,-3.16364,-0.40455,0.26139,0.63069,-0.16931,normal
10.26000,-8.50000,-3.20909,-0.33636,0.30099,0.65050,-0.14950,normal
10.28000,-8.50000,-3.25455,-0.26818,0.34059,0.67030,-0.12970,normal
10.30000,-8.50000,-3.30000,-0.20000,0.38020,0.69010,-0.10990,normal
10.32000,-8.51400,-3.04400,2.02600,0.60000,0.50000,0.50000,normal
10.34000,-8.53400,-2.96400,2.20600,0.36538,0.36154,0.61923,normal
10.36000,-8.55400,-2.88400,2.38600,0.18590,0.31026,0.64487,normal
10.38000,-8.57400,-2.80400,2.56600,0.00641,0.25897,0.67051,normal
10.40000,-8.59400,-2.72400,2.74600,-0.17308,0.20769,0.69615,normal
10.42000,-9.90814,-3.25698,0.93488,-2.91011,-0.92022,1.20000,normal
10.44000,-9.93140,-3.41977,0.74884,-2.93258,-0.96517,1.20000,normal
10.46000,-9.95465,-3.58256,0.56279,-2.95506,-1.01011,1.20000,normal
10.48000,-9.97791,-3.74535,0.37674,-2.97753,-1.05506,1.20000,normal
10.50000,-10.10000,-4.40000,0.00000,-3.00000,-1.10000,1.20000,normal
10.52000,-13.16111,-5.88778,-1.37556,-1.39277,-1.23614,0.79277,normal
10.54000,-13.27222,-5.86556,-1.33111,-1.36867,-1.35663,0.76867,normal
10.56000,-13.38333,-5.84333,-1.28667,-1.34458,-1.47711,0.74458,normal
10.58000,-13.49444,-5.82111,-1.24222,-1.32048,-1.59759,0.72048,normal
10.60000,-12.25000,-5.55000,-0.75000,-1.35000,-1.40000,0.40000,normal
10.62000,-8.70430,-3.90000,0.38495,-1.28900,-1.06700,-0.01100,normal
10.64000,-8.42473,-3.90000,0.36344,-1.26900,-1.00700,-0.03100,normal
10.66000,-8.14516,-3.90000,0.34194,-1.24900,-0.94700,-0.05100,normal
10.68000,-7.86559,-3.90000,0.32043,-1.22900,-0.88700,-0.07100,normal
10.70000,-7.70000,-4.00000,0.05000,-1.20900,-0.82700,-0.09100,normal
10.72000,-8.19326,-3.76629,-0.79326,-0.78182,-0.60000,-0.17273,normal
10.74000,-8.17079,-3.65393,-0.77079,-0.40909,-0.60000,-0.41818,normal
10.76000,-8.14831,-3.54157,-0.74831,-0.43939,-0.60000,-0.47879,normal
10.78000,-8.12584,-3.42921,-0.72584,-0.46970,-0.60000,-0.53939,normal
10.80000,-8.10337,-3.31685,-0.70337,-0.50000,-0.60000,-0.60000,normal
10.82000,-9.07727,-2.92273,0.44545,-0.90000,-0.19310,-1.09310,normal
10.84000,-9.03182,-2.96818,0.53636,-0.90000,-0.17011,-1.07011,normal
10.86000,-8.98636,-3.01364,0.62727,-0.90000,-0.14713,-1.04713,normal
10.88000,-8.94091,-3.05909,0.71818,-0.90000,-0.12414,-1.02414,normal
10.90000,-8.72857,-3.15714,0.91429,-0.90000,-0.10115,-1.00115,normal
10.92000,-8.53371,-3.28876,1.40000,-0.17204,0.30000,-0.67204,normal
10.94000,-8.60112,-3.26629,1.40000,-0.12903,0.30000,-0.62903,normal
10.96000,-8.66854,-3.24382,1.40000,-0.08602,0.30000,-0.58602,normal
10.98000,-8.73596,-3.22135,1.40000,-0.04301,0.30000,-0.54301,normal
11.00000,-8.70000,-3.00000,1.30000,0.00000,0.30000,-0.50000,normal
11.02000,-7.76333,-2.61222,1.87333,-0.02453,-0.01226,0.22453,normal
11.04000,-7.69667,-2.63444,2.00667,-0.06226,-0.03113,0.26226,normal
11.06000,-7.63000,-2.65667,2.14000,-0.10000,-0.05000,0.30000,normal
11.08000,-7.56333,-2.67889,2.27333,-0.13774,-0.06887,0.33774,normal
11.10000,-7.53333,-2.76667,2.53333,-0.17547,-0.08774,0.37547,normal
11.12000,-7.80000,-3.30000,2.70000,-0.74000,-0.14000,0.92000,normal
11.14000,-7.89351,-3.34675,2.37662,-0.80000,-0.10000,1.33333,normal
11.16000,-7.99740,-3.39870,2.35065,-0.80000,-0.10000,1.38889,normal
11.18000,-8.10130,-3.45065,2.32468,-0.80000,-0.10000,1.44444,normal
11.20000,-8.50000,-3.65000,2.20000,-0.80000,-0.10000,1.50000,normal
11.22000,-10.11505,-4.71505,1.05484,-0.37053,-0.11474,2.08526,normal
11.24000,-10.13656,-4.73656,0.99032,-0.32842,-0.13579,2.06421,normal
11.26000,-10.15806,-4.75806,0.92581,-0.28632,-0.15684,2.04316,normal
11.28000,-10.17957,-4.77957,0.86129,-0.24421,-0.17789,2.02211,normal
11.30000,-10.20000,-4.81667,0.78333,-0.20211,-0.19895,2.00105,normal
11.32000,-11.07978,-3.73371,0.81124,-0.12697,-0.17303,0.64607,normal
11.34000,-11.43933,-3.80112,0.83371,-0.17191,-0.12809,0.55618,normal
11.36000,-11.79888,-3.86854,0.85618,-0.21685,-0.08315,0.46629,normal
11.38000,-12.15843,-3.93596,0.87865,-0.26180,-0.03820,0.37640,normal
11.40000,-12.10000,-4.10000,1.05000,-0.80000,-0.20000,-0.40000,normal
11.42000,-9.77419,-4.75484,1.20000,-0.98411,0.00000,-0.91589,normal
11.44000,-9.45161,-4.69032,1.20000,-0.96542,0.00000,-0.93458,normal
11.46000,-9.12903,-4.62581,1.20000,-0.94673,0.00000,-0.95327,normal
11.48000,-8.80645,-4.56129,1.20000,-0.92804,0.00000,-0.97196,normal
11.50000,-8.15000,-4.40000,1.05000,-0.90935,0.00000,-0.99065,normal
11.52000,-7.90500,-3.80000,0.09750,-0.33000,0.19000,-1.20000,normal
11.54000,-8.00500,-3.80000,0.04750,0.46400,0.40000,-1.30000,normal
11.56000,-8.10500,-3.80000,-0.00250,0.54400,0.40000,-1.30000,normal
11.58000,-8.20500,-3.80000,-0.05250,0.62400,0.40000,-1.30000,normal
11.60000,-8.40000,-3.85000,-0.25000,0.90000,0.40000,-1.25000,normal
11.62000,-9.52903,-4.00000,-0.40000,2.24045,0.50000,-0.58652,normal
11.64000,-9.70108,-4.00000,-0.40000,2.30787,0.50000,-0.56404,normal
11.66000,-9.87312,-4.00000,-0.40000,2.37528,0.50000,-0.54157,normal
11.68000,-10.04516,-4.00000,-0.40000,2.44270,0.50000,-0.51910,normal
11.70000,-10.90000,-3.80000,-0.80000,2.65000,0.45000,-0.35000,normal
11.72000,-10.32935,-3.05761,-1.18587,2.05349,0.18837,-0.42326,normal
11.74000,-10.22065,-2.99239,-1.16413,1.96047,0.16512,-0.46977,normal
11.76000,-10.11196,-2.92717,-1.14239,1.86744,0.14186,-0.51628,normal
11.78000,-10.00326,-2.86196,-1.12065,1.77442,0.11860,-0.56279,normal
11.80000,-9.65000,-2.65000,-1.05000,0.80000,0.20000,-1.00000,normal
11.82000,-8.56875,-2.41563,-0.40000,0.28509,0.41491,-1.31491,normal
11.84000,-8.52708,-2.43646,-0.40000,0.26754,0.43246,-1.33246,normal
11.86000,-8.48542,-2.45729,-0.40000,0.25000,0.45000,-1.35000,normal
11.88000,-8.44375,-2.47813,-0.40000,0.23246,0.46754,-1.36754,normal
11.90000,-8.40208,-2.49896,-0.40000,0.21491,0.48509,-1.38509,normal
11.92000,-8.30000,-2.99091,-0.26364,0.20000,0.53000,-1.37000,normal
11.94000,-8.28082,-3.11918,-0.04247,0.61250,0.80000,-0.77500,normal
11.96000,-8.25342,-3.14658,0.03973,0.64375,0.80000,-0.71250,normal
11.98000,-8.22603,-3.17397,0.12192,0.67500,0.80000,-0.65000,normal
12.00000,-8.00000,-3.30000,0.50000,0.80000,0.75000,-0.45000,normal
12.02000,-8.56383,-2.81596,-0.11596,0.89048,0.70000,0.53810,normal
12.04000,-8.64894,-2.83723,-0.13723,0.86667,0.70000,0.63333,normal
12.06000,-8.73404,-2.85851,-0.15851,0.84286,0.70000,0.72857,normal
12.08000,-8.81915,-2.87979,-0.17979,0.81905,0.70000,0.82381,normal
12.10000,-9.20000,-3.20000,-0.30000,0.80000,0.76667,1.16667,normal
12.12000,-10.89574,-4.00000,1.39574,1.10000,0.80000,1.78696,normal
12.14000,-11.02340,-4.00000,1.52340,1.10000,0.80000,1.76522,normal
12.16000,-11.15106,-4.00000,1.65106,1.10000,0.80000,1.74348,normal
12.18000,-11.27872,-4.00000,1.77872,1.10000,0.80000,1.72174,normal
12.20000,-11.10000,-3.60000,2.60000,1.10000,0.80000,1.70000,normal
12.22000,-9.87556,-2.46333,2.51444,-0.06633,0.14694,0.87347,normal
12.24000,-9.83111,-2.39667,2.35889,-0.16837,0.06531,0.83265,normal
12.26000,-9.78667,-2.33000,2.20333,-0.27041,-0.01633,0.79184,normal
12.28000,-9.74222,-2.26333,2.04778,-0.37245,-0.09796,0.75102,normal
12.30000,-9.66000,-2.20000,1.82000,-0.47449,-0.17959,0.71020,normal
12.32000,-9.19294,-2.71412,0.12118,-1.70000,-0.70000,-0.20247,normal
12.34000,-9.16941,-2.76118,0.19176,-1.70000,-0.70000,-0.25185,normal
12.36000,-9.14588,-2.80824,0.26235,-1.70000,-0.70000,-0.30123,normal
12.38000,-9.12235,-2.85529,0.33294,-1.70000,-0.70000,-0.35062,normal
12.40000,-8.80000,-3.20000,0.20000,-1.70000,-0.70000,-0.40000,normal
12.42000,-9.61170,-3.92340,0.13511,-1.45217,-0.38804,-0.57609,normal
12.44000,-9.63298,-3.96596,0.19894,-1.36522,-0.36630,-0.53261,normal
12.46000,-9.65426,-4.00851,0.26277,-1.27826,-0.34457,-0.48913,normal
12.48000,-9.67553,-4.05106,0.32660,-1.19130,-0.32283,-0.44565,normal
12.50000,-9.69681,-4.09362,0.39043,-1.10435,-0.30109,-0.40217,normal
12.52000,-8.01075,-3.47849,0.15699,0.35333,0.11333,0.12667,normal
12.54000,-8.03226,-3.43548,0.07097,0.42952,0.13238,0.16476,normal
12.56000,-8.05376,-3.39247,-0.01505,0.50571,0.15143,0.20286,normal
12.58000,-8.07527,-3.34946,-0.10108,0.58190,0.17048,0.24095,normal
12.60000,-8.09677,-3.30645,-0.18710,0.65810,0.18952,0.27905,normal
12.62000,-9.61111,-3.12222,0.01111,0.80000,0.20000,0.50000,normal
12.64000,-9.63333,-3.16667,0.03333,0.67632,0.17632,0.60000,normal
12.66000,-9.65556,-3.21111,0.05556,0.65000,0.15000,0.60000,normal
12.68000,-9.67778,-3.25556,0.07778,0.62368,0.12368,0.60000,normal
12.70000,-9.70000,-3.30000,0.10000,0.50000,0.10000,0.58333,normal
12.72000,-9.30000,-2.72737,1.80000,0.16211,0.30000,0.27474,normal
12.74000,-9.30000,-2.76947,1.80000,0.09895,0.30000,0.23263,normal
12.76000,-9.30000,-2.81158,1.80000,0.03579,0.30000,0.19053,normal
12.78000,-9.30000,-2.85368,1.80000,-0.02737,0.30000,0.14842,normal
12.80000,-9.30000,-2.89579,1.80000,-0.09053,0.30000,0.10632,normal
12.82000,-7.95111,-3.90000,0.58778,0.52278,0.20380,0.10000,normal
12.84000,-7.86222,-3.90000,0.56556,0.67468,0.22911,0.10000,normal
12.86000,-7.77333,-3.90000,0.54333,0.82658,0.25443,0.10000,normal
12.88000,-7.68444,-3.90000,0.52111,0.97848,0.27975,0.10000,normal
12.90000,-7.65000,-3.85000,0.40000,1.84286,0.42857,0.32857,normal
12.92000,-7.97979,-2.72021,0.13191,2.78788,0.60000,0.60000,normal
12.94000,-8.08617,-2.61383,0.17447,2.76768,0.60000,0.60000,normal
12.96000,-8.19255,-2.50745,0.21702,2.74747,0.60000,0.60000,normal
12.98000,-8.29894,-2.40106,0.25957,2.72727,0.60000,0.60000,normal
13.00000,-8.55000,-2.15000,0.30000,2.70707,0.60000,0.60000,normal
13.02000,-13.26854,-4.00899,0.09551,0.86364,0.68182,0.70000,normal
13.04000,-13.11124,-4.05393,0.07303,0.47260,0.44521,0.70000,normal
13.06000,-12.95393,-4.09888,0.05056,0.41781,0.33562,0.70000,normal
13.08000,-12.79663,-4.14382,0.02809,0.36301,0.22603,0.70000,normal
13.10000,-12.63933,-4.18876,0.00562,0.30822,0.11644,0.70000,normal
13.12000,-8.25402,-2.74483,0.00920,0.32386,-0.18409,-0.53182,normal
13.14000,-8.13908,-2.60690,0.03218,0.39205,-0.13864,-0.62273,normal
13.16000,-8.02414,-2.46897,0.05517,0.46023,-0.09318,-0.71364,normal
13.18000,-7.90920,-2.33103,0.07816,0.52841,-0.04773,-0.80455,normal
13.20000,-7.85000,-2.20000,0.10000,0.59659,-0.00227,-0.89545,normal
13.22000,-10.66383,-3.23191,-0.23191,1.30000,0.48022,-1.80000,normal
13.24000,-10.79149,-3.29574,-0.29574,1.30000,0.43626,-1.80000,normal
13.26000,-10.91915,-3.35957,-0.35957,1.30000,0.39231,-1.80000,normal
13.28000,-11.04681,-3.42340,-0.42340,1.30000,0.34835,-1.80000,normal
13.30000,-11.17447,-3.48723,-0.48723,1.30000,0.30440,-1.80000,normal
13.32000,-10.99655,-2.21034,-1.51034,0.45294,-0.31176,-1.40000,normal
13.34000,-10.76667,-2.23333,-1.53333,0.37451,-0.33137,-1.40000,normal
13.36000,-10.53678,-2.25632,-1.55632,0.29608,-0.35098,-1.40000,normal
13.38000,-10.30690,-2.27931,-1.57931,0.21765,-0.37059,-1.40000,normal
13.40000,-10.06667,-2.36667,-1.63333,0.13922,-0.39020,-1.40000,normal
13.42000,-9.58272,-2.50000,-1.99506,-0.40000,-0.06000,-1.50000,normal
13.44000,-9.40988,-2.50000,-1.94568,-0.24000,0.16000,-1.60000,normal
13.46000,-9.23704,-2.50000,-1.89630,-0.16000,0.24000,-1.60000,normal
13.48000,-9.06420,-2.50000,-1.84691,-0.08000,0.32000,-1.60000,normal
13.50000,-8.70000,-2.50000,-1.40000,0.00000,0.40000,-1.60000,normal
13.52000,-8.26333,-2.81222,-0.21444,1.42444,1.08778,-1.06333,normal
13.54000,-8.19667,-2.83444,-0.05889,1.46889,1.06556,-0.99667,normal
13.56000,-8.13000,-2.85667,0.09667,1.51333,1.04333,-0.93000,normal
13.58000,-8.06333,-2.87889,0.25222,1.55778,1.02111,-0.86333,normal
13.60000,-7.70000,-2.80000,1.10000,1.60000,0.95000,-0.70000,normal
13.62000,-7.63956,-2.13407,1.30000,0.89792,0.57083,0.54375,normal
13.64000,-7.70549,-2.02418,1.30000,0.75208,0.52917,0.60625,normal
13.66000,-7.77143,-1.91429,1.30000,0.60625,0.48750,0.66875,normal
13.68000,-7.83736,-1.80440,1.30000,0.46042,0.44583,0.73125,normal
13.70000,-7.98571,-1.68571,1.28571,0.31458,0.40417,0.79375,normal
13.72000,-11.86180,-2.30112,0.88876,-1.22353,0.15294,2.41176,normal
13.74000,-12.98539,-2.50337,0.86629,-1.26275,0.07451,2.43137,normal
13.76000,-14.10899,-2.70562,0.84382,-1.30196,-0.00392,2.45098,normal
13.78000,-15.23258,-2.90787,0.82135,-1.34118,-0.08235,2.47059,normal
13.80000,-17.60000,-3.10000,-0.30000,-1.38039,-0.16078,2.49020,normal
13.82000,-11.55698,-2.46744,-0.20000,-2.34000,-1.47000,2.12000,normal
13.84000,-11.71977,-2.37442,-0.20000,-2.53600,-1.02133,1.57867,normal
13.86000,-11.88256,-2.28140,-0.20000,-2.45600,-1.04800,1.55200,normal
13.88000,-12.04535,-2.18837,-0.20000,-2.37600,-1.07467,1.52533,normal
13.90000,-11.40000,-2.10000,-0.50000,-2.30000,-1.25000,1.45000,normal
13.92000,-8.08830,-2.98404,-2.21596,-3.11209,-1.68791,1.38791,normal
13.94000,-7.93936,-2.96277,-2.23723,-3.13407,-1.66593,1.36593,normal
13.96000,-7.79043,-2.94149,-2.25851,-3.15604,-1.64396,1.34396,normal
13.98000,-7.64149,-2.92021,-2.27979,-3.17802,-1.62198,1.32198,normal
14.00000,-7.56000,-2.88000,-2.36000,-3.20000,-1.60000,1.30000,normal
14.02000,-8.46333,-3.13667,-2.53889,-2.78736,-0.96207,0.68736,normal
14.04000,-8.39667,-3.20333,-2.42778,-2.76437,-0.89310,0.66437,normal
14.06000,-8.33000,-3.27000,-2.31667,-2.74138,-0.82414,0.64138,normal
14.08000,-8.26333,-3.33667,-2.20556,-2.71839,-0.75517,0.61839,normal
14.10000,-8.00000,-3.80000,-1.60000,-2.42500,-0.32500,0.47500,normal
14.12000,-8.03226,-3.54839,-0.15161,-1.66907,0.51031,0.18969,normal
14.14000,-8.07527,-3.61290,-0.08710,-1.60722,0.53093,0.16907,normal
14.16000,-8.11828,-3.67742,-0.02258,-1.54536,0.55155,0.14845,normal
14.18000,-8.16129,-3.74194,0.04194,-1.48351,0.57216,0.12784,normal
14.20000,-8.50000,-3.80000,0.50000,-1.42165,0.59278,0.10722,normal
14.22000,-9.39036,-3.10964,0.80482,-1.09412,0.67647,0.02353,normal
14.24000,-9.34217,-3.15783,0.82892,-0.91857,0.78143,-0.21857,normal
14.26000,-9.29398,-3.20602,0.85301,-0.94714,0.75286,-0.24714,normal
14.28000,-9.24578,-3.25422,0.87711,-0.97571,0.72429,-0.27571,normal
14.30000,-9.15000,-3.45000,1.10000,-1.22500,0.60000,-0.20000,normal
14.32000,-9.46022,-3.42366,3.98602,-0.68736,0.48736,0.00000,normal
14.34000,-9.54624,-2.88602,4.39462,-0.66437,0.46437,0.00000,normal
14.36000,-9.63226,-2.34839,4.80323,-0.64138,0.44138,0.00000,normal
14.38000,-9.71828,-1.81075,5.21183,-0.61839,0.41839,0.00000,normal
14.40000,-9.80000,-1.40000,4.70000,-1.40000,0.20000,0.00000,normal
14.42000,-9.16383,-6.66809,0.50426,-1.76854,-0.20000,0.01011,normal
14.44000,-9.24894,-6.62553,0.37660,-1.47640,-0.20000,0.03258,normal
14.46000,-9.33404,-6.58298,0.24894,-1.18427,-0.20000,0.05506,normal
14.48000,-9.41915,-6.54043,0.12128,-0.89213,-0.20000,0.07753,normal
14.50000,-10.90000,-5.40000,-0.10000,-0.60000,-0.20000,0.10000,normal
14.52000,-11.66923,-3.20000,1.10000,1.84712,-0.18942,0.18942,normal
14.54000,-11.97692,-3.20000,1.10000,1.75096,-0.17019,0.17019,normal
14.56000,-12.28462,-3.20000,1.10000,1.65481,-0.15096,0.15096,normal
14.58000,-12.59231,-3.20000,1.10000,1.55865,-0.13173,0.13173,normal
14.60000,-12.90000,-3.20000,1.10000,1.46250,-0.11250,0.11250,normal
14.62000,-9.35000,-2.65000,1.10000,0.91000,-0.17000,-0.04000,normal
14.64000,-7.62308,-2.50000,0.85385,-1.20000,-0.58235,-1.31765,normal
14.66000,-7.64872,-2.50000,0.80256,-1.20000,-0.49412,-1.40588,normal
14.68000,-7.67436,-2.50000,0.75128,-1.20000,-0.40588,-1.49412,normal
14.70000,-7.70000,-2.50000,0.70000,-1.20000,-0.31765,-1.58235,normal
14.72000,-9.63256,-4.30814,-0.98372,-0.06429,0.10000,-1.79286,normal
14.74000,-9.72558,-4.33140,-0.93721,0.05476,0.10000,-1.76905,normal
14.76000,-9.81860,-4.35465,-0.89070,0.17381,0.10000,-1.74524,normal
14.78000,-9.91163,-4.37791,-0.84419,0.29286,0.10000,-1.72143,normal
14.80000,-10.10000,-4.00000,-0.90000,0.80000,0.10000,-1.50000,normal
14.82000,-9.35761,-2.75761,-0.68587,1.28679,-0.10000,-0.88679,normal
14.84000,-9.29239,-2.69239,-0.66413,1.26792,-0.10000,-0.86792,normal
14.86000,-9.22717,-2.62717,-0.64239,1.24906,-0.10000,-0.84906,normal
14.88000,-9.16196,-2.56196,-0.62065,1.23019,-0.10000,-0.83019,normal
14.90000,-8.80000,-2.30000,-0.50000,1.21132,-0.10000,-0.81132,normal
14.92000,-8.11136,-2.43409,-0.08864,0.19877,0.20123,-0.69877,normal
14.94000,-8.13409,-2.50227,-0.06591,0.17407,0.22593,-0.67407,normal
14.96000,-8.15682,-2.57045,-0.04318,0.14938,0.25062,-0.64938,normal
14.98000,-8.17955,-2.63864,-0.02045,0.12469,0.27531,-0.62469,normal
15.00000,-8.30000,-2.80000,0.00000,0.10000,0.30000,-0.60000,normal
15.02000,-8.28764,-3.04944,0.81236,0.42759,0.48621,0.02759,normal
15.04000,-8.26517,-3.13933,0.83483,0.47356,0.46322,0.07356,normal
15.06000,-8.24270,-3.22921,0.85730,0.51954,0.44023,0.11954,normal
15.08000,-8.22022,-3.31910,0.87978,0.56552,0.41724,0.16552,normal
15.10000,-7.90000,-3.70000,0.90000,1.35000,0.35000,0.50000,normal
15.12000,-7.83400,-2.33200,1.23400,2.15263,0.31579,0.93158,normal
15.14000,-7.87400,-2.25200,1.27400,2.08947,0.33684,0.97368,normal
15.16000,-7.91400,-2.17200,1.31400,2.02632,0.35789,1.01579,normal
15.18000,-7.95400,-2.09200,1.35400,1.96316,0.37895,1.05789,normal
15.20000,-7.99400,-2.01200,1.39400,1.90000,0.40000,1.10000,normal
15.22000,-9.78889,-2.03333,2.20000,-0.45660,0.60000,1.90943,normal
15.24000,-10.36667,-2.10000,2.20000,-0.56981,0.60000,1.92830,normal
15.26000,-10.94444,-2.16667,2.20000,-0.68302,0.60000,1.94717,normal
15.28000,-11.52222,-2.23333,2.20000,-0.79623,0.60000,1.96604,normal
15.30000,-12.10000,-2.30000,2.20000,-0.90943,0.60000,1.98491,normal
15.32000,-14.10244,-3.13902,0.20976,-2.20000,0.10000,2.10000,normal
15.34000,-13.61463,-3.33415,0.25854,-3.30952,-0.41905,1.88095,normal
15.36000,-13.12683,-3.52927,0.30732,-3.34127,-0.48254,1.81746,normal
15.38000,-12.63902,-3.72439,0.35610,-3.37302,-0.54603,1.75397,normal
15.40000,-11.60000,-4.50000,0.70000,-3.20000,-0.80000,1.20000,normal
15.42000,-8.27053,-3.68211,-0.01474,-2.78673,-0.78673,0.44694,normal
15.44000,-8.22842,-3.51368,-0.03579,-2.76633,-0.76633,0.36531,normal
15.46000,-8.18632,-3.34526,-0.05684,-2.74592,-0.74592,0.28367,normal
15.48000,-8.14421,-3.17684,-0.07789,-2.72551,-0.72551,0.20204,normal
15.50000,-8.10211,-3.00842,-0.09895,-2.70510,-0.70510,0.12041,normal
15.52000,-9.46667,-3.24000,-0.90000,-2.69036,-0.30000,-1.00964,normal
15.54000,-9.57778,-3.30667,-0.90000,-2.66627,-0.30000,-1.03373,normal
15.56000,-9.68889,-3.37333,-0.90000,-2.64217,-0.30000,-1.05783,normal
15.58000,-9.80000,-3.44000,-0.90000,-2.61807,-0.30000,-1.08193,normal
15.60000,-9.60000,-3.90000,-0.60000,-1.82857,-0.07143,-1.10000,normal
15.62000,-7.86632,-3.81579,0.75053,-0.74951,0.21262,-1.00000,normal
15.64000,-7.82421,-3.71053,0.81368,-0.67184,0.23204,-1.00000,normal
15.66000,-7.78211,-3.60526,0.87684,-0.59417,0.25146,-1.00000,normal
15.68000,-7.74000,-3.50000,0.94000,-0.51650,0.27087,-1.00000,normal
15.70000,-7.80000,-3.25000,1.05000,-0.43883,0.29029,-1.00000,normal
15.72000,-8.99744,-3.51026,0.29872,0.24000,0.23000,-0.73000,normal
15.74000,-8.94615,-3.71538,0.27308,1.10548,0.20000,-0.43836,normal
15.76000,-8.89487,-3.92051,0.24744,1.37945,0.20000,-0.35616,normal
15.78000,-8.84359,-4.12564,0.22179,1.65342,0.20000,-0.27397,normal
15.80000,-9.02000,-3.20000,2.22000,2.40000,0.10000,0.00000,normal
15.82000,-7.55714,-1.32857,4.35714,-0.24583,-0.47083,0.20000,normal
15.84000,-7.49121,-1.68022,4.13736,-0.45417,-0.42917,0.20000,normal
15.86000,-7.42527,-2.03187,3.91758,-0.66250,-0.38750,0.20000,normal
15.88000,-7.35934,-2.38352,3.69780,-0.87083,-0.34583,0.20000,normal
15.90000,-7.40000,-2.70000,3.30000,-1.07917,-0.30417,0.20000,normal
15.92000,-9.22967,-3.89011,1.55055,-0.98391,0.20000,0.91609,normal
15.94000,-9.29560,-3.86813,1.44066,-0.93793,0.20000,0.96207,normal
15.96000,-9.36154,-3.84615,1.33077,-0.89195,0.20000,1.00805,normal
15.98000,-9.42747,-3.82418,1.22088,-0.84598,0.20000,1.05402,normal
16.00000,-9.49341,-3.80220,1.11099,-0.80000,0.20000,1.10000,normal
16.02000,-12.12472,-3.18764,-0.37528,-1.31157,-0.22314,0.96529,normal
16.04000,-12.16966,-3.16517,-0.33034,-1.32810,-0.25620,0.91570,normal
16.06000,-12.21461,-3.14270,-0.28539,-1.34463,-0.28926,0.86612,normal
16.08000,-12.25955,-3.12022,-0.24045,-1.36116,-0.32231,0.81653,normal
16.10000,-13.15000,-3.45000,-0.10000,-1.37769,-0.35537,0.76694,normal
16.12000,-11.00000,-3.66552,-0.10000,-1.39421,-0.38843,0.71736,normal
16.14000,-7.50303,-3.76364,0.43636,-2.20000,-0.70000,-0.10000,normal
16.16000,-7.26061,-3.67273,0.52727,-2.00182,-0.60182,-0.36545,normal
16.18000,-7.01818,-3.58182,0.61818,-1.89273,-0.49273,-0.43818,normal
16.20000,-7.80000,-3.65000,0.70000,-1.40000,0.10000,-0.70000,normal
16.22000,-8.80000,-1.24737,1.60842,1.13258,0.37978,-0.61348,normal
16.24000,-8.80000,-1.45789,1.33474,0.90787,0.31236,-0.65843,normal
16.26000,-8.80000,-1.66842,1.06105,0.68315,0.24494,-0.70337,normal
16.28000,-8.80000,-1.87895,0.78737,0.45843,0.17753,-0.74831,normal
16.30000,-8.80000,-2.08947,0.51368,0.23371,0.11011,-0.79326,normal
16.32000,-10.20000,-3.50000,-0.41290,0.60000,-0.21222,-0.20000,normal
16.34000,-10.20000,-3.50000,-0.43441,0.60000,-0.23444,-0.20000,normal
16.36000,-10.20000,-3.50000,-0.45591,0.60000,-0.25667,-0.20000,normal
16.38000,-10.20000,-3.50000,-0.47742,0.60000,-0.27889,-0.20000,normal
16.40000,-10.20000,-3.50000,-0.49892,0.60000,-0.30000,-0.20000,normal
16.42000,-8.77333,-2.50000,0.61333,0.07363,-0.29121,-0.40879,normal
16.44000,-8.72889,-2.50000,0.63556,0.00769,-0.26923,-0.43077,normal
16.46000,-8.68444,-2.50000,0.65778,-0.05824,-0.24725,-0.45275,normal
16.48000,-8.64000,-2.50000,0.68000,-0.12418,-0.22527,-0.47473,normal
16.50000,-8.40000,-2.62000,0.49000,-0.19011,-0.20330,-0.49670,normal
16.52000,-8.60930,-3.20000,0.11860,-0.40000,-0.03077,-0.66923,normal
16.54000,-8.63256,-3.20000,0.16512,-0.16667,0.10000,-0.68333,normal
16.56000,-8.65581,-3.20000,0.21163,-0.11111,0.10000,-0.65556,normal
16.58000,-8.67907,-3.20000,0.25814,-0.05556,0.10000,-0.62778,normal
16.60000,-8.66000,-3.12000,0.34000,0.00000,0.10000,-0.60000,normal
16.62000,-8.61250,-2.28750,0.61250,-0.03023,-0.11512,-0.18488,normal
16.64000,-8.63523,-2.26477,0.63523,-0.07674,-0.13837,-0.16163,normal
16.66000,-8.65795,-2.24205,0.65795,-0.12326,-0.16163,-0.13837,normal
16.68000,-8.68068,-2.21932,0.68068,-0.16977,-0.18488,-0.11512,normal
16.70000,-9.00000,-2.60000,0.90000,-1.30208,-0.59688,0.50208,normal
16.72000,-8.68125,-2.78125,0.78750,-1.34375,-0.53438,0.54375,normal
16.74000,-8.66042,-2.76042,0.66250,-1.38542,-0.47187,0.58542,normal
16.76000,-8.63958,-2.73958,0.53750,-1.42708,-0.40938,0.62708,normal
16.78000,-8.61875,-2.71875,0.41250,-1.46875,-0.34688,0.66875,normal
16.80000,-12.30000,-3.10000,-0.70000,-1.73333,-0.33333,0.93333,normal
16.82000,-9.85319,-3.76809,0.23404,-1.79130,-0.48261,1.40870,normal
16.84000,-10.04468,-3.85319,0.27660,-1.76957,-0.43913,1.43043,normal
16.86000,-10.23617,-3.93830,0.31915,-1.74783,-0.39565,1.45217,normal
16.88000,-10.42766,-4.02340,0.36170,-1.72609,-0.35217,1.47391,normal
16.90000,-10.62727,-4.30909,0.93636,-1.70435,-0.30870,1.49565,normal
16.92000,-9.58333,-3.98333,2.24167,-0.45714,-0.34286,1.45714,normal
16.94000,-9.53571,-3.65000,2.07500,-0.32687,-0.51343,1.25970,normal
16.96000,-9.48810,-3.31667,1.90833,-0.38657,-0.54328,1.17015,normal
16.98000,-9.44048,-2.98333,1.74167,-0.44627,-0.57313,1.08060,normal
17.00000,-9.30000,-1.30000,0.90000,-1.20000,-0.90000,0.60000,normal
17.02000,-9.23482,-1.72321,-0.13482,-3.22301,-1.18850,-0.65752,normal
17.04000,-9.28839,-1.75893,-0.18839,-3.25841,-1.17080,-0.74602,normal
17.06000,-9.34196,-1.79464,-0.24196,-3.29381,-1.15310,-0.83451,normal
17.08000,-9.39554,-1.83036,-0.29554,-3.32920,-1.13540,-0.92301,normal
17.10000,-9.44911,-1.86607,-0.34911,-3.36460,-1.11770,-1.01150,normal
17.12000,-9.80000,-2.00000,-0.50000,-3.40000,-1.10000,-1.10000,normal
17.14000,-8.42857,-4.26857,0.75143,-2.41562,-0.88594,-1.45781,normal
17.16000,-8.14286,-4.38286,0.83714,-2.22813,-0.85469,-1.36406,normal
17.18000,-7.85714,-4.49714,0.92286,-2.04063,-0.82344,-1.27031,normal
17.20000,-7.20000,-3.95000,1.15000,-0.70000,-0.50000,-0.20000,normal
17.22000,-7.24894,-2.64894,0.90000,-0.50947,-0.50000,0.02842,normal
17.24000,-7.18511,-2.58511,0.90000,-0.53053,-0.50000,0.09158,normal
17.26000,-7.12128,-2.52128,0.90000,-0.55158,-0.50000,0.15474,normal
17.28000,-7.05745,-2.45745,0.90000,-0.57263,-0.50000,0.21789,normal
17.30000,-6.98182,-2.38182,0.93636,-0.59368,-0.50000,0.28105,normal
17.32000,-7.00000,-2.91829,1.50000,-1.10000,-0.30000,1.00000,normal
17.34000,-7.00000,-2.99146,1.50000,-1.07534,-0.20000,1.34932,normal
17.36000,-7.00000,-3.06463,1.50000,-1.04795,-0.20000,1.40411,normal
17.38000,-7.00000,-3.13780,1.50000,-1.02055,-0.20000,1.45890,normal
17.40000,-7.60000,-3.35000,1.25000,-0.80000,0.10000,2.20000,normal
17.42000,-10.82688,-4.10323,0.73118,-0.68081,0.23838,2.31919,normal
17.44000,-11.23548,-4.23226,0.64516,-0.66061,0.27879,2.33939,normal
17.46000,-11.64409,-4.36129,0.55914,-0.64040,0.31919,2.35960,normal
17.48000,-12.05269,-4.49032,0.47312,-0.62020,0.35960,2.37980,normal
17.50000,-15.10000,-6.50000,0.40000,-0.60000,0.40000,2.40000,normal
17.52000,-10.35532,-5.18298,0.62660,0.53061,-0.26939,1.40816,normal
17.54000,-10.18511,-4.92766,0.77553,0.57143,-0.22857,1.28571,normal
17.56000,-10.01489,-4.67234,0.92447,0.61224,-0.18776,1.16327,normal
17.58000,-9.84468,-4.41702,1.07340,0.65306,-0.14694,1.04082,normal
17.60000,-10.05000,-2.55000,2.20000,0.69388,-0.10612,0.91837,normal
17.62000,-8.29677,-2.60323,1.81398,0.12326,0.28721,-1.33837,normal
17.64000,-8.16774,-2.73226,1.70645,-0.01628,0.26395,-1.40814,normal
17.66000,-8.03871,-2.86129,1.59892,-0.15581,0.24070,-1.47791,normal
17.68000,-7.90968,-2.99032,1.49140,-0.29535,0.21744,-1.54767,normal
17.70000,-8.20000,-4.10000,0.45000,-0.80000,0.20000,-1.70000,normal
17.72000,-9.88298,-4.43191,-1.21702,0.10938,0.16875,-1.78437,normal
17.74000,-9.86170,-4.34681,-1.23830,0.25521,0.12708,-1.76354,normal
17.76000,-9.84043,-4.26170,-1.25957,0.40104,0.08542,-1.74271,normal
17.78000,-9.81915,-4.17660,-1.28085,0.54688,0.04375,-1.72187,normal
17.80000,-9.65000,-3.50000,-1.15000,0.69271,0.00208,-1.70104,normal
17.82000,-9.90000,-2.97727,-0.38864,1.77241,-0.10000,-1.08621,normal
17.84000,-9.90000,-2.93182,-0.36591,1.72644,-0.10000,-1.06322,normal
17.86000,-9.90000,-2.88636,-0.34318,1.68046,-0.10000,-1.04023,normal
17.88000,-9.90000,-2.84091,-0.32045,1.63448,-0.10000,-1.01724,normal
17.90000,-9.60000,-2.70000,-0.40000,1.10000,-0.05000,-0.90000,normal
17.92000,-9.04894,-2.81702,-0.48298,0.40000,0.20000,-1.01346,normal
17.94000,-8.98511,-2.83830,-0.46170,0.40000,0.20000,-1.03269,normal
17.96000,-8.92128,-2.85957,-0.44043,0.40000,0.20000,-1.05192,normal
17.98000,-8.85745,-2.88085,-0.41915,0.40000,0.20000,-1.07115,normal
18.00000,-8.60000,-2.90000,-0.25000,0.40000,0.20000,-1.09038,normal
18.02000,-8.39333,-2.79333,0.31333,0.60000,0.40000,-1.00000,normal
18.04000,-8.34889,-2.74889,0.40222,0.61807,0.40000,-0.98193,normal
18.06000,-8.30444,-2.70444,0.49111,0.64217,0.40000,-0.95783,normal
18.08000,-8.26000,-2.66000,0.58000,0.66627,0.40000,-0.93373,normal
18.10000,-8.21556,-2.61556,0.66889,0.69036,0.40000,-0.90964,normal
18.12000,-8.38171,-2.49268,1.80000,0.19302,0.19302,-0.28605,normal
18.14000,-8.25976,-2.44390,1.80000,0.16977,0.16977,-0.23953,normal
18.16000,-8.13780,-2.39512,1.80000,0.14651,0.14651,-0.19302,normal
18.18000,-8.01585,-2.34634,1.80000,0.12326,0.12326,-0.14651,normal
18.20000,-9.20000,-2.00000,1.00000,0.10000,0.10000,-0.10000,normal
18.22000,-10.03750,-3.06250,0.58750,-1.13614,-0.27590,1.46024,normal
18.24000,-10.28750,-3.17614,0.56477,-1.20843,-0.22771,1.58072,normal
18.26000,-10.53750,-3.28977,0.54205,-1.28072,-0.17952,1.70120,normal
18.28000,-10.78750,-3.40341,0.51932,-1.35301,-0.13133,1.82169,normal
18.30000,-9.50000,-4.10000,1.00000,-0.69352,-0.20000,3.00000,normal
18.32000,-9.53750,-4.61250,1.06250,-0.56389,-0.20000,3.00000,normal
18.34000,-9.57917,-4.73750,1.02083,-0.43426,-0.20000,3.00000,normal
18.36000,-9.62083,-4.86250,0.97917,-0.30463,-0.20000,3.00000,normal
18.38000,-9.66250,-4.98750,0.93750,-0.17500,-0.20000,3.00000,normal
18.40000,-9.25000,-5.10000,0.45000,-0.04537,-0.20000,3.00000,normal
18.42000,-9.74878,-3.05610,0.20000,0.83750,-0.17500,2.08750,normal
18.44000,-9.99268,-2.83659,0.20000,0.33846,-0.01538,1.10769,normal
18.46000,-10.23659,-2.61707,0.20000,0.21538,-0.04615,0.92308,normal
18.48000,-10.48049,-2.39756,0.20000,0.09231,-0.07692,0.73846,normal
18.50000,-10.25000,-1.40000,0.55000,-1.24545,-0.20000,-0.63636,normal
18.52000,-9.34894,-2.48511,0.70000,-2.22892,-0.20000,-1.31928,normal
18.54000,-9.28511,-2.59149,0.70000,-2.30120,-0.20000,-1.36747,normal
18.56000,-9.22128,-2.69787,0.70000,-2.37349,-0.20000,-1.41566,normal
18.58000,-9.15745,-2.80426,0.70000,-2.44578,-0.20000,-1.46386,normal
18.60000,-8.75000,-3.40000,0.20000,-2.60000,-0.20000,-1.60000,normal
18.62000,-8.68298,-3.36596,-0.16596,-2.25862,-0.21379,-1.47241,normal
18.64000,-8.66170,-3.32340,-0.12340,-2.18966,-0.23678,-1.42644,normal
18.66000,-8.64043,-3.28085,-0.08085,-2.12069,-0.25977,-1.38046,normal
18.68000,-8.61915,-3.23830,-0.03830,-2.05172,-0.28276,-1.33448,normal
18.70000,-8.00000,-3.15000,0.40000,-1.52000,-0.30000,-0.92000,normal
18.72000,-7.18400,-3.32000,3.26800,-0.81359,-0.41359,-0.14563,normal
18.74000,-7.16400,-3.22000,3.22800,-0.83301,-0.43301,-0.06796,normal
18.76000,-7.14400,-3.12000,3.18800,-0.85243,-0.45243,0.00971,normal
18.78000,-7.12400,-3.02000,3.14800,-0.87184,-0.47184,0.08738,normal
18.80000,-7.10400,-2.92000,3.10800,-0.89126,-0.49126,0.16505,normal
18.82000,-10.04000,-4.71000,2.09250,-1.54545,-0.41818,0.82727,normal
18.84000,-10.44000,-4.81000,2.01750,-0.89726,-0.42055,1.40000,normal
18.86000,-10.84000,-4.91000,1.94250,-0.76027,-0.44795,1.40000,normal
18.88000,-11.24000,-5.01000,1.86750,-0.62329,-0.47534,1.40000,normal
18.90000,-12.13333,-5.10000,1.40000,-0.36667,-0.53333,1.36667,normal
18.92000,-12.09778,-3.98444,0.52778,0.37556,-0.97556,0.56333,normal
18.94000,-11.78667,-3.80667,0.41667,0.33111,-0.93111,0.49667,normal
18.96000,-11.47556,-3.62889,0.30556,0.28667,-0.88667,0.43000,normal
18.98000,-11.16444,-3.45111,0.19444,0.24222,-0.84222,0.36333,normal
19.00000,-10.25000,-3.20000,0.40000,0.00000,-0.70000,0.10000,normal
19.02000,-7.68000,-3.10000,0.64667,-0.50000,-0.36854,-0.81573,normal
19.04000,-7.48000,-3.10000,0.55778,-0.50000,-0.32360,-0.83820,normal
19.06000,-7.28000,-3.10000,0.46889,-0.50000,-0.27865,-0.86067,normal
19.08000,-7.08000,-3.10000,0.38000,-0.50000,-0.23371,-0.88315,normal
19.10000,-6.95000,-3.40000,-0.30000,-0.57143,-0.05714,-0.90000,normal
19.12000,-7.73763,-4.53441,-1.58602,0.34952,0.20000,-0.47524,normal
19.14000,-7.90968,-4.57742,-1.69355,0.42571,0.20000,-0.43714,normal
19.16000,-8.08172,-4.62043,-1.80108,0.50190,0.20000,-0.39905,normal
19.18000,-8.25376,-4.66344,-1.90860,0.57810,0.20000,-0.36095,normal
19.20000,-9.00000,-4.88947,-2.30000,0.65429,0.20000,-0.32286,normal
19.22000,-8.96667,-4.20000,-2.03333,1.10000,0.20000,-0.14000,normal
19.24000,-9.21842,-3.92895,-1.80526,1.82027,0.42027,-0.12027,normal
19.26000,-9.35000,-3.85000,-1.70000,1.84730,0.44730,-0.14730,normal
19.28000,-9.48158,-3.77105,-1.59474,1.87432,0.47432,-0.17432,normal
19.30000,-10.10000,-3.40000,-1.00000,2.00000,0.70000,-0.40000,normal
19.32000,-9.76211,-3.31263,-1.21263,1.78437,0.91563,-1.13125,normal
19.34000,-9.69895,-3.33368,-1.23368,1.76354,0.93646,-1.17292,normal
19.36000,-9.63579,-3.35474,-1.25474,1.74271,0.95729,-1.21458,normal
19.38000,-9.57263,-3.37579,-1.27579,1.72188,0.97812,-1.25625,normal
19.40000,-9.50947,-3.39684,-1.29684,1.70104,0.99896,-1.29792,normal
19.42000,-10.17955,-2.91136,-0.14091,2.31398,1.20000,-1.91398,normal
19.44000,-10.33864,-2.93409,0.17727,2.33548,1.20000,-1.93548,normal
19.46000,-10.49773,-2.95682,0.49545,2.35699,1.20000,-1.95699,normal
19.48000,-10.65682,-2.97955,0.81364,2.37849,1.20000,-1.97849,normal
19.50000,-11.20000,-2.10000,1.30000,2.40000,1.20000,-2.00000,normal
19.52000,-10.01250,-0.36250,2.81250,0.62222,-0.00707,-1.87879,normal
19.54000,-10.21705,-0.29432,2.47159,0.40000,-0.02727,-1.81818,normal
19.56000,-10.42159,-0.22614,2.13068,0.17778,-0.04747,-1.75758,normal
19.58000,-10.62614,-0.15795,1.78977,-0.04444,-0.06768,-1.69697,normal
19.60000,-10.72105,-0.27368,1.43684,-0.26667,-0.08788,-1.63636,normal
19.62000,-6.55000,-4.10000,3.65000,-1.64444,-0.18889,-1.24444,normal
19.64000,-6.42500,-4.50000,3.95000,-1.82381,-0.38730,0.80159,normal
19.66000,-6.66184,-4.50000,3.79211,-1.63333,-0.35556,1.05556,normal
19.68000,-6.89868,-4.50000,3.63421,-1.44286,-0.32381,1.30952,normal
19.70000,-9.40000,-3.90000,1.10000,-0.10000,-0.70000,3.10000,normal
19.72000,-10.09787,-3.56383,-0.15106,0.00000,-1.03918,3.18041,normal
19.74000,-9.97021,-3.39362,-0.21489,0.00000,-1.08041,3.15979,normal
19.76000,-9.84255,-3.22340,-0.27872,0.00000,-1.12165,3.13918,normal
19.78000,-9.71489,-3.05319,-0.34255,0.00000,-1.16289,3.11856,normal
19.80000,-9.40000,-2.95000,0.40000,-0.40000,-1.30000,2.70000,normal
19.82000,-10.91333,-2.28556,0.31444,-0.70000,-0.68846,1.04231,normal
19.84000,-10.78000,-2.26333,0.33667,-0.70000,-0.66923,0.94615,normal
19.86000,-10.64667,-2.24111,0.35889,-0.70000,-0.65000,0.85000,normal
19.88000,-10.51333,-2.21889,0.38111,-0.70000,-0.63077,0.75385,normal
19.90000,-9.10000,-2.60000,0.70000,-0.70000,-0.61154,0.65769,normal
19.92000,-8.15109,-3.18370,0.23478,-1.70541,-0.00270,-0.40000,normal
19.94000,-8.08587,-3.16196,0.14783,-1.75946,-0.02973,-0.40000,normal
19.96000,-8.02065,-3.14022,0.06087,-1.81351,-0.05676,-0.40000,normal
19.98000,-7.95543,-3.11848,-0.02609,-1.86757,-0.08378,-0.40000,normal
20.00000,-8.00000,-3.10000,-1.00000,-2.00000,-0.18000,-0.12000,normal
20.02000,-8.01863,-3.41863,-0.46961,-1.66400,-0.21800,0.13600,normal
20.04000,-8.03824,-3.43824,-0.33235,-1.62400,-0.23800,0.17600,normal
20.06000,-8.05784,-3.45784,-0.19510,-1.58400,-0.25800,0.21600,normal
20.08000,-8.07745,-3.47745,-0.05784,-1.54400,-0.27800,0.25600,normal
20.10000,-8.09706,-3.49706,0.07941,-1.50400,-0.29800,0.29600,normal
20.12000,-7.63140,-4.21047,1.62093,-0.76163,-0.08721,1.22558,normal
20.14000,-7.70116,-4.23372,1.66744,-0.69186,-0.06395,1.27209,normal
20.16000,-7.77093,-4.25698,1.71395,-0.62209,-0.04070,1.31860,normal
20.18000,-7.84070,-4.28023,1.76047,-0.55233,-0.01744,1.36512,normal
20.20000,-9.50000,-4.80000,1.60000,0.20000,0.10000,1.40000,normal
20.22000,-11.29677,-5.03118,1.16559,0.40000,-0.03585,1.14623,normal
20.24000,-11.16774,-4.94516,1.12258,0.40000,-0.07358,1.08962,normal
20.26000,-11.03871,-4.85914,1.07957,0.40000,-0.11132,1.03302,normal
20.28000,-10.90968,-4.77312,1.03656,0.40000,-0.14906,0.97642,normal
20.30000,-12.50000,-4.00000,0.90000,0.40000,-0.18679,0.91981,normal
20.32000,-10.54574,-3.51809,1.42766,-0.46000,-0.30000,-0.47000,normal
20.34000,-10.48191,-3.53936,1.34255,-0.59744,-0.22692,-0.57308,normal
20.36000,-10.41809,-3.56064,1.25745,-0.70000,-0.15000,-0.65000,normal
20.38000,-10.35426,-3.58191,1.17234,-0.80256,-0.07308,-0.72692,normal
20.40000,-11.41429,-4.00000,1.05714,-1.10000,-0.10000,-1.00000,normal
20.42000,-7.65955,-4.11348,0.64607,-1.04348,0.01413,-1.30000,normal
20.44000,-7.59213,-4.13596,0.55618,-0.95652,0.03587,-1.30000,normal
20.46000,-7.52472,-4.15843,0.46629,-0.86957,0.05761,-1.30000,normal
20.48000,-7.45730,-4.18090,0.37640,-0.78261,0.07935,-1.30000,normal
20.50000,-7.40000,-4.20000,-0.50000,-0.40000,0.20000,-1.25000,normal
20.52000,-9.34468,-4.61809,-1.20000,1.99545,0.50000,-0.68409,normal
20.54000,-9.51489,-4.63936,-1.20000,2.13182,0.50000,-0.66136,normal
20.56000,-9.68511,-4.66064,-1.20000,2.26818,0.50000,-0.63864,normal
20.58000,-9.85532,-4.68191,-1.20000,2.40455,0.50000,-0.61591,normal
20.60000,-10.60000,-4.10000,-1.30000,2.75000,0.15000,-0.60000,normal
20.62000,-10.17340,-2.77340,-0.82766,2.51038,0.10000,-0.73585,normal
20.64000,-10.02447,-2.62447,-0.74255,2.41604,0.10000,-0.77358,normal
20.66000,-9.87553,-2.47553,-0.65745,2.32170,0.10000,-0.81132,normal
20.68000,-9.72660,-2.32660,-0.57234,2.22736,0.10000,-0.84906,normal
20.70000,-8.90000,-1.50000,-0.20000,2.13302,0.10000,-0.88679,normal
20.72000,-8.49000,-2.11000,-0.10000,0.50000,0.30000,-1.60000,normal
20.74000,-8.44000,-2.16000,-0.10000,0.05200,0.32400,-1.60000,normal
20.76000,-8.39000,-2.21000,-0.10000,-0.00133,0.35067,-1.60000,normal
20.78000,-8.34000,-2.26000,-0.10000,-0.05467,0.37733,-1.60000,normal
20.80000,-8.10000,-3.00000,-0.10000,-0.10000,0.50000,-1.30000,normal
20.82000,-8.00000,-3.27143,0.21429,0.02951,0.50000,-1.05574,normal
20.84000,-8.00000,-3.23782,0.23109,0.06230,0.50000,-1.00656,normal
20.86000,-8.00000,-3.20420,0.24790,0.09508,0.50000,-0.95738,normal
20.88000,-8.00000,-3.17059,0.26471,0.12787,0.50000,-0.90820,normal
20.90000,-8.00000,-3.13697,0.28151,0.16066,0.50000,-0.85902,normal
20.92000,-8.00000,-3.10336,0.29832,0.19344,0.50000,-0.80984,normal
20.94000,-9.01429,-2.61429,0.64286,0.17333,0.28667,0.22667,normal
20.96000,-9.04286,-2.64286,0.72857,0.12000,0.26000,0.28000,normal
20.98000,-9.07143,-2.67143,0.81429,0.06667,0.23333,0.33333,normal
21.00000,-9.10000,-2.70000,0.90000,0.01333,0.20667,0.38667,normal
21.02000,-9.66747,-3.89036,1.69036,-0.50000,0.09405,2.10595,normal
21.04000,-9.83614,-3.86627,1.66627,-0.50000,0.07024,2.12976,normal
21.06000,-10.00482,-3.84217,1.64217,-0.50000,0.04643,2.15357,normal
21.08000,-10.17349,-3.81807,1.61807,-0.50000,0.02262,2.17738,normal
21.10000,-10.20000,-4.00000,1.53333,-0.49412,-0.00588,2.20588,normal
21.12000,-10.06129,-4.72581,1.43548,-0.29259,-0.20370,2.29630,normal
21.14000,-9.99677,-4.76882,1.32796,-0.24321,-0.22840,2.27160,normal
21.16000,-9.93226,-4.81183,1.22043,-0.19383,-0.25309,2.24691,normal
21.18000,-9.86774,-4.85484,1.11290,-0.14444,-0.27778,2.22222,normal
21.20000,-9.80323,-4.89785,1.00538,0.10000,-0.50000,2.00000,normal
21.22000,-10.10000,-2.61333,0.54333,-0.11023,-0.31023,0.64886,normal
21.24000,-10.10000,-2.48000,0.61000,-0.13295,-0.33295,0.53523,normal
21.26000,-10.10000,-2.34667,0.67667,-0.15568,-0.35568,0.42159,normal
21.28000,-10.10000,-2.21333,0.74333,-0.17841,-0.37841,0.30795,normal
21.30000,-10.10000,-2.05000,0.95000,-0.30000,-0.35000,-0.05000,normal
21.32000,-8.74607,-3.14045,1.25955,-1.64773,-0.30000,-1.20000,normal
21.34000,-8.65618,-3.20787,1.19213,-1.71591,-0.30000,-1.20000,normal
21.36000,-8.56629,-3.27528,1.12472,-1.78409,-0.30000,-1.20000,normal
21.38000,-8.47640,-3.34270,1.05730,-1.85227,-0.30000,-1.20000,normal
21.40000,-8.00000,-3.40000,0.10000,-1.50000,-0.20000,-1.00000,normal
21.42000,-7.71720,-3.31720,0.03441,-1.22621,-0.18155,-0.86311,normal
21.44000,-7.73871,-3.33871,0.07742,-1.14854,-0.16214,-0.82427,normal
21.46000,-7.76022,-3.36022,0.12043,-1.07087,-0.14272,-0.78544,normal
21.48000,-7.78172,-3.38172,0.16344,-0.99320,-0.12330,-0.74660,normal
21.50000,-7.57000,-3.20000,0.55000,-0.91553,-0.10388,-0.70777,normal
21.52000,-6.92530,-3.00000,1.50000,-0.20000,-0.10000,-0.20000,normal
21.54000,-6.99759,-3.00000,1.50000,-0.10000,-0.07639,0.34722,normal
21.56000,-7.06988,-3.00000,1.50000,-0.10000,-0.04861,0.40278,normal
21.58000,-7.14217,-3.00000,1.50000,-0.10000,-0.02083,0.45833,normal
21.60000,-8.40000,-3.22000,1.32000,-0.30000,0.10000,0.91667,normal
21.62000,-10.29783,-3.83261,0.98370,-0.28506,0.08506,1.10000,normal
21.64000,-10.42826,-3.87609,0.96196,-0.26207,0.06207,1.10000,normal
21.66000,-10.55870,-3.91957,0.94022,-0.23908,0.03908,1.10000,normal
21.68000,-10.68913,-3.96304,0.91848,-0.21609,0.01609,1.10000,normal
21.70000,-13.30000,-4.30000,0.60000,-0.20000,0.10000,1.00000,normal
21.72000,-11.68211,-3.98211,0.88211,-0.01596,-0.20000,0.46809,normal
21.74000,-11.66105,-3.96105,0.86105,-0.03723,-0.20000,0.42553,normal
21.76000,-11.64000,-3.94000,0.84000,-0.05851,-0.20000,0.38298,normal
21.78000,-11.61895,-3.91895,0.81895,-0.07979,-0.20000,0.34043,normal
21.80000,-10.70000,-3.70000,1.00000,-0.15000,-0.25000,0.15000,normal
21.82000,-8.44607,-3.20000,1.35955,-0.41456,-0.01456,-0.61456,normal
21.84000,-8.35618,-3.20000,1.29213,-0.43398,-0.03398,-0.63398,normal
21.86000,-8.26629,-3.20000,1.22472,-0.45340,-0.05340,-0.65340,normal
21.88000,-8.17640,-3.20000,1.15730,-0.47282,-0.07282,-0.67282,normal
21.90000,-7.80000,-3.26000,0.80000,-0.49223,-0.09223,-0.69223,normal
21.92000,-8.60375,-4.50750,-0.61125,-0.42941,-0.02941,-0.70000,normal
21.94000,-8.62875,-4.55750,-0.68625,0.77619,0.01270,-0.37460,normal
21.96000,-8.65375,-4.60750,-0.76125,0.96667,0.04444,-0.31111,normal
21.98000,-8.67875,-4.65750,-0.83625,1.15714,0.07619,-0.24762,normal
22.00000,-9.15000,-4.45000,-1.15000,1.65714,0.10000,-0.12857,normal
22.02000,-9.25200,-3.42000,-0.96800,2.38700,0.20000,-0.12600,normal
22.04000,-9.19200,-3.32000,-0.92800,2.36700,0.20000,-0.16600,normal
22.06000,-9.13200,-3.22000,-0.88800,2.34700,0.20000,-0.20600,normal
22.08000,-9.07200,-3.12000,-0.84800,2.32700,0.20000,-0.24600,normal
22.10000,-9.01200,-3.02000,-0.80800,2.30700,0.20000,-0.28600,normal
22.12000,-8.81047,-2.81047,-0.50000,1.18621,0.50000,-0.90690,normal
22.14000,-8.83372,-2.83372,-0.50000,1.14023,0.50000,-0.92989,normal
22.16000,-8.85698,-2.85698,-0.50000,1.09425,0.50000,-0.95287,normal
22.18000,-8.88023,-2.88023,-0.50000,1.04828,0.50000,-0.97586,normal
22.20000,-9.00000,-3.10000,-0.40000,1.00230,0.50000,-0.99885,normal
22.22000,-9.18462,-2.95385,0.21538,0.78796,0.48796,-1.00000,normal
22.24000,-9.16264,-2.88791,0.23736,0.76944,0.46944,-1.00000,normal
22.26000,-9.14066,-2.82198,0.25934,0.75093,0.45093,-1.00000,normal
22.28000,-9.11868,-2.75604,0.28132,0.73241,0.43241,-1.00000,normal
22.30000,-9.10000,-2.67273,0.31364,0.71389,0.41389,-1.00000,normal
22.32000,-9.30000,-2.50000,0.60000,0.12000,0.36000,-0.86000,normal
22.34000,-9.63425,-2.64384,0.96575,-0.24571,0.20000,-0.65429,normal
22.36000,-9.55205,-2.69863,1.04795,-0.30286,0.20000,-0.59714,normal
22.38000,-9.46986,-2.75342,1.13014,-0.36000,0.20000,-0.54000,normal
22.40000,-10.30000,-3.10000,1.10000,-0.46667,0.30000,0.20000,normal
22.42000,-9.67449,-3.66531,1.75204,-0.30000,-0.08571,0.74286,normal
22.44000,-9.40918,-3.62449,1.81327,-0.30000,-0.06374,0.80879,normal
22.46000,-9.14388,-3.58367,1.87449,-0.30000,-0.04176,0.87473,normal
22.48000,-8.87857,-3.54286,1.93571,-0.30000,-0.01978,0.94066,normal
22.50000,-8.61327,-3.50204,1.99694,-0.30000,0.00000,1.20000,normal
22.52000,-9.45618,-3.32921,1.18539,-0.20000,-0.21717,1.50000,normal
22.54000,-9.38876,-3.37416,1.16292,-0.20000,-0.23737,1.50000,normal
22.56000,-9.32135,-3.41910,1.14045,-0.20000,-0.25758,1.50000,normal
22.58000,-9.25393,-3.46404,1.11798,-0.20000,-0.27778,1.50000,normal
22.60000,-7.96667,-3.03333,0.43333,-0.20000,-0.29798,1.50000,normal
22.62000,-9.38280,-2.70000,-0.05484,-0.42472,-0.40000,0.96292,normal
22.64000,-9.59785,-2.70000,-0.11935,-0.46966,-0.40000,0.89551,normal
22.66000,-9.81290,-2.70000,-0.18387,-0.51461,-0.40000,0.82809,normal
22.68000,-10.02796,-2.70000,-0.24839,-0.55955,-0.40000,0.76067,normal
22.70000,-10.41429,-2.74286,-0.37143,-0.80000,-0.40000,0.40000,normal
22.72000,-8.99775,-3.44382,0.15843,-1.40000,-0.28370,-0.20000,normal
22.74000,-8.84045,-3.51124,0.24831,-1.40000,-0.26196,-0.20000,normal
22.76000,-8.68315,-3.57865,0.33820,-1.40000,-0.24022,-0.20000,normal
22.78000,-8.52584,-3.64607,0.42809,-1.40000,-0.21848,-0.20000,normal
22.80000,-7.60000,-3.35000,0.40000,-1.00000,0.00000,-0.10000,normal
22.82000,-8.17312,-2.96344,0.00000,-0.48222,0.10000,0.00000,normal
22.84000,-8.25914,-2.92043,0.00000,-0.46000,0.10000,0.00000,normal
22.86000,-8.34516,-2.87742,0.00000,-0.43778,0.10000,0.00000,normal
22.88000,-8.43118,-2.83441,0.00000,-0.41556,0.10000,0.00000,normal
22.90000,-8.95000,-2.80000,0.75000,-1.20000,-0.20000,0.20000,normal
22.92000,-8.26344,-3.17312,1.01828,-1.23846,-0.20000,0.21923,normal
22.94000,-8.22043,-3.25914,1.03978,-1.27692,-0.20000,0.23846,normal
22.96000,-8.17742,-3.34516,1.06129,-1.31538,-0.20000,0.25769,normal
22.98000,-8.13441,-3.43118,1.08280,-1.35385,-0.20000,0.27692,normal
23.00000,-8.00000,-3.90000,1.40000,-1.39231,-0.20000,0.29615,normal
23.02000,-9.25833,-4.70000,1.47500,-0.19467,0.20000,0.80000,normal
23.04000,-9.42500,-4.70000,1.40357,-0.08800,0.20000,0.80000,normal
23.06000,-9.59167,-4.70000,1.33214,0.01867,0.20000,0.80000,normal
23.08000,-9.75833,-4.70000,1.26071,0.12533,0.20000,0.80000,normal
23.10000,-10.20000,-4.20000,0.70000,0.88000,0.04000,0.56000,normal
23.12000,-12.94409,-3.86344,0.55484,0.76404,0.12809,0.36404,normal
23.14000,-12.64301,-3.82043,0.61935,0.71910,0.03820,0.31910,normal
23.16000,-12.34194,-3.77742,0.68387,0.67416,-0.05169,0.27416,normal
23.18000,-12.04086,-3.73441,0.74839,0.62921,-0.14157,0.22921,normal
23.20000,-11.10000,-3.80000,0.60000,-0.13333,-0.20000,-0.43333,normal
23.22000,-9.26452,-3.51935,0.76129,-0.30000,-0.36322,-0.73678,normal
23.24000,-9.11398,-3.54086,0.71828,-0.30000,-0.31724,-0.78276,normal
23.26000,-8.96344,-3.56237,0.67527,-0.30000,-0.27126,-0.82874,normal
23.28000,-8.81290,-3.58387,0.63226,-0.30000,-0.22529,-0.87471,normal
23.30000,-7.10000,-3.50000,0.30000,-0.16667,-0.03333,-1.13333,normal
23.32000,-7.20417,-3.62500,0.11250,0.55385,0.31538,-1.08462,normal
23.34000,-7.30833,-3.75000,-0.07500,0.74615,0.33462,-1.06538,normal
23.36000,-7.41250,-3.87500,-0.26250,0.93846,0.35385,-1.04615,normal
23.38000,-7.51667,-4.00000,-0.45000,1.13077,0.37308,-1.02692,normal
23.40000,-7.73333,-4.23333,-0.93333,1.32308,0.39231,-1.00769,normal
23.42000,-10.48193,-4.55783,-1.88193,2.57778,0.52222,-0.32222,normal
23.44000,-10.40964,-4.38916,-1.80964,2.92329,0.27671,-0.10000,normal
23.46000,-10.33735,-4.22048,-1.73735,2.95068,0.24932,-0.10000,normal
23.48000,-10.26506,-4.05181,-1.66506,2.97808,0.22192,-0.10000,normal
23.50000,-10.20000,-3.40000,-1.40000,2.92000,0.20000,-0.18000,normal
23.52000,-9.95161,-1.38387,-0.73548,1.29684,0.00000,-1.02947,normal
23.54000,-9.88710,-1.36237,-0.64946,1.14947,0.00000,-1.07158,normal
23.56000,-9.82258,-1.34086,-0.56344,1.00211,0.00000,-1.11368,normal
23.58000,-9.75806,-1.31935,-0.47742,0.85474,0.00000,-1.15579,normal
23.60000,-9.40000,-1.60000,-0.20000,0.70737,0.00000,-1.19789,normal
23.62000,-8.27674,-2.52326,0.18837,-0.91412,0.30000,-1.58588,normal
23.64000,-8.23023,-2.56977,0.16512,-0.93765,0.30000,-1.56235,normal
23.66000,-8.18372,-2.61628,0.14186,-0.96118,0.30000,-1.53882,normal
23.68000,-8.13721,-2.66279,0.11860,-0.98471,0.30000,-1.51529,normal
23.70000,-7.80000,-3.20000,-0.35000,0.10000,0.60000,-0.50000,normal
23.72000,-8.25684,-3.08105,-0.26211,0.11961,0.58039,-0.44118,normal
23.74000,-8.32000,-3.06000,-0.22000,0.13922,0.56078,-0.38235,normal
23.76000,-8.38316,-3.03895,-0.17789,0.15882,0.54118,-0.32353,normal
23.78000,-8.44632,-3.01789,-0.13579,0.17843,0.52157,-0.26471,normal
23.80000,-8.60000,-3.00000,0.80000,0.19804,0.50196,-0.20588,normal
23.82000,-8.26353,-3.18941,1.77882,0.20000,0.40000,0.90000,normal
23.84000,-8.40471,-3.16588,1.73176,0.10000,0.44800,1.37200,normal
23.86000,-8.54588,-3.14235,1.68471,0.10000,0.50133,1.45200,normal
23.88000,-8.68706,-3.11882,1.63765,0.10000,0.55467,1.53200,normal
23.90000,-10.80000,-3.34000,1.44000,0.04000,0.60000,1.78000,normal
23.92000,-10.46444,-3.48444,2.36000,-0.02889,0.17111,2.08556,normal
23.94000,-10.84222,-3.46222,2.16000,-0.07333,0.12667,2.06333,normal
23.96000,-11.22000,-3.44000,1.96000,-0.11778,0.08222,2.04111,normal
23.98000,-11.59778,-3.41778,1.76000,-0.16222,0.03778,2.01889,normal
24.00000,-11.08000,-2.98000,1.46000,-0.13333,-0.43333,1.66667,normal
24.02000,-9.89111,-1.62222,1.90667,-1.26437,-0.94483,0.95517,normal
24.04000,-9.73556,-1.51111,1.77333,-1.51724,-1.01379,0.88621,normal
24.06000,-9.58000,-1.40000,1.64000,-1.77011,-1.08276,0.81724,normal
24.08000,-9.42444,-1.28889,1.50667,-2.02299,-1.15172,0.74828,normal
24.10000,-8.95000,-2.50000,-0.50000,-3.90000,-1.30000,0.06667,normal
24.12000,-9.48191,-3.82660,-1.47234,-3.98273,-1.30000,-0.03455,normal
24.14000,-9.46064,-3.97553,-1.55745,-3.96455,-1.30000,-0.07091,normal
24.16000,-9.43936,-4.12447,-1.64255,-3.94636,-1.30000,-0.10727,normal
24.18000,-9.41809,-4.27340,-1.72766,-3.92818,-1.30000,-0.14364,normal
24.20000,-9.00000,-4.90000,-1.90000,-3.91000,-1.30000,-0.18000,normal
24.22000,-7.10000,-4.50000,-0.80000,-2.95556,-1.12222,-0.37778,normal
24.24000,-7.10000,-4.31579,-0.72105,-1.05373,-0.53731,-0.40000,normal
24.26000,-7.10000,-4.13158,-0.64211,-0.84478,-0.44776,-0.40000,normal
24.28000,-7.10000,-3.94737,-0.56316,-0.63582,-0.35821,-0.40000,normal
24.30000,-8.25000,-2.75000,-0.80000,0.12500,0.08750,-0.40000,normal
24.32000,-8.88085,-2.73830,-1.10000,-0.14667,0.40000,-0.50000,normal
24.34000,-8.85957,-2.78085,-1.10000,-0.21333,0.40000,-0.50000,normal
24.36000,-8.83830,-2.82340,-1.10000,-0.28000,0.40000,-0.50000,normal
24.38000,-8.81702,-2.86596,-1.10000,-0.34667,0.40000,-0.50000,normal
24.40000,-8.06000,-3.38000,-0.42000,-0.60000,0.60000,-0.30000,normal
24.42000,-8.03111,-3.90000,0.33111,-0.12766,0.91809,0.03617,normal
24.44000,-8.07556,-3.90000,0.37556,-0.04255,0.93936,0.07872,normal
24.46000,-8.12000,-3.90000,0.42000,0.04255,0.96064,0.12128,normal
24.48000,-8.16444,-3.90000,0.46444,0.12766,0.98191,0.16383,normal
24.50000,-9.66667,-4.08333,2.50000,0.75000,1.15000,0.45000,normal
24.52000,-10.77143,-2.65714,6.18571,-1.97477,0.74299,-0.40841,normal
24.54000,-10.57363,-3.82198,5.08681,-2.36729,0.51869,-0.27757,normal
24.56000,-10.37582,-4.98681,3.98791,-2.75981,0.29439,-0.14673,normal
24.58000,-10.17802,-6.15165,2.88901,-3.15234,0.07009,-0.01589,normal
24.60000,-9.75556,-7.44444,1.21111,-3.54486,-0.15421,0.11495,normal
24.62000,-11.20000,-5.70000,0.20000,-3.38000,-0.30000,-0.08000,normal
24.64000,-12.69189,-4.01622,0.60000,3.64194,0.32742,0.37097,normal
24.66000,-12.01622,-4.36757,0.60000,3.51290,0.16613,0.30645,normal
24.68000,-11.34054,-4.71892,0.60000,3.38387,0.00484,0.24194,normal
24.70000,-10.70000,-1.20000,0.50000,2.90000,-0.30000,0.40000,normal
24.72000,-9.32947,-1.89474,0.64316,-0.27708,-0.61771,0.04688,normal
24.74000,-9.14000,-2.00000,0.58000,-0.48542,-0.63854,-0.01563,normal
24.76000,-8.95053,-2.10526,0.51684,-0.69375,-0.65938,-0.07813,normal
24.78000,-8.76105,-2.21053,0.45368,-0.90208,-0.68021,-0.14063,normal
24.80000,-8.00000,-4.20000,-1.20000,-1.35000,-0.60000,-0.25000,normal
24.82000,-7.65484,-4.98065,-1.61935,0.35667,-0.03000,-0.37667,normal
24.84000,-7.91290,-4.94839,-1.65161,0.72333,0.07000,-0.34333,normal
24.86000,-8.17097,-4.91613,-1.68387,1.09000,0.17000,-0.31000,normal
24.88000,-10.18739,-3.57479,-0.98319,3.28485,0.49697,0.20000,normal
24.90000,-10.13697,-3.47395,-0.91597,3.20909,0.48182,0.20000,normal
24.92000,-10.08655,-3.37311,-0.84874,3.13333,0.46667,0.20000,normal
24.94000,-10.03613,-3.27227,-0.78151,3.05758,0.45152,0.20000,normal
24.96000,-9.98571,-3.17143,-0.71429,2.98182,0.43636,0.20000,normal
24.98000,-9.93529,-3.07059,-0.64706,2.90606,0.42121,0.20000,normal
25.00000,-9.65000,-2.90000,-0.40000,2.83030,0.40606,0.20000,normal
25.02000,-8.99630,-2.49630,0.10000,1.07701,0.30000,-0.50920,normal
25.04000,-8.97160,-2.47160,0.10000,0.96207,0.30000,-0.55517,normal
25.06000,-8.94691,-2.44691,0.10000,0.84713,0.30000,-0.60115,normal
25.08000,-8.92222,-2.42222,0.10000,0.73218,0.30000,-0.64713,normal
25.10000,-9.00000,-2.40000,-0.10000,0.61724,0.30000,-0.69310,normal
25.12000,-9.49059,-3.10000,-0.26235,-0.29250,0.30000,-1.40000,normal
25.14000,-9.46706,-3.10000,-0.16824,-0.26750,0.30000,-1.40000,normal
25.16000,-9.44353,-3.10000,-0.07412,-0.24250,0.30000,-1.40000,normal
25.18000,-9.42000,-3.10000,0.02000,-0.21750,0.30000,-1.40000,normal
25.20000,-9.40000,-3.00000,0.40000,-0.20000,0.30000,-1.40000,normal
25.22000,-9.18172,-2.78172,0.53656,-0.10000,0.28617,-1.08617,normal
25.24000,-9.16022,-2.76022,0.57957,-0.10000,0.26489,-1.06489,normal
25.26000,-9.13871,-2.73871,0.62258,-0.10000,0.24362,-1.04362,normal
25.28000,-9.11720,-2.71720,0.66559,-0.10000,0.22234,-1.02234,normal
25.30000,-8.95000,-2.80000,1.35000,-0.10000,0.20106,-1.00106,normal
25.32000,-8.42609,-2.70000,1.71848,-0.10000,0.01250,-0.13750,normal
25.34000,-8.33913,-2.70000,1.74022,-0.12535,0.00000,-0.02394,normal
25.36000,-8.25217,-2.70000,1.76196,-0.15352,0.00000,0.06056,normal
25.38000,-8.16522,-2.70000,1.78370,-0.18169,0.00000,0.14507,normal
25.40000,-10.80000,-2.70000,0.90000,-0.56000,-0.06000,1.12000,normal
25.42000,-11.19362,-3.21915,0.75745,-0.83579,-0.51789,1.53579,normal
25.44000,-10.85319,-3.24043,0.82128,-0.87789,-0.53895,1.57789,normal
25.46000,-10.51277,-3.26170,0.88511,-0.92000,-0.56000,1.62000,normal
25.48000,-10.17234,-3.28298,0.94894,-0.96211,-0.58105,1.66211,normal
25.50000,-10.03333,-3.16667,0.93333,-1.20000,-0.60000,2.00000,normal
25.52000,-9.37303,-3.44382,0.27079,-1.48367,-0.88367,2.08367,normal
25.54000,-9.48539,-3.51124,0.22584,-1.46327,-0.86327,2.06327,normal
25.56000,-9.59775,-3.57865,0.18090,-1.44286,-0.84286,2.04286,normal
25.58000,-9.71011,-3.64607,0.13596,-1.42245,-0.82245,2.02245,normal
25.60000,-10.08571,-3.87143,0.04286,-1.40204,-0.80204,2.00204,normal
25.62000,-10.19091,-3.34545,-0.30000,-1.52330,-1.00000,0.85340,normal
25.64000,-10.00909,-3.25455,-0.30000,-1.56214,-1.00000,0.77573,normal
25.66000,-9.82727,-3.16364,-0.30000,-1.60097,-1.00000,0.69806,normal
25.68000,-9.64545,-3.07273,-0.30000,-1.63981,-1.00000,0.62039,normal
25.70000,-9.20000,-2.45000,-0.65000,-1.67864,-1.00000,0.54272,normal
25.72000,-9.60000,-2.60000,-0.80000,-2.36667,-0.73333,-0.33333,normal
25.74000,-9.60000,-2.65263,-0.80000,-2.61094,-0.50000,-0.81094,normal
25.76000,-9.60000,-2.70526,-0.80000,-2.64219,-0.50000,-0.84219,normal
25.78000,-9.60000,-2.75789,-0.80000,-2.67344,-0.50000,-0.87344,normal
25.80000,-8.58000,-3.12000,-0.46000,-2.40000,-0.30000,-1.00000,normal
25.82000,-7.56889,-3.16889,0.10000,-2.04375,-0.28125,-0.88125,normal
25.84000,-7.52444,-3.12444,0.10000,-1.98125,-0.26042,-0.86042,normal
25.86000,-7.48000,-3.08000,0.10000,-1.91875,-0.23958,-0.83958,normal
25.88000,-7.43556,-3.03556,0.10000,-1.85625,-0.21875,-0.81875,normal
25.90000,-7.55000,-3.00000,0.11667,-1.50000,-0.20000,-0.50000,normal
25.92000,-8.34157,-3.10000,0.42921,-1.30000,-0.11702,0.15106,normal
25.94000,-8.25169,-3.10000,0.47416,-1.30000,-0.13830,0.21489,normal
25.96000,-8.16180,-3.10000,0.51910,-1.30000,-0.15957,0.27872,normal
25.98000,-8.07191,-3.10000,0.56404,-1.30000,-0.18085,0.34255,normal
26.00000,-7.50000,-3.70000,0.95000,-1.30000,-0.20000,0.75000,normal
26.02000,-8.39149,-4.01915,1.20000,-0.65596,0.21468,1.42936,normal
26.04000,-8.60426,-4.04043,1.20000,-0.60092,0.23303,1.46606,normal
26.06000,-8.81702,-4.06170,1.20000,-0.54587,0.25138,1.50275,normal
26.08000,-9.02979,-4.08298,1.20000,-0.49083,0.26972,1.53945,normal
26.10000,-10.16000,-4.18000,1.36000,-0.43578,0.28807,1.57615,normal
26.12000,-11.65000,-5.05000,0.40000,-0.22381,0.30000,1.72381,normal
26.14000,-12.20000,-4.80000,0.22000,-0.27647,0.25294,1.77647,normal
26.16000,-12.41053,-4.69474,0.24105,0.02419,0.10806,1.47581,normal
26.18000,-12.62105,-4.58947,0.26211,0.12097,0.14032,1.37903,normal
26.20000,-12.83158,-4.48421,0.28316,0.21774,0.17258,1.28226,normal
26.22000,-11.00000,-2.85000,1.05000,0.40000,-0.10000,0.40000,normal
26.24000,-10.97027,-3.24595,1.30000,-0.26234,0.07922,-0.34156,normal
26.26000,-10.70000,-3.30000,1.30000,-0.34026,0.05325,-0.39351,normal
26.28000,-10.42973,-3.35405,1.30000,-0.41818,0.02727,-0.44545,normal
26.30000,-8.40000,-3.60000,1.10000,-0.49610,0.00130,-0.49740,normal
26.32000,-7.45843,-2.88315,1.11461,-0.05000,-0.20000,-0.69167,normal
26.34000,-7.54831,-2.70337,1.13708,0.09286,-0.20000,-0.66786,normal
26.36000,-7.63820,-2.52360,1.15955,0.23571,-0.20000,-0.64405,normal
26.38000,-7.72809,-2.34382,1.18202,0.37857,-0.20000,-0.62024,normal
26.40000,-8.60000,-3.20000,0.30000,1.00000,-0.20000,-0.40000,normal
26.42000,-9.96484,-3.98242,-0.36593,0.80761,-0.29239,-0.50000,normal
26.44000,-10.18462,-4.09231,-0.45385,0.82935,-0.27065,-0.50000,normal
26.46000,-10.40440,-4.20220,-0.54176,0.85109,-0.24891,-0.50000,normal
26.48000,-10.62418,-4.31209,-0.62967,0.87283,-0.22717,-0.50000,normal
26.50000,-11.22500,-4.15000,-0.95000,0.89457,-0.20543,-0.50000,normal
26.52000,-10.17778,-3.36296,-1.18519,1.48000,-0.30000,-0.74000,normal
26.54000,-10.10370,-3.23951,-1.13580,1.38261,-0.28261,-0.93478,normal
26.56000,-10.02963,-3.11605,-1.08642,1.35362,-0.25362,-0.99275,normal
26.58000,-9.95556,-2.99259,-1.03704,1.32464,-0.22464,-1.05072,normal
26.60000,-9.77500,-2.71250,-0.87500,0.95000,-0.15000,-1.40000,normal
26.62000,-9.36889,-2.10000,-0.50000,0.16444,0.01778,-1.81778,normal
26.64000,-9.32444,-2.10000,-0.50000,0.12000,0.04000,-1.84000,normal
26.66000,-9.28000,-2.10000,-0.50000,0.07556,0.06222,-1.86222,normal
26.68000,-9.23556,-2.10000,-0.50000,0.03111,0.08444,-1.88444,normal
26.70000,-8.90000,-2.90000,-0.80000,-0.25000,0.30000,-1.60000,normal
26.72000,-8.34457,-3.18152,-0.90000,-0.17935,0.30000,-1.45870,normal
26.74000,-8.27935,-3.15978,-0.90000,-0.15761,0.30000,-1.41522,normal
26.76000,-8.21413,-3.13804,-0.90000,-0.13587,0.30000,-1.37174,normal
26.78000,-8.14891,-3.11630,-0.90000,-0.11413,0.30000,-1.32826,normal
26.80000,-7.60000,-2.60000,-0.30000,0.30000,0.40000,-0.80000,normal
26.82000,-7.67660,-2.50000,0.15745,0.30000,0.40000,-0.25364,normal
26.84000,-7.76170,-2.50000,0.22128,0.30000,0.40000,-0.19909,normal
26.86000,-7.84681,-2.50000,0.28511,0.30000,0.40000,-0.14455,normal
26.88000,-7.93191,-2.50000,0.34894,0.30000,0.40000,-0.09000,normal
26.90000,-8.32500,-2.62500,1.05000,0.30000,0.40000,-0.03545,normal
26.92000,-8.10000,-2.53636,1.90000,0.24167,0.40000,0.17500,normal
26.94000,-8.61081,-2.57297,1.92432,-0.53226,0.40000,1.43226,normal
26.96000,-9.17838,-2.65405,1.95135,-0.66129,0.40000,1.56129,normal
26.98000,-9.74595,-2.73514,1.97838,-0.79032,0.40000,1.69032,normal
27.00000,-10.60000,-4.00000,3.50000,-1.00000,-0.20000,2.40000,normal
27.02000,-12.56462,-3.45077,1.51231,-1.02714,-0.29714,2.65143,normal
27.04000,-12.65692,-3.66615,0.95846,-0.94143,-0.41143,2.59429,normal
27.06000,-12.74923,-3.88154,0.40462,-0.85571,-0.52571,2.53714,normal
27.08000,-9.90000,-4.70000,-0.30000,0.49140,-0.60108,1.19570,normal
27.10000,-9.70000,-3.74000,0.56000,0.31935,-0.62258,1.10968,normal
27.12000,-9.70000,-3.45111,0.62667,0.14731,-0.64409,1.02366,normal
27.14000,-9.70000,-3.16222,0.69333,-0.02473,-0.66559,0.93763,normal
27.16000,-9.70000,-2.87333,0.76000,-0.19677,-0.68710,0.85161,normal
27.18000,-8.68469,-2.01224,0.08469,-1.92581,-1.00323,0.08710,normal
27.20000,-8.58265,-2.09388,-0.01735,-2.05484,-1.01935,0.02258,normal
27.22000,-8.48061,-2.17551,-0.11939,-2.18387,-1.03548,-0.04194,normal
27.24000,-8.37857,-2.25714,-0.22143,-2.31290,-1.05161,-0.10645,normal
27.26000,-8.27653,-2.33878,-0.32347,-2.44194,-1.06774,-0.17097,normal
27.28000,-8.14138,-3.05172,-0.93103,-2.57097,-1.08387,-0.23548,normal
27.30000,-8.41724,-3.39655,-1.13793,-2.70000,-1.10000,-0.30000,normal
27.32000,-9.16207,-3.90000,-1.78736,-3.60000,-0.90000,-1.00000,normal
27.34000,-9.09310,-3.90000,-1.76437,-3.47015,-0.78507,-1.10000,normal
27.36000,-9.02414,-3.90000,-1.74138,-3.41045,-0.75522,-1.10000,normal
27.38000,-8.95517,-3.90000,-1.71839,-3.35075,-0.72537,-1.10000,normal
27.40000,-8.60000,-4.00000,-1.20000,-2.85000,-0.42500,-1.07500,normal
27.42000,-8.91642,-3.63731,-0.77910,-1.02742,0.41452,-0.77097,normal
27.44000,-8.79701,-3.54776,-0.74925,-0.86613,0.44677,-0.70645,normal
27.46000,-8.67761,-3.45821,-0.71940,-0.70484,0.47903,-0.64194,normal
27.48000,-11.20000,-2.20000,10.10000,0.55000,0.65000,-0.10000,normal
27.50000,-8.67416,-4.13483,5.49551,-1.09747,-0.43165,-0.24937,normal
27.52000,-7.91011,-4.38202,4.75393,-1.40127,-0.63418,-0.32532,normal
27.54000,-7.14607,-4.62921,4.01236,-1.70506,-0.83671,-0.40127,normal
27.56000,-6.38202,-4.87640,3.27079,-2.00886,-1.03924,-0.47722,normal
27.58000,-7.41579,-6.34211,-1.82105,-2.23115,-0.19016,0.21967,normal
27.60000,-7.47895,-6.11053,-1.50526,-1.77213,-0.12459,0.35082,normal
27.62000,-7.54211,-5.87895,-1.18947,-1.31311,-0.05902,0.48197,normal
27.64000,-7.60526,-5.64737,-0.87368,-0.85410,0.00656,0.61311,normal
27.66000,-7.66842,-5.41579,-0.55789,-0.39508,0.07213,0.74426,normal
27.68000,-7.70000,-4.25833,-0.69167,0.06393,0.13770,0.87541,normal
27.70000,-8.16000,-4.82000,-2.22000,0.60909,0.19091,0.99091,normal
27.72000,-8.53333,-3.64286,-1.29048,2.92727,0.31818,1.40909,normal
27.74000,-8.75556,-3.54762,-0.94127,3.03636,0.39091,1.44545,normal
27.76000,-8.97778,-3.45238,-0.59206,3.14545,0.46364,1.48182,normal
27.78000,-11.38242,-6.49780,0.09341,-5.72857,-0.11429,-0.28571,normal
27.80000,-11.03077,-6.45385,-0.03846,-5.76250,-0.30795,-0.21364,normal
27.82000,-10.67912,-6.40989,-0.17033,-5.51250,-0.42159,-0.12273,normal
27.84000,-10.32747,-6.36593,-0.30220,-5.26250,-0.53523,-0.03182,normal
27.86000,-9.97582,-6.32198,-0.43407,-5.01250,-0.64886,0.05909,normal
27.88000,-8.89487,-6.97436,-1.89487,4.01316,0.10088,0.09912,normal
27.90000,-8.84359,-6.71795,-1.84359,4.27632,0.11842,0.08158,normal
27.92000,-8.79231,-6.46154,-1.79231,4.53947,0.13596,0.06404,normal
27.94000,-8.74103,-6.20513,-1.74103,4.80263,0.15351,0.04649,normal
27.96000,-8.68974,-5.94872,-1.68974,5.06579,0.17105,0.02895,normal
27.98000,-8.63846,-5.69231,-1.63846,5.32895,0.18860,0.01140,normal
28.00000,-9.20000,-0.10000,1.30000,3.45000,-0.05000,-0.30000,normal
28.02000,-9.23789,-0.98947,1.11895,2.73383,0.00000,-0.43835,normal
28.04000,-9.28000,-1.20000,1.14000,2.53835,0.00000,-0.48346,normal
28.06000,-9.32211,-1.41053,1.16105,2.34286,0.00000,-0.52857,normal
28.08000,-9.36421,-1.62105,1.18211,2.14737,0.00000,-0.57368,normal
28.10000,-9.43636,-1.89091,1.17273,1.95188,0.00000,-0.61880,normal
28.12000,-9.67879,-2.49697,0.99091,1.75639,0.00000,-0.66391,normal
28.14000,-7.80000,-2.78750,-0.91250,-0.40000,-0.25000,-0.90000,normal
28.16000,-7.95000,-3.19375,-1.17500,-1.27619,-0.08810,-1.18810,normal
28.18000,-8.15000,-3.31875,-1.27500,-1.22857,-0.06429,-1.16429,normal
28.20000,-8.35000,-3.44375,-1.37500,-1.18095,-0.04048,-1.14048,normal
28.22000,-8.55000,-3.56875,-1.47500,-1.13333,-0.01667,-1.11667,normal
28.24000,-10.69464,-3.98929,-1.69286,0.50000,0.10000,-0.60000,normal
28.26000,-10.58750,-3.77500,-1.55000,0.53636,0.10000,-0.52727,normal
28.28000,-10.48036,-3.56071,-1.40714,0.57273,0.10000,-0.45455,normal
28.30000,-8.73333,-2.80000,-0.53333,0.26000,0.18000,-0.40000,normal
28.32000,-7.86484,-2.63516,-0.21758,0.01458,0.62917,-0.50000,normal
28.34000,-7.82088,-2.67912,-0.23956,0.03542,0.67083,-0.50000,normal
28.36000,-7.77692,-2.72308,-0.26154,0.05625,0.71250,-0.50000,normal
28.38000,-7.73297,-2.76703,-0.28352,0.07708,0.75417,-0.50000,normal
28.40000,-8.30000,-3.50000,-0.60000,0.09792,0.79583,-0.50000,normal
28.42000,-8.41071,-3.60000,-0.47857,1.01250,1.10000,-0.27500,normal
28.44000,-8.43452,-3.60000,-0.43095,1.63478,1.10000,0.03478,normal
28.46000,-8.45833,-3.60000,-0.38333,1.69275,1.10000,0.09275,normal
28.48000,-8.48214,-3.60000,-0.33571,1.75072,1.10000,0.15072,normal
28.50000,-8.57143,-3.52857,-0.08571,1.95000,1.05000,0.45000,normal
28.52000,-9.01573,-2.51573,1.19888,1.34783,0.60000,0.73478,normal
28.54000,-9.03820,-2.53820,1.62584,1.28261,0.60000,0.77826,normal
28.56000,-9.06067,-2.56067,2.05281,1.21739,0.60000,0.82174,normal
28.58000,-9.08315,-2.58315,2.47978,1.15217,0.60000,0.86522,normal
28.60000,-11.42000,-2.14000,6.32000,-1.58000,-0.18000,0.90000,normal
28.62000,-10.15000,-1.91667,0.56667,-2.92874,-1.00000,0.46782,normal
28.64000,-10.08333,-1.53889,0.12222,-3.11264,-1.00000,0.42184,normal
28.66000,-10.01667,-1.16111,-0.32222,-3.29655,-1.00000,0.37586,normal
28.68000,-9.95000,-0.78333,-0.76667,-3.48046,-1.00000,0.32989,normal
28.70000,-8.70000,-4.00000,-2.10000,-2.84000,-1.92000,0.24000,normal
28.72000,-7.97347,-4.56531,-0.59796,-2.88426,-1.76852,0.28426,normal
28.74000,-8.05510,-4.74898,-0.37347,-2.86574,-1.73148,0.26574,normal
28.76000,-8.13673,-4.93265,-0.14898,-2.84722,-1.69444,0.24722,normal
28.78000,-8.21837,-5.11633,0.07551,-2.82870,-1.65741,0.22870,normal
28.80000,-8.30000,-5.30000,0.30000,-2.81019,-1.62037,0.21019,normal
28.82000,-10.70000,-3.80000,-0.40000,-1.81111,-1.16667,0.45556,normal
28.84000,-10.64667,-3.80000,-0.48000,-0.87097,-0.79032,0.59032,normal
28.86000,-10.59333,-3.80000,-0.56000,-0.77419,-0.75806,0.55806,normal
28.88000,-10.54000,-3.80000,-0.64000,-0.67742,-0.72581,0.52581,normal
28.90000,-10.20000,-3.50000,-0.60000,-0.91667,-0.71667,-0.15000,normal
28.92000,-8.90000,-3.81538,0.43846,-1.23768,-0.80000,-0.87536,normal
28.94000,-8.90000,-3.96923,0.62308,-1.29565,-0.80000,-0.99130,normal
28.96000,-8.90000,-4.12308,0.80769,-1.35362,-0.80000,-1.10725,normal
28.98000,-9.90000,-5.80000,1.70000,-1.10000,-0.80000,-1.90000,normal
29.00000,-9.63182,-9.18409,0.54091,1.23504,-0.78759,-2.08759,normal
29.02000,-9.54091,-9.56288,0.32879,1.62920,-0.77299,-2.07299,normal
29.04000,-9.45000,-9.94167,0.11667,2.02336,-0.75839,-2.05839,normal
29.06000,-9.35909,-10.32045,-0.09545,2.41752,-0.74380,-2.04380,normal
29.08000,-9.26818,-10.69924,-0.30758,2.81168,-0.72920,-2.02920,normal
29.10000,-9.17727,-11.07803,-0.51970,3.20584,-0.71460,-2.01460,normal
29.12000,-8.95000,-11.06250,-0.06250,3.60000,-0.70000,-2.00000,normal
29.14000,-10.07209,-6.64884,4.52558,6.25179,-0.79107,-1.86964,normal
29.16000,-9.83953,-6.55581,4.57209,6.43036,-0.89821,-1.83393,normal
29.18000,-8.70000,-2.10000,6.45000,6.95000,-1.05000,-1.75000,normal
29.20000,-7.23654,-1.14712,5.47885,6.72941,-1.45882,-1.48235,normal
29.22000,-7.12115,-1.05096,5.44038,4.69571,-1.50000,-0.89571,normal
29.24000,-7.00577,-0.95481,5.40192,4.61000,-1.50000,-0.81000,normal
29.26000,-6.89038,-0.85865,5.36346,4.52429,-1.50000,-0.72429,normal
29.28000,-6.77500,-0.76250,5.32500,4.43857,-1.50000,-0.63857,normal
29.30000,-5.49184,1.39592,5.70000,3.68000,-1.29500,-0.19000,normal
29.32000,-5.41020,1.35510,5.70000,3.60000,-1.27500,-0.15000,normal
29.34000,-5.32857,1.31429,5.70000,3.52000,-1.25500,-0.11000,normal
29.36000,-5.24694,1.27347,5.70000,3.44000,-1.23500,-0.07000,normal
29.38000,-5.16531,1.23265,5.70000,3.36000,-1.21500,-0.03000,normal
29.40000,-4.80000,2.00000,6.40000,2.40000,-1.00000,0.25000,normal
29.42000,-3.18333,2.70000,6.91667,1.48316,-0.86632,0.31684,normal
29.44000,-3.16111,2.70000,7.07222,1.46211,-0.82421,0.33789,normal
29.46000,-3.13889,2.70000,7.22778,1.44105,-0.78211,0.35895,normal
29.48000,-3.11667,2.70000,7.38333,1.42000,-0.74000,0.38000,normal
29.50000,-2.40000,2.90000,7.30000,1.34000,-0.68000,0.40000,normal
29.52000,-2.37500,3.82500,7.70833,0.68114,-0.49371,0.60629,normal
29.54000,-2.33333,3.86667,7.72222,0.64686,-0.48229,0.61771,normal
29.56000,-2.29167,3.90833,7.73611,0.61257,-0.47086,0.62914,normal
29.58000,-2.25000,3.95000,7.75000,0.57829,-0.45943,0.64057,normal
29.60000,-2.20833,3.99167,7.76389,0.54400,-0.44800,0.65200,normal
29.62000,-2.16667,4.03333,7.77778,0.50971,-0.43657,0.66343,normal
29.64000,-2.12500,4.07500,7.79167,0.47543,-0.42514,0.67486,normal
29.66000,-2.01111,3.78889,7.66667,0.44114,-0.41371,0.68629,normal
29.68000,-0.89359,4.79359,8.50000,0.40686,-0.40229,0.69771,normal
29.70000,-0.86795,4.76795,8.50000,0.20000,-0.40000,0.70000,normal
29.72000,-0.84231,4.74231,8.50000,0.29565,-0.37391,0.52609,normal
29.74000,-0.81667,4.71667,8.50000,0.12174,-0.33043,0.56957,normal
29.76000,-0.30000,5.20000,9.00000,0.20000,-0.15000,0.25000,normal
29.78000,-0.39836,5.36393,9.00000,0.16724,-0.06724,0.20000,normal
29.80000,-0.49672,5.52787,9.00000,0.13276,-0.03276,0.20000,normal
29.82000,-0.59508,5.69180,9.00000,0.07143,-0.01429,0.20000,normal
29.84000,-0.38209,5.06418,8.36418,0.01525,-0.30000,0.00000,normal
29.86000,-0.35224,5.00448,8.30448,0.04915,-0.30000,0.00000,normal
29.88000,-0.32239,4.94478,8.24478,0.08305,-0.30000,0.00000,normal
29.90000,-0.50000,4.99583,8.79583,0.11667,-0.20000,0.18333,normal
29.92000,-0.50000,4.91250,8.71250,0.10000,-0.20000,0.21919,normal
29.94000,-0.50000,4.82917,8.62917,0.10000,-0.20000,0.23939,normal
29.96000,-0.50000,4.74583,8.54583,0.10000,-0.20000,0.25960,normal
29.98000,-0.50000,4.66250,8.46250,0.10000,-0.20000,0.27980,normal
30.00000,-0.66667,4.76667,8.40000,0.10000,-0.20000,0.30000,normal
30.02000,-0.67905,5.15810,8.85810,0.11000,-0.20000,0.30000,normal
30.04000,-0.64095,5.08190,8.78190,0.03077,-0.08462,0.20000,normal
30.06000,-0.60286,5.00571,8.70571,0.07473,-0.06264,0.20000,normal
30.08000,-0.56476,4.92952,8.62952,0.11868,-0.04066,0.20000,normal
30.10000,-0.52667,4.85333,8.55333,0.16264,-0.01868,0.20000,normal
30.12000,-0.40000,5.30000,8.70000,0.20000,0.10000,0.30000,normal
30.14000,-0.82603,4.92466,8.14932,0.10000,0.10000,0.20000,normal
30.16000,-0.74384,4.95205,8.20411,0.10000,0.10000,0.20000,normal
30.18000,-0.66164,4.97945,8.25890,0.10000,0.10000,0.20000,normal
30.20000,-0.90000,4.60000,8.60000,0.10000,-0.10000,0.30000,normal
30.22000,-0.82464,3.97391,8.07536,0.10000,-0.12055,0.30000,normal
30.24000,-0.85362,4.06087,8.04638,0.10000,-0.14795,0.30000,normal
30.26000,-0.88261,4.14783,8.01739,0.10000,-0.17534,0.30000,normal
