timestamp,accel_x,accel_y,accel_z,gyro_x,gyro_y,gyro_z,label
0.00000,-0.90000,3.90000,8.50000,0.10000,0.00000,0.00000,normal
0.02000,-0.98511,4.31489,8.48511,0.00000,0.10000,0.00000,normal
0.04000,-0.96383,4.33617,8.46383,0.00000,0.10000,0.00000,normal
0.06000,-0.94255,4.35745,8.44255,0.00000,0.10000,0.00000,normal
0.08000,-0.92128,4.37872,8.42128,0.00000,0.10000,0.00000,normal
0.10000,-0.90000,4.40000,8.40000,0.00000,0.10000,0.00000,normal
0.12000,-1.17071,4.87172,8.05758,-0.18667,0.20000,0.10000,normal
0.14000,-1.27172,4.83131,7.99697,-0.32073,0.32073,0.20000,normal
0.16000,-1.37273,4.79091,7.93636,-0.34512,0.34512,0.20000,normal
0.18000,-1.47374,4.75051,7.87576,-0.36951,0.36951,0.20000,normal
0.20000,-1.57475,4.71010,7.81515,-0.39390,0.39390,0.20000,normal
0.22000,-1.23034,4.96067,7.66966,-0.74615,0.60000,0.40769,normal
0.24000,-1.29775,5.09551,7.60225,-0.86154,0.60000,0.42692,normal
0.26000,-1.36517,5.23034,7.53483,-0.97692,0.60000,0.44615,normal
0.28000,-1.43258,5.36517,7.46742,-1.09231,0.60000,0.46538,normal
0.30000,-1.50000,5.50000,7.40000,-1.20769,0.60000,0.48462,normal
0.32000,-3.50000,1.81429,6.00000,-2.50000,0.75000,0.80000,normal
0.34000,-3.57692,1.53846,6.06923,-3.18462,0.90000,1.35385,normal
0.36000,-3.55128,1.35897,6.14615,-3.20000,0.90000,1.43051,normal
0.38000,-3.52564,1.17949,6.22308,-3.20000,0.90000,1.46441,normal
0.40000,-3.50000,1.00000,6.30000,-3.20000,0.90000,1.49831,normal
0.42000,-4.35806,0.41398,8.66022,-1.54396,0.61758,2.10000,normal
0.44000,-4.29355,0.43548,8.44516,-1.65385,0.66154,2.10000,normal
0.46000,-4.22903,0.45699,8.23011,-1.76374,0.70549,2.10000,normal
0.48000,-4.16452,0.47849,8.01505,-1.87363,0.74945,2.10000,normal
0.50000,-4.10000,0.50000,7.80000,-1.98352,0.79341,2.10000,normal
0.52000,-6.28556,-1.04889,6.34889,-2.92151,1.81075,2.42151,normal
0.54000,-6.44111,-1.13778,6.43778,-2.96452,1.83226,2.46452,normal
0.56000,-6.59667,-1.22667,6.52667,-3.00753,1.85376,2.50753,normal
0.58000,-6.75222,-1.31556,6.61556,-3.05054,1.87527,2.55054,normal
0.60000,-7.15000,-1.45000,6.50000,-3.09355,1.89677,2.59355,normal
0.62000,-7.09574,-1.95213,4.68830,-4.12376,2.02376,3.32376,normal
0.64000,-7.22340,-1.88830,4.53936,-4.16337,2.06337,3.36337,normal
0.66000,-7.35106,-1.82447,4.39043,-4.20297,2.10297,3.40297,normal
0.68000,-7.47872,-1.76064,4.24149,-4.24257,2.14257,3.44257,normal
0.70000,-8.15000,-2.00000,3.85000,-4.28218,2.18218,3.48218,normal
0.72000,-12.46279,-4.68605,1.74186,-4.40000,2.23333,4.13333,normal
0.74000,-12.67209,-4.63953,1.88140,-3.90725,2.10000,4.22319,normal
0.76000,-12.88140,-4.59302,2.02093,-3.67536,2.10000,4.28116,normal
0.78000,-13.09070,-4.54651,2.16047,-3.44348,2.10000,4.33913,normal
0.80000,-13.30000,-4.50000,2.30000,-3.21159,2.10000,4.39710,normal
0.82000,-13.34348,-3.31522,3.54239,-1.44944,1.58989,3.14944,normal
0.84000,-13.25652,-3.18478,3.60761,-1.33708,1.56742,3.03708,normal
0.86000,-13.16957,-3.05435,3.67283,-1.22472,1.54494,2.92472,normal
0.88000,-13.08261,-2.92391,3.73804,-1.11236,1.52247,2.81236,normal
0.90000,-12.70000,-2.45000,3.75000,-1.00000,1.50000,2.70000,normal
0.92000,-11.03978,-1.76989,1.83011,-0.91915,0.98085,0.58085,normal
0.94000,-10.95376,-1.72688,1.87312,-0.96170,0.93830,0.53830,normal
0.96000,-10.86774,-1.68387,1.91613,-1.00426,0.89574,0.49574,normal
0.98000,-10.78172,-1.64086,1.95914,-1.04681,0.85319,0.45319,normal
1.00000,-10.55000,-1.55000,2.05000,-1.08936,0.81064,0.41064,normal
1.02000,-9.12841,-2.10000,2.93068,-2.30000,0.40000,0.00000,normal
1.04000,-8.96932,-2.10000,2.99886,-2.30000,0.40000,0.00000,normal
1.06000,-8.81023,-2.10000,3.06705,-2.30000,0.40000,0.00000,normal
1.08000,-8.65114,-2.10000,3.13523,-2.30000,0.40000,0.00000,normal
1.10000,-8.10000,-2.25000,3.25000,-2.30000,0.40000,0.00000,normal
1.12000,-8.39655,-2.72414,3.40000,-2.30000,0.40000,0.00000,normal
1.14000,-9.03182,-2.87879,3.43182,-1.59231,0.57692,0.07692,normal
1.16000,-9.12273,-2.81818,3.52273,-0.97069,0.60000,0.10000,normal
1.18000,-9.21364,-2.75758,3.61364,-0.79828,0.60000,0.10000,normal
1.20000,-9.65000,-2.70000,3.80000,-0.62586,0.60000,0.10000,normal
1.22000,-11.76111,-2.35111,3.30000,1.44444,0.36667,-0.51111,normal
1.24000,-11.87222,-2.26222,3.30000,1.53333,0.30000,-0.53333,normal
1.26000,-11.98333,-2.17333,3.30000,1.62222,0.23333,-0.55556,normal
1.28000,-12.09444,-2.08444,3.30000,1.71111,0.16667,-0.57778,normal
1.30000,-11.80000,-1.80000,3.30000,1.80000,0.10000,-0.60000,normal
1.32000,-11.63043,-1.14565,2.83913,1.35484,-0.93011,-1.01505,normal
1.34000,-11.67391,-1.21087,2.75217,1.29032,-0.97312,-1.03656,normal
1.36000,-11.71739,-1.27609,2.66522,1.22581,-1.01613,-1.05806,normal
1.38000,-11.76087,-1.34130,2.57826,1.16129,-1.05914,-1.07957,normal
1.40000,-12.00000,-1.70000,2.40000,0.80000,-1.30000,-1.20000,normal
1.42000,-12.52105,-1.90000,0.88421,0.17248,-1.70000,-1.61376,normal
1.44000,-12.41579,-1.90000,0.86316,0.13578,-1.70000,-1.63211,normal
1.46000,-12.31053,-1.90000,0.84211,0.09908,-1.70000,-1.65046,normal
1.48000,-12.20526,-1.90000,0.82105,0.06239,-1.70000,-1.66881,normal
1.50000,-12.10000,-1.90000,0.80000,0.02569,-1.70000,-1.68716,normal
1.52000,-10.40000,-2.30000,0.60000,-0.20000,-1.70000,-1.85000,normal
1.54000,-10.29873,-2.35063,0.60000,-0.60000,-1.46901,-1.90000,normal
1.56000,-10.19747,-2.40127,0.60000,-0.60000,-1.41268,-1.90000,normal
1.58000,-10.09620,-2.45190,0.60000,-0.60000,-1.35634,-1.90000,normal
1.60000,-9.85000,-2.60000,0.60000,-0.60000,-1.30000,-1.90000,normal
1.62000,-8.06989,-2.26989,0.43011,0.41556,-0.68444,-1.48444,normal
1.64000,-8.02688,-2.22688,0.47312,0.46000,-0.64000,-1.44000,normal
1.66000,-7.98387,-2.18387,0.51613,0.50444,-0.59556,-1.39556,normal
1.68000,-7.94086,-2.14086,0.55914,0.54889,-0.55111,-1.35111,normal
1.70000,-7.80000,-1.95000,0.75000,0.59333,-0.50667,-1.30667,normal
1.72000,-7.23667,-1.70000,1.42444,0.80000,0.11609,-0.47586,normal
1.74000,-7.30333,-1.70000,1.46889,0.80000,0.16207,-0.40690,normal
1.76000,-7.37000,-1.70000,1.51333,0.80000,0.20805,-0.33793,normal
1.78000,-7.43667,-1.70000,1.55778,0.80000,0.25402,-0.26897,normal
1.80000,-7.55000,-1.75000,1.55000,0.80000,0.30000,-0.20000,normal
1.82000,-11.85161,-2.77957,2.89032,1.11856,1.92784,1.12784,normal
1.84000,-12.49677,-2.60753,3.01935,1.15979,1.98969,1.18969,normal
1.86000,-13.14194,-2.43548,3.14839,1.20103,2.05155,1.25155,normal
1.88000,-13.78710,-2.26344,3.27742,1.24227,2.11340,1.31340,normal
1.90000,-14.50000,-2.07000,3.43000,1.28351,2.17526,1.37526,normal
1.92000,-13.17176,0.17765,4.05765,1.22000,2.12000,1.56000,normal
1.94000,-13.07765,0.43647,3.91647,0.40769,1.63846,1.88462,normal
1.96000,-12.98353,0.69529,3.77529,0.25385,1.53590,1.85897,normal
1.98000,-12.88941,0.95412,3.63412,0.10000,1.43333,1.83333,normal
2.00000,-12.20000,1.30000,3.40000,-0.05385,1.33077,1.80769,normal
2.02000,-10.67400,0.17200,3.25600,-1.49314,0.38627,1.18627,normal
2.04000,-10.49400,0.13200,3.33600,-1.47353,0.34706,1.14706,normal
2.06000,-10.31400,0.09200,3.41600,-1.45392,0.30784,1.10784,normal
2.08000,-10.13400,0.05200,3.49600,-1.43431,0.26863,1.06863,normal
2.10000,-9.95400,0.01200,3.57600,-1.41471,0.22941,1.02941,normal
2.12000,-8.60000,-0.70000,2.30000,-1.05000,0.00000,0.70000,normal
2.14000,-8.45714,-0.70000,2.30000,-1.00000,-0.02043,0.70000,normal
2.16000,-8.31429,-0.70000,2.30000,-1.00000,-0.04194,0.70000,normal
2.18000,-8.17143,-0.70000,2.30000,-1.00000,-0.06344,0.70000,normal
2.20000,-8.02857,-0.70000,2.30000,-1.00000,-0.08495,0.70000,normal
2.22000,-5.84545,-0.80000,1.53182,-1.27143,-0.10000,0.70000,normal
2.24000,-5.93636,-0.80000,1.39545,-1.50000,0.00000,0.60000,normal
2.26000,-6.02727,-0.80000,1.25909,-1.50000,0.00000,0.60000,normal
2.28000,-6.11818,-0.80000,1.12273,-1.50000,0.00000,0.60000,normal
2.30000,-6.60000,-1.20000,0.70000,-1.40000,0.10000,0.70000,normal
2.32000,-8.25937,-1.78229,0.98854,-1.06289,0.30000,0.60000,normal
2.34000,-8.44687,-1.76146,1.09271,-1.02165,0.30000,0.60000,normal
2.36000,-8.63437,-1.74063,1.19687,-0.98041,0.30000,0.60000,normal
2.38000,-8.82187,-1.71979,1.30104,-0.93918,0.30000,0.60000,normal
2.40000,-9.70000,-1.30000,2.20000,-0.75000,0.30000,0.55000,normal
2.42000,-10.23030,-1.01515,3.01515,-0.08936,0.41064,0.20000,normal
2.44000,-10.27071,-1.03535,3.03535,-0.06809,0.43191,0.20000,normal
2.46000,-10.31111,-1.05556,3.05556,-0.04681,0.45319,0.20000,normal
2.48000,-10.35152,-1.07576,3.07576,-0.02553,0.47447,0.20000,normal
2.50000,-10.39192,-1.09596,3.09596,-0.00426,0.49574,0.20000,normal
2.52000,-10.58876,-1.03371,4.05506,0.60000,0.60000,0.30000,normal
2.54000,-10.56629,-1.10112,3.96517,0.60000,0.60000,0.30000,normal
2.56000,-10.54382,-1.16854,3.87528,0.60000,0.60000,0.30000,normal
2.58000,-10.52135,-1.23596,3.78539,0.60000,0.60000,0.30000,normal
2.60000,-10.55000,-1.35000,3.70000,0.60000,0.60000,0.30000,normal
2.62000,-11.71236,-2.30000,4.25955,1.00000,0.60000,0.10000,normal
2.64000,-12.18427,-2.30000,4.16966,1.44390,0.55610,-0.04390,normal
2.66000,-12.65618,-2.30000,4.07978,1.49268,0.50732,-0.09268,normal
2.68000,-13.12809,-2.30000,3.98989,1.54146,0.45854,-0.14146,normal
2.70000,-13.60000,-2.30000,3.90000,1.59024,0.40976,-0.19024,normal
2.72000,-12.68876,-1.16629,0.40000,1.57978,-1.21011,-1.73034,normal
2.74000,-12.66629,-1.09888,0.40000,1.53483,-1.23258,-1.79775,normal
2.76000,-12.64382,-1.03146,0.40000,1.48989,-1.25506,-1.86517,normal
2.78000,-12.62135,-0.96404,0.40000,1.44494,-1.27753,-1.93258,normal
2.80000,-12.75000,-0.70000,0.60000,1.40000,-1.30000,-2.00000,normal
2.82000,-11.41505,-2.16989,1.84516,-0.29032,-1.60000,-2.40000,normal
2.84000,-11.43656,-2.12688,1.90968,-0.26882,-1.60000,-2.40000,normal
2.86000,-11.45806,-2.08387,1.97419,-0.24731,-1.60000,-2.40000,normal
2.88000,-11.47957,-2.04086,2.03871,-0.22581,-1.60000,-2.40000,normal
2.90000,-11.25000,-2.00000,1.55000,-0.20430,-1.60000,-2.40000,normal
2.92000,-8.74382,-1.88876,0.31124,0.00515,-1.58969,-2.30000,normal
2.94000,-8.63146,-1.86629,0.33371,0.02577,-1.54845,-2.30000,normal
2.96000,-8.51910,-1.84382,0.35618,0.04639,-1.50722,-2.30000,normal
2.98000,-8.40674,-1.82135,0.37865,0.06701,-1.46598,-2.30000,normal
3.00000,-8.23333,-1.78333,0.41667,0.08763,-1.42474,-2.30000,normal
3.02000,-6.79000,-1.70500,0.09750,0.27000,-1.07000,-1.94000,normal
3.04000,-6.69000,-1.75500,0.07250,0.18194,-0.94583,-1.74583,normal
3.06000,-6.59000,-1.80500,0.04750,0.15417,-0.86250,-1.66250,normal
3.08000,-6.49000,-1.85500,0.02250,0.12639,-0.77917,-1.57917,normal
3.10000,-6.00000,-2.20000,0.20000,0.10000,-0.66000,-1.46000,normal
3.12000,-5.70000,-2.38404,1.51596,0.61935,0.21935,-0.36129,normal
3.14000,-5.70000,-2.36277,1.53723,0.66237,0.26237,-0.27527,normal
3.16000,-5.70000,-2.34149,1.55851,0.70538,0.30538,-0.18925,normal
3.18000,-5.70000,-2.32021,1.57979,0.74839,0.34839,-0.10323,normal
3.20000,-5.80000,-2.25000,1.70000,0.79140,0.39140,-0.01720,normal
3.22000,-10.00225,-2.36629,2.81236,1.32727,1.72727,1.74545,normal
3.24000,-10.40674,-2.29888,3.03708,1.39545,1.79545,1.85909,normal
3.26000,-10.81124,-2.23146,3.26180,1.46364,1.86364,1.97273,normal
3.28000,-11.21573,-2.16404,3.48652,1.53182,1.93182,2.08636,normal
3.30000,-12.35000,-1.80000,3.90000,1.60000,2.00000,2.20000,normal
3.32000,-15.54516,-0.12473,2.37527,0.74510,2.28627,2.80000,normal
3.34000,-15.60968,-0.01720,2.48280,0.66667,2.26667,2.80000,normal
3.36000,-15.67419,0.09032,2.59032,0.58824,2.24706,2.80000,normal
3.38000,-15.73871,0.19785,2.69785,0.50980,2.22745,2.80000,normal
3.40000,-15.20000,0.25000,3.30000,0.43137,2.20784,2.80000,normal
3.42000,-11.30000,-0.26471,3.70000,-0.50000,1.60000,2.40000,normal
3.44000,-11.30000,-0.14706,3.70000,-0.80000,1.26800,1.85200,normal
3.46000,-11.30000,-0.02941,3.70000,-0.80000,1.21467,1.77200,normal
3.48000,-11.30000,0.08824,3.70000,-0.80000,1.16133,1.69200,normal
3.50000,-11.10000,0.50000,3.50000,-0.80000,1.10800,1.61200,normal
3.52000,-9.47753,-0.35618,2.16742,-2.40778,0.49222,0.80000,normal
3.54000,-9.43258,-0.46854,2.30225,-2.43000,0.47000,0.80000,normal
3.56000,-9.38764,-0.58090,2.43708,-2.45222,0.44778,0.80000,normal
3.58000,-9.34270,-0.69326,2.57191,-2.47444,0.42556,0.80000,normal
3.60000,-9.00000,-1.10000,2.85000,-2.49667,0.40333,0.80000,normal
3.62000,-5.94400,-1.41600,2.28600,-1.87917,0.00000,0.48958,normal
3.64000,-5.86400,-1.29600,2.26600,-1.83750,0.00000,0.46875,normal
3.66000,-5.78400,-1.17600,2.24600,-1.79583,0.00000,0.44792,normal
3.68000,-5.70400,-1.05600,2.22600,-1.75417,0.00000,0.42708,normal
3.70000,-5.62400,-0.93600,2.20600,-1.71250,0.00000,0.40625,normal
3.72000,-7.02644,-0.04598,2.34598,-1.47879,0.10707,0.21414,normal
3.74000,-6.84253,-0.16092,2.46092,-1.41818,0.12727,0.25455,normal
3.76000,-6.65862,-0.27586,2.57586,-1.35758,0.14747,0.29495,normal
3.78000,-6.47471,-0.39080,2.69080,-1.29697,0.16768,0.33535,normal
3.80000,-6.70000,-1.60000,4.60000,-1.23636,0.18788,0.37576,normal
3.82000,-12.36790,-0.96790,3.20000,0.53333,0.63333,0.83333,normal
3.84000,-12.04691,-0.64691,3.20000,1.86389,0.36389,0.88194,normal
3.86000,-11.72593,-0.32593,3.20000,1.80833,0.30833,0.85417,normal
3.88000,-11.40494,-0.00494,3.20000,1.75278,0.25278,0.82639,normal
3.90000,-10.30000,1.40000,3.00000,1.67500,0.20000,0.76250,normal
3.92000,-11.06452,-1.19677,3.10323,0.81882,0.30000,-0.10941,normal
3.94000,-11.15054,-1.32581,2.97419,0.86588,0.30000,-0.13294,normal
3.96000,-11.23656,-1.45484,2.84516,0.91294,0.30000,-0.15647,normal
3.98000,-11.32258,-1.58387,2.71613,0.96000,0.30000,-0.18000,normal
4.00000,-12.00000,-1.90000,2.40000,1.70000,0.10000,-0.50000,normal
4.02000,-12.05100,-1.56600,3.30000,2.02887,-0.12887,-0.64330,normal
4.04000,-12.11100,-1.52600,3.30000,2.07010,-0.17010,-0.70515,normal
4.06000,-12.17100,-1.48600,3.30000,2.11134,-0.21134,-0.76701,normal
4.08000,-12.23100,-1.44600,3.30000,2.15258,-0.25258,-0.82887,normal
4.10000,-12.29100,-1.40600,3.30000,2.19381,-0.29381,-0.89072,normal
4.12000,-13.92444,-0.93667,0.46333,1.47248,-1.52752,-1.90917,normal
4.14000,-13.96889,-1.00333,0.39667,1.41743,-1.58257,-1.92752,normal
4.16000,-14.01333,-1.07000,0.33000,1.36239,-1.63761,-1.94587,normal
4.18000,-14.05778,-1.13667,0.26333,1.30734,-1.69266,-1.96422,normal
4.20000,-14.00000,-1.40000,0.20000,1.25229,-1.74771,-1.98257,normal
4.22000,-13.80000,-1.12500,1.20000,1.05000,-1.90000,-2.05000,normal
4.24000,-12.75000,-1.19615,0.64231,-0.04348,-2.19130,-2.40870,normal
4.26000,-12.41667,-1.32436,0.56538,-0.18841,-2.16232,-2.43768,normal
4.28000,-12.08333,-1.45256,0.48846,-0.33333,-2.13333,-2.46667,normal
4.30000,-11.75000,-1.58077,0.41154,-0.47826,-2.10435,-2.49565,normal
4.32000,-7.71630,-2.61196,0.00000,0.23763,-1.38495,-2.59247,normal
4.34000,-7.56413,-2.63370,0.00000,0.34516,-1.34194,-2.57097,normal
4.36000,-7.41196,-2.65543,0.00000,0.45269,-1.29892,-2.54946,normal
4.38000,-7.25978,-2.67717,0.00000,0.56022,-1.25591,-2.52796,normal
4.40000,-7.10761,-2.69891,0.00000,0.66774,-1.21290,-2.50645,normal
4.42000,-5.88161,-1.70920,-0.08161,0.88182,-0.58182,-1.67273,normal
4.44000,-5.83563,-1.73218,-0.03563,0.83636,-0.53636,-1.60455,normal
4.46000,-5.78966,-1.75517,0.01034,0.79091,-0.49091,-1.53636,normal
4.48000,-5.74368,-1.77816,0.05632,0.74545,-0.44545,-1.46818,normal
4.50000,-5.70000,-1.85000,0.25000,0.70000,-0.40000,-1.40000,normal
4.52000,-5.41505,-2.41505,1.06022,0.40769,0.42308,-0.28462,normal
4.54000,-5.43656,-2.43656,1.14624,0.42692,0.48077,-0.24615,normal
4.56000,-5.45806,-2.45806,1.23226,0.44615,0.53846,-0.20769,normal
4.58000,-5.47957,-2.47957,1.31828,0.46538,0.59615,-0.16923,normal
4.60000,-5.54444,-2.52222,1.45556,0.48462,0.65385,-0.13077,normal
4.62000,-7.23000,-2.80000,2.75000,0.53636,0.80909,-0.02727,normal
4.64000,-8.53553,-2.80000,3.31184,1.65333,1.63200,0.93200,normal
4.66000,-8.93026,-2.80000,3.44342,1.78667,1.71200,1.01200,normal
4.68000,-9.32500,-2.80000,3.57500,1.92000,1.79200,1.09200,normal
4.70000,-9.88889,-2.73333,3.77778,2.05333,1.87200,1.17200,normal
4.72000,-12.75116,0.88953,4.84884,2.17831,2.00000,1.60000,normal
4.74000,-12.61163,1.14535,4.98837,2.03373,2.00000,1.60000,normal
4.76000,-12.47209,1.40116,5.12791,1.88916,2.00000,1.60000,normal
4.78000,-12.33256,1.65698,5.26744,1.74458,2.00000,1.60000,normal
4.80000,-12.00000,2.10000,5.50000,1.60000,2.00000,1.60000,normal
4.82000,-9.55714,-0.40000,4.45714,-1.59143,1.39143,1.48286,normal
4.84000,-9.63878,-0.68571,4.39592,-1.57238,1.37238,1.44476,normal
4.86000,-9.72041,-0.97143,4.33469,-1.55333,1.35333,1.40667,normal
4.88000,-9.80204,-1.25714,4.27347,-1.53429,1.33429,1.36857,normal
4.90000,-9.88367,-1.54286,4.21224,-1.51524,1.31524,1.33048,normal
4.92000,-10.20000,-4.38947,3.51053,-2.00000,0.30000,0.50000,normal
4.94000,-10.20000,-4.36842,3.13158,-3.22651,0.05663,0.12169,normal
4.96000,-10.20000,-4.34737,2.75263,-3.03373,0.00843,0.14578,normal
4.98000,-10.20000,-4.32632,2.37368,-2.84096,-0.03976,0.16988,normal
5.00000,-10.20000,-4.30526,1.99474,-2.64819,-0.08795,0.19398,normal
5.02000,-8.53068,0.03295,3.68182,2.94681,0.00532,0.38936,normal
5.04000,-8.59886,0.32841,3.86364,2.73404,0.02660,0.34681,normal
5.06000,-8.66705,0.62386,4.04545,2.52128,0.04787,0.30426,normal
5.08000,-8.73523,0.91932,4.22727,2.30851,0.06915,0.26170,normal
5.10000,-8.80000,1.30000,4.20000,2.09574,0.09043,0.21915,normal
5.12000,-9.04235,-1.42118,1.49294,-0.37872,0.20000,-0.30000,normal
5.14000,-9.18353,-1.49176,1.46941,-0.27234,0.20000,-0.30000,normal
5.16000,-9.32471,-1.56235,1.44588,-0.16596,0.20000,-0.30000,normal
5.18000,-9.46588,-1.63294,1.42235,-0.05957,0.20000,-0.30000,normal
5.20000,-9.70000,-1.80000,1.60000,0.04681,0.20000,-0.30000,normal
5.22000,-7.90000,-1.60488,3.00488,1.90421,0.20211,0.10000,normal
5.24000,-7.90000,-1.62927,3.02927,1.94632,0.22316,0.10000,normal
5.26000,-7.90000,-1.65366,3.05366,1.98842,0.24421,0.10000,normal
5.28000,-7.90000,-1.67805,3.07805,2.03053,0.26526,0.10000,normal
5.30000,-8.20000,-1.70000,3.20000,2.07263,0.28632,0.10000,normal
5.32000,-10.71013,-1.89620,2.19747,2.67273,0.27273,0.10000,normal
5.34000,-10.91266,-1.82025,2.14684,2.55135,0.18378,0.08378,normal
5.36000,-11.11519,-1.74430,2.09620,2.47027,0.15676,0.05676,normal
5.38000,-11.31772,-1.66835,2.04557,2.38919,0.12973,0.02973,normal
5.40000,-12.20000,-1.40000,1.90000,2.30811,0.10270,0.00270,normal
5.42000,-13.52472,-2.07416,2.85056,1.10000,-0.50814,-0.71628,normal
5.44000,-13.56966,-2.20899,2.76067,1.10000,-0.53140,-0.76279,normal
5.46000,-13.61461,-2.34382,2.67079,1.10000,-0.55465,-0.80930,normal
5.48000,-13.65955,-2.47865,2.58090,1.10000,-0.57791,-0.85581,normal
5.50000,-14.10000,-2.90000,1.70000,1.10000,-0.75000,-1.00000,normal
5.52000,-14.73226,-2.96774,0.53226,1.30000,-1.41386,-1.51386,normal
5.54000,-14.77527,-2.92473,0.57527,1.30000,-1.43366,-1.53366,normal
5.56000,-14.81828,-2.88172,0.61828,1.30000,-1.45347,-1.55347,normal
5.58000,-14.86129,-2.83871,0.66129,1.30000,-1.47327,-1.57327,normal
5.60000,-14.70000,-1.90000,0.90000,1.30000,-1.49307,-1.59307,normal
5.62000,-12.61860,-1.41628,0.70000,0.07172,-1.80000,-2.31414,normal
5.64000,-12.38605,-1.46279,0.70000,-0.00909,-1.80000,-2.35455,normal
5.66000,-12.15349,-1.50930,0.70000,-0.08990,-1.80000,-2.39495,normal
5.68000,-11.92093,-1.55581,0.70000,-0.17071,-1.80000,-2.43535,normal
5.70000,-10.90000,-1.80000,0.70000,-0.25152,-1.80000,-2.47576,normal
5.72000,-8.58765,-2.29753,0.10000,-0.60000,-1.60000,-3.00000,normal
5.74000,-8.46420,-2.27284,0.10000,-0.07761,-1.39254,-3.10000,normal
5.76000,-8.34074,-2.24815,0.10000,0.01194,-1.36269,-3.10000,normal
5.78000,-8.21728,-2.22346,0.10000,0.10149,-1.33284,-3.10000,normal
5.80000,-8.02000,-2.18000,0.06000,0.19104,-1.30299,-3.10000,normal
5.82000,-6.27528,-1.17528,0.46180,0.59239,-0.78478,-2.47717,normal
5.84000,-6.23034,-1.13034,0.57416,0.57065,-0.74130,-2.41196,normal
5.86000,-6.18539,-1.08539,0.68652,0.54891,-0.69783,-2.34674,normal
5.88000,-6.14045,-1.04045,0.79888,0.52717,-0.65435,-2.28152,normal
5.90000,-5.90000,-1.00000,1.03333,0.50543,-0.61087,-2.21630,normal
5.92000,-5.41368,-2.10105,1.76316,0.01758,0.33516,-0.24725,normal
5.94000,-5.60316,-2.26947,1.86842,0.06154,0.42308,-0.11538,normal
5.96000,-5.79263,-2.43789,1.97368,0.10549,0.51099,0.01648,normal
5.98000,-5.98211,-2.60632,2.07895,0.14945,0.59890,0.14835,normal
6.00000,-6.17158,-2.77474,2.18421,0.19341,0.68681,0.28022,normal
6.02000,-10.31124,-2.28876,5.62472,2.01942,1.91942,2.01942,normal
6.04000,-10.51348,-2.08652,5.66966,2.05825,1.95825,2.05825,normal
6.06000,-10.71573,-1.88427,5.71461,2.09709,1.99709,2.09709,normal
6.08000,-10.91798,-1.68202,5.75955,2.13592,2.03592,2.13592,normal
6.10000,-11.80000,-0.70000,5.00000,2.17476,2.07476,2.17476,normal
6.12000,-13.18987,0.69873,4.30633,1.48333,2.56667,2.56667,normal
6.14000,-12.98734,0.67342,4.43291,0.04000,2.68286,3.10857,normal
6.16000,-12.78481,0.64810,4.55949,-0.16000,2.62571,3.13714,normal
6.18000,-12.58228,0.62278,4.68608,-0.36000,2.56857,3.16571,normal
6.20000,-12.20000,0.00000,4.70000,-0.56000,2.51143,3.19429,normal
6.22000,-13.35506,-1.21011,4.61011,-1.10238,1.48810,2.49048,normal
6.24000,-13.26517,-1.03034,4.43034,-1.12619,1.36905,2.39524,normal
6.26000,-13.17528,-0.85056,4.25056,-1.15000,1.25000,2.30000,normal
6.28000,-13.08539,-0.67079,4.07079,-1.17381,1.13095,2.20476,normal
6.30000,-12.20000,-0.40000,3.60000,-1.19762,1.01190,2.10952,normal
6.32000,-8.76044,-0.61868,3.83407,-3.42442,0.18372,0.49186,normal
6.34000,-8.69451,-0.81648,3.72418,-3.49419,0.13721,0.46860,normal
6.36000,-8.62857,-1.01429,3.61429,-3.56395,0.09070,0.44535,normal
6.38000,-8.56264,-1.21209,3.50440,-3.63372,0.04419,0.42209,normal
6.40000,-7.80000,-2.30000,2.60000,-3.75000,-0.05000,0.35000,normal
6.42000,-6.73261,-2.60217,2.08152,-2.25631,-0.29126,0.30000,normal
6.44000,-6.77609,-2.47174,2.19022,-2.15922,-0.27184,0.30000,normal
6.46000,-6.81957,-2.34130,2.29891,-2.06214,-0.25243,0.30000,normal
6.48000,-6.86304,-2.21087,2.40761,-1.96505,-0.23301,0.30000,normal
6.50000,-6.99000,-1.67000,2.91000,-1.86796,-0.21359,0.30000,normal
6.52000,-7.62759,-0.92759,3.30000,-1.45000,-0.20000,0.20000,normal
6.54000,-7.69655,-0.99655,3.30000,-1.30000,-0.18421,0.31579,normal
6.56000,-7.76552,-1.06552,3.30000,-1.30000,-0.15789,0.34211,normal
6.58000,-7.83448,-1.13448,3.30000,-1.30000,-0.13158,0.36842,normal
6.60000,-8.20000,-1.45000,3.30000,-1.30000,-0.10526,0.39474,normal
6.62000,-9.94286,-2.42857,3.50000,-0.26774,0.20645,0.60000,normal
6.64000,-9.85495,-2.47253,3.50000,-0.16022,0.22796,0.60000,normal
6.66000,-9.76703,-2.51648,3.50000,-0.05269,0.24946,0.60000,normal
6.68000,-9.67912,-2.56044,3.50000,0.05484,0.27097,0.60000,normal
6.70000,-8.90000,-2.90000,3.30000,0.16237,0.29247,0.60000,normal
6.72000,-11.45581,-3.47209,2.90930,2.02697,0.70000,0.78652,normal
6.74000,-11.59535,-3.40233,2.93256,2.11685,0.70000,0.74157,normal
6.76000,-11.73488,-3.33256,2.95581,2.20674,0.70000,0.69663,normal
6.78000,-11.87442,-3.26279,2.97907,2.29663,0.70000,0.65169,normal
6.80000,-11.93333,-3.26667,2.93333,2.38652,0.70000,0.60674,normal
6.82000,-14.39391,-3.36870,1.29565,2.29062,-0.11406,-0.92344,normal
6.84000,-14.55043,-3.31652,1.12174,2.25938,-0.16094,-1.00156,normal
6.86000,-14.70696,-3.26435,0.94783,2.22812,-0.20781,-1.07969,normal
6.88000,-14.86348,-3.21217,0.77391,2.19688,-0.25469,-1.15781,normal
6.90000,-15.02000,-3.16000,0.60000,2.16562,-0.30156,-1.23594,normal
6.92000,-15.17652,-3.10783,0.42609,2.13438,-0.34844,-1.31406,normal
6.94000,-15.72727,-1.79091,0.64545,2.10312,-0.39531,-1.39219,normal
6.96000,-14.17714,-0.78571,1.07143,0.38000,-1.50000,-3.31143,normal
6.98000,-13.80571,-0.92857,1.35714,0.18000,-1.50000,-3.42571,normal
7.00000,-13.43429,-1.07143,1.64286,-0.02000,-1.50000,-3.54000,normal
7.02000,-12.10000,-2.05000,1.50000,-0.22000,-1.50000,-3.65429,normal
7.04000,-9.56591,-2.56591,0.50000,0.50652,-1.00000,-4.49891,normal
7.06000,-9.45227,-2.45227,0.50000,0.63696,-1.00000,-4.47717,normal
7.08000,-9.33864,-2.33864,0.50000,0.76739,-1.00000,-4.45543,normal
7.10000,-9.22500,-2.22500,0.50000,0.89783,-1.00000,-4.43370,normal
7.12000,-9.11136,-2.11136,0.50000,1.02826,-1.00000,-4.41196,normal
7.14000,-7.36471,-1.19412,0.70588,1.60000,-0.80000,-3.50000,normal
7.16000,-7.18824,-1.16471,0.73529,1.55000,-0.77500,-3.40000,normal
7.18000,-7.01176,-1.13529,0.76471,1.50000,-0.75000,-3.30000,normal
7.20000,-6.83529,-1.10588,0.79412,1.45000,-0.72500,-3.20000,normal
7.22000,-5.40909,-2.11818,2.23636,1.40000,-0.70000,-3.10000,normal
7.24000,-5.37887,-2.59859,2.47887,0.63000,0.14000,-0.75000,normal
7.26000,-5.49155,-2.73944,2.59155,0.60000,0.27925,-0.46792,normal
7.28000,-5.60423,-2.88028,2.70423,0.60000,0.39245,-0.27925,normal
7.30000,-6.12000,-3.76000,3.58000,0.60000,0.60000,0.15000,normal
7.32000,-7.17692,-4.61282,4.53846,0.51062,1.23186,1.24248,normal
7.34000,-7.27949,-4.62991,4.58974,0.52832,1.28496,1.31327,normal
7.36000,-7.38205,-4.64701,4.64103,0.54602,1.33805,1.38407,normal
7.38000,-7.48462,-4.66410,4.69231,0.56372,1.39115,1.45487,normal
7.40000,-7.58718,-4.68120,4.74359,0.58142,1.44425,1.52566,normal
7.42000,-7.68974,-4.69829,4.79487,0.59912,1.49735,1.59646,normal
7.44000,-10.27320,-3.96598,5.18041,1.30952,1.98095,2.40952,normal
7.46000,-10.23196,-3.75979,5.30412,1.32857,1.94286,2.42857,normal
7.48000,-10.19072,-3.55361,5.42784,1.34762,1.90476,2.44762,normal
7.50000,-10.14948,-3.34742,5.55155,1.36667,1.86667,2.46667,normal
7.52000,-10.10825,-3.14124,5.67526,1.38571,1.82857,2.48571,normal
7.54000,-12.77647,-1.00941,4.29765,0.50000,2.10000,2.70000,normal
7.56000,-12.54118,-1.10353,4.27412,-1.26250,1.15312,2.68437,normal
7.58000,-12.30588,-1.19765,4.25059,-1.34583,1.09062,2.66354,normal
7.60000,-12.07059,-1.29176,4.22706,-1.42917,1.02812,2.64271,normal
7.62000,-11.83529,-1.38588,4.20353,-1.51250,0.96562,2.62188,normal
7.64000,-9.06429,-0.82143,5.05714,-1.59583,0.90312,2.60104,normal
7.66000,-7.85500,-0.40000,4.93000,-2.23333,0.09524,1.49524,normal
7.68000,-7.80500,-0.40000,4.63000,-2.45556,0.06349,1.46349,normal
7.70000,-7.75500,-0.40000,4.33000,-2.67778,0.03175,1.43175,normal
7.72000,-7.70500,-0.40000,4.03000,-2.90000,0.00000,1.40000,normal
7.74000,-8.79381,-3.02062,2.41959,-3.14340,-0.21132,1.08868,normal
7.76000,-8.93814,-3.20619,2.29588,-3.04906,-0.23019,1.06981,normal
7.78000,-9.08247,-3.39175,2.17216,-2.95472,-0.24906,1.05094,normal
7.80000,-9.22680,-3.57732,2.04845,-2.86038,-0.26792,1.03208,normal
7.82000,-9.37113,-3.76289,1.92474,-2.76604,-0.28679,1.01321,normal
7.84000,-8.17612,-1.98806,2.70000,-1.20000,-0.50000,0.70000,normal
7.86000,-8.11642,-1.95821,2.70000,-1.00000,-0.30000,0.70000,normal
7.88000,-8.05672,-1.92836,2.70000,-1.00000,-0.30000,0.70000,normal
7.90000,-8.03333,-2.00000,2.70000,-1.00000,-0.30000,0.70000,normal
7.92000,-8.34382,-2.81461,2.74382,0.14583,0.21146,0.90000,normal
7.94000,-8.41124,-2.83708,2.81124,0.22917,0.23229,0.90000,normal
7.96000,-8.47865,-2.85955,2.87865,0.31250,0.25312,0.90000,normal
7.98000,-8.54607,-2.88202,2.94607,0.39583,0.27396,0.90000,normal
8.00000,-9.66667,-2.90000,3.21667,0.47917,0.29479,0.90000,normal
8.02000,-10.49310,-2.88448,3.39224,1.45000,0.68333,0.90000,normal
8.04000,-10.70000,-2.85000,3.37500,1.53429,0.71714,0.86571,normal
8.06000,-10.90690,-2.81552,3.35776,1.57238,0.73619,0.82762,normal
8.08000,-11.11379,-2.78103,3.34052,1.61048,0.75524,0.78952,normal
8.10000,-11.32069,-2.74655,3.32328,1.64857,0.77429,0.75143,normal
8.12000,-11.52759,-2.71207,3.30603,1.68667,0.79333,0.71333,normal
8.14000,-11.18182,-2.24545,3.00909,2.60000,0.39167,-0.42500,normal
8.16000,-11.12121,-2.06364,3.03939,2.60000,0.36389,-0.50833,normal
8.18000,-11.06061,-1.88182,3.06970,2.60000,0.33611,-0.59167,normal
8.20000,-11.00000,-1.70000,3.10000,2.60000,0.30833,-0.67500,normal
8.22000,-11.90734,-2.42936,0.85596,0.50374,-0.70000,-2.00374,normal
8.24000,-11.92569,-2.50275,0.74587,0.54112,-0.70000,-2.04112,normal
8.26000,-11.94404,-2.57615,0.63578,0.57850,-0.70000,-2.07850,normal
8.28000,-11.96239,-2.64954,0.52569,0.61589,-0.70000,-2.11589,normal
8.30000,-11.98073,-2.72294,0.41560,0.65327,-0.70000,-2.15327,normal
8.32000,-11.99908,-2.79633,0.30550,0.69065,-0.70000,-2.19065,normal
8.34000,-10.72740,-2.20000,0.45753,1.48795,-1.00000,-2.40000,normal
8.36000,-10.48082,-2.20000,0.53973,1.46386,-1.00000,-2.40000,normal
8.38000,-10.23425,-2.20000,0.62192,1.43976,-1.00000,-2.40000,normal
8.40000,-9.55000,-2.20000,1.05000,1.41566,-1.00000,-2.40000,normal
8.42000,-7.70130,-2.50130,0.29740,1.19091,-0.80000,-2.36364,normal
8.44000,-7.72727,-2.52727,0.24545,0.80000,-0.50000,-2.10000,normal
8.46000,-7.75325,-2.55325,0.19351,0.83571,-0.50000,-2.02857,normal
8.48000,-7.77922,-2.57922,0.14156,0.87143,-0.50000,-1.95714,normal
8.50000,-7.40000,-2.70000,-0.10000,1.06000,-0.34000,-1.58000,normal
8.52000,-7.31488,-2.65537,0.18926,1.31345,-0.17311,-1.27311,normal
8.54000,-7.33140,-2.60579,0.28843,1.33025,-0.13950,-1.23950,normal
8.56000,-7.34793,-2.55620,0.38760,1.34706,-0.10588,-1.20588,normal
8.58000,-7.36446,-2.50661,0.48678,1.36387,-0.07227,-1.17227,normal
8.60000,-7.38099,-2.45702,0.58595,1.38067,-0.03866,-1.13866,normal
8.62000,-7.39752,-2.40744,0.68512,1.39748,-0.00504,-1.10504,normal
8.64000,-8.21571,-2.16857,1.14714,1.39420,0.30580,-0.28841,normal
8.66000,-8.24429,-2.11143,1.23286,1.36522,0.33478,-0.23043,normal
8.68000,-8.27286,-2.05429,1.31857,1.33623,0.36377,-0.17246,normal
8.70000,-8.50000,-2.10000,1.50000,1.30725,0.39275,-0.11449,normal
8.72000,-10.69636,-1.50000,2.72636,1.78966,0.92069,0.40517,normal
8.74000,-11.13273,-1.50000,2.56273,1.75517,0.98966,0.42241,normal
8.76000,-11.56909,-1.50000,2.39909,1.72069,1.05862,0.43966,normal
8.78000,-12.00545,-1.50000,2.23545,1.68621,1.12759,0.45690,normal
8.80000,-12.44182,-1.50000,2.07182,1.65172,1.19655,0.47414,normal
8.82000,-12.87818,-1.50000,1.90818,1.61724,1.26552,0.49138,normal
8.84000,-8.85455,0.19545,5.86364,1.53333,1.16667,0.56667,normal
8.86000,-8.62727,0.17273,5.68182,1.40000,0.70000,0.50000,normal
8.88000,-8.40000,0.15000,5.50000,1.25714,0.70000,0.47143,normal
8.90000,-8.17273,0.12727,5.31818,1.11429,0.70000,0.44286,normal
8.92000,-7.94545,0.10455,5.13636,0.97143,0.70000,0.41429,normal
8.94000,-9.85410,-0.34098,2.72623,0.35000,0.60000,0.75000,normal
8.96000,-9.62459,-0.04590,2.85738,0.23448,0.50000,0.86552,normal
8.98000,-9.39508,0.24918,2.98852,0.16552,0.50000,0.93448,normal
9.00000,-8.70000,0.05000,3.70000,-0.10000,0.50000,1.05000,normal
9.02000,-9.32609,-1.71304,3.16087,-0.48148,0.49074,1.19074,normal
9.04000,-9.36087,-1.73043,3.10870,-0.44444,0.47222,1.17222,normal
9.06000,-9.39565,-1.74783,3.05652,-0.40741,0.45370,1.15370,normal
9.08000,-9.43043,-1.76522,3.00435,-0.37037,0.43519,1.13519,normal
9.10000,-9.46522,-1.78261,2.95217,-0.33333,0.41667,1.11667,normal
9.12000,-9.50000,-1.80000,2.90000,0.30000,0.40000,1.00000,normal
9.14000,-10.04267,-1.47867,2.42133,0.55700,0.41900,0.88100,normal
9.16000,-10.09600,-1.45200,2.44800,0.61700,0.43900,0.86100,normal
9.18000,-10.14933,-1.42533,2.47467,0.67700,0.45900,0.84100,normal
9.20000,-10.22857,-1.38571,2.52857,0.73700,0.47900,0.82100,normal
9.22000,-10.30000,-1.00000,2.80000,0.79700,0.49900,0.80100,normal
9.24000,-9.70000,-0.92947,3.10000,0.82222,0.40000,0.42222,normal
9.26000,-9.70000,-0.97158,3.10000,0.70000,0.40000,0.28077,normal
9.28000,-9.70000,-1.01368,3.10000,0.70000,0.40000,0.25513,normal
9.30000,-9.70000,-1.05579,3.10000,0.70000,0.40000,0.22949,normal
9.32000,-9.70000,-1.09789,3.10000,0.70000,0.40000,0.20385,normal
9.34000,-9.59733,-0.42667,3.41467,1.31184,0.38816,0.18816,normal
9.36000,-9.41067,-0.29333,3.44133,1.33816,0.36184,0.16184,normal
9.38000,-9.22400,-0.16000,3.46800,1.36447,0.33553,0.13553,normal
9.40000,-9.03733,-0.02667,3.49467,1.39079,0.30921,0.10921,normal
9.42000,-9.91019,0.31944,-0.36111,-0.18911,0.10198,0.20099,normal
9.44000,-10.22500,0.37500,-0.25000,0.02871,0.14158,0.22079,normal
9.46000,-10.53981,0.43056,-0.13889,0.24653,0.18119,0.24059,normal
9.48000,-10.85463,0.48611,-0.02778,0.46436,0.22079,0.26040,normal
9.50000,-11.16944,0.54167,0.08333,0.68218,0.26040,0.28020,normal
9.52000,-11.48426,0.59722,0.19444,0.90000,0.30000,0.30000,normal
9.54000,-13.42740,2.15753,1.65753,1.51935,0.16774,-0.03226,normal
9.56000,-13.18082,2.23973,1.73973,1.41183,0.12473,-0.07527,normal
9.58000,-12.93425,2.32192,1.82192,1.30430,0.08172,-0.11828,normal
9.60000,-12.60769,2.36154,1.85385,1.19677,0.03871,-0.16129,normal
9.62000,-10.88571,-0.27143,0.50000,0.98333,-0.01667,-0.23333,normal
9.64000,-10.91649,-2.31649,0.20000,0.20556,-0.30111,-1.20111,normal
9.66000,-10.93711,-2.33711,0.20000,0.31667,-0.32333,-1.22333,normal
9.68000,-10.95773,-2.35773,0.20000,0.42778,-0.34556,-1.24556,normal
9.70000,-10.97835,-2.37835,0.20000,0.53889,-0.36778,-1.26778,normal
9.72000,-10.99897,-2.39897,0.20000,0.65000,-0.39000,-1.29000,normal
9.74000,-10.96629,-2.07753,1.02247,1.29348,-0.80652,-1.71304,normal
9.76000,-10.83146,-1.98764,1.11236,1.27174,-0.82826,-1.75652,normal
9.78000,-10.69663,-1.89775,1.20225,1.25000,-0.85000,-1.80000,normal
9.80000,-10.56180,-1.80787,1.29213,1.22826,-0.87174,-1.84348,normal
9.82000,-10.42697,-1.71798,1.38202,1.20652,-0.89348,-1.88696,normal
9.84000,-8.17447,-0.31915,-0.30000,2.09800,-0.80200,-2.19800,normal
9.86000,-8.11064,-0.61702,-0.30000,2.07800,-0.82200,-2.17800,normal
9.88000,-8.04681,-0.91489,-0.30000,2.05800,-0.84200,-2.15800,normal
9.90000,-7.98298,-1.21277,-0.30000,2.03800,-0.86200,-2.13800,normal
9.92000,-7.91915,-1.51064,-0.30000,2.01800,-0.88200,-2.11800,normal
9.94000,-9.12500,-0.67500,1.55000,2.00000,-0.83333,-1.96667,normal
9.96000,-9.12125,-0.82750,1.60000,0.83636,-0.52727,-1.45455,normal
9.98000,-9.14625,-0.97750,1.60000,0.61905,-0.47302,-1.31905,normal
10.00000,-9.17125,-1.12750,1.60000,0.52381,-0.44127,-1.22381,normal
10.02000,-9.19625,-1.27750,1.60000,0.42857,-0.40952,-1.12857,normal
10.04000,-10.87079,-1.39213,2.20000,0.40381,0.20381,-0.08857,normal
10.06000,-11.07303,-1.36966,2.20000,0.42286,0.22286,-0.03143,normal
10.08000,-11.27528,-1.34719,2.20000,0.44190,0.24190,0.02571,normal
10.10000,-11.47753,-1.32472,2.20000,0.46095,0.26095,0.08286,normal
10.12000,-11.67978,-1.30225,2.20000,0.48000,0.28000,0.14000,normal
10.14000,-11.73500,0.26000,2.60000,0.49905,0.29905,0.19714,normal
10.16000,-11.75200,0.40000,2.56533,0.05200,0.41200,0.92400,normal
10.18000,-11.83200,0.40000,2.51200,-0.05467,0.43867,0.97733,normal
10.20000,-11.91200,0.40000,2.45867,-0.16133,0.46533,1.03067,normal
10.22000,-11.99200,0.40000,2.40533,-0.26800,0.49200,1.08400,normal
10.24000,-8.88889,0.16444,2.37333,-1.38667,0.70000,1.50000,normal
10.26000,-9.11111,0.07556,2.30667,-1.34857,0.70000,1.50000,normal
10.28000,-9.33333,-0.01333,2.24000,-1.31048,0.70000,1.50000,normal
10.30000,-9.55556,-0.10222,2.17333,-1.27238,0.70000,1.50000,normal
10.32000,-9.77778,-0.19111,2.10667,-1.23429,0.70000,1.50000,normal
10.34000,-10.24167,-0.59167,1.49167,-1.13333,0.67778,1.52222,normal
10.36000,-10.30000,-0.85783,1.93855,-0.60000,0.40000,1.60000,normal
10.38000,-10.30000,-0.93012,1.98675,-0.60000,0.50000,1.47429,normal
10.40000,-10.30000,-1.00241,2.03494,-0.60000,0.50000,1.44571,normal
10.42000,-10.30000,-1.07470,2.08313,-0.60000,0.50000,1.41714,normal
10.44000,-8.24915,-1.70508,2.88983,-0.20000,0.49649,0.99649,normal
10.46000,-7.91017,-1.73898,2.82203,-0.20000,0.46140,0.96140,normal
10.48000,-7.57119,-1.77288,2.75424,-0.20000,0.42632,0.92632,normal
10.50000,-7.20000,-1.75000,2.75000,-0.36667,0.46667,0.83333,normal
10.52000,-7.54711,-1.68430,2.80000,-0.41368,0.48632,0.68632,normal
10.54000,-7.59669,-1.66777,2.80000,-0.43077,0.46923,0.66923,normal
10.56000,-7.64628,-1.65124,2.80000,-0.44786,0.45214,0.65214,normal
10.58000,-7.69587,-1.63471,2.80000,-0.46496,0.43504,0.63504,normal
10.60000,-7.74545,-1.61818,2.80000,-0.48205,0.41795,0.61795,normal
10.62000,-7.79504,-1.60165,2.80000,-0.49915,0.40085,0.60085,normal
10.64000,-9.24021,-1.71340,3.00000,-0.28790,0.30000,0.30000,normal
10.66000,-9.30206,-1.73402,3.00000,-0.27177,0.30000,0.30000,normal
10.68000,-9.36392,-1.75464,3.00000,-0.25565,0.30000,0.30000,normal
10.70000,-9.42577,-1.77526,3.00000,-0.23952,0.30000,0.30000,normal
10.72000,-9.48763,-1.79588,3.00000,-0.22339,0.30000,0.30000,normal
10.74000,-10.32500,-1.70000,3.77500,-0.20726,0.30000,0.30000,normal
10.76000,-10.35294,-1.18235,3.47353,0.52727,0.30000,0.13636,normal
10.78000,-10.52941,-1.12353,3.38529,0.92203,0.30000,-0.12203,normal
10.80000,-10.70588,-1.06471,3.29706,0.95593,0.30000,-0.15593,normal
10.82000,-10.88235,-1.00588,3.20882,0.98983,0.30000,-0.18983,normal
10.84000,-12.33846,-1.84923,3.23846,0.90492,-0.20984,-0.40492,normal
10.86000,-12.18462,-1.97231,3.08462,0.93770,-0.27541,-0.43770,normal
10.88000,-12.03077,-2.09538,2.93077,0.97049,-0.34098,-0.47049,normal
10.90000,-11.80000,-2.15000,2.15000,1.10000,-0.60000,-0.70000,normal
10.92000,-12.52759,-1.51379,1.05862,0.76379,-1.31207,-1.52414,normal
10.94000,-12.56207,-1.53103,1.00690,0.71207,-1.32931,-1.55862,normal
10.96000,-12.59655,-1.54828,0.95517,0.66034,-1.34655,-1.59310,normal
10.98000,-12.63103,-1.56552,0.90345,0.60862,-1.36379,-1.62759,normal
11.00000,-12.66552,-1.58276,0.85172,0.55690,-1.38103,-1.66207,normal
11.02000,-12.70000,-1.60000,0.80000,0.50517,-1.39828,-1.69655,normal
11.04000,-11.88667,-1.55467,0.95867,0.30000,-1.60000,-2.31471,normal
11.06000,-11.75333,-1.50133,1.14533,0.30000,-1.60000,-2.33431,normal
11.08000,-11.62000,-1.44800,1.33200,0.30000,-1.60000,-2.35392,normal
11.10000,-11.43333,-1.30000,1.36667,0.30000,-1.60000,-2.37353,normal
11.12000,-8.88750,-2.10000,0.50000,0.30000,-1.60000,-2.39314,normal
11.14000,-8.35227,-2.10000,0.50795,-0.20000,-1.60000,-2.60000,normal
11.16000,-8.21591,-2.10000,0.53068,0.02899,-1.28551,-2.48551,normal
11.18000,-8.07955,-2.10000,0.55341,0.08696,-1.25652,-2.45652,normal
11.20000,-7.94318,-2.10000,0.57614,0.14493,-1.22754,-2.42754,normal
11.22000,-7.80682,-2.10000,0.59886,0.26000,-1.16000,-2.38000,normal
11.24000,-6.66939,-1.70000,0.61531,0.60000,-0.67524,-1.77524,normal
11.26000,-6.62857,-1.70000,0.63571,0.60000,-0.63714,-1.73714,normal
11.28000,-6.58776,-1.70000,0.65612,0.60000,-0.59905,-1.69905,normal
11.30000,-6.54694,-1.70000,0.67653,0.60000,-0.56095,-1.66095,normal
11.32000,-6.50612,-1.70000,0.69694,0.60000,-0.52286,-1.62286,normal
11.34000,-7.33256,-2.61395,2.40465,0.50000,0.40000,-0.30000,normal
11.36000,-7.49535,-2.68372,2.42791,0.62118,0.64235,-0.03647,normal
11.38000,-7.65814,-2.75349,2.45116,0.64471,0.68941,0.03412,normal
11.40000,-7.82093,-2.82326,2.47442,0.66824,0.73647,0.10471,normal
11.42000,-7.98372,-2.89302,2.49767,0.69176,0.78353,0.17529,normal
11.44000,-10.83548,-2.42903,4.33548,1.50545,1.40000,1.30545,normal
11.46000,-10.90000,-2.30000,4.40000,1.52364,1.40000,1.32364,normal
11.48000,-10.96452,-2.17097,4.46452,1.54182,1.40000,1.34182,normal
11.50000,-11.02903,-2.04194,4.52903,1.56000,1.40000,1.36000,normal
11.52000,-11.09355,-1.91290,4.59355,1.57818,1.40000,1.37818,normal
11.54000,-12.86364,-0.25455,2.94545,1.59636,1.40000,1.39636,normal
11.56000,-13.33333,0.20000,3.51111,0.80000,1.60000,1.70000,normal
11.58000,-13.00000,0.20000,3.73333,0.24426,1.43770,1.83115,normal
11.60000,-12.66667,0.20000,3.95556,0.08033,1.37213,1.86393,normal
11.62000,-12.33333,0.20000,4.17778,-0.08361,1.30656,1.89672,normal
11.64000,-10.66170,-1.16170,3.78723,-0.68351,0.88351,1.67526,normal
11.66000,-10.59787,-1.09787,3.76596,-0.64227,0.84227,1.61340,normal
11.68000,-10.53404,-1.03404,3.74468,-0.60103,0.80103,1.55155,normal
11.70000,-10.47021,-0.97021,3.72340,-0.55979,0.75979,1.48969,normal
11.72000,-10.40638,-0.90638,3.70213,-0.51856,0.71856,1.42784,normal
11.74000,-8.53750,-0.70000,3.20000,-0.60649,0.39351,0.89351,normal
11.76000,-8.38125,-0.70000,3.20000,-0.63247,0.36753,0.86753,normal
11.78000,-8.22500,-0.70000,3.20000,-0.65844,0.34156,0.84156,normal
11.80000,-7.15000,-1.10000,2.80000,-0.68442,0.31558,0.81558,normal
11.82000,-7.35543,-0.98152,2.58152,-0.70000,0.19867,0.59867,normal
11.84000,-7.42065,-0.95978,2.55978,-0.70000,0.17200,0.57200,normal
11.86000,-7.48587,-0.93804,2.53804,-0.70000,0.14533,0.54533,normal
11.88000,-7.55109,-0.91630,2.51630,-0.70000,0.11867,0.51867,normal
11.90000,-8.50000,-0.20000,2.00000,-0.92000,0.00000,0.24000,normal
11.92000,-8.53279,-0.21639,1.98361,-1.01406,0.01406,0.18594,normal
11.94000,-8.56557,-0.23279,1.96721,-1.02969,0.02969,0.17031,normal
11.96000,-8.59836,-0.24918,1.95082,-1.04531,0.04531,0.15469,normal
11.98000,-8.63115,-0.26557,1.93443,-1.06094,0.06094,0.13906,normal
12.00000,-8.66393,-0.28197,1.91803,-1.07656,0.07656,0.12344,normal
12.02000,-8.69672,-0.29836,1.90164,-1.09219,0.09219,0.10781,normal
12.04000,-9.39540,-0.52299,2.60460,-0.68723,0.20426,0.00426,normal
12.06000,-9.37241,-0.63793,2.62759,-0.62340,0.22553,0.02553,normal
12.08000,-9.34943,-0.75287,2.65057,-0.55957,0.24681,0.04681,normal
12.10000,-9.32644,-0.86782,2.67356,-0.49574,0.26809,0.06809,normal
12.12000,-9.30345,-0.98276,2.69655,-0.43191,0.28936,0.08936,normal
12.14000,-11.41395,0.00930,3.30000,0.70000,0.50000,0.20000,normal
12.16000,-11.48372,0.05581,3.30000,0.70000,0.50000,0.20000,normal
12.18000,-11.55349,0.10233,3.30000,0.70000,0.50000,0.20000,normal
12.20000,-11.62326,0.14884,3.30000,0.70000,0.50000,0.20000,normal
12.22000,-11.69302,0.19535,3.30000,0.70000,0.50000,0.20000,normal
12.24000,-12.11333,-0.46000,3.38667,0.50000,0.40000,0.00000,normal
12.26000,-12.07857,-0.45714,3.40000,0.62368,0.27632,-0.22368,normal
12.28000,-12.05476,-0.40952,3.40000,0.67632,0.22368,-0.27632,normal
12.30000,-12.03095,-0.36190,3.40000,0.72895,0.17105,-0.32895,normal
12.32000,-12.00714,-0.31429,3.40000,0.78158,0.11842,-0.38158,normal
12.34000,-9.67640,-0.64719,1.19213,0.20000,-0.60761,-0.80761,normal
12.36000,-9.60899,-0.78202,1.16966,0.20000,-0.62935,-0.82935,normal
12.38000,-9.54157,-0.91685,1.14719,0.20000,-0.65109,-0.85109,normal
12.40000,-9.47416,-1.05169,1.12472,0.20000,-0.67283,-0.87283,normal
12.42000,-9.40674,-1.18652,1.10225,0.20000,-0.69457,-0.89457,normal
12.44000,-10.42615,-1.77538,0.51231,0.70000,-0.80000,-1.10806,normal
12.46000,-10.24154,-1.71385,0.54308,0.70000,-0.80000,-1.14032,normal
12.48000,-10.05692,-1.65231,0.57385,0.70000,-0.80000,-1.17258,normal
12.50000,-8.70000,-1.40000,1.20000,0.62500,-0.80000,-1.20000,normal
12.52000,-9.48276,-1.72931,0.77069,0.50000,-0.70000,-1.30862,normal
12.54000,-9.34483,-1.76379,0.73621,0.50000,-0.70000,-1.32586,normal
12.56000,-9.20690,-1.79828,0.70172,0.50000,-0.70000,-1.34310,normal
12.58000,-9.06897,-1.83276,0.66724,0.50000,-0.70000,-1.36034,normal
12.60000,-8.93103,-1.86724,0.63276,0.50000,-0.70000,-1.37759,normal
12.62000,-8.70000,-1.95000,0.75000,0.50000,-0.70000,-1.39483,normal
12.64000,-9.08081,-1.78384,0.81616,0.81010,-0.58990,-1.38990,normal
12.66000,-9.18182,-1.76364,0.83636,0.83030,-0.56970,-1.36970,normal
12.68000,-9.28283,-1.74343,0.85657,0.85051,-0.54949,-1.34949,normal
12.70000,-9.38384,-1.72323,0.87677,0.87071,-0.52929,-1.32929,normal
12.72000,-9.48485,-1.70303,0.89697,0.89091,-0.50909,-1.30909,normal
12.74000,-8.45055,-1.40989,1.30989,0.40353,-0.19647,-0.89647,normal
12.76000,-8.34066,-1.43187,1.33187,0.42706,-0.17294,-0.87294,normal
12.78000,-8.23077,-1.45385,1.35385,0.45059,-0.14941,-0.84941,normal
12.80000,-8.12088,-1.47582,1.37582,0.47412,-0.12588,-0.82588,normal
12.82000,-8.01099,-1.49780,1.39780,0.49765,-0.10235,-0.80235,normal
12.84000,-8.90000,-1.40000,1.68737,0.78854,0.00000,-0.28854,normal
12.86000,-8.90000,-1.40000,1.66632,0.76771,0.00000,-0.26771,normal
12.88000,-8.90000,-1.40000,1.64526,0.74687,0.00000,-0.24687,normal
12.90000,-8.90000,-1.40000,1.62421,0.72604,0.00000,-0.22604,normal
12.92000,-8.90000,-1.40000,1.60316,0.70521,0.00000,-0.20521,normal
12.94000,-9.22809,-1.40899,2.65393,0.00000,0.40096,0.30096,normal
12.96000,-9.04831,-1.43146,2.78876,0.00000,0.42019,0.32019,normal
12.98000,-8.86854,-1.45393,2.92360,0.00000,0.43942,0.33942,normal
13.00000,-8.68876,-1.47640,3.05843,0.00000,0.45865,0.35865,normal
13.02000,-8.50899,-1.49888,3.19326,0.00000,0.47788,0.37788,normal
13.04000,-7.81882,-2.00235,3.39294,0.00000,0.49712,0.39712,normal
13.06000,-8.00706,-2.02588,3.32235,0.48667,0.79333,0.59333,normal
13.08000,-8.19529,-2.04941,3.25176,0.62615,0.90000,0.60000,normal
13.10000,-8.38353,-2.07294,3.18118,0.65692,0.90000,0.60000,normal
13.12000,-8.57176,-2.09647,3.11059,0.68769,0.90000,0.60000,normal
13.14000,-9.78615,-1.51385,3.41385,0.28209,0.59104,0.69104,normal
13.16000,-9.75538,-1.54462,3.44462,0.22239,0.56119,0.66119,normal
13.18000,-9.72462,-1.57538,3.47538,0.16269,0.53134,0.63134,normal
13.20000,-9.83333,-1.80000,3.43333,0.10299,0.50149,0.60149,normal
13.22000,-9.98839,-1.77679,3.42321,0.00000,0.28909,0.10000,normal
13.24000,-9.97054,-1.74107,3.45893,0.00000,0.27091,0.10000,normal
13.26000,-9.95268,-1.70536,3.49464,0.00000,0.25273,0.10000,normal
13.28000,-9.93482,-1.66964,3.53036,0.00000,0.23455,0.10000,normal
13.30000,-9.91696,-1.63393,3.56607,0.00000,0.21636,0.10000,normal
13.32000,-9.75000,-1.70000,3.50000,-0.10000,0.20000,0.10000,normal
13.34000,-9.32192,-2.07808,3.42192,0.01771,0.18229,0.11771,normal
13.36000,-9.34932,-2.05068,3.44932,0.03854,0.16146,0.13854,normal
13.38000,-9.37671,-2.02329,3.47671,0.05938,0.14062,0.15938,normal
13.40000,-9.65000,-1.75000,3.15000,0.08021,0.11979,0.18021,normal
13.42000,-9.60000,-1.70000,3.10000,0.10000,0.10000,0.20000,normal
13.44000,-9.60000,-1.90000,2.78421,0.00000,-0.10000,-0.10000,normal
13.46000,-9.60000,-1.90000,2.76316,0.00000,-0.12532,-0.10000,normal
13.48000,-9.60000,-1.90000,2.74211,0.00000,-0.15063,-0.10000,normal
13.50000,-9.60000,-1.90000,2.72105,0.00000,-0.17595,-0.10000,normal
13.52000,-9.60000,-1.90000,2.70000,0.02000,-0.20000,-0.12000,normal
13.54000,-9.67087,-1.61456,2.48544,0.08762,-0.30000,-0.21238,normal
13.56000,-9.63204,-1.63398,2.46602,0.06857,-0.30000,-0.23143,normal
13.58000,-9.59320,-1.65340,2.44660,0.04952,-0.30000,-0.25048,normal
13.60000,-9.55437,-1.67282,2.42718,0.03048,-0.30000,-0.26952,normal
13.62000,-9.51553,-1.69223,2.40777,0.01143,-0.30000,-0.28857,normal
13.64000,-9.20000,-1.79643,2.30000,-0.10000,-0.24286,-0.30000,normal
13.66000,-9.20000,-1.77262,2.30000,0.10000,-0.20000,-0.30000,normal
13.68000,-9.20000,-1.74881,2.30000,0.10000,-0.20000,-0.30000,normal
13.70000,-9.20000,-1.72500,2.30000,0.10000,-0.20000,-0.30000,normal
13.72000,-9.20000,-1.70119,2.30000,0.10000,-0.20000,-0.30000,normal
13.74000,-9.10000,-1.70000,2.21383,0.00000,-0.09216,-0.20000,normal
13.76000,-9.10000,-1.70000,2.23511,0.00000,-0.07255,-0.20000,normal
13.78000,-9.10000,-1.70000,2.25638,0.00000,-0.05294,-0.20000,normal
13.80000,-9.10000,-1.70000,2.27766,0.00000,-0.03333,-0.20000,normal
13.82000,-9.10000,-1.70000,2.29894,0.00000,-0.01373,-0.20000,normal
13.84000,-9.10000,-1.60000,2.50000,0.00000,0.00000,-0.15000,normal
13.86000,-9.10000,-1.56429,2.53571,0.10000,0.10000,0.00000,normal
13.88000,-9.10000,-1.52857,2.57143,0.10000,0.10000,0.00000,normal
13.90000,-9.10000,-1.50000,2.60000,0.10000,0.10000,0.00000,normal
13.92000,-9.19000,-1.60000,2.80000,0.10000,0.20000,0.10000,normal
13.94000,-9.17182,-1.60000,2.80000,0.10000,0.20000,0.10000,normal
13.96000,-9.15364,-1.60000,2.80000,0.10000,0.20000,0.10000,normal
13.98000,-9.13545,-1.60000,2.80000,0.10000,0.20000,0.10000,normal
14.00000,-9.11727,-1.60000,2.80000,0.10000,0.20000,0.10000,normal
14.02000,-9.10000,-1.65000,2.80000,0.10000,0.20000,0.20000,normal
14.04000,-9.21700,-1.71700,2.90000,0.10000,0.20000,0.20000,normal
14.06000,-9.23700,-1.73700,2.90000,0.10000,0.20000,0.20000,normal
14.08000,-9.25700,-1.75700,2.90000,0.10000,0.20000,0.20000,normal
14.10000,-9.27700,-1.77700,2.90000,0.10000,0.20000,0.20000,normal
14.12000,-9.29700,-1.79700,2.90000,0.10000,0.20000,0.20000,normal
14.14000,-9.29213,-2.71573,2.70000,0.06667,0.20000,0.20000,normal
14.16000,-9.26966,-2.76067,2.70000,-0.18529,0.20000,-0.10000,normal
14.18000,-9.24719,-2.80562,2.70000,-0.12647,0.20000,-0.10000,normal
14.20000,-9.22472,-2.85056,2.70000,-0.06765,0.20000,-0.10000,normal
14.22000,-9.20225,-2.89551,2.70000,-0.00882,0.20000,-0.10000,normal
14.24000,-9.37582,-3.11209,2.87582,0.60000,0.10000,-0.10920,normal
14.26000,-9.33187,-3.13407,2.83187,0.60000,0.10000,-0.13218,normal
14.28000,-9.28791,-3.15604,2.78791,0.60000,0.10000,-0.15517,normal
14.30000,-9.24396,-3.17802,2.74396,0.60000,0.10000,-0.17816,normal
14.32000,-9.20000,-3.20000,2.70000,0.62000,0.10000,-0.20000,normal
14.34000,-8.88438,-3.18437,2.58437,0.91368,0.10000,-0.30000,normal
14.36000,-8.86354,-3.16354,2.56354,0.93474,0.10000,-0.30000,normal
14.38000,-8.84271,-3.14271,2.54271,0.95579,0.10000,-0.30000,normal
14.40000,-8.82188,-3.12187,2.52187,0.97684,0.10000,-0.30000,normal
14.42000,-8.80104,-3.10104,2.50104,0.99789,0.10000,-0.30000,normal
14.44000,-8.95161,-3.43871,2.70000,1.10700,0.10700,-0.10000,normal
14.46000,-9.03763,-3.50323,2.70000,1.12700,0.12700,-0.10000,normal
14.48000,-9.12366,-3.56774,2.70000,1.14700,0.14700,-0.10000,normal
14.50000,-9.20968,-3.63226,2.70000,1.16700,0.16700,-0.10000,normal
14.52000,-9.29570,-3.69677,2.70000,1.18700,0.18700,-0.10000,normal
14.54000,-10.53380,-3.93380,2.51690,1.73333,0.20000,-0.20000,normal
14.56000,-10.59014,-3.99014,2.54507,1.86316,0.20000,-0.23158,normal
14.58000,-10.64648,-4.04648,2.57324,1.93333,0.20000,-0.26667,normal
14.60000,-10.20000,-3.90000,2.70000,2.15000,0.20000,-0.40000,normal
14.62000,-8.93237,-2.76763,1.94604,2.68429,-0.10000,-1.10786,normal
14.64000,-8.97554,-2.72446,1.87410,2.65571,-0.10000,-1.12214,normal
14.66000,-9.01871,-2.68129,1.80216,2.62714,-0.10000,-1.13643,normal
14.68000,-9.06187,-2.63813,1.73022,2.59857,-0.10000,-1.15071,normal
14.70000,-9.10504,-2.59496,1.65827,2.57000,-0.10000,-1.16500,normal
14.72000,-9.14820,-2.55180,1.58633,2.54143,-0.10000,-1.17929,normal
14.74000,-9.19137,-2.50863,1.51439,2.51286,-0.10000,-1.19357,normal
14.76000,-9.18056,-2.65833,1.31944,1.70000,0.00395,-1.20000,normal
14.78000,-9.12500,-2.82500,1.37500,1.70000,0.03026,-1.20000,normal
14.80000,-9.06944,-2.99167,1.43056,1.70000,0.05658,-1.20000,normal
14.82000,-9.01389,-3.15833,1.48611,1.70000,0.08289,-1.20000,normal
14.84000,-8.89630,-2.40123,0.39877,2.50000,0.40000,-1.10000,normal
14.86000,-8.82222,-2.42593,0.37407,2.38556,0.62889,-1.20000,normal
14.88000,-8.74815,-2.45062,0.34938,2.36333,0.67333,-1.20000,normal
14.90000,-8.67407,-2.47531,0.32469,2.34111,0.71778,-1.20000,normal
14.92000,-8.60000,-2.50000,0.30000,2.31889,0.76222,-1.20000,normal
14.94000,-8.80000,-3.07000,0.48500,2.50000,1.00000,-1.10000,normal
14.96000,-8.84359,-3.12179,0.47821,2.61039,1.11039,-1.10000,normal
14.98000,-8.89487,-3.14744,0.45256,2.63636,1.13636,-1.10000,normal
15.00000,-8.94615,-3.17308,0.42692,2.66234,1.16234,-1.10000,normal
15.02000,-8.99744,-3.19872,0.40128,2.68831,1.18831,-1.10000,normal
15.04000,-9.61163,-3.30000,0.92326,2.79333,1.29333,-1.30667,normal
15.06000,-9.65814,-3.30000,1.01628,2.77111,1.27111,-1.32889,normal
15.08000,-9.70465,-3.30000,1.10930,2.74889,1.24889,-1.35111,normal
15.10000,-9.75116,-3.30000,1.20233,2.72667,1.22667,-1.37333,normal
15.12000,-9.79767,-3.30000,1.29535,2.70444,1.20444,-1.39556,normal
15.14000,-10.08901,-3.83297,1.74396,2.00000,1.08105,-1.49053,normal
15.16000,-10.06703,-3.89890,1.83187,2.00000,1.03895,-1.46947,normal
15.18000,-10.04505,-3.96484,1.91978,2.00000,0.99684,-1.44842,normal
15.20000,-10.02308,-4.03077,2.00769,2.00000,0.95474,-1.42737,normal
15.22000,-10.00110,-4.09670,2.09560,2.00000,0.91263,-1.40632,normal
15.24000,-10.07500,-3.98750,2.03750,1.97108,0.29036,-1.10964,normal
15.26000,-10.01250,-3.95625,2.13125,1.89880,0.26627,-1.13373,normal
15.28000,-9.95000,-3.92500,2.22500,1.82651,0.24217,-1.15783,normal
15.30000,-9.30000,-4.45000,3.10000,1.75422,0.21807,-1.18193,normal
15.32000,-9.10500,-5.56000,3.49000,1.00000,-0.00833,-1.09167,normal
15.34000,-9.02323,-5.65758,3.53838,1.02069,-0.11034,-0.98966,normal
15.36000,-8.94242,-5.71818,3.57879,1.06667,-0.13333,-0.96667,normal
15.38000,-8.86162,-5.77879,3.61919,1.11264,-0.15632,-0.94368,normal
15.40000,-8.78081,-5.83939,3.65960,1.15862,-0.17931,-0.92069,normal
15.42000,-8.70000,-5.90000,3.70000,1.22500,-0.20000,-0.87500,normal
15.44000,-7.28367,-6.58571,5.24694,1.63191,-0.31064,-0.90000,normal
15.46000,-7.26327,-6.44286,5.43061,1.69574,-0.33191,-0.90000,normal
15.48000,-7.24286,-6.30000,5.61429,1.75957,-0.35319,-0.90000,normal
15.50000,-7.22245,-6.15714,5.79796,1.82340,-0.37447,-0.90000,normal
15.52000,-7.20204,-6.01429,5.98163,1.88723,-0.39574,-0.90000,normal
15.54000,-6.56593,-4.32198,7.37802,2.81573,-0.99213,-0.79213,normal
15.56000,-6.69780,-4.36593,7.33407,2.86067,-0.96966,-0.76966,normal
15.58000,-6.82967,-4.40989,7.29011,2.90562,-0.94719,-0.74719,normal
15.60000,-6.96154,-4.45385,7.24615,2.95056,-0.92472,-0.72472,normal
15.62000,-7.09341,-4.49780,7.20220,2.99551,-0.90225,-0.70225,normal
15.64000,-6.28710,-1.19677,7.27419,3.06796,-1.10000,-0.17864,normal
15.66000,-6.26559,-1.02473,7.23118,3.00971,-1.10000,-0.13981,normal
15.68000,-6.24409,-0.85269,7.18817,2.95146,-1.10000,-0.10097,normal
15.70000,-6.22258,-0.68065,7.14516,2.89320,-1.10000,-0.06214,normal
15.72000,-6.20108,-0.50860,7.10215,2.83495,-1.10000,-0.02330,normal
15.74000,-4.70000,2.57108,5.80241,2.53333,-1.18889,0.26667,normal
15.76000,-4.70000,2.28193,5.82651,1.78310,-0.88310,1.21690,normal
15.78000,-4.70000,1.99277,5.85060,1.69859,-0.79859,1.30141,normal
15.80000,-4.70000,1.70361,5.87470,1.61408,-0.71408,1.38592,normal
15.82000,-4.70000,1.41446,5.89880,1.52958,-0.62958,1.47042,normal
15.84000,-4.58989,0.89101,5.21798,1.09884,0.50349,2.09884,normal
15.86000,-4.81461,0.86854,5.26292,1.07558,0.57326,2.07558,normal
15.88000,-5.03933,0.84607,5.30787,1.05233,0.64302,2.05233,normal
15.90000,-5.26404,0.82360,5.35281,1.02907,0.71279,2.02907,normal
15.92000,-5.48876,0.80112,5.39775,1.00581,0.78256,2.00581,normal
15.94000,-6.09167,0.62639,6.91806,-0.52609,1.40000,0.97391,normal
15.96000,-5.92500,0.82083,6.94583,-0.58406,1.40000,0.91594,normal
15.98000,-5.75833,1.01528,6.97361,-0.64203,1.40000,0.85797,normal
16.00000,-5.45000,1.70000,7.00000,-0.70000,1.40000,0.80000,normal
16.02000,-5.76195,-0.44956,6.94956,-1.13538,1.28923,0.47846,normal
16.04000,-5.85044,-0.52035,7.02035,-1.04308,1.27385,0.44769,normal
16.06000,-5.93894,-0.59115,7.09115,-0.95077,1.25846,0.41692,normal
16.08000,-6.02743,-0.66195,7.16195,-0.85846,1.24308,0.38615,normal
16.10000,-6.11593,-0.73274,7.23274,-0.76615,1.22769,0.35538,normal
16.12000,-6.95000,0.05000,9.25000,-0.67385,1.21231,0.32462,normal
16.14000,-4.60000,3.85000,10.15000,1.39091,0.56364,0.40909,normal
16.16000,-4.67778,2.88889,9.34198,-0.68767,0.07534,0.10000,normal
16.18000,-4.23333,2.66667,9.07037,-0.66027,0.02055,0.10000,normal
16.20000,-3.78889,2.44444,8.79877,-0.63288,-0.03425,0.10000,normal
16.22000,-3.34444,2.22222,8.52716,-0.60548,-0.08904,0.10000,normal
16.24000,-4.06739,-0.31087,7.53478,-1.20952,-0.20476,-0.30000,normal
16.26000,-4.00217,-0.33261,7.40435,-1.30476,-0.25238,-0.30000,normal
16.28000,-3.93696,-0.35435,7.27391,-1.40000,-0.30000,-0.30000,normal
16.30000,-3.87174,-0.37609,7.14348,-1.49524,-0.34762,-0.30000,normal
16.32000,-3.80652,-0.39783,7.01304,-1.59048,-0.39524,-0.30000,normal
16.34000,-3.91290,-0.78387,6.60323,-0.37363,-0.19341,-0.50000,normal
16.36000,-3.93441,-0.59032,6.77527,-0.28571,-0.17143,-0.50000,normal
16.38000,-3.95591,-0.39677,6.94731,-0.19780,-0.14945,-0.50000,normal
16.40000,-3.97742,-0.20323,7.11935,-0.10989,-0.12747,-0.50000,normal
16.42000,-3.99892,-0.00968,7.29140,-0.02198,-0.10549,-0.50000,normal
16.44000,-11.23830,1.54468,8.03404,0.19245,-0.01509,0.00000,normal
16.46000,-11.45106,1.45957,7.77872,0.17358,-0.05283,0.00000,normal
16.48000,-11.66383,1.37447,7.52340,0.15472,-0.09057,0.00000,normal
16.50000,-11.87660,1.28936,7.26809,0.13585,-0.12830,0.00000,normal
16.52000,-12.08936,1.20426,7.01277,0.11698,-0.16604,0.00000,normal
16.54000,-12.48000,3.63000,5.61000,0.11333,-0.21333,-0.01333,normal
16.56000,-10.12987,4.04156,6.27532,0.01667,0.15000,0.06667,normal
16.58000,-9.63636,3.96364,6.50909,0.06000,0.23000,0.19000,normal
16.60000,-9.14286,3.88571,6.74286,0.12667,0.26333,0.29000,normal
16.62000,-8.64935,3.80779,6.97662,0.19333,0.29667,0.39000,normal
16.64000,-6.45882,0.01765,9.26471,0.43333,0.08333,0.28333,normal
16.66000,-6.22353,0.04706,8.70588,0.32222,0.05556,0.25556,normal
16.68000,-5.98824,0.07647,8.14706,0.21111,0.02778,0.22778,normal
16.70000,-5.40000,1.10000,6.40000,0.10000,0.00000,0.20000,normal
16.72000,-6.03500,1.63500,6.77000,0.50000,0.18839,0.51161,normal
16.74000,-6.18500,1.78500,6.73667,0.50000,0.17054,0.52946,normal
16.76000,-6.33500,1.93500,6.70333,0.50000,0.15268,0.54732,normal
16.78000,-6.48500,2.08500,6.67000,0.50000,0.13482,0.56518,normal
16.80000,-6.63500,2.23500,6.63667,0.50000,0.11696,0.58304,normal
16.82000,-6.78500,2.38500,6.60333,0.50000,0.05000,0.60000,normal
16.84000,-8.25625,3.65625,7.30208,0.36937,-0.23063,0.58468,normal
16.86000,-8.19375,3.59375,7.44792,0.33333,-0.26667,0.56667,normal
16.88000,-8.13125,3.53125,7.59375,0.29730,-0.30270,0.54865,normal
16.90000,-8.06875,3.46875,7.73958,0.26126,-0.33874,0.53063,normal
16.92000,-8.00625,3.40625,7.88542,0.22523,-0.37477,0.51261,normal
16.94000,-5.60000,2.20000,7.20000,-0.24286,-0.62857,0.40000,normal
16.96000,-5.52771,2.12771,7.17590,-0.50000,-0.90000,0.40000,normal
16.98000,-5.45542,2.05542,7.15181,-0.54848,-1.10000,0.62576,normal
17.00000,-5.38313,1.98313,7.12771,-0.48788,-1.10000,0.65606,normal
17.02000,-5.31084,1.91084,7.10361,-0.42727,-1.10000,0.68636,normal
17.04000,-3.60110,0.29670,8.28791,-0.60000,-1.33182,1.03182,normal
17.06000,-3.40330,0.89011,8.46374,-0.10000,-1.48333,1.10000,normal
17.08000,-3.20549,1.48352,8.63956,0.23750,-1.50000,1.07031,normal
17.10000,-3.00769,2.07692,8.81538,0.48750,-1.50000,1.03906,normal
17.12000,-2.80989,2.67033,8.99121,0.73750,-1.50000,1.00781,normal
17.14000,-2.84444,2.57778,9.95556,0.14455,-0.76436,0.78218,normal
17.16000,-2.73333,2.73333,10.06667,0.24356,-0.68515,0.74257,normal
17.18000,-2.62222,2.88889,10.17778,0.34257,-0.60594,0.70297,normal
17.20000,-2.51111,3.04444,10.28889,0.44158,-0.52673,0.66337,normal
17.22000,-2.40000,3.20000,10.40000,0.54059,-0.44752,0.62376,normal
17.24000,-0.94149,2.28936,9.30319,0.32000,0.08000,0.60000,normal
17.26000,-1.00532,2.11915,9.15426,0.26883,0.71558,0.78442,normal
17.28000,-1.06915,1.94894,9.00532,0.21688,0.74156,0.75844,normal
17.30000,-1.13298,1.77872,8.85638,0.16494,0.76753,0.73247,normal
17.32000,-1.19681,1.60851,8.70745,0.11299,0.79351,0.70649,normal
17.34000,-1.68571,3.31905,8.32222,0.90000,1.16250,0.56250,normal
17.36000,-1.40000,2.36667,7.87778,0.65000,1.06875,0.46875,normal
17.38000,-1.11429,1.41429,7.43333,0.40000,0.97500,0.37500,normal
17.40000,-2.50000,2.30000,9.10000,0.95000,0.70000,-0.15000,normal
17.42000,-2.73956,2.58022,8.72088,0.72500,0.36250,-0.53750,normal
17.44000,-2.78352,2.55824,8.63297,0.64167,0.32083,-0.57917,normal
17.46000,-2.82747,2.53626,8.54505,0.55833,0.27917,-0.62083,normal
17.48000,-2.87143,2.51429,8.45714,0.47500,0.23750,-0.66250,normal
17.50000,-3.33750,2.76250,8.22500,0.00000,0.20000,-0.80000,normal
17.52000,-3.15862,2.82759,7.90000,-0.50000,-0.01328,-0.90000,normal
17.54000,-3.10690,2.86207,7.90000,-0.50000,-0.02891,-0.90000,normal
17.56000,-3.05517,2.89655,7.90000,-0.50000,-0.04453,-0.90000,normal
17.58000,-3.00345,2.93103,7.90000,-0.50000,-0.06016,-0.90000,normal
17.60000,-2.95172,2.96552,7.90000,-0.50000,-0.07578,-0.90000,normal
17.62000,-2.90000,3.00000,7.90000,-0.50000,-0.09141,-0.90000,normal
17.64000,-2.63786,4.88641,6.82427,-0.90000,-0.40000,-0.55714,normal
17.66000,-2.69612,4.71165,6.70777,-1.39091,-0.38182,-0.48182,normal
17.68000,-2.75437,4.53689,6.59126,-1.50455,-0.35909,-0.45909,normal
17.70000,-2.81262,4.36214,6.47476,-1.61818,-0.33636,-0.43636,normal
17.72000,-2.87087,4.18738,6.35825,-1.73182,-0.31364,-0.41364,normal
17.74000,-7.93146,2.52921,10.62472,0.15000,-0.38333,-0.20000,normal
17.76000,-8.24607,2.82135,10.87191,0.20000,-0.50000,-0.21928,normal
17.78000,-8.56067,3.11348,11.11910,0.20000,-0.50000,-0.24337,normal
17.80000,-8.87528,3.40562,11.36629,0.20000,-0.50000,-0.26747,normal
17.82000,-9.18989,3.69775,11.61348,0.20000,-0.50000,-0.29157,normal
17.84000,-7.86522,1.77065,6.60543,-1.37955,0.00682,-0.69091,normal
17.86000,-8.90870,1.40109,7.19239,-1.17500,0.07500,-0.60000,normal
17.88000,-9.95217,1.03152,7.77935,-0.97045,0.14318,-0.50909,normal
17.90000,-10.99565,0.66196,8.36630,-0.76591,0.21136,-0.41818,normal
17.92000,-12.03913,0.29239,8.95326,-0.56136,0.27955,-0.32727,normal
17.94000,-4.51798,7.16067,7.83708,-1.50792,0.30000,0.49208,normal
17.96000,-4.56292,5.81236,7.67978,-1.52772,0.30000,0.47228,normal
17.98000,-4.60787,4.46404,7.52247,-1.54752,0.30000,0.45248,normal
18.00000,-4.65281,3.11573,7.36517,-1.56733,0.30000,0.43267,normal
18.02000,-4.69775,1.76742,7.20787,-1.58713,0.30000,0.41287,normal
18.04000,-2.86207,2.40000,10.31379,-1.21111,0.30000,0.24444,normal
18.06000,-3.48276,2.40000,10.45172,0.40000,0.25000,0.50000,normal
18.08000,-4.10345,2.40000,10.58966,-0.30000,0.10000,0.65000,normal
18.10000,-4.30000,2.90000,8.40000,-0.66667,-0.03333,0.71111,normal
18.12000,-4.62035,0.77965,7.33274,0.13462,-0.81731,0.80000,normal
18.14000,-4.51416,0.88584,7.50973,0.25000,-0.87500,0.80000,normal
18.16000,-4.40796,0.99204,7.68673,0.36538,-0.93269,0.80000,normal
18.18000,-4.30177,1.09823,7.86372,0.48077,-0.99038,0.80000,normal
18.20000,-4.19558,1.20442,8.04071,0.59615,-1.04808,0.80000,normal
18.22000,-2.70000,2.16000,9.92000,0.90000,-1.20000,0.80000,normal
18.24000,-1.80204,2.67755,10.96327,0.41143,-1.20000,0.91714,normal
18.26000,-1.67959,3.02449,11.16735,0.20190,-1.20000,0.93619,normal
18.28000,-1.55714,3.37143,11.37143,-0.00762,-1.20000,0.95524,normal
18.30000,-1.43469,3.71837,11.57551,-0.21714,-1.20000,0.97429,normal
18.32000,-1.31224,4.06531,11.77959,-0.42667,-1.20000,0.99333,normal
18.34000,-1.72921,0.68652,8.86292,0.50098,-1.40196,1.09902,normal
18.36000,-1.52697,0.93371,9.04270,0.52059,-1.44118,1.07941,normal
18.38000,-1.32472,1.18090,9.22247,0.54020,-1.48039,1.05980,normal
18.40000,-1.12247,1.42809,9.40225,0.55980,-1.51961,1.04020,normal
18.42000,-0.92022,1.67528,9.58202,0.57941,-1.55882,1.02059,normal
18.44000,0.01667,3.11667,10.03333,0.59902,-1.59804,1.00098,normal
18.46000,2.75068,4.42603,10.81096,0.20000,-1.10000,0.70000,normal
18.48000,2.36712,3.85068,10.67397,0.16970,-0.97879,0.70000,normal
18.50000,1.98356,3.27534,10.53699,0.13939,-0.85758,0.70000,normal
18.52000,1.60000,2.70000,10.40000,0.10909,-0.73636,0.70000,normal
18.54000,3.80909,-0.81818,10.10000,-0.84944,0.42022,0.67978,normal
18.56000,3.83182,-0.61364,9.85000,-0.73708,0.46517,0.63483,normal
18.58000,3.85455,-0.40909,9.60000,-0.62472,0.51011,0.58989,normal
18.60000,3.87727,-0.20455,9.35000,-0.51236,0.55506,0.54494,normal
18.62000,3.90000,0.00000,9.10000,-0.40000,0.60000,0.50000,normal
18.64000,-0.34194,0.28387,7.59785,-0.17978,1.27978,-0.40000,normal
18.66000,-0.40645,0.41290,7.74839,-0.13483,1.23483,-0.40000,normal
18.68000,-0.47097,0.54194,7.89892,-0.08989,1.18989,-0.40000,normal
18.70000,-0.53548,0.67097,8.04946,-0.04494,1.14494,-0.40000,normal
18.72000,-0.60000,0.80000,8.20000,-0.00000,1.10000,-0.40000,normal
18.74000,-0.68261,2.33188,7.12174,-0.56081,0.10000,-0.13649,normal
18.76000,-0.94348,1.52029,7.29565,-0.69595,0.10000,-0.21757,normal
18.78000,-1.20435,0.70870,7.46957,-0.83108,0.10000,-0.29865,normal
18.80000,-3.15455,-0.62727,10.04545,-0.96622,0.10000,-0.37973,normal
18.82000,-3.10935,11.21028,13.17383,0.15000,-0.20000,-0.40000,normal
18.84000,-3.35234,11.67757,12.89346,2.19101,-1.42472,0.67528,normal
18.86000,-3.59533,12.14486,12.61308,1.62921,-1.46966,0.63034,normal
18.88000,-3.83832,12.61215,12.33271,1.06742,-1.51461,0.58539,normal
18.90000,-4.08131,13.07944,12.05234,0.50562,-1.55955,0.54045,normal
18.92000,-1.80000,6.00000,8.35000,-0.74000,-1.98000,0.68000,normal
18.94000,0.34082,-0.48571,7.59388,-0.92857,-2.21429,0.31429,normal
18.96000,0.89184,-0.34286,7.96122,-0.68367,-2.23469,0.33469,normal
18.98000,1.44286,-0.20000,8.32857,-0.43878,-2.25510,0.35510,normal
19.00000,1.99388,-0.05714,8.69592,-0.19388,-2.27551,0.37551,normal
19.02000,2.54490,0.08571,9.06327,0.05102,-2.29592,0.39592,normal
19.04000,3.48889,2.44444,9.55556,0.40941,-1.27647,0.59529,normal
19.06000,3.66667,2.33333,9.66667,0.45647,-1.15882,0.57176,normal
19.08000,3.84444,2.22222,9.77778,0.50353,-1.04118,0.54824,normal
19.10000,4.02222,2.11111,9.88889,0.55059,-0.92353,0.52471,normal
19.12000,4.20000,2.00000,10.00000,0.59765,-0.80588,0.50118,normal
19.14000,4.33824,3.35735,9.12353,0.89114,0.62658,0.41772,normal
19.16000,4.39706,3.44559,9.00588,0.86582,0.70253,0.46835,normal
19.18000,4.45588,3.53382,8.88824,0.84051,0.77848,0.51899,normal
19.20000,4.40909,3.37273,8.66364,0.81519,0.85443,0.56962,normal
19.22000,3.18269,2.16346,7.29808,0.67692,0.96154,0.60000,normal
19.24000,3.00962,1.79808,7.27885,0.20000,0.89000,0.80000,normal
19.26000,2.83654,1.43269,7.25962,0.20000,0.86778,0.80000,normal
19.28000,2.66346,1.06731,7.24038,0.20000,0.84556,0.80000,normal
19.30000,2.49038,0.70192,7.22115,0.20000,0.82333,0.80000,normal
19.32000,2.31731,0.33654,7.20192,0.20000,0.80111,0.80000,normal
19.34000,4.78617,3.13723,9.33085,-0.10000,0.28889,1.20000,normal
19.36000,4.76489,2.73298,9.22447,-0.10000,0.26869,1.20000,normal
19.38000,4.74362,2.32872,9.11809,-0.10000,0.24848,1.20000,normal
19.40000,4.72234,1.92447,9.01170,-0.10000,0.22828,1.20000,normal
19.42000,4.70106,1.52021,8.90532,-0.10000,0.20808,1.20000,normal
19.44000,3.93115,7.40492,8.29836,0.58800,0.21200,0.90000,normal
19.46000,3.70164,6.42131,8.62623,0.50800,0.29200,0.90000,normal
19.48000,3.47213,5.43770,8.95410,0.42800,0.37200,0.90000,normal
19.50000,4.90000,-0.80000,8.40000,0.34800,0.45200,0.90000,normal
19.52000,3.63986,1.30140,8.52168,0.49449,1.00000,0.89606,normal
19.54000,3.68182,0.88182,8.01818,0.38425,1.00000,0.81732,normal
19.56000,3.72378,0.46224,7.51469,0.27402,1.00000,0.73858,normal
19.58000,3.76573,0.04266,7.01119,0.16378,1.00000,0.65984,normal
19.60000,3.80769,-0.37692,6.50769,0.05354,1.00000,0.58110,normal
19.62000,3.84965,-0.79650,6.00420,-0.05669,1.00000,0.50236,normal
19.64000,3.89161,-1.21608,5.50070,-0.16693,1.00000,0.42362,normal
19.66000,4.66479,7.07746,8.40563,0.17975,0.95443,0.64557,normal
19.68000,4.32676,7.02113,9.41972,0.35696,0.85316,0.74684,normal
19.70000,3.98873,6.96479,10.43380,0.53418,0.75190,0.84810,normal
19.72000,3.65070,6.90845,11.44789,0.71139,0.65063,0.94937,normal
19.74000,3.71951,0.35854,6.56098,-0.90625,1.00250,-0.20250,normal
19.76000,3.81707,0.65122,6.36585,-1.03125,1.05250,-0.25250,normal
19.78000,3.91463,0.94390,6.17073,-1.15625,1.10250,-0.30250,normal
19.80000,4.01220,1.23659,5.97561,-1.28125,1.15250,-0.35250,normal
19.82000,4.43333,2.83333,5.20000,-1.75000,1.40000,-0.50000,normal
19.84000,3.17143,-0.28571,6.81429,-1.75841,1.91416,-0.48584,normal
19.86000,3.13061,0.02041,7.26327,-1.58142,1.93186,-0.46814,normal
19.88000,3.08980,0.32653,7.71224,-1.40442,1.94956,-0.45044,normal
19.90000,3.04898,0.63265,8.16122,-1.22743,1.96726,-0.43274,normal
19.92000,3.00816,0.93878,8.61020,-1.05044,1.98496,-0.41504,normal
19.94000,-0.73077,1.13846,10.73077,-0.46667,1.83333,0.00000,normal
19.96000,-0.77692,1.17692,11.81538,-0.12222,1.61111,0.20000,normal
19.98000,-0.41795,1.81795,12.61026,0.36452,1.51290,0.20000,normal
20.00000,-0.05897,2.45897,13.40513,0.88065,1.41613,0.20000,normal
20.02000,0.30000,3.10000,14.20000,1.39677,1.31935,0.20000,normal
20.04000,0.80000,2.58652,7.75393,-1.78795,0.63012,-0.20602,normal
20.06000,0.80000,2.15955,7.46180,-1.73976,0.75060,-0.23012,normal
20.08000,0.80000,1.73258,7.16966,-1.69157,0.87108,-0.25422,normal
20.10000,0.80000,1.30562,6.87753,-1.64337,0.99157,-0.27831,normal
20.12000,0.25000,-0.00000,7.25000,-0.70000,1.70000,-0.30000,normal
20.14000,-3.23521,0.69014,11.41690,0.48108,1.78108,0.20000,normal
20.16000,-3.40423,0.80282,10.93803,0.45405,1.75405,0.20000,normal
20.18000,-3.57324,0.91549,10.45915,0.42703,1.72703,0.20000,normal
20.20000,-4.63333,2.30000,7.56667,0.40000,1.70000,0.20000,normal
20.22000,-6.88750,0.51250,6.88750,-0.57120,2.30960,0.61920,normal
20.24000,-7.29821,0.53036,7.29821,-0.52320,2.32560,0.65120,normal
20.26000,-7.70893,0.54821,7.70893,-0.47520,2.34160,0.68320,normal
20.28000,-8.11964,0.56607,8.11964,-0.42720,2.35760,0.71520,normal
20.30000,-8.53036,0.58393,8.53036,-0.37920,2.37360,0.74720,normal
20.32000,-8.93333,1.23333,9.36667,-0.33120,2.38960,0.77920,normal
20.34000,-8.67684,0.45053,6.96842,-1.00000,1.40000,1.00000,normal
20.36000,-8.48737,0.68211,7.07368,-0.86813,1.35604,1.00000,normal
20.38000,-8.29789,0.91368,7.17895,-0.73626,1.31209,1.00000,normal
20.40000,-8.10842,1.14526,7.28421,-0.60440,1.26813,1.00000,normal
20.42000,-7.91895,1.37684,7.38947,-0.47253,1.22418,1.00000,normal
20.44000,-11.35783,1.74819,6.82530,-0.60000,0.00000,0.50000,normal
20.46000,-11.74337,2.73614,6.99398,-0.21220,-0.68780,-0.02195,normal
20.48000,-12.12892,3.72410,7.16265,-0.11463,-0.78537,-0.04634,normal
20.50000,-12.51446,4.71205,7.33133,-0.01707,-0.88293,-0.07073,normal
20.52000,-12.90000,5.70000,7.50000,0.08049,-0.98049,-0.09512,normal
20.54000,-3.14444,0.07778,8.65556,-0.70698,-1.90698,0.32791,normal
20.56000,-3.03333,0.03333,8.76667,-0.73023,-1.93023,0.42093,normal
20.58000,-2.92222,-0.01111,8.87778,-0.75349,-1.95349,0.51395,normal
20.60000,-2.81111,-0.05556,8.98889,-0.77674,-1.97674,0.60698,normal
20.62000,-2.70000,-0.10000,9.10000,-0.80000,-2.00000,0.70000,normal
20.64000,-1.08936,-0.35106,10.22340,0.14950,-2.58020,0.40000,normal
20.66000,-0.21702,-0.13830,10.54255,0.24851,-2.54059,0.40000,normal
20.68000,0.65532,0.07447,10.86170,0.34752,-2.50099,0.40000,normal
20.70000,1.52766,0.28723,11.18085,0.44653,-2.46139,0.40000,normal
20.72000,2.40000,0.50000,11.50000,0.54554,-2.42178,0.40000,normal
20.74000,-0.42530,-0.61687,10.73614,0.40000,-1.16667,0.32000,normal
20.76000,-0.59398,-0.06265,10.97711,0.76000,-0.44000,-0.08000,normal
20.78000,-0.76265,0.49157,11.21807,0.77121,-0.22727,-0.07121,normal
20.80000,-0.93133,1.04578,11.45904,0.74091,-0.04545,-0.04091,normal
20.82000,-1.10000,1.60000,11.70000,0.71061,0.13636,-0.01061,normal
20.84000,-1.01967,0.80000,9.51148,0.17794,0.90000,0.33676,normal
20.86000,-0.79016,0.80000,9.54426,0.08971,0.90000,0.48382,normal
20.88000,-0.56066,0.80000,9.57705,0.00147,0.90000,0.63088,normal
20.90000,-0.03333,2.66667,10.43333,-0.08676,0.90000,0.77794,normal
20.92000,-5.45091,-0.23091,6.41455,-0.94911,0.53125,0.81161,normal
20.94000,-3.86909,-2.44909,6.10545,-1.03839,0.40625,0.65089,normal
20.96000,-2.28727,-4.66727,5.79636,-1.12768,0.28125,0.49018,normal
20.98000,-0.70545,-6.88545,5.48727,-1.21696,0.15625,0.32946,normal
21.00000,0.87636,-9.10364,5.17818,-1.30625,0.03125,0.16875,normal
21.02000,-0.60000,-4.30000,9.80000,-1.39554,-0.09375,0.00804,normal
21.04000,-0.76220,-0.51575,6.82913,0.65105,-0.60979,0.14126,normal
21.06000,-0.24252,-0.23228,6.10472,0.58112,-0.62378,0.05734,normal
21.08000,0.27717,0.05118,5.38031,0.51119,-0.63776,-0.02657,normal
21.10000,0.79685,0.33465,4.65591,0.44126,-0.65175,-0.11049,normal
21.12000,1.31654,0.61811,3.93150,0.37133,-0.66573,-0.19441,normal
21.14000,1.83622,0.90157,3.20709,0.30140,-0.67972,-0.27832,normal
21.16000,-0.37500,-5.37500,7.27500,0.23147,-0.69371,-0.36224,normal
21.18000,-1.58800,4.08800,7.92000,-1.00000,-0.40000,-1.00000,normal
21.20000,-1.21467,3.71467,7.65333,0.83898,-0.33390,-1.10678,normal
21.22000,-0.84133,3.34133,7.38667,0.53390,-0.50339,-1.14068,normal
21.24000,-0.46800,2.96800,7.12000,0.22881,-0.67288,-1.17458,normal
21.26000,-1.80000,1.10000,8.85000,0.20000,-0.72000,-1.36000,normal
21.28000,-3.40714,0.73036,10.65536,0.35306,0.07959,-1.34694,normal
21.30000,-3.83571,0.55179,11.97679,0.43469,0.20204,-1.26531,normal
21.32000,-3.80000,2.40000,15.20000,0.25000,0.05000,-0.90000,normal
21.34000,-1.17010,2.41856,11.34330,-0.66316,0.09474,-0.66842,normal
21.36000,-1.02577,2.43918,10.72474,-0.74737,0.22105,-0.62632,normal
21.38000,-0.88144,2.45979,10.10619,-0.83158,0.34737,-0.58421,normal
21.40000,-0.73711,2.48041,9.48763,-0.91579,0.47368,-0.54211,normal
21.42000,-1.20000,1.75000,8.15000,-1.00000,0.60000,-0.50000,normal
21.44000,-5.70430,1.30215,12.11398,-0.19167,1.09167,-0.17500,normal
21.46000,-5.42473,2.16237,11.70538,-0.17315,1.07315,-0.11944,normal
21.48000,-5.14516,3.02258,11.29677,-0.15463,1.05463,-0.06389,normal
21.50000,-4.86559,3.88280,10.88817,-0.13611,1.03611,-0.00833,normal
21.52000,-4.50000,4.31667,10.28333,-0.11759,1.01759,0.04722,normal
21.54000,-4.12000,5.50000,8.17000,-0.12727,1.00000,0.07273,normal
21.56000,-4.72000,0.95000,8.60000,0.08974,1.26923,0.78974,normal
21.58000,-4.88000,0.75000,9.00000,0.03846,1.11538,0.73846,normal
21.60000,-5.60000,0.35000,6.15000,-0.62222,0.70000,0.52222,normal
21.62000,-5.89828,0.00172,6.44397,-1.10000,0.70000,0.62095,normal
21.64000,-6.00172,-0.10172,6.80603,-1.10000,0.70000,0.65905,normal
21.66000,-6.10517,-0.20517,7.16810,-1.10000,0.70000,0.69714,normal
21.68000,-6.20862,-0.30862,7.53017,-1.10000,0.70000,0.73524,normal
21.70000,-6.31207,-0.41207,7.89224,-1.10000,0.70000,0.77333,normal
21.72000,-5.50000,-0.30000,9.90000,0.19717,-0.31132,0.59434,normal
21.74000,-5.42079,-0.31980,9.50396,0.17830,-0.38679,0.55660,normal
21.76000,-5.34158,-0.33960,9.10792,0.15943,-0.46226,0.51887,normal
21.78000,-5.26238,-0.35941,8.71188,0.14057,-0.53774,0.48113,normal
21.80000,-5.18317,-0.37921,8.31584,0.12170,-0.61321,0.44340,normal
21.82000,-5.10396,-0.39901,7.91980,0.10283,-0.68868,0.40566,normal
21.84000,-10.04835,1.31319,7.54066,1.30769,-0.90385,0.98846,normal
21.86000,-10.13626,2.60989,8.70549,1.34615,-0.92308,0.93077,normal
21.88000,-10.22418,3.90659,9.87033,1.38462,-0.94231,0.87308,normal
21.90000,-10.31209,5.20330,11.03516,1.42308,-0.96154,0.81538,normal
21.92000,-10.40000,6.50000,12.20000,1.46154,-0.98077,0.75769,normal
21.94000,-7.14000,10.56000,15.94000,1.50000,-1.00000,0.70000,normal
21.96000,-1.90685,-3.92740,8.63699,-0.65238,-0.28095,-0.08095,normal
21.98000,-2.34521,-1.68082,9.40411,-0.33492,-0.15397,0.04603,normal
22.00000,-2.78356,0.56575,10.17123,-0.01746,-0.02698,0.17302,normal
22.02000,-2.70000,1.15000,10.65000,0.30000,0.10000,0.30000,normal
22.04000,-4.27434,0.55044,9.03894,-0.50734,0.38532,0.40000,normal
22.06000,-4.38053,0.47965,8.80885,-0.52569,0.34862,0.40000,normal
22.08000,-4.48673,0.40885,8.57876,-0.54404,0.31193,0.40000,normal
22.10000,-4.59292,0.33805,8.34867,-0.56239,0.27523,0.40000,normal
22.12000,-4.69912,0.26726,8.11858,-0.58073,0.23853,0.40000,normal
22.14000,-5.05000,0.35000,7.75000,-0.59908,0.20183,0.40000,normal
22.16000,-4.09167,0.49028,8.64583,-0.03095,-1.16190,0.20000,normal
22.18000,-3.92500,0.62917,8.56250,-0.07857,-1.25714,0.20000,normal
22.20000,-3.75833,0.76806,8.47917,-0.12619,-1.35238,0.20000,normal
22.22000,-3.55000,0.00000,8.20000,-0.17381,-1.44762,0.20000,normal
22.24000,-1.10580,1.44928,9.85652,0.22000,-1.92000,0.30000,normal
22.26000,-0.96087,1.21739,9.94348,0.70370,-2.20000,0.42407,normal
22.28000,-0.81594,0.98551,10.03043,0.55556,-2.20000,0.46111,normal
22.30000,0.33333,0.46667,10.06667,0.40741,-2.20000,0.49815,normal
22.32000,-0.84622,0.89412,8.81345,0.40973,-2.00000,0.29027,normal
22.34000,-0.77899,1.01176,8.83025,0.42743,-2.00000,0.27257,normal
22.36000,-0.71176,1.12941,8.84706,0.44513,-2.00000,0.25487,normal
22.38000,-0.64454,1.24706,8.86387,0.46283,-2.00000,0.23717,normal
22.40000,-0.57731,1.36471,8.88067,0.48053,-2.00000,0.21947,normal
22.42000,-0.51008,1.48235,8.89748,0.49823,-2.00000,0.20177,normal
22.44000,4.03548,0.54516,10.65161,0.68646,-1.44583,0.32708,normal
22.46000,3.92796,0.95376,10.73763,0.66562,-1.36250,0.36875,normal
22.48000,3.82043,1.36237,10.82366,0.64479,-1.27917,0.41042,normal
22.50000,3.71290,1.77097,10.90968,0.62396,-1.19583,0.45208,normal
22.52000,3.60538,2.17957,10.99570,0.60313,-1.11250,0.49375,normal
22.54000,1.64835,1.32418,8.86044,0.53670,0.40917,0.89083,normal
22.56000,1.73626,1.36813,8.97033,0.61009,0.42752,0.87248,normal
22.58000,1.82418,1.41209,9.08022,0.68349,0.44587,0.85413,normal
22.60000,1.91209,1.45604,9.19011,0.75688,0.46422,0.83578,normal
22.62000,2.00000,1.50000,9.30000,0.83028,0.48257,0.81743,normal
22.64000,3.06316,2.82105,11.71053,0.85000,0.45000,0.85000,normal
22.66000,2.84865,1.18919,11.00270,-1.58095,0.11270,0.68730,normal
22.68000,2.65946,-0.32432,9.38108,-1.48571,0.17619,0.62381,normal
22.70000,2.47027,-1.83784,7.75946,-1.39048,0.23968,0.56032,normal
22.72000,0.00000,-2.90000,5.80000,-0.15000,0.40000,0.40000,normal
22.74000,1.10309,4.06907,11.35876,1.92174,0.08261,1.02609,normal
22.76000,1.90722,4.02784,10.63711,1.72609,0.03913,1.09130,normal
22.78000,2.71134,3.98660,9.91546,1.53043,-0.00435,1.15652,normal
22.80000,3.51546,3.94536,9.19381,1.33478,-0.04783,1.22174,normal
22.82000,4.31959,3.90412,8.47216,1.13913,-0.09130,1.28696,normal
22.84000,2.44270,3.01685,10.11348,1.31786,-0.20595,1.70595,normal
22.86000,2.12809,4.05056,10.54045,1.38929,-0.22976,1.72976,normal
22.88000,1.81348,5.08427,10.96742,1.46071,-0.25357,1.75357,normal
22.90000,1.49888,6.11798,11.39438,1.53214,-0.27738,1.77738,normal
22.92000,0.00000,5.10000,9.20000,0.95000,-0.30000,1.70000,normal
22.94000,3.79130,3.77826,9.16087,0.95946,-0.17297,1.20000,normal
22.96000,3.64638,3.74928,8.84203,0.87838,-0.11892,1.20000,normal
22.98000,3.50145,3.72029,8.52319,0.79730,-0.06486,1.20000,normal
23.00000,4.20000,3.77500,9.07500,0.71622,-0.01081,1.20000,normal
23.02000,5.94167,2.90000,10.32500,0.68333,0.21667,1.20000,normal
23.04000,5.82500,2.70000,10.17500,0.47187,0.42813,1.12813,normal
23.06000,5.70833,2.50000,10.02500,0.40938,0.49062,1.19062,normal
23.08000,5.59167,2.30000,9.87500,0.34687,0.55313,1.25313,normal
23.10000,5.47500,2.10000,9.72500,0.28437,0.61563,1.31563,normal
23.12000,5.35833,1.90000,9.57500,0.22187,0.67813,1.37813,normal
23.14000,2.30805,4.67931,8.80000,-0.01010,0.81010,1.66970,normal
23.16000,2.33103,4.33448,8.80000,-0.03030,0.83030,1.60909,normal
23.18000,2.35402,3.98966,8.80000,-0.05051,0.85051,1.54848,normal
23.20000,2.37701,3.64483,8.80000,-0.07071,0.87071,1.48788,normal
23.22000,2.40000,3.30000,8.80000,-0.09091,0.89091,1.42727,normal
23.24000,3.52727,3.56364,9.30000,2.75385,0.19560,1.69341,normal
23.26000,2.84545,3.97273,8.80000,2.29231,0.15165,1.62747,normal
23.28000,2.16364,4.38182,8.30000,1.83077,0.10769,1.56154,normal
23.30000,1.48182,4.79091,7.80000,1.36923,0.06374,1.49560,normal
23.32000,0.80000,5.20000,7.30000,0.90769,0.01978,1.42967,normal
23.34000,2.98140,-0.35233,12.01512,-0.98000,-0.42000,0.96000,normal
23.36000,3.21395,-1.07326,11.20116,-0.97841,-0.46477,0.72727,normal
23.38000,3.44651,-1.79419,10.38721,-0.95568,-0.53295,0.54545,normal
23.40000,3.67907,-2.51512,9.57326,-0.93295,-0.60114,0.36364,normal
23.42000,4.60000,-3.30000,8.90000,-0.91023,-0.66932,0.18182,normal
23.44000,6.49518,-0.44578,3.07349,0.25000,-0.85000,0.05000,normal
23.46000,6.47108,0.32530,3.94096,-1.55493,-0.42113,-1.70000,normal
23.48000,6.44699,1.09639,4.80843,-1.44225,-0.22394,-1.70000,normal
23.50000,6.42289,1.86747,5.67590,-1.32958,-0.02676,-1.70000,normal
23.52000,7.80000,4.90000,6.20000,-1.21690,0.17042,-1.70000,normal
23.54000,8.92418,0.54176,7.14286,-1.42577,0.83711,-0.60103,normal
23.56000,9.29780,2.27802,7.71429,-1.30206,0.89897,-0.43608,normal
23.58000,9.67143,4.01429,8.28571,-1.17835,0.96082,-0.27113,normal
23.60000,10.04505,5.75055,8.85714,-1.05464,1.02268,-0.10619,normal
23.62000,9.05000,5.65000,10.75000,-0.93093,1.08454,0.05876,normal
23.64000,6.30909,3.40000,7.75909,-1.57576,0.52424,0.67576,normal
23.66000,6.55152,3.40000,7.00152,-1.51515,0.58485,0.61515,normal
23.68000,6.79394,3.40000,6.24394,-1.45455,0.64545,0.55455,normal
23.70000,5.05000,-0.70000,9.25000,-0.70000,0.90000,0.50000,normal
23.72000,3.01151,0.55755,11.51942,0.75946,1.00000,0.50000,normal
23.74000,3.02590,0.62950,11.41871,0.70541,1.00000,0.50000,normal
23.76000,3.04029,0.70144,11.31799,0.65135,1.00000,0.50000,normal
23.78000,3.05468,0.77338,11.21727,0.59730,1.00000,0.50000,normal
23.80000,3.06906,0.84532,11.11655,0.54324,1.00000,0.50000,normal
23.82000,3.08345,0.91727,11.01583,0.48919,1.00000,0.50000,normal
23.84000,3.09784,0.98921,10.91511,0.43514,1.00000,0.50000,normal
23.86000,-0.50159,-1.78730,14.55238,0.66923,0.92308,0.16154,normal
23.88000,-0.53333,-1.53333,13.60000,1.04762,0.44762,-0.08254,normal
23.90000,-0.56508,-1.27937,12.64762,0.95238,0.35238,-0.05079,normal
23.92000,-0.59683,-1.02540,11.69524,0.85714,0.25714,-0.01905,normal
23.94000,-2.23933,-1.69888,7.49326,0.10000,0.40000,0.10000,normal
23.96000,-1.83483,-1.02472,7.44831,0.98125,0.80000,0.03750,normal
23.98000,-1.43034,-0.35056,7.40337,0.95625,0.80000,0.08750,normal
24.00000,-1.02584,0.32360,7.35843,0.93125,0.80000,0.13750,normal
24.02000,-0.62135,0.99775,7.31348,0.90625,0.80000,0.18750,normal
24.04000,-0.33068,1.59205,4.34318,-0.05930,1.72442,0.33256,normal
24.06000,-0.39886,1.79659,4.66136,0.05698,1.79419,0.42558,normal
24.08000,-0.46705,2.00114,4.97955,0.17326,1.86395,0.51860,normal
24.10000,-0.53523,2.20568,5.29773,0.28953,1.93372,0.61163,normal
24.12000,-1.60000,2.40000,7.60000,0.60000,2.10000,1.05000,normal
24.14000,-4.12826,4.67609,9.06522,-0.82075,0.88679,1.82642,normal
24.16000,-4.45435,3.78478,9.58696,-0.70755,0.86792,1.86415,normal
24.18000,-4.78043,2.89348,10.10870,-0.59434,0.84906,1.90189,normal
24.20000,-5.10652,2.00217,10.63043,-0.48113,0.83019,1.93962,normal
24.22000,-5.73333,1.98333,11.63333,-0.36792,0.81132,1.97736,normal
24.24000,-2.18780,-1.16341,8.52927,0.03333,0.66667,1.73333,normal
24.26000,-2.06585,-0.79756,8.82195,-0.29000,0.41375,-0.02750,normal
24.28000,-1.94390,-0.43171,9.11463,-0.09000,0.43875,-0.07750,normal
24.30000,-1.82195,-0.06585,9.40732,0.11000,0.46375,-0.12750,normal
24.32000,-1.70000,0.30000,9.70000,0.31000,0.48875,-0.17750,normal
24.34000,-0.72000,-1.68000,8.83333,-0.05692,0.31231,0.70000,normal
24.36000,-0.82000,-0.58000,9.00000,0.15846,0.37385,0.70000,normal
24.38000,-0.92000,0.52000,9.16667,0.37385,0.43538,0.70000,normal
24.40000,-2.96667,2.61667,8.36667,0.58923,0.49692,0.70000,normal
24.42000,-2.03514,1.90000,9.37658,0.30901,0.30000,0.50901,normal
24.44000,-2.08919,1.90000,9.34054,0.32703,0.30000,0.52703,normal
24.46000,-2.14324,1.90000,9.30450,0.34505,0.30000,0.54505,normal
24.48000,-2.19730,1.90000,9.26847,0.36306,0.30000,0.56306,normal
24.50000,-2.25135,1.90000,9.23243,0.38108,0.30000,0.58108,normal
24.52000,-2.50000,2.30000,8.60000,0.39910,0.30000,0.59910,normal
24.54000,-2.12796,2.10753,7.52151,0.32243,0.10000,0.71121,normal
24.56000,-2.17097,2.58065,8.01613,0.35981,0.10000,0.72991,normal
24.58000,-2.21398,3.05376,8.51075,0.39720,0.10000,0.74860,normal
24.60000,-2.25699,3.52688,9.00538,0.43458,0.10000,0.76729,normal
24.62000,-2.30000,4.00000,9.50000,0.47196,0.10000,0.78598,normal
24.64000,-1.86667,2.26667,8.93333,0.36364,-0.03636,0.75455,normal
24.66000,-1.47975,2.60000,9.09241,0.18028,-1.00986,0.60000,normal
24.68000,-1.35316,2.60000,9.29494,0.12394,-1.03803,0.60000,normal
24.70000,-1.22658,2.60000,9.49747,0.06761,-1.06620,0.60000,normal
24.72000,-1.10000,2.60000,9.70000,0.01127,-1.09437,0.60000,normal
24.74000,-1.74457,2.71522,9.02826,-0.09231,-1.51538,0.48462,normal
24.76000,-1.50543,2.58478,9.07174,-0.07033,-1.55934,0.44066,normal
24.78000,-1.26630,2.45435,9.11522,-0.04835,-1.60330,0.39670,normal
24.80000,-1.02717,2.32391,9.15870,-0.02637,-1.64725,0.35275,normal
24.82000,-0.51667,2.33333,9.30000,-0.00440,-1.69121,0.30879,normal
24.84000,3.06854,3.07528,9.63371,-0.27477,-1.68318,0.30841,normal
24.86000,3.40562,2.62584,9.70112,-0.21869,-1.64579,0.32710,normal
24.88000,3.74270,2.17640,9.76854,-0.16262,-1.60841,0.34579,normal
24.90000,4.07978,1.72697,9.83596,-0.10654,-1.57103,0.36449,normal
24.92000,5.70000,-1.70000,9.20000,-0.05047,-1.53364,0.38318,normal
24.94000,4.24615,4.36923,10.36154,0.30000,-1.00000,0.50000,normal
24.96000,4.46933,5.87733,8.85467,1.55714,0.25714,0.81429,normal
24.98000,5.05600,4.22400,7.54800,1.35862,0.33103,0.65172,normal
25.00000,5.64267,2.57067,6.24133,0.97931,0.36552,0.37586,normal
25.02000,8.10000,3.10000,2.40000,0.60000,0.40000,0.10000,normal
25.04000,3.33611,-2.58056,9.02500,0.28684,1.83421,-1.15263,normal
25.06000,2.53056,-1.55278,9.77500,0.26053,1.70263,-1.25789,normal
25.08000,1.72500,-0.52500,10.52500,0.23421,1.57105,-1.36316,normal
25.10000,1.00000,1.45000,8.80000,0.20789,1.43947,-1.46842,normal
25.12000,0.36190,4.72571,8.61524,-0.32523,0.78318,-0.80841,normal
25.14000,0.26667,4.04000,8.65333,-0.38131,0.74579,-0.82710,normal
25.16000,0.17143,3.35429,8.69143,-0.43738,0.70841,-0.84579,normal
25.18000,0.07619,2.66857,8.72952,-0.49346,0.67103,-0.86449,normal
25.20000,-0.01905,1.98286,8.76762,-0.54953,0.63364,-0.88318,normal
25.22000,-0.45000,1.35000,8.90000,-0.20000,0.30000,-0.60000,normal
25.24000,-0.61667,2.58333,6.93333,-0.91826,0.52957,-0.91478,normal
25.26000,-0.51250,2.56250,6.85000,-1.05739,0.56435,-0.93217,normal
25.28000,-0.40833,2.54167,6.76667,-1.19652,0.59913,-0.94957,normal
25.30000,-0.30417,2.52083,6.68333,-1.33565,0.63391,-0.96696,normal
25.32000,-0.20000,2.50000,6.60000,-1.47478,0.66870,-0.98435,normal
25.34000,-3.03077,3.03077,11.25385,-1.60000,1.00000,-0.90000,normal
25.36000,-2.85067,3.95467,10.35867,0.88361,0.09672,-0.30000,normal
25.38000,-2.66400,4.64800,9.93200,0.71967,0.06393,-0.30000,normal
25.40000,-2.47733,5.34133,9.50533,0.55574,0.03115,-0.30000,normal
25.42000,-2.00000,4.30000,7.50000,0.05000,0.00000,-0.40000,normal
25.44000,-2.30000,2.43226,10.95484,0.31111,0.01111,-0.40000,normal
25.46000,-2.30000,2.47527,10.76129,0.33333,0.03333,-0.40000,normal
25.48000,-2.30000,2.51828,10.56774,0.35556,0.05556,-0.40000,normal
25.50000,-2.30000,2.56129,10.37419,0.37778,0.07778,-0.40000,normal
25.52000,-3.10000,3.30000,11.50000,0.40000,0.10000,-0.40000,normal
25.54000,-8.17826,3.98478,12.34130,0.95114,1.45909,0.31023,normal
25.56000,-7.00435,4.96304,12.97174,1.06477,1.36818,0.33295,normal
25.58000,-5.83043,5.94130,13.60217,1.17841,1.27727,0.35568,normal
25.60000,-4.65652,6.91957,14.23261,1.29205,1.18636,0.37841,normal
25.62000,-5.40000,7.30000,14.30000,1.16250,1.11250,0.37500,normal
25.64000,-3.60323,4.82258,5.04516,-1.17547,1.41509,0.67736,normal
25.66000,-3.47419,3.91935,4.57204,-1.36415,1.45283,0.62075,normal
25.68000,-3.34516,3.01613,4.09892,-1.55283,1.49057,0.56415,normal
25.70000,-3.21613,2.11290,3.62581,-1.74151,1.52830,0.50755,normal
25.72000,-6.00000,0.30000,9.30000,-1.93019,1.56604,0.45094,normal
25.74000,-4.12000,2.60000,8.80000,-0.60000,1.20000,0.90000,normal
25.76000,-3.57576,0.57576,6.75152,-1.85000,-0.50000,0.80000,normal
25.78000,-3.54545,0.54545,6.69091,-1.87115,-0.77308,0.63654,normal
25.80000,-3.51515,0.51515,6.63030,-1.52500,-0.85000,0.67500,normal
25.82000,-3.90000,0.40000,9.10000,-1.22000,-1.36000,0.64000,normal
25.84000,-3.83750,-0.05833,8.87083,-1.58913,-1.40000,0.36304,normal
25.86000,-3.77500,-0.51667,8.64167,-1.45870,-1.40000,0.31957,normal
25.88000,-3.71250,-0.97500,8.41250,-1.32826,-1.40000,0.27609,normal
25.90000,-3.65000,-1.43333,8.18333,-1.19783,-1.40000,0.23261,normal
25.92000,-3.60000,1.90000,9.40000,-0.20000,-1.83333,-0.03333,normal
25.94000,-4.02500,1.38700,8.36700,-0.03028,-1.93486,-0.08716,normal
25.96000,-3.52500,0.84700,8.22700,0.04312,-1.97156,-0.17890,normal
25.98000,-3.02500,0.30700,8.08700,0.11651,-2.00826,-0.27064,normal
26.00000,-2.52500,-0.23300,7.94700,0.18991,-2.04495,-0.36239,normal
26.02000,-2.02500,-0.77300,7.80700,0.26330,-2.08165,-0.45413,normal
26.04000,2.97386,0.83068,11.04091,0.50000,-1.18990,0.50404,normal
26.06000,3.36023,0.89886,11.13182,0.50000,-1.08889,0.54444,normal
26.08000,3.74659,0.96705,11.22273,0.50000,-0.98788,0.58485,normal
26.10000,4.13295,1.03523,11.31364,0.50000,-0.88687,0.62525,normal
26.12000,2.20000,0.60000,10.70000,0.50000,-0.78586,0.66566,normal
26.14000,1.48571,1.41429,10.05714,0.63333,-0.03333,0.80000,normal
26.16000,1.56400,1.17733,10.03200,0.47656,0.70000,0.81562,normal
26.18000,1.40400,1.15067,9.95200,0.38281,0.70000,0.87812,normal
26.20000,1.24400,1.12400,9.87200,0.28906,0.70000,0.94062,normal
26.22000,1.10000,0.90000,10.20000,0.10000,0.50000,1.20000,normal
26.24000,-0.40000,-1.85161,6.79355,-0.11522,0.14565,1.16522,normal
26.26000,0.26667,0.87957,7.71828,0.25435,0.03696,1.29565,normal
26.28000,0.93333,3.61075,8.64301,0.62391,-0.07174,1.42609,normal
26.30000,1.60000,6.34194,9.56774,0.99348,-0.18043,1.55652,normal
26.32000,0.20000,3.50000,9.10000,1.36304,-0.28913,1.68696,normal
26.34000,0.75333,3.78000,9.21333,1.80538,-0.32366,1.01183,normal
26.36000,1.17556,3.91333,9.56889,1.63333,-0.36667,1.03333,normal
26.38000,1.59778,4.04667,9.92444,1.46129,-0.40968,1.05484,normal
26.40000,2.02000,4.18000,10.28000,1.28925,-0.45269,1.07634,normal
26.42000,1.93333,3.63333,9.13333,1.11720,-0.49570,1.09785,normal
26.44000,3.59091,4.76364,8.62727,1.61429,-0.10000,1.10000,normal
26.46000,4.07576,5.03636,9.17273,1.45844,-0.10000,1.10000,normal
26.48000,4.56061,5.30909,9.71818,1.30260,-0.10000,1.10000,normal
26.50000,4.35455,4.40909,10.04545,1.14675,-0.10000,1.10000,normal
26.52000,2.33846,5.72308,9.27692,0.30000,0.40000,0.90000,normal
26.54000,2.43462,6.28077,9.46923,0.19890,0.47912,1.08132,normal
26.56000,2.53077,6.83846,9.66154,0.30879,0.56703,0.94945,normal
26.58000,2.62692,7.39615,9.85385,0.41868,0.65495,0.81758,normal
26.60000,2.72308,7.95385,10.04615,0.52857,0.74286,0.68571,normal
26.62000,2.19505,4.09505,8.99505,0.30000,1.10000,0.60000,normal
26.64000,2.09604,3.99604,8.89604,0.28039,1.08039,0.61961,normal
26.66000,1.99703,3.89703,8.79703,0.26078,1.06078,0.63922,normal
26.68000,1.89802,3.79802,8.69802,0.24118,1.04118,0.65882,normal
26.70000,1.79901,3.69901,8.59901,0.22157,1.02157,0.67843,normal
26.72000,1.70000,3.60000,8.50000,0.20196,1.00196,0.69804,normal
26.74000,1.28000,4.52000,8.30000,0.32442,0.90814,0.69186,normal
26.76000,1.08000,4.38667,8.30000,0.39419,0.93140,0.66860,normal
26.78000,0.88000,4.25333,8.30000,0.46395,0.95465,0.64535,normal
26.80000,0.68000,4.12000,8.30000,0.53372,0.97791,0.62209,normal
26.82000,0.70000,4.70000,9.10000,0.62000,0.96000,0.56000,normal
26.84000,0.61613,4.58387,8.01613,0.20000,0.27800,0.40000,normal
26.86000,0.63763,4.56237,8.03763,0.20000,0.23800,0.40000,normal
26.88000,0.65914,4.54086,8.05914,0.20000,0.19800,0.40000,normal
26.90000,0.68065,4.51935,8.08065,0.20000,0.15800,0.40000,normal
26.92000,0.76667,4.48333,8.20000,0.20000,0.11800,0.40000,normal
26.94000,1.28810,4.81786,8.65238,0.20000,-0.10000,0.40000,normal
26.96000,1.24048,4.88929,8.46190,0.09143,-0.40857,0.00000,normal
26.98000,1.19286,4.96071,8.27143,0.06286,-0.43714,0.00000,normal
27.00000,1.14524,5.03214,8.08095,0.03429,-0.46571,0.00000,normal
27.02000,1.15000,5.00000,8.00000,0.00571,-0.49429,0.00000,normal
27.04000,3.94301,6.76022,8.15376,-0.40000,-1.16774,0.30000,normal
27.06000,4.02903,6.48065,8.26129,-0.40000,-1.10323,0.30000,normal
27.08000,4.11505,6.20108,8.36882,-0.40000,-1.03871,0.30000,normal
27.10000,4.20108,5.92151,8.47634,-0.40000,-0.97419,0.30000,normal
27.12000,4.28710,5.64194,8.58387,-0.40000,-0.90968,0.30000,normal
27.14000,4.94844,3.49375,8.64062,-0.10000,-0.38734,0.08734,normal
27.16000,4.85469,3.11875,9.07812,-0.10000,-0.36203,0.06203,normal
27.18000,4.76094,2.74375,9.51562,-0.10000,-0.33671,0.03671,normal
27.20000,2.35000,0.15000,8.55000,-0.10000,-0.31139,0.01139,normal
27.22000,-0.01081,5.08108,7.81081,0.18131,-0.00374,1.59252,normal
27.24000,-0.42523,4.52252,7.55856,0.08785,-0.02243,1.55514,normal
27.26000,-0.83964,3.96396,7.30631,-0.00561,-0.04112,1.51776,normal
27.28000,-1.25405,3.40541,7.05405,-0.09907,-0.05981,1.48037,normal
27.30000,-1.66847,2.84685,6.80180,-0.19252,-0.07850,1.44299,normal
27.32000,-0.96667,-1.86667,4.30000,-0.28598,-0.09720,1.40561,normal
27.34000,0.51222,4.04556,8.27556,-0.22500,0.36250,1.31250,normal
27.36000,0.53444,3.40111,8.23111,-0.43333,0.30000,1.16667,normal
27.38000,0.55667,2.75667,8.18667,-0.64167,0.23750,1.02083,normal
27.40000,0.57889,2.11222,8.14222,-0.85000,0.17500,0.87500,normal
27.42000,0.52000,1.78000,8.26000,-1.05833,0.11250,0.72917,normal
27.44000,3.09318,-1.51818,7.90682,-1.51047,0.01047,0.99651,normal
27.46000,3.47955,-1.15455,7.52045,-1.58023,0.08023,0.97326,normal
27.48000,3.86591,-0.79091,7.13409,-1.65000,0.15000,0.95000,normal
27.50000,4.25227,-0.42727,6.74773,-1.71977,0.21977,0.92674,normal
27.52000,2.50000,0.00000,8.90000,-1.78953,0.28953,0.90349,normal
27.54000,2.31250,-1.35000,9.03750,-2.00000,1.11802,0.90000,normal
27.56000,2.33523,-1.44091,9.28750,-2.00000,1.15405,0.90000,normal
27.58000,2.35795,-1.53182,9.53750,-2.00000,1.19009,0.90000,normal
27.60000,2.38068,-1.62273,9.78750,-2.00000,1.22613,0.90000,normal
27.62000,2.55000,-1.25000,9.50000,-2.00000,1.26216,0.90000,normal
27.64000,1.77590,-2.55301,6.45301,-2.00000,1.29820,0.90000,normal
27.66000,1.65542,-2.81807,6.71807,-3.18065,2.30484,1.20968,normal
27.68000,1.53494,-3.08313,6.98313,-3.05161,2.33710,1.27419,normal
27.70000,1.41446,-3.34819,7.24819,-2.92258,2.36935,1.33871,normal
27.72000,1.00000,-3.10000,8.00000,-2.64000,2.44000,1.42000,normal
27.74000,-1.52903,-3.84839,8.36774,-1.16489,3.22340,2.13511,normal
27.76000,-1.70108,-3.91290,8.32473,-1.10106,3.26596,2.19894,normal
27.78000,-1.87312,-3.97742,8.28172,-1.03723,3.30851,2.26277,normal
27.80000,-2.04516,-4.04194,8.23871,-0.97340,3.35106,2.32660,normal
27.82000,-2.80000,-4.30000,6.00000,-0.90957,3.39362,2.39043,normal
27.84000,-8.75781,-3.53125,4.00312,-0.76944,4.50000,3.13056,normal
27.86000,-9.22656,-3.40625,4.19062,-0.71389,4.50000,3.18611,normal
27.88000,-9.69531,-3.28125,4.37812,-0.65833,4.50000,3.24167,normal
27.90000,-13.30000,-1.72222,6.34444,-0.60278,4.50000,3.29722,normal
27.92000,-16.60734,-4.23119,2.88349,-0.57000,3.25000,3.88000,normal
27.94000,-16.77248,-4.43303,3.01193,-0.52000,3.16667,3.84667,normal
27.96000,-16.93761,-4.63486,3.14037,-0.47000,3.08333,3.81333,normal
27.98000,-17.10275,-4.83670,3.26881,-0.42000,3.00000,3.78000,normal
28.00000,-17.26789,-5.03853,3.39725,-0.37000,2.91667,3.74667,normal
28.02000,-16.80000,-5.26667,4.90000,-0.32000,2.83333,3.71333,normal
28.04000,-13.49175,-4.55670,6.82268,1.13830,1.17447,2.23617,normal
28.06000,-12.89381,-3.91753,6.96701,1.26596,1.08936,2.02340,normal
28.08000,-12.29588,-3.27835,7.11134,1.39362,1.00426,1.81064,normal
28.10000,-11.69794,-2.63918,7.25567,1.52128,0.91915,1.59787,normal
28.12000,-11.10000,-2.00000,7.40000,1.64894,0.83404,1.38511,normal
28.14000,-8.59294,-2.37765,3.87882,-2.19326,-0.10337,-0.29663,normal
28.16000,-8.56941,-2.63647,3.80824,-2.14831,-0.12584,-0.27416,normal
28.18000,-8.54588,-2.89529,3.73765,-2.10337,-0.14831,-0.25169,normal
28.20000,-8.52235,-3.15412,3.66706,-2.05843,-0.17079,-0.22921,normal
28.22000,-8.57500,-3.45000,3.63750,-2.01348,-0.19326,-0.20674,normal
28.24000,-10.02791,-2.49767,4.14651,0.21098,-0.60000,-0.50366,normal
28.26000,-10.09767,-2.24186,4.26279,0.28415,-0.60000,-0.52805,normal
28.28000,-10.16744,-1.98605,4.37907,0.35732,-0.60000,-0.55244,normal
28.30000,-10.23721,-1.73023,4.49535,0.43049,-0.60000,-0.57683,normal
28.32000,-10.50000,0.45000,2.75000,0.40000,-0.70000,-0.70000,normal
28.34000,-8.88602,0.71075,2.03118,-0.54444,-0.68889,-0.58889,normal
28.36000,-8.99355,0.47419,1.94516,-0.62525,-0.66869,-0.56869,normal
28.38000,-9.10108,0.23763,1.85914,-0.70606,-0.64848,-0.54848,normal
28.40000,-9.20860,0.00108,1.77312,-0.78687,-0.62828,-0.52828,normal
28.42000,-9.96667,-1.61667,1.59167,-0.86768,-0.60808,-0.50808,normal
28.44000,-9.70824,-1.22471,0.76706,-1.18333,-0.58333,-0.41667,normal
28.46000,-9.73176,-1.29529,0.67294,-0.99759,-0.47952,-0.40000,normal
28.48000,-9.75529,-1.36588,0.57882,-0.87711,-0.45542,-0.40000,normal
28.50000,-9.77882,-1.43647,0.48471,-0.75663,-0.43133,-0.40000,normal
28.52000,-9.73333,-1.50000,0.53333,-0.63614,-0.40723,-0.40000,normal
28.54000,-9.23810,-1.16349,2.65079,2.17879,-0.28939,-0.21061,normal
28.56000,-9.33333,-1.32222,2.77778,2.11818,-0.25909,-0.24091,normal
28.58000,-9.42857,-1.48095,2.90476,2.05758,-0.22879,-0.27121,normal
28.60000,-9.50000,-1.58000,3.54000,1.80000,-0.20000,-0.35000,normal
28.62000,-9.71351,-3.32703,4.26216,1.51553,-0.40777,-0.71553,normal
28.64000,-9.73153,-3.36306,4.47838,1.55437,-0.42718,-0.75437,normal
28.66000,-9.74955,-3.39910,4.69459,1.59320,-0.44660,-0.79320,normal
28.68000,-9.76757,-3.43514,4.91081,1.63204,-0.46602,-0.83204,normal
28.70000,-9.78559,-3.47117,5.12703,1.67087,-0.48544,-0.87087,normal
28.72000,-11.40000,-5.40000,6.40000,2.75000,-1.10000,-1.47500,normal
28.74000,-11.26122,-3.30612,7.25510,3.20000,-1.44746,-1.71186,normal
28.76000,-11.22041,-3.10204,7.41837,3.20000,-1.51525,-1.72881,normal
28.78000,-11.17959,-2.89796,7.58163,3.20000,-1.58305,-1.74576,normal
28.80000,-11.13878,-2.69388,7.74490,3.20000,-1.65085,-1.76271,normal
28.82000,-11.05000,-2.75000,8.15000,3.20000,-1.71864,-1.77966,normal
28.84000,-10.00000,-1.50000,9.40000,3.20000,-1.78644,-1.79661,normal
28.86000,-9.45067,-1.60000,8.71867,3.60000,-2.90000,-2.10000,normal
28.88000,-9.15733,-1.60000,8.50533,3.30000,-3.15714,-2.20000,normal
28.90000,-8.86400,-1.60000,8.29200,3.30000,-3.22063,-2.20000,normal
28.92000,-7.40000,-1.00000,7.80000,3.30000,-3.28413,-2.20000,normal
28.94000,-5.00000,-1.05517,8.07931,3.17391,-2.78261,-1.79130,normal
28.96000,-5.00000,-0.73333,8.03333,3.10870,-2.73913,-1.76957,normal
28.98000,-5.00000,-0.41149,7.98736,3.04348,-2.69565,-1.74783,normal
29.00000,-5.00000,-0.08966,7.94138,2.97826,-2.65217,-1.72609,normal
29.02000,-3.28571,0.98571,7.12857,2.91304,-2.60870,-1.70435,normal
29.04000,-1.95269,2.04086,7.77634,2.17826,-1.97826,-1.60000,normal
29.06000,-1.86667,1.93333,7.73333,2.13478,-1.93478,-1.60000,normal
29.08000,-1.78065,1.82581,7.69032,2.09130,-1.89130,-1.60000,normal
29.10000,-1.69462,1.71828,7.64731,2.04783,-1.84783,-1.60000,normal
29.12000,-1.60860,1.61075,7.60430,2.00435,-1.80435,-1.60000,normal
29.14000,-0.93898,2.33051,6.35932,1.48862,-1.19431,-0.78862,normal
29.16000,-0.83729,2.38136,6.29153,1.45610,-1.17805,-0.75610,normal
29.18000,-0.73559,2.43220,6.22373,1.42358,-1.16179,-0.72358,normal
29.20000,-0.63390,2.48305,6.15593,1.39106,-1.14553,-0.69106,normal
29.22000,-0.53220,2.53390,6.08814,1.35854,-1.12927,-0.65854,normal
29.24000,-0.43051,2.58475,6.02034,1.32602,-1.11301,-0.62602,normal
29.26000,-1.35000,2.35000,6.65000,1.27333,-1.04667,-0.54667,normal
29.28000,-1.12338,3.75325,6.90649,1.17632,-0.85263,-0.37632,normal
29.30000,-1.14935,3.70130,6.80260,1.12368,-0.74737,-0.32368,normal
29.32000,-1.17532,3.64935,6.69870,0.94839,-0.57419,0.07419,normal
29.34000,-1.18000,3.74000,6.72000,0.81935,-0.50968,0.00968,normal
29.36000,-0.25075,4.70000,7.55075,-0.10000,-0.20000,-0.11111,normal
29.38000,-0.16119,4.70000,7.46119,-0.10000,-0.20000,-0.14286,normal
29.40000,-0.07164,4.70000,7.37164,-0.10000,-0.20000,-0.17460,normal
29.42000,-0.90000,4.50000,7.90000,0.10000,-0.30000,-0.30000,normal
29.44000,0.64184,4.51633,8.35816,-0.08257,-0.16514,-0.38257,normal
29.46000,0.58061,4.63878,8.41939,-0.06422,-0.12844,-0.36422,normal
29.48000,0.51939,4.76122,8.48061,-0.04587,-0.09174,-0.34587,normal
29.50000,0.45816,4.88367,8.54184,-0.02752,-0.05505,-0.32752,normal
29.52000,0.00000,4.70000,8.70000,-0.00917,-0.01835,-0.30917,normal
29.54000,0.01781,5.10000,8.58219,-0.10000,-0.00312,-0.20000,normal
29.56000,0.04521,5.10000,8.55479,-0.10000,-0.03438,-0.20000,normal
29.58000,0.07260,5.10000,8.52740,-0.10000,-0.06563,-0.20000,normal
29.60000,0.10000,5.10000,8.50000,-0.10000,-0.09688,-0.20000,normal
29.62000,-0.50370,4.29630,8.54815,-0.20000,-0.10000,-0.10000,normal
29.64000,-0.35556,4.44444,8.62222,-0.20000,-0.10000,-0.10000,normal
29.66000,-0.20741,4.59259,8.69630,-0.20000,-0.10000,-0.10000,normal
29.68000,-0.05926,4.74074,8.77037,-0.20000,-0.10000,-0.10000,normal
29.70000,0.08889,4.88889,8.84444,-0.20000,-0.10000,-0.10000,normal
29.72000,0.09902,4.70098,8.60000,-0.19652,0.00000,0.00000,normal
29.74000,0.07941,4.72059,8.60000,-0.17913,0.00000,0.00000,normal
29.76000,0.05980,4.74020,8.60000,-0.16174,0.00000,0.00000,normal
29.78000,0.04020,4.75980,8.60000,-0.14435,0.00000,0.00000,normal
29.80000,0.02059,4.77941,8.60000,-0.12696,0.00000,0.00000,normal
29.82000,0.00098,4.79902,8.60000,-0.10957,0.00000,0.00000,normal
29.84000,-0.01875,4.60000,8.59625,0.00000,-0.05000,0.00000,normal
29.86000,-0.14375,4.60000,8.57125,0.10000,0.00000,0.00000,normal
29.88000,-0.26875,4.60000,8.54625,0.10000,0.00000,0.00000,normal
29.90000,-0.39375,4.60000,8.52125,0.10000,0.00000,0.00000,normal
29.92000,0.35000,4.55000,8.55000,0.10000,0.00000,0.00000,normal
29.94000,0.10000,4.50000,8.50000,0.10000,0.00000,-0.05000,normal
29.96000,0.13846,4.50000,8.50000,0.10000,-0.02000,-0.10000,normal
29.98000,0.17692,4.50000,8.50000,0.10000,-0.07000,-0.10000,normal
30.00000,0.10412,4.69794,8.69794,0.00000,-0.05000,-0.10000,normal
30.02000,0.14536,4.67732,8.67732,0.00000,0.00000,-0.10000,normal
30.04000,0.18660,4.65670,8.65670,0.00000,0.00000,-0.10000,normal
30.06000,0.22784,4.63608,8.63608,0.00000,0.00000,-0.10000,normal
30.08000,0.26907,4.61546,8.61546,0.00000,0.00000,-0.10000,normal
