timestamp,accel_x,accel_y,accel_z,gyro_x,gyro_y,gyro_z,label
0.00000,-0.50000,0.20000,9.80000,0.00000,0.10000,0.00000,normal
0.02000,-0.77143,-0.62857,9.55714,0.20000,0.17815,0.30000,normal
0.04000,-0.85546,-0.19160,9.74202,0.20000,0.14454,0.30000,normal
0.06000,-0.93950,0.24538,9.92689,0.20000,0.11092,0.30000,normal
0.08000,-1.02353,0.68235,10.11176,0.20000,0.07731,0.30000,normal
0.10000,-1.10756,1.11933,10.29664,0.20000,0.04370,0.30000,normal
0.12000,-1.19160,1.55630,10.48151,0.20000,0.01008,0.30000,normal
0.14000,-0.94583,0.34271,9.32292,-0.09579,0.28737,0.09579,normal
0.16000,-1.02917,0.23854,9.36458,-0.07474,0.22421,0.07474,normal
0.18000,-1.11250,0.13438,9.40625,-0.05368,0.16105,0.05368,normal
0.20000,-1.19583,0.03021,9.44792,-0.03263,0.09789,0.03263,normal
0.22000,-1.27917,-0.07396,9.48958,-0.01158,0.03474,0.01158,normal
0.24000,-1.00000,0.21136,9.70568,-0.05000,0.05000,0.00000,normal
0.26000,-1.00000,0.25682,9.72841,0.00000,0.00000,0.00000,normal
0.28000,-1.00000,0.30227,9.75114,0.00000,0.00000,0.00000,normal
0.30000,-1.00000,0.34773,9.77386,0.00000,0.00000,0.00000,normal
0.32000,-1.00000,0.39318,9.79659,0.00000,0.00000,0.00000,normal
0.34000,-0.60000,0.30000,9.70000,0.00000,0.00000,0.00000,normal
0.36000,-0.80000,0.12571,9.60857,0.00000,-0.08889,-0.08889,normal
0.38000,-0.80000,0.21143,9.63714,0.00000,0.00566,-0.10000,normal
0.40000,-0.80000,0.29714,9.66571,0.00000,0.04340,-0.10000,normal
0.42000,-0.80000,0.38286,9.69429,0.00000,0.08113,-0.10000,normal
0.44000,-0.60000,0.22366,9.80000,0.00000,0.10000,-0.19368,normal
0.46000,-0.60000,0.26667,9.80000,0.00000,0.10000,-0.17263,normal
0.48000,-0.60000,0.30968,9.80000,0.00000,0.10000,-0.15158,normal
0.50000,-0.60000,0.35269,9.80000,0.00000,0.10000,-0.13053,normal
0.52000,-0.60000,0.39570,9.80000,0.00000,0.10000,-0.10947,normal
0.54000,-1.00000,0.30000,9.70000,0.00115,0.00000,-0.20000,normal
0.56000,-1.00000,0.30000,9.70000,0.02414,0.00000,-0.20000,normal
0.58000,-1.00000,0.30000,9.70000,0.04713,0.00000,-0.20000,normal
0.60000,-1.00000,0.30000,9.70000,0.07011,0.00000,-0.20000,normal
0.62000,-1.00000,0.30000,9.70000,0.09310,0.00000,-0.20000,normal
0.64000,-1.01183,0.11183,9.48817,0.00000,0.00000,-0.20000,normal
0.66000,-1.03333,0.13333,9.46667,0.00000,0.00000,-0.20000,normal
0.68000,-1.05484,0.15484,9.44516,0.00000,0.00000,-0.20000,normal
0.70000,-1.07634,0.17634,9.42366,0.00000,0.00000,-0.20000,normal
0.72000,-1.09785,0.19785,9.40215,0.00000,0.00000,-0.20000,normal
0.74000,-1.39302,-0.10000,9.20698,-0.20000,0.10000,-0.12222,normal
0.76000,-1.34651,-0.10000,9.25349,-0.20571,0.10571,-0.30571,normal
0.78000,-1.30000,-0.10000,9.30000,-0.23429,0.13429,-0.33429,normal
0.80000,-1.25349,-0.10000,9.34651,-0.26286,0.16286,-0.36286,normal
0.82000,-1.20698,-0.10000,9.39302,-0.29143,0.19143,-0.39143,normal
0.84000,-2.77204,-3.20430,8.83548,-0.86596,0.52340,-0.83191,normal
0.86000,-3.26667,-2.66667,8.90000,-0.78085,0.33191,-0.66170,normal
0.88000,-3.76129,-2.12903,8.96452,-0.69574,0.14043,-0.49149,normal
0.90000,-4.25591,-1.59140,9.02903,-0.61064,-0.05106,-0.32128,normal
0.92000,-4.75054,-1.05376,9.09355,-0.52553,-0.24255,-0.15106,normal
0.94000,-2.60638,-1.22979,9.21170,-1.51633,-0.11633,-0.61633,normal
0.96000,-2.43617,-1.10213,9.23298,-1.55714,-0.15714,-0.65714,normal
0.98000,-2.26596,-0.97447,9.25426,-1.59796,-0.19796,-0.69796,normal
1.00000,-2.09574,-0.84681,9.27553,-1.63878,-0.23878,-0.73878,normal
1.02000,-1.92553,-0.71915,9.29681,-1.67959,-0.27959,-0.77959,normal
1.04000,0.07159,-1.67955,8.24773,-3.00300,0.00900,-1.10000,normal
1.06000,0.27614,-1.90682,8.38409,-3.02300,0.06900,-1.10000,normal
1.08000,0.48068,-2.13409,8.52045,-3.04300,0.12900,-1.10000,normal
1.10000,0.68523,-2.36136,8.65682,-3.06300,0.18900,-1.10000,normal
1.12000,0.88977,-2.58864,8.79318,-3.08300,0.24900,-1.10000,normal
1.14000,0.80000,-7.10000,8.50000,-2.70000,0.90000,-0.80000,normal
1.16000,0.70244,-7.12439,8.50000,-1.64000,0.89000,-0.28000,normal
1.18000,0.60488,-7.14878,8.50000,-1.49000,0.86500,-0.23000,normal
1.20000,0.50732,-7.17317,8.50000,-1.34000,0.84000,-0.18000,normal
1.22000,0.40976,-7.19756,8.50000,-1.19000,0.81500,-0.13000,normal
1.24000,-0.20515,-6.00515,8.29485,-0.50000,0.34000,0.04000,normal
1.26000,-0.22577,-6.02577,8.27423,-0.50000,0.31935,0.00000,normal
1.28000,-0.24639,-6.04639,8.25361,-0.50000,0.34086,0.00000,normal
1.30000,-0.26701,-6.06701,8.23299,-0.50000,0.36237,0.00000,normal
1.32000,-0.28763,-6.08763,8.21237,-0.50000,0.38387,0.00000,normal
1.34000,-0.50952,-6.70000,7.59762,-0.10000,0.20000,0.00000,normal
1.36000,-0.60476,-6.70000,7.57381,0.04222,0.22111,0.02111,normal
1.38000,-0.70000,-6.70000,7.55000,0.08667,0.24333,0.04333,normal
1.40000,-0.79524,-6.70000,7.52619,0.13111,0.26556,0.06556,normal
1.42000,-0.89048,-6.70000,7.50238,0.17556,0.28778,0.08778,normal
1.44000,-1.27978,-5.08652,6.88652,0.10000,0.00000,0.10000,normal
1.46000,-1.21236,-5.04157,6.84157,0.06000,-0.02000,0.08000,normal
1.48000,-1.14494,-4.99663,6.79663,0.02000,-0.04000,0.06000,normal
1.50000,-1.07753,-4.95169,6.75169,-0.02000,-0.06000,0.04000,normal
1.52000,-1.01011,-4.90674,6.70674,-0.06000,-0.08000,0.02000,normal
1.54000,-0.08571,-6.84286,7.45714,-0.10000,-0.10000,0.00000,normal
1.56000,0.00000,-7.18608,7.54304,-0.39167,0.10833,0.00833,normal
1.58000,0.00000,-7.28734,7.59367,-0.36389,0.13611,0.03611,normal
1.60000,0.00000,-7.38861,7.64430,-0.33611,0.16389,0.06389,normal
1.62000,0.00000,-7.48987,7.69494,-0.30833,0.19167,0.09167,normal
1.64000,-1.71183,-7.92366,8.14086,-0.90326,0.09674,-0.10000,normal
1.66000,-1.73333,-7.96667,8.03333,-0.92500,0.07500,-0.10000,normal
1.68000,-1.75484,-8.00968,7.92581,-0.94674,0.05326,-0.10000,normal
1.70000,-1.77634,-8.05269,7.81828,-0.96848,0.03152,-0.10000,normal
1.72000,-1.79785,-8.09570,7.71075,-0.99022,0.00978,-0.10000,normal
1.74000,-3.29778,-11.27333,7.76444,-0.95000,0.05000,-0.05000,normal
1.76000,-3.54222,-11.20667,7.67556,-0.05135,0.58784,0.21216,normal
1.78000,-3.78667,-11.14000,7.58667,0.05676,0.56081,0.23919,normal
1.80000,-4.03111,-11.07333,7.49778,0.16486,0.53378,0.26622,normal
1.82000,-4.27556,-11.00667,7.40889,0.27297,0.50676,0.29324,normal
1.84000,-4.35269,-7.12366,5.28817,-0.30825,-0.50000,0.09588,normal
1.86000,-4.26667,-7.16667,5.26667,-0.34948,-0.50000,0.07526,normal
1.88000,-4.18065,-7.20968,5.24516,-0.39072,-0.50000,0.05464,normal
1.90000,-4.09462,-7.25269,5.22366,-0.43196,-0.50000,0.03402,normal
1.92000,-4.00860,-7.29570,5.20215,-0.47320,-0.50000,0.01340,normal
1.94000,-3.29091,-6.20455,3.90000,-0.50000,-0.50000,0.00000,normal
1.96000,-3.24545,-6.22727,3.90000,-0.30000,-0.39863,0.10137,normal
1.98000,-3.20000,-6.25000,3.90000,-0.30000,-0.37123,0.12877,normal
2.00000,-3.15455,-6.27273,3.90000,-0.30000,-0.34384,0.15616,normal
2.02000,-3.10909,-6.29545,3.90000,-0.30000,-0.31644,0.18356,normal
2.04000,-2.29425,-6.49425,4.51149,-0.09659,-0.09659,0.20341,normal
2.06000,-2.27126,-6.47126,4.55747,-0.07386,-0.07386,0.22614,normal
2.08000,-2.24828,-6.44828,4.60345,-0.05114,-0.05114,0.24886,normal
2.10000,-2.22529,-6.42529,4.64943,-0.02841,-0.02841,0.27159,normal
2.12000,-2.20230,-6.40230,4.69540,-0.00568,-0.00568,0.29432,normal
2.14000,-2.10000,-6.10000,5.20000,-0.20000,0.10000,0.30000,normal
2.16000,-2.10000,-6.10000,5.20000,-0.20000,0.10000,0.30000,normal
2.18000,-2.10000,-6.10000,5.20000,-0.20000,0.10000,0.30000,normal
2.20000,-2.10000,-6.10000,5.20000,-0.20000,0.10000,0.30000,normal
2.22000,-2.10000,-6.10000,5.20000,-0.20000,0.10000,0.30000,normal
2.24000,-1.80682,-6.30000,5.82727,0.20192,0.10192,0.20000,normal
2.26000,-1.82955,-6.30000,5.91818,0.22115,0.12115,0.20000,normal
2.28000,-1.85227,-6.30000,6.00909,0.24038,0.14038,0.20000,normal
2.30000,-1.87500,-6.30000,6.10000,0.25962,0.15962,0.20000,normal
2.32000,-1.89773,-6.30000,6.19091,0.27885,0.17885,0.20000,normal
2.34000,-2.36000,-6.22000,6.58000,0.29808,0.19808,0.20000,normal
2.36000,-2.58052,-6.35844,7.17792,-0.05000,0.10000,0.20000,normal
2.38000,-2.55455,-6.43636,7.28182,-0.12794,0.12794,0.14412,normal
2.40000,-2.52857,-6.51429,7.38571,-0.15735,0.15735,0.08529,normal
2.42000,-2.50260,-6.59221,7.48961,-0.18676,0.18676,0.02647,normal
2.44000,-2.95275,-8.77912,7.41758,0.20230,0.60115,-0.20000,normal
2.46000,-3.08462,-8.97692,7.46154,0.24828,0.62414,-0.20000,normal
2.48000,-3.21648,-9.17473,7.50549,0.29425,0.64713,-0.20000,normal
2.50000,-3.34835,-9.37253,7.54945,0.34023,0.67011,-0.20000,normal
2.52000,-3.48022,-9.57033,7.59341,0.38621,0.69310,-0.20000,normal
2.54000,-4.52174,-9.41087,6.95652,0.30000,0.30000,-0.30000,normal
2.56000,-4.56522,-9.43261,6.86957,0.30000,0.30000,-0.30000,normal
2.58000,-4.60870,-9.45435,6.78261,0.30000,0.30000,-0.30000,normal
2.60000,-4.65217,-9.47609,6.69565,0.30000,0.30000,-0.30000,normal
2.62000,-4.69565,-9.49783,6.60870,0.30000,0.30000,-0.30000,normal
2.64000,-4.10682,-7.70000,4.98636,0.40000,0.20000,-0.30000,normal
2.66000,-4.12955,-7.70000,4.94091,0.40000,-0.11765,-0.08235,normal
2.68000,-4.15227,-7.70000,4.89545,0.40000,-0.14118,-0.05882,normal
2.70000,-4.17500,-7.70000,4.85000,0.40000,-0.16471,-0.03529,normal
2.72000,-4.19773,-7.70000,4.80455,0.40000,-0.18824,-0.01176,normal
2.74000,-2.37640,-6.03146,4.02360,-0.50000,-0.39775,0.30000,normal
2.76000,-2.30899,-6.12135,4.09101,-0.50000,-0.35281,0.30000,normal
2.78000,-2.24157,-6.21124,4.15843,-0.50000,-0.30787,0.30000,normal
2.80000,-2.17416,-6.30112,4.22584,-0.50000,-0.26292,0.30000,normal
2.82000,-2.10674,-6.39101,4.29326,-0.50000,-0.21798,0.30000,normal
2.84000,-2.00000,-6.18222,5.00889,-0.10000,0.30227,0.29773,normal
2.86000,-2.00000,-6.13778,5.03111,-0.10000,0.32500,0.27500,normal
2.88000,-2.00000,-6.09333,5.05333,-0.10000,0.34773,0.25227,normal
2.90000,-2.00000,-6.04889,5.07556,-0.10000,0.37045,0.22955,normal
2.92000,-2.00000,-6.00444,5.09778,-0.10000,0.39318,0.20682,normal
2.94000,-2.16452,-5.78817,5.48817,0.00000,0.29588,-0.20000,normal
2.96000,-2.10000,-5.76667,5.46667,0.00000,0.27526,-0.20000,normal
2.98000,-2.03548,-5.74516,5.44516,0.00000,0.25464,-0.20000,normal
3.00000,-1.97097,-5.72366,5.42366,0.00000,0.23402,-0.20000,normal
3.02000,-1.90645,-5.70215,5.40215,0.00000,0.21340,-0.20000,normal
3.04000,-2.11059,-6.61412,6.10353,0.02000,0.10000,-0.18000,normal
3.06000,-2.18118,-6.70824,6.12706,0.10000,0.10000,-0.10000,normal
3.08000,-2.25176,-6.80235,6.15059,0.10000,0.10000,-0.10000,normal
3.10000,-2.32235,-6.89647,6.17412,0.10000,0.10000,-0.10000,normal
3.12000,-2.39294,-6.99059,6.19765,0.10000,0.10000,-0.10000,normal
3.14000,-3.43548,-8.50000,7.13548,0.30000,-0.10400,0.20400,normal
3.16000,-3.50000,-8.50000,7.20000,0.30000,-0.12400,0.22400,normal
3.18000,-3.56452,-8.50000,7.26452,0.30000,-0.14400,0.24400,normal
3.20000,-3.62903,-8.50000,7.32903,0.30000,-0.16400,0.26400,normal
3.22000,-3.69355,-8.50000,7.39355,0.30000,-0.18400,0.28400,normal
3.24000,-3.91566,-9.60602,8.29518,0.00000,-0.20000,0.50000,normal
3.26000,-4.22892,-9.72651,8.19880,-0.03855,0.24096,0.60000,normal
3.28000,-4.54217,-9.84699,8.10241,0.03373,0.28916,0.60000,normal
3.30000,-4.85542,-9.96747,8.00602,0.10602,0.33735,0.60000,normal
3.32000,-5.16867,-10.08795,7.90964,0.17831,0.38554,0.60000,normal
3.34000,-5.80000,-6.20000,5.97634,0.39417,-0.20291,0.19709,normal
3.36000,-5.80000,-6.20000,5.93333,0.35534,-0.22233,0.17767,normal
3.38000,-5.80000,-6.20000,5.89032,0.31650,-0.24175,0.15825,normal
3.40000,-5.80000,-6.20000,5.84731,0.27767,-0.26117,0.13883,normal
3.42000,-5.80000,-6.20000,5.80430,0.23883,-0.28058,0.11942,normal
3.44000,-5.11250,-5.70000,5.11250,0.20000,-0.30000,0.10000,normal
3.46000,-4.81392,-5.80000,4.77848,-0.09200,-0.50800,0.30800,normal
3.48000,-4.71266,-5.80000,4.75316,-0.06533,-0.53467,0.33467,normal
3.50000,-4.61139,-5.80000,4.72785,-0.03867,-0.56133,0.36133,normal
3.52000,-4.51013,-5.80000,4.70253,-0.01200,-0.58800,0.38800,normal
3.54000,-3.27538,-4.51231,5.31231,-0.10154,-0.49846,0.39846,normal
3.56000,-3.21385,-4.54308,5.34308,-0.13231,-0.46769,0.36769,normal
3.58000,-3.15231,-4.57385,5.37385,-0.16308,-0.43692,0.33692,normal
3.60000,-2.80000,-5.00000,5.60000,-0.19385,-0.40615,0.30615,normal
3.62000,-2.87699,-4.90000,5.82301,-0.10000,-0.20000,0.19615,normal
3.64000,-2.84159,-4.90000,5.85841,-0.10000,-0.20000,0.17692,normal
3.66000,-2.80619,-4.90000,5.89381,-0.10000,-0.20000,0.15769,normal
3.68000,-2.77080,-4.90000,5.92920,-0.10000,-0.20000,0.13846,normal
3.70000,-2.73540,-4.90000,5.96460,-0.10000,-0.20000,0.11923,normal
3.72000,-2.70000,-4.90000,6.00000,-0.10000,-0.20000,0.10000,normal
3.74000,-2.80000,-4.83400,6.21700,-0.10000,-0.20000,0.08559,normal
3.76000,-2.80000,-4.87400,6.23700,-0.10000,-0.20000,0.06864,normal
3.78000,-2.80000,-4.91400,6.25700,-0.10000,-0.20000,0.05169,normal
3.80000,-2.80000,-4.95400,6.27700,-0.10000,-0.20000,0.03475,normal
3.82000,-2.80000,-4.99400,6.29700,-0.10000,-0.20000,0.01780,normal
3.84000,-2.85714,-5.25714,7.00000,-0.10000,-0.20000,0.00085,normal
3.86000,-3.00000,-5.45844,7.05844,-0.19722,-0.10000,0.10000,normal
3.88000,-3.00000,-5.53636,7.13636,-0.16944,-0.10000,0.10000,normal
3.90000,-3.00000,-5.61429,7.21429,-0.14167,-0.10000,0.10000,normal
3.92000,-3.00000,-5.69221,7.29221,-0.11389,-0.10000,0.10000,normal
3.94000,-3.32308,-6.03077,8.92308,-0.10000,0.00215,-0.10000,normal
3.96000,-3.38901,-6.11868,8.98901,-0.10000,0.02366,-0.10000,normal
3.98000,-3.45495,-6.20659,9.05495,-0.10000,0.04516,-0.10000,normal
4.00000,-3.52088,-6.29451,9.12088,-0.10000,0.06667,-0.10000,normal
4.02000,-3.58681,-6.38242,9.18681,-0.10000,0.08817,-0.10000,normal
4.04000,-5.40000,-8.74545,10.07273,0.10000,0.20000,0.25000,normal
4.06000,-5.40000,-8.56364,9.98182,0.20000,0.17738,0.30000,normal
4.08000,-5.40000,-8.38182,9.89091,0.20000,0.15357,0.30000,normal
4.10000,-5.40000,-8.20000,9.80000,0.20000,0.12976,0.30000,normal
4.12000,-5.40000,-8.01818,9.70909,0.20000,0.10595,0.30000,normal
4.14000,-3.34894,-6.02553,6.11277,0.10000,-0.29388,-0.40000,normal
4.16000,-3.26383,-6.06809,6.13404,0.10000,-0.25306,-0.40000,normal
4.18000,-3.17872,-6.11064,6.15532,0.10000,-0.21224,-0.40000,normal
4.20000,-3.09362,-6.15319,6.17660,0.10000,-0.17143,-0.40000,normal
4.22000,-3.00851,-6.19574,6.19787,0.10000,-0.13061,-0.40000,normal
4.24000,-2.89762,-6.29762,4.69762,0.22353,0.07647,-0.40000,normal
4.26000,-2.87381,-6.27381,4.67381,0.20000,-0.10000,-0.20000,normal
4.28000,-2.85000,-6.25000,4.65000,0.20000,-0.10000,-0.20000,normal
4.30000,-2.82619,-6.22619,4.62619,0.20000,-0.10000,-0.20000,normal
4.32000,-2.80238,-6.20238,4.60238,0.20000,-0.10000,-0.20000,normal
4.34000,-1.90000,-5.18723,5.08723,0.09574,0.00426,-0.40000,normal
4.36000,-1.90000,-5.16596,5.06596,0.07447,0.02553,-0.40000,normal
4.38000,-1.90000,-5.14468,5.04468,0.05319,0.04681,-0.40000,normal
4.40000,-1.90000,-5.12340,5.02340,0.03191,0.06809,-0.40000,normal
4.42000,-1.90000,-5.10213,5.00213,0.01064,0.08936,-0.40000,normal
4.44000,-1.40000,-5.42581,5.31290,-0.40000,0.40000,-0.60000,normal
4.46000,-1.40000,-5.46882,5.33441,-0.40000,0.40000,-0.60000,normal
4.48000,-1.40000,-5.51183,5.35591,-0.40000,0.40000,-0.60000,normal
4.50000,-1.40000,-5.55484,5.37742,-0.40000,0.40000,-0.60000,normal
4.52000,-1.40000,-5.59785,5.39892,-0.40000,0.40000,-0.60000,normal
4.54000,-1.80000,-7.01778,6.74444,0.10106,0.70000,-0.40106,normal
4.56000,-1.80000,-7.06222,6.85556,0.12234,0.70000,-0.42234,normal
4.58000,-1.80000,-7.10667,6.96667,0.14362,0.70000,-0.44362,normal
4.60000,-1.80000,-7.15111,7.07778,0.16489,0.70000,-0.46489,normal
4.62000,-1.80000,-7.19556,7.18889,0.18617,0.70000,-0.48617,normal
4.64000,-1.39070,-7.02326,7.30465,0.20000,0.70000,-0.50000,normal
4.66000,-1.34419,-7.13953,7.32791,0.10000,0.50000,-0.80000,normal
4.68000,-1.29767,-7.25581,7.35116,0.10000,0.50000,-0.80000,normal
4.70000,-1.25116,-7.37209,7.37442,0.10000,0.50000,-0.80000,normal
4.72000,-1.20465,-7.48837,7.39767,0.10000,0.50000,-0.80000,normal
4.74000,-2.61778,-7.97333,8.22667,1.00230,0.59540,-0.39770,normal
4.76000,-2.66222,-7.90667,8.29333,1.02529,0.54943,-0.37471,normal
4.78000,-2.70667,-7.84000,8.36000,1.04828,0.50345,-0.35172,normal
4.80000,-2.75111,-7.77333,8.42667,1.07126,0.45747,-0.32874,normal
4.82000,-2.79556,-7.70667,8.49333,1.09425,0.41149,-0.30575,normal
4.84000,-4.96364,-6.26667,6.80303,0.89252,0.17757,-0.50748,normal
4.86000,-4.90303,-6.04444,6.64141,0.87383,0.12150,-0.52617,normal
4.88000,-4.84242,-5.82222,6.47980,0.85514,0.06542,-0.54486,normal
4.90000,-4.78182,-5.60000,6.31818,0.83645,0.00935,-0.56355,normal
4.92000,-4.72121,-5.37778,6.15657,0.81776,-0.04673,-0.58224,normal
4.94000,-3.87273,-5.42727,5.79091,0.70000,-0.15000,-0.70000,normal
4.96000,-3.78182,-5.51818,5.76061,0.15385,0.00000,-0.55385,normal
4.98000,-3.69091,-5.60909,5.73030,0.09231,0.00000,-0.49231,normal
5.00000,-3.60000,-5.70000,5.70000,0.03077,0.00000,-0.43077,normal
5.02000,-3.10833,-6.30000,5.90833,0.20278,0.30278,0.00278,normal
5.04000,-3.12685,-6.30000,5.92685,0.22130,0.32130,0.02130,normal
5.06000,-3.14537,-6.30000,5.94537,0.23981,0.33981,0.03981,normal
5.08000,-3.16389,-6.30000,5.96389,0.25833,0.35833,0.05833,normal
5.10000,-3.18241,-6.30000,5.98241,0.27685,0.37685,0.07685,normal
5.12000,-3.20000,-6.15000,6.00000,0.29537,0.39537,0.09537,normal
5.14000,-2.98317,-5.71683,6.45050,0.28868,0.41132,-0.01132,normal
5.16000,-2.96337,-5.73663,6.50990,0.26981,0.43019,-0.03019,normal
5.18000,-2.94356,-5.75644,6.56931,0.25094,0.44906,-0.04906,normal
5.20000,-2.92376,-5.77624,6.62871,0.23208,0.46792,-0.06792,normal
5.22000,-2.90396,-5.79604,6.68812,0.21321,0.48679,-0.08679,normal
5.24000,-2.08941,-5.59294,6.90353,0.00000,0.60000,-0.40000,normal
5.26000,-2.01882,-5.54588,6.92706,0.00000,0.61748,-0.53495,normal
5.28000,-1.94824,-5.49882,6.95059,0.00000,0.63689,-0.57379,normal
5.30000,-1.87765,-5.45176,6.97412,0.00000,0.65631,-0.61262,normal
5.32000,-1.80706,-5.40471,6.99765,0.00000,0.67573,-0.65146,normal
5.34000,-1.36154,-6.36154,8.01538,0.00000,0.69515,-0.69029,normal
5.36000,-1.39863,-7.29726,8.20000,-0.88000,1.09000,-1.29000,normal
5.38000,-1.56301,-7.62603,8.20000,-1.13273,1.24909,-1.40000,normal
5.40000,-1.72740,-7.95479,8.20000,-1.20545,1.35818,-1.40000,normal
5.42000,-1.89178,-8.28356,8.20000,-1.27818,1.46727,-1.40000,normal
5.44000,-2.57634,-10.16559,7.32366,-0.98182,1.10909,-1.48182,normal
5.46000,-2.53333,-10.46667,7.36667,-0.94141,1.12929,-1.44141,normal
5.48000,-2.49032,-10.76774,7.40968,-0.90101,1.14949,-1.40101,normal
5.50000,-2.44731,-11.06882,7.45269,-0.86061,1.16970,-1.36061,normal
5.52000,-2.40430,-11.36989,7.49570,-0.82020,1.18990,-1.32020,normal
5.54000,-4.64839,-9.62258,4.37419,0.50682,0.20000,-0.69659,normal
5.56000,-4.56237,-9.49355,4.33118,0.55227,0.20000,-0.67386,normal
5.58000,-4.47634,-9.36452,4.28817,0.59773,0.20000,-0.65114,normal
5.60000,-4.39032,-9.23548,4.24516,0.64318,0.20000,-0.62841,normal
5.62000,-4.30430,-9.10645,4.20215,0.68864,0.20000,-0.60568,normal
5.64000,-3.19895,-5.83789,3.07474,-0.01524,-0.09619,-0.50000,normal
5.66000,-3.03053,-5.90105,3.03263,-0.09143,-0.07714,-0.50000,normal
5.68000,-2.86211,-5.96421,2.99053,-0.16762,-0.05810,-0.50000,normal
5.70000,-2.69368,-6.02737,2.94842,-0.24381,-0.03905,-0.50000,normal
5.72000,-2.52526,-6.09053,2.90632,-0.32000,-0.02000,-0.50000,normal
5.74000,-1.77500,-7.50000,2.80000,-0.39619,-0.00095,-0.50000,normal
5.76000,-1.65844,-7.64156,2.82078,-0.48649,0.71351,-0.29324,normal
5.78000,-1.60649,-7.69351,2.84675,-0.43243,0.76757,-0.26622,normal
5.80000,-1.55455,-7.74545,2.87273,-0.37838,0.82162,-0.23919,normal
5.82000,-1.50260,-7.79740,2.89870,-0.32432,0.87568,-0.21216,normal
5.84000,-2.50899,-8.14607,4.60899,0.60233,1.19767,-0.20233,normal
5.86000,-2.53146,-8.01124,4.63146,0.62558,1.17442,-0.22558,normal
5.88000,-2.55393,-7.87640,4.65393,0.64884,1.15116,-0.24884,normal
5.90000,-2.57640,-7.74157,4.67640,0.67209,1.12791,-0.27209,normal
5.92000,-2.59888,-7.60674,4.69888,0.69535,1.10465,-0.29535,normal
5.94000,-2.28617,-7.01383,4.80000,0.09767,0.89767,-0.69767,normal
5.96000,-2.26489,-7.03511,4.80000,0.07442,0.87442,-0.67442,normal
5.98000,-2.24362,-7.05638,4.80000,0.05116,0.85116,-0.65116,normal
6.00000,-2.22234,-7.07766,4.80000,0.02791,0.82791,-0.62791,normal
6.02000,-2.20106,-7.09894,4.80000,0.00465,0.80465,-0.60465,normal
6.04000,-2.32766,-8.65532,5.26915,-0.12673,0.68218,-0.20000,normal
6.06000,-2.37021,-8.74043,5.37553,-0.18614,0.64257,-0.20000,normal
6.08000,-2.41277,-8.82553,5.48191,-0.24554,0.60297,-0.20000,normal
6.10000,-2.45532,-8.91064,5.58830,-0.30495,0.56337,-0.20000,normal
6.12000,-2.49787,-8.99574,5.69468,-0.36436,0.52376,-0.20000,normal
6.14000,-4.18315,-12.87753,4.07753,-1.25000,0.50000,-0.10000,normal
6.16000,-4.11573,-12.78764,3.98764,-0.86790,0.35185,0.01605,normal
6.18000,-4.04831,-12.69775,3.89775,-0.81852,0.27778,0.04074,normal
6.20000,-3.98090,-12.60787,3.80787,-0.76914,0.20370,0.06543,normal
6.22000,-3.91348,-12.51798,3.71798,-0.71975,0.12963,0.09012,normal
6.24000,-4.55000,-8.25000,2.90000,0.40000,0.20000,-0.10000,normal
6.26000,-4.43889,-7.91667,2.90000,0.67907,-0.02093,-0.22093,normal
6.28000,-4.32778,-7.58333,2.90000,0.65581,-0.04419,-0.24419,normal
6.30000,-4.21667,-7.25000,2.90000,0.63256,-0.06744,-0.26744,normal
6.32000,-4.10556,-6.91667,2.90000,0.60930,-0.09070,-0.29070,normal
6.34000,-3.91000,-7.61000,3.07000,0.31064,0.20000,-0.09468,normal
6.36000,-3.93222,-7.63222,3.00333,0.35319,0.20000,-0.07340,normal
6.38000,-3.95444,-7.65444,2.93667,0.39574,0.20000,-0.05213,normal
6.40000,-3.97667,-7.67667,2.87000,0.43830,0.20000,-0.03085,normal
6.42000,-3.99889,-7.69889,2.80333,0.48085,0.20000,-0.00957,normal
6.44000,-3.17303,-6.18202,4.22697,0.69626,0.00000,0.30000,normal
6.46000,-3.10562,-6.13708,4.29438,0.65888,0.00000,0.30000,normal
6.48000,-3.03820,-6.09213,4.36180,0.62150,0.00000,0.30000,normal
6.50000,-2.97079,-6.04719,4.42921,0.58411,0.00000,0.30000,normal
6.52000,-2.90337,-6.00225,4.49663,0.54673,0.00000,0.30000,normal
6.54000,-2.25556,-5.70000,4.43333,0.50935,0.00000,0.30000,normal
6.56000,-1.98356,-5.91644,4.10000,-0.03333,0.10000,0.06667,normal
6.58000,-1.95616,-5.94384,4.10000,-0.10000,0.10000,0.00000,normal
6.60000,-1.92877,-5.97123,4.10000,-0.10000,0.10000,0.00000,normal
6.62000,-1.90137,-5.99863,4.10000,-0.10000,0.10000,0.00000,normal
6.64000,-1.53871,-6.81290,4.42581,0.00000,-0.00532,0.20000,normal
6.66000,-1.60323,-6.83441,4.46882,0.00000,-0.02660,0.20000,normal
6.68000,-1.66774,-6.85591,4.51183,0.00000,-0.04787,0.20000,normal
6.70000,-1.73226,-6.87742,4.55484,0.00000,-0.06915,0.20000,normal
6.72000,-1.79677,-6.89892,4.59785,0.00000,-0.09043,0.20000,normal
6.74000,-3.69101,-9.37303,7.73596,0.10000,0.10233,0.29767,normal
6.76000,-3.66854,-9.30562,7.82584,0.10000,0.12558,0.27442,normal
6.78000,-3.64607,-9.23820,7.91573,0.10000,0.14884,0.25116,normal
6.80000,-3.62360,-9.17079,8.00562,0.10000,0.17209,0.22791,normal
6.82000,-3.60112,-9.10337,8.09551,0.10000,0.19535,0.20465,normal
6.84000,-3.57826,-9.91304,5.99565,0.20784,0.80000,-0.29608,normal
6.86000,-3.70870,-9.93478,5.82174,0.24706,0.80000,-0.27647,normal
6.88000,-3.83913,-9.95652,5.64783,0.28627,0.80000,-0.25686,normal
6.90000,-3.96957,-9.97826,5.47391,0.32549,0.80000,-0.23725,normal
6.92000,-4.10000,-10.00000,5.30000,0.36471,0.80000,-0.21765,normal
6.94000,-4.95000,-9.85000,4.35000,0.44444,0.80000,-0.17778,normal
6.96000,-5.26024,-9.48554,4.35422,1.30000,0.58861,-0.08861,normal
6.98000,-5.42892,-9.36506,4.30602,1.30000,0.56329,-0.06329,normal
7.00000,-5.59759,-9.24458,4.25783,1.30000,0.53797,-0.03797,normal
7.02000,-5.76627,-9.12410,4.20964,1.30000,0.51266,-0.01266,normal
7.04000,-4.93750,-6.57917,3.48958,0.39022,-0.19674,-0.10000,normal
7.06000,-4.81250,-6.53750,3.46875,0.32500,-0.17500,-0.10000,normal
7.08000,-4.68750,-6.49583,3.44792,0.25978,-0.15326,-0.10000,normal
7.10000,-4.56250,-6.45417,3.42708,0.19457,-0.13152,-0.10000,normal
7.12000,-4.43750,-6.41250,3.40625,0.12935,-0.10978,-0.10000,normal
7.14000,-3.16444,-6.47333,3.28222,-0.49556,0.40444,-0.10000,normal
7.16000,-3.07556,-6.40667,3.23778,-0.47333,0.42667,-0.10000,normal
7.18000,-2.98667,-6.34000,3.19333,-0.45111,0.44889,-0.10000,normal
7.20000,-2.89778,-6.27333,3.14889,-0.42889,0.47111,-0.10000,normal
7.22000,-2.80889,-6.20667,3.10444,-0.40667,0.49333,-0.10000,normal
7.24000,-2.28936,-5.71064,3.81064,-0.10000,0.80000,-0.30000,normal
7.26000,-2.26809,-5.73191,3.83191,-0.10000,0.80000,-0.30000,normal
7.28000,-2.24681,-5.75319,3.85319,-0.10000,0.80000,-0.30000,normal
7.30000,-2.22553,-5.77447,3.87447,-0.10000,0.80000,-0.30000,normal
7.32000,-2.20426,-5.79574,3.89574,-0.10000,0.80000,-0.30000,normal
7.34000,-2.30000,-6.20000,4.10000,-0.10000,0.80000,-0.30000,normal
7.36000,-2.74156,-7.32468,4.46234,-0.10000,0.69420,-0.19420,normal
7.38000,-2.79351,-7.48052,4.54026,-0.10000,0.66522,-0.16522,normal
7.40000,-2.84545,-7.63636,4.61818,-0.10000,0.63623,-0.13623,normal
7.42000,-2.89740,-7.79221,4.69610,-0.10000,0.60725,-0.10725,normal
7.44000,-4.63830,-10.62553,5.93830,0.30860,0.19570,0.20430,normal
7.46000,-4.70213,-10.66809,6.00213,0.35161,0.17419,0.22581,normal
7.48000,-4.76596,-10.71064,6.06596,0.39462,0.15269,0.24731,normal
7.50000,-4.82979,-10.75319,6.12979,0.43763,0.13118,0.26882,normal
7.52000,-4.89362,-10.79574,6.19362,0.48065,0.10968,0.29032,normal
7.54000,-6.32697,-10.47303,5.88202,0.20213,-0.30000,0.70000,normal
7.56000,-6.39438,-10.40562,5.83708,0.22340,-0.30000,0.70000,normal
7.58000,-6.46180,-10.33820,5.79213,0.24468,-0.30000,0.70000,normal
7.60000,-6.52921,-10.27079,5.74719,0.26596,-0.30000,0.70000,normal
7.62000,-6.59663,-10.20337,5.70225,0.28723,-0.30000,0.70000,normal
7.64000,-5.41277,-6.11277,4.56170,0.30000,-0.30000,0.61111,normal
7.66000,-5.43404,-6.13404,4.49787,0.18313,-0.06627,-0.33373,normal
7.68000,-5.45532,-6.15532,4.43404,0.15904,-0.01807,-0.38193,normal
7.70000,-5.47660,-6.17660,4.37021,0.13494,0.03012,-0.43012,normal
7.72000,-5.49787,-6.19787,4.30638,0.11084,0.07831,-0.47831,normal
7.74000,-5.18830,-6.26489,3.60000,0.30000,0.09184,-0.29184,normal
7.76000,-5.16702,-6.20106,3.60000,0.30000,0.05102,-0.25102,normal
7.78000,-5.14574,-6.13723,3.60000,0.30000,0.01020,-0.21020,normal
7.80000,-5.12447,-6.07340,3.60000,0.30000,-0.03061,-0.16939,normal
7.82000,-5.10319,-6.00957,3.60000,0.30000,-0.07143,-0.12857,normal
7.84000,-3.28214,-4.79643,4.40357,0.06667,-0.30000,0.10000,normal
7.86000,-3.16310,-4.77262,4.42738,0.00000,-0.27805,0.05610,normal
7.88000,-3.04405,-4.74881,4.45119,0.00000,-0.25366,0.00732,normal
7.90000,-2.92500,-4.72500,4.47500,0.00000,-0.22927,-0.04146,normal
7.92000,-2.80595,-4.70119,4.49881,0.00000,-0.20488,-0.09024,normal
7.94000,-2.48710,-5.12581,4.22581,0.00000,-0.09159,0.00841,normal
7.96000,-2.46559,-5.16882,4.26882,0.00000,-0.07290,0.02710,normal
7.98000,-2.44409,-5.21183,4.31183,0.00000,-0.05421,0.04579,normal
8.00000,-2.42258,-5.25484,4.35484,0.00000,-0.03551,0.06449,normal
8.02000,-2.40108,-5.29785,4.39785,0.00000,-0.01682,0.08318,normal
8.04000,-3.76667,-6.78000,5.78000,0.15000,0.10000,0.20000,normal
8.06000,-3.88736,-6.80000,5.88736,0.50988,0.20000,0.30000,normal
8.08000,-3.97931,-6.80000,5.97931,0.53457,0.20000,0.30000,normal
8.10000,-4.07126,-6.80000,6.07126,0.55926,0.20000,0.30000,normal
8.12000,-4.16322,-6.80000,6.16322,0.58395,0.20000,0.30000,normal
8.14000,-4.60000,-7.32353,7.62353,0.00000,0.20000,-0.10112,normal
8.16000,-4.60000,-7.44118,7.74118,0.00000,0.20000,-0.12360,normal
8.18000,-4.60000,-7.55882,7.85882,0.00000,0.20000,-0.14607,normal
8.20000,-4.60000,-7.67647,7.97647,0.00000,0.20000,-0.16854,normal
8.22000,-4.60000,-7.79412,8.09412,0.00000,0.20000,-0.19101,normal
8.24000,-5.91798,-7.70899,7.43708,-0.20000,0.25000,-0.40000,normal
8.26000,-5.96292,-7.73146,7.27978,-0.34578,0.17711,-0.40000,normal
8.28000,-6.00787,-7.75393,7.12247,-0.39398,0.15301,-0.40000,normal
8.30000,-6.05281,-7.77640,6.96517,-0.44217,0.12892,-0.40000,normal
8.32000,-6.09775,-7.79888,6.80787,-0.49036,0.10482,-0.40000,normal
8.34000,-4.51277,-6.90213,4.70000,-0.60000,-0.30000,-0.50000,normal
8.36000,-4.53404,-7.07234,4.70000,-0.62062,-0.27938,-0.50000,normal
8.38000,-4.55532,-7.24255,4.70000,-0.64124,-0.25876,-0.50000,normal
8.40000,-4.57660,-7.41277,4.70000,-0.66186,-0.23814,-0.50000,normal
8.42000,-4.59787,-7.58298,4.70000,-0.68247,-0.21753,-0.50000,normal
8.44000,-3.80000,-8.40000,2.70000,-0.50000,-0.20000,-0.20000,normal
8.46000,-3.72683,-8.32683,2.65122,-0.30909,-0.30000,-0.00909,normal
8.48000,-3.65366,-8.25366,2.60244,-0.27361,-0.27361,0.00000,normal
8.50000,-3.58049,-8.18049,2.55366,-0.24583,-0.24583,0.00000,normal
8.52000,-3.50732,-8.10732,2.50488,-0.21806,-0.21806,0.00000,normal
8.54000,-3.19059,-7.48588,3.39529,0.30000,0.50111,-0.00111,normal
8.56000,-3.14353,-7.41529,3.37176,0.30000,0.52333,-0.02333,normal
8.58000,-3.09647,-7.34471,3.34824,0.30000,0.54556,-0.04556,normal
8.60000,-3.04941,-7.27412,3.32471,0.30000,0.56778,-0.06778,normal
8.62000,-3.00235,-7.20353,3.30118,0.30000,0.59000,-0.09000,normal
8.64000,-2.29091,-6.88182,3.58182,0.15000,0.95000,-0.45000,normal
8.66000,-2.26818,-6.83636,3.53636,0.20000,1.02184,-0.52184,normal
8.68000,-2.24545,-6.79091,3.49091,0.20000,1.04483,-0.54483,normal
8.70000,-2.22273,-6.74545,3.44545,0.20000,1.06782,-0.56782,normal
8.72000,-2.20000,-6.70000,3.40000,0.20000,1.09080,-0.59080,normal
8.74000,-1.84696,-6.56261,3.50000,-0.20565,1.50565,-0.70000,normal
8.76000,-1.95130,-6.70174,3.50000,-0.22177,1.52177,-0.70000,normal
8.78000,-2.05565,-6.84087,3.50000,-0.23790,1.53790,-0.70000,normal
8.80000,-2.16000,-6.98000,3.50000,-0.25403,1.55403,-0.70000,normal
8.82000,-2.26435,-7.11913,3.50000,-0.27016,1.57016,-0.70000,normal
8.84000,-2.36870,-7.25826,3.50000,-0.28629,1.58629,-0.70000,normal
8.86000,-3.20000,-10.00000,3.90000,-0.30000,1.57000,-0.67000,normal
8.88000,-3.22247,-10.08989,3.94494,0.17143,1.50000,-0.60000,normal
8.90000,-3.24494,-10.17978,3.98989,0.42051,1.33846,-0.57949,normal
8.92000,-3.26742,-10.26966,4.03483,0.44615,1.26154,-0.55385,normal
8.94000,-3.28989,-10.35955,4.07978,0.47179,1.18462,-0.52821,normal
8.96000,-3.70000,-12.10000,4.80000,0.49744,1.10769,-0.50256,normal
8.98000,-3.97119,-12.30339,4.80000,0.45333,0.50000,-0.18667,normal
9.00000,-4.24237,-12.50678,4.80000,0.63111,0.50000,-0.14222,normal
9.02000,-5.40000,-12.00000,4.30000,1.20000,0.50000,-0.10000,normal
9.04000,-5.23077,-10.04038,3.76538,1.50000,0.38333,-0.23333,normal
9.06000,-5.15385,-9.75192,3.72692,1.50000,0.36481,-0.27037,normal
9.08000,-5.07692,-9.46346,3.68846,1.50000,0.34630,-0.30741,normal
9.10000,-5.00000,-9.17500,3.65000,1.50000,0.32778,-0.34444,normal
9.12000,-4.92308,-8.88654,3.61154,1.50000,0.30926,-0.38148,normal
9.14000,-5.76957,-7.26957,3.46196,0.99223,0.50000,-0.79612,normal
9.16000,-5.68261,-7.18261,3.35326,0.95340,0.50000,-0.77670,normal
9.18000,-5.59565,-7.09565,3.24457,0.91456,0.50000,-0.75728,normal
9.20000,-5.50870,-7.00870,3.13587,0.87573,0.50000,-0.73786,normal
9.22000,-5.42174,-6.92174,3.02717,0.83689,0.50000,-0.71845,normal
9.24000,-4.50000,-6.80000,2.50000,0.65000,0.50000,-0.65000,normal
9.26000,-4.13165,-6.45443,2.79114,0.40000,0.55000,-0.25000,normal
9.28000,-4.05570,-6.40380,2.89241,0.42836,0.62836,-0.17164,normal
9.30000,-3.97975,-6.35316,2.99367,0.45821,0.65821,-0.14179,normal
9.32000,-3.90380,-6.30253,3.09494,0.48806,0.68806,-0.11194,normal
9.34000,-3.58989,-5.50000,3.52022,0.40000,0.69468,0.00000,normal
9.36000,-3.56742,-5.50000,3.56517,0.40000,0.67340,0.00000,normal
9.38000,-3.54494,-5.50000,3.61011,0.40000,0.65213,0.00000,normal
9.40000,-3.52247,-5.50000,3.65506,0.40000,0.63085,0.00000,normal
9.42000,-3.50000,-5.50000,3.70000,0.40000,0.60957,0.00000,normal
9.44000,-3.01327,-5.72653,4.45306,0.30430,0.50000,0.00000,normal
9.46000,-3.03367,-5.76735,4.53469,0.32581,0.50000,0.00000,normal
9.48000,-3.05408,-5.80816,4.61633,0.34731,0.50000,0.00000,normal
9.50000,-3.07449,-5.84898,4.69796,0.36882,0.50000,0.00000,normal
9.52000,-3.09490,-5.88980,4.77959,0.39032,0.50000,0.00000,normal
9.54000,-4.74494,-7.14494,6.64494,0.80000,0.70000,-0.10481,normal
9.56000,-4.85730,-7.25730,6.75730,0.80000,0.70000,-0.12404,normal
9.58000,-4.96966,-7.36966,6.86966,0.80000,0.70000,-0.14327,normal
9.60000,-5.08202,-7.48202,6.98202,0.80000,0.70000,-0.16250,normal
9.62000,-5.19438,-7.59438,7.09438,0.80000,0.70000,-0.18173,normal
9.64000,-6.50000,-8.30000,7.55000,0.80000,0.71000,-0.20000,normal
9.66000,-6.80250,-9.16750,7.21000,0.91143,0.60571,-0.19429,normal
9.68000,-7.02750,-9.24250,7.11000,0.96857,0.63429,-0.16571,normal
9.70000,-7.25250,-9.31750,7.01000,1.02571,0.66286,-0.13714,normal
9.72000,-7.47750,-9.39250,6.91000,1.08286,0.69143,-0.10857,normal
9.74000,-6.03956,-5.20000,4.37582,0.70000,-0.30000,-0.40000,normal
9.76000,-5.92967,-5.20000,4.33187,0.58095,-0.30000,-0.42381,normal
9.78000,-5.81978,-5.20000,4.28791,0.46190,-0.30000,-0.44762,normal
9.80000,-5.70989,-5.20000,4.24396,0.34286,-0.30000,-0.47143,normal
9.82000,-5.60000,-5.20000,4.20000,0.22381,-0.30000,-0.49524,normal
9.84000,-4.14468,-6.85532,3.48617,-0.38058,-0.09029,-0.19029,normal
9.86000,-4.05957,-6.94043,3.46489,-0.34175,-0.07087,-0.17087,normal
9.88000,-3.97447,-7.02553,3.44362,-0.30291,-0.05146,-0.15146,normal
9.90000,-3.88936,-7.11064,3.42234,-0.26408,-0.03204,-0.13204,normal
9.92000,-3.80426,-7.19574,3.40106,-0.22524,-0.01262,-0.11262,normal
9.94000,-3.91304,-6.66087,4.55217,0.34444,0.44444,0.00000,normal
9.96000,-3.93478,-6.59565,4.63913,0.50000,0.61728,-0.01728,normal
9.98000,-3.95652,-6.53043,4.72609,0.50000,0.64198,-0.04198,normal
10.00000,-3.97826,-6.46522,4.81304,0.50000,0.66667,-0.06667,normal
10.02000,-4.00000,-6.40000,4.90000,0.50000,0.69136,-0.09136,normal
10.04000,-3.41398,-6.01398,4.78602,0.10000,0.60000,-0.60000,normal
10.06000,-3.43548,-6.03548,4.76452,0.10000,0.60000,-0.60000,normal
10.08000,-3.45699,-6.05699,4.74301,0.10000,0.60000,-0.60000,normal
10.10000,-3.47849,-6.07849,4.72151,0.10000,0.60000,-0.60000,normal
10.12000,-3.50000,-6.10000,4.70000,0.10000,0.60000,-0.60000,normal
10.14000,-3.61609,-5.70805,5.30805,0.30000,0.50000,-0.70000,normal
10.16000,-3.66207,-5.73103,5.33103,0.30000,0.50000,-0.67711,normal
10.18000,-3.70805,-5.75402,5.35402,0.30000,0.50000,-0.65301,normal
10.20000,-3.75402,-5.77701,5.37701,0.30000,0.50000,-0.62892,normal
10.22000,-3.80000,-5.80000,5.40000,0.30000,0.50000,-0.60482,normal
10.24000,-4.11985,-7.16947,5.93969,0.30000,0.40000,-0.28592,normal
10.26000,-4.15038,-7.27634,6.00076,0.30000,0.40000,-0.25775,normal
10.28000,-4.18092,-7.38321,6.06183,0.30000,0.40000,-0.22958,normal
10.30000,-4.21145,-7.49008,6.12290,0.30000,0.40000,-0.20141,normal
10.32000,-4.24198,-7.59695,6.18397,0.30000,0.40000,-0.17324,normal
10.34000,-4.27252,-7.70382,6.24504,0.30000,0.40000,-0.14507,normal
10.36000,-4.70000,-8.20000,6.60000,0.30000,0.40000,-0.11690,normal
10.38000,-5.28471,-8.31529,6.70000,0.39634,0.10000,0.30366,normal
10.40000,-5.26118,-8.33882,6.70000,0.37195,0.10000,0.32805,normal
10.42000,-5.23765,-8.36235,6.70000,0.34756,0.10000,0.35244,normal
10.44000,-5.21412,-8.38588,6.70000,0.32317,0.10000,0.37683,normal
10.46000,-8.50000,-6.50000,6.60000,0.30000,0.10000,0.60000,normal
10.48000,-8.10357,-4.37857,6.00357,1.39565,-0.31739,0.46522,normal
10.50000,-7.99643,-4.02143,5.89643,1.13478,-0.36087,0.37826,normal
10.52000,-8.00000,-3.90000,5.60000,0.30000,-0.50000,0.10000,normal
10.54000,-7.74490,-4.33673,5.61837,-0.11765,-0.50000,-0.11765,normal
10.56000,-7.68367,-4.37755,5.63878,-0.13725,-0.50000,-0.13725,normal
10.58000,-7.62245,-4.41837,5.65918,-0.15686,-0.50000,-0.15686,normal
10.60000,-7.56122,-4.45918,5.67959,-0.17647,-0.50000,-0.17647,normal
10.62000,-7.50000,-4.50000,5.70000,-0.19608,-0.50000,-0.19608,normal
10.64000,-5.20215,-3.97204,5.12796,-0.09505,-0.19505,-0.10000,normal
10.66000,-5.05161,-3.92903,5.17097,-0.07525,-0.17525,-0.10000,normal
10.68000,-4.90108,-3.88602,5.21398,-0.05545,-0.15545,-0.10000,normal
10.70000,-4.75054,-3.84301,5.25699,-0.03564,-0.13564,-0.10000,normal
10.72000,-4.60000,-3.80000,5.30000,-0.01584,-0.11584,-0.10000,normal
10.74000,-3.09877,-3.39877,5.50123,0.15000,0.10000,-0.30000,normal
10.76000,-3.07407,-3.37407,5.52593,0.20000,0.20000,-0.30000,normal
10.78000,-3.04938,-3.34938,5.55062,0.20000,0.20000,-0.30000,normal
10.80000,-3.02469,-3.32469,5.57531,0.20000,0.20000,-0.30000,normal
10.82000,-3.00000,-3.30000,5.60000,0.20000,0.20000,-0.30000,normal
10.84000,-3.51818,-4.01818,6.20909,0.19432,0.10000,0.00568,normal
10.86000,-3.56364,-4.06364,6.23182,0.17159,0.10000,0.02841,normal
10.88000,-3.60909,-4.10909,6.25455,0.14886,0.10000,0.05114,normal
10.90000,-3.65455,-4.15455,6.27727,0.12614,0.10000,0.07386,normal
10.92000,-3.70000,-4.20000,6.30000,0.10341,0.10000,0.09659,normal
10.94000,-4.41474,-4.58526,7.31474,0.10000,-0.10000,0.30000,normal
10.96000,-4.43579,-4.56421,7.33579,0.10000,-0.10000,0.30000,normal
10.98000,-4.45684,-4.54316,7.35684,0.10000,-0.10000,0.30000,normal
11.00000,-4.47789,-4.52211,7.37789,0.10000,-0.10000,0.30000,normal
11.02000,-4.49895,-4.50105,7.39895,0.10000,-0.10000,0.30000,normal
11.04000,-5.82188,-5.48646,8.90000,-0.09898,0.10000,-0.10000,normal
11.06000,-6.00938,-5.46562,8.90000,-0.07857,0.10000,-0.10000,normal
11.08000,-6.19688,-5.44479,8.90000,-0.05816,0.10000,-0.10000,normal
11.10000,-6.38438,-5.42396,8.90000,-0.03776,0.10000,-0.10000,normal
11.12000,-6.57188,-5.40312,8.90000,-0.01735,0.10000,-0.10000,normal
11.14000,-7.00000,-6.20000,8.90000,-0.10000,0.00000,-0.15000,normal
11.16000,-7.12500,-6.45000,8.92500,-0.39706,0.20147,-0.10000,normal
11.18000,-7.25000,-6.70000,8.95000,-0.33824,0.23088,-0.10000,normal
11.20000,-7.37500,-6.95000,8.97500,-0.27941,0.26029,-0.10000,normal
11.22000,-7.50000,-7.20000,9.00000,-0.22059,0.28971,-0.10000,normal
11.24000,-6.31111,-4.76667,5.65556,0.48727,-0.20000,-0.20000,normal
11.26000,-6.33333,-4.70000,5.56667,0.45091,-0.20000,-0.20000,normal
11.28000,-6.35556,-4.63333,5.47778,0.41455,-0.20000,-0.20000,normal
11.30000,-6.37778,-4.56667,5.38889,0.37818,-0.20000,-0.20000,normal
11.32000,-6.40000,-4.50000,5.30000,0.34182,-0.20000,-0.20000,normal
11.34000,-5.80000,-5.00000,5.27059,0.30545,-0.20000,-0.20000,normal
11.36000,-5.74324,-4.94324,5.16216,-0.38684,-0.18684,-0.01316,normal
11.38000,-5.66216,-4.86216,5.10811,-0.36053,-0.16053,-0.03947,normal
11.40000,-5.58108,-4.78108,5.05405,-0.33421,-0.13421,-0.06579,normal
11.42000,-5.50000,-4.70000,5.00000,-0.30789,-0.10789,-0.09211,normal
11.44000,-3.96087,-3.60000,4.90000,-0.60769,0.30769,-0.60769,normal
11.46000,-3.89565,-3.60000,4.90000,-0.62692,0.32692,-0.62692,normal
11.48000,-3.83043,-3.60000,4.90000,-0.64615,0.34615,-0.64615,normal
11.50000,-3.76522,-3.60000,4.90000,-0.66538,0.36538,-0.66538,normal
11.52000,-3.70000,-3.60000,4.90000,-0.68462,0.38462,-0.68462,normal
11.54000,-3.09630,-4.30494,5.20370,-0.80000,0.60833,-0.80833,normal
11.56000,-3.02222,-4.40370,5.27778,-0.79167,0.80000,-0.79167,normal
11.58000,-2.94815,-4.50247,5.35185,-0.76389,0.80000,-0.76389,normal
11.60000,-2.87407,-4.60123,5.42593,-0.73611,0.80000,-0.73611,normal
11.62000,-2.80000,-4.70000,5.50000,-0.70833,0.80000,-0.70833,normal
11.64000,-2.33617,-6.89149,6.45957,0.22234,-0.20000,0.01489,normal
11.66000,-2.10213,-6.59362,6.54468,0.28617,-0.20000,0.05745,normal
11.68000,-1.86809,-6.29574,6.62979,0.35000,-0.20000,0.10000,normal
11.70000,-1.63404,-5.99787,6.71489,0.41383,-0.20000,0.14255,normal
11.72000,-1.40000,-5.70000,6.80000,0.47766,-0.20000,0.18511,normal
11.74000,-2.41111,-7.30000,7.48889,0.00000,-0.10000,0.10341,normal
11.76000,-2.43333,-7.30000,7.46667,0.00000,-0.10000,0.12614,normal
11.78000,-2.45556,-7.30000,7.44444,0.00000,-0.10000,0.14886,normal
11.80000,-2.47778,-7.30000,7.42222,0.00000,-0.10000,0.17159,normal
11.82000,-2.50000,-7.30000,7.40000,0.00000,-0.10000,0.19432,normal
11.84000,-5.01099,-10.44505,8.19231,0.63191,0.61064,0.30000,normal
11.86000,-5.36264,-10.68681,8.34615,0.75957,0.65319,0.30000,normal
11.88000,-5.71429,-10.92857,8.50000,0.88723,0.69574,0.30000,normal
11.90000,-6.06593,-11.17033,8.65385,1.01489,0.73830,0.30000,normal
11.92000,-6.57000,-11.28000,8.78000,1.14255,0.78085,0.30000,normal
11.94000,-7.57273,-6.63636,7.21818,1.80000,0.40000,0.00000,normal
11.96000,-7.50455,-6.47727,7.01364,1.29773,0.27955,-0.46136,normal
11.98000,-7.43636,-6.31818,6.80909,1.18409,0.25682,-0.52955,normal
12.00000,-7.36818,-6.15909,6.60455,1.07045,0.23409,-0.59773,normal
12.02000,-7.30000,-6.00000,6.40000,0.95682,0.21136,-0.66591,normal
12.04000,-6.15532,-5.51489,4.08511,0.50000,-0.19667,-1.20000,normal
12.06000,-6.09149,-5.53617,4.06383,0.50000,-0.17444,-1.20000,normal
12.08000,-6.02766,-5.55745,4.04255,0.50000,-0.15222,-1.20000,normal
12.10000,-5.96383,-5.57872,4.02128,0.50000,-0.13000,-1.20000,normal
12.12000,-5.90000,-5.60000,4.00000,0.50000,-0.10778,-1.20000,normal
12.14000,-4.90769,-4.62308,3.94615,0.98986,-0.01014,-0.50000,normal
12.16000,-4.72308,-4.46923,4.03846,0.96087,-0.03913,-0.50000,normal
12.18000,-4.53846,-4.31538,4.13077,0.93188,-0.06812,-0.50000,normal
12.20000,-3.43333,-3.86667,4.83333,0.90290,-0.09710,-0.50000,normal
12.22000,-3.00000,-4.32679,5.24018,0.40000,0.31583,-0.59209,normal
12.24000,-3.00000,-4.36250,5.29375,0.40000,0.34460,-0.57770,normal
12.26000,-3.00000,-4.39821,5.34732,0.40000,0.37338,-0.56331,normal
12.28000,-3.00000,-4.43393,5.40089,0.40000,0.40216,-0.54892,normal
12.30000,-3.00000,-4.46964,5.45446,0.40000,0.43094,-0.53453,normal
12.32000,-3.03750,-4.50000,5.52500,0.40000,0.45971,-0.52014,normal
12.34000,-3.28750,-4.50000,5.69167,0.40000,0.48849,-0.50576,normal
12.36000,-3.11286,-4.67429,6.01286,0.60000,0.70000,-0.40000,normal
12.38000,-3.14143,-4.61714,6.04143,0.62857,0.72857,-0.40000,normal
12.40000,-3.17000,-4.56000,6.07000,0.65714,0.75714,-0.40000,normal
12.42000,-3.19857,-4.50286,6.09857,0.68571,0.78571,-0.40000,normal
12.44000,-3.62442,-4.42442,7.13256,0.60235,0.70000,-0.60000,normal
12.46000,-3.69419,-4.49419,7.22558,0.62588,0.70000,-0.60000,normal
12.48000,-3.76395,-4.56395,7.31860,0.64941,0.70000,-0.60000,normal
12.50000,-3.83372,-4.63372,7.41163,0.67294,0.70000,-0.60000,normal
12.52000,-4.20000,-4.70000,7.75000,0.69647,0.70000,-0.60000,normal
12.54000,-5.46022,-3.68495,8.51505,1.08972,0.50000,-0.81028,normal
12.56000,-5.54624,-3.66344,8.53656,1.07103,0.50000,-0.82897,normal
12.58000,-5.63226,-3.64194,8.55806,1.05234,0.50000,-0.84766,normal
12.60000,-5.71828,-3.62043,8.57957,1.03364,0.50000,-0.86636,normal
12.62000,-5.85000,-3.70000,8.60000,1.01495,0.50000,-0.88505,normal
12.64000,-4.52473,-3.78495,7.93978,0.70000,0.20000,-1.00000,normal
12.66000,-4.41720,-3.76344,7.85376,0.60000,0.10000,-1.10000,normal
12.68000,-4.30968,-3.74194,7.76774,0.60000,0.10000,-1.10000,normal
12.70000,-4.20215,-3.72043,7.68172,0.60000,0.10000,-1.10000,normal
12.72000,-3.70000,-4.20000,7.60000,0.60000,0.10000,-1.10000,normal
12.74000,-3.33617,-4.71596,7.26809,0.70000,0.30851,-1.10000,normal
12.76000,-3.25106,-4.73723,7.22553,0.70000,0.32979,-1.10000,normal
12.78000,-3.16596,-4.75851,7.18298,0.70000,0.35106,-1.10000,normal
12.80000,-3.08085,-4.77979,7.14043,0.70000,0.37234,-1.10000,normal
12.82000,-3.05000,-4.95000,7.00000,0.70000,0.39362,-1.10000,normal
12.84000,-2.83011,-5.71505,7.20000,0.70674,0.70674,-1.30674,normal
12.86000,-2.87312,-5.73656,7.20000,0.72921,0.72921,-1.32921,normal
12.88000,-2.91613,-5.75806,7.20000,0.75169,0.75169,-1.35169,normal
12.90000,-2.95914,-5.77957,7.20000,0.77416,0.77416,-1.37416,normal
12.92000,-3.05000,-5.85000,7.20000,0.79663,0.79663,-1.39663,normal
12.94000,-3.41505,-5.78495,6.88495,0.70000,1.00000,-1.60594,normal
12.96000,-3.43656,-5.76344,6.86344,0.70000,1.00000,-1.62574,normal
12.98000,-3.45806,-5.74194,6.84194,0.70000,1.00000,-1.64554,normal
13.00000,-3.47957,-5.72043,6.82043,0.70000,1.00000,-1.66535,normal
13.02000,-3.55000,-5.60000,6.70000,0.70000,1.00000,-1.68515,normal
13.04000,-3.50000,-6.30471,6.20000,0.61111,1.00000,-1.80000,normal
13.06000,-3.50000,-6.35176,6.20000,0.40435,1.10000,-1.70000,normal
13.08000,-3.50000,-6.39882,6.20000,0.43333,1.10000,-1.70000,normal
13.10000,-3.50000,-6.44588,6.20000,0.46232,1.10000,-1.70000,normal
13.12000,-3.50000,-6.49294,6.20000,0.49130,1.10000,-1.70000,normal
13.14000,-3.01111,-6.24444,6.82222,0.50000,1.10000,-1.60000,normal
13.16000,-3.03333,-6.33333,6.86667,0.50000,1.10000,-1.60000,normal
13.18000,-3.05556,-6.42222,6.91111,0.50000,1.10000,-1.60000,normal
13.20000,-3.07778,-6.51111,6.95556,0.50000,1.10000,-1.60000,normal
13.22000,-3.10000,-6.60000,7.00000,0.50000,1.10000,-1.60000,normal
13.24000,-4.14348,-6.77826,7.38913,0.90532,1.19468,-1.60532,normal
13.26000,-4.23043,-6.73478,7.36739,0.92660,1.17340,-1.62660,normal
13.28000,-4.31739,-6.69130,7.34565,0.94787,1.15213,-1.64787,normal
13.30000,-4.40435,-6.64783,7.32391,0.96915,1.13085,-1.66915,normal
13.32000,-4.49130,-6.60435,7.30217,0.99043,1.10957,-1.69043,normal
13.34000,-4.58182,-5.98182,6.60909,1.00000,0.89608,-1.70000,normal
13.36000,-4.53636,-5.93636,6.63182,1.00000,0.87647,-1.70000,normal
13.38000,-4.49091,-5.89091,6.65455,1.00000,0.85686,-1.70000,normal
13.40000,-4.44545,-5.84545,6.67727,1.00000,0.83725,-1.70000,normal
13.42000,-4.40000,-5.80000,6.70000,1.00000,0.81765,-1.70000,normal
13.44000,-5.15000,-6.15000,7.00000,1.00000,0.90000,-1.60000,normal
13.46000,-5.39620,-6.07595,7.05190,0.90000,0.89178,-1.09178,normal
13.48000,-5.49747,-6.05063,7.00127,0.90000,0.86438,-1.06438,normal
13.50000,-5.59873,-6.02532,6.95063,0.90000,0.83699,-1.03699,normal
13.52000,-5.70000,-6.00000,6.90000,0.90000,0.80959,-1.00959,normal
13.54000,-4.67778,-3.92222,6.12222,0.39059,0.40471,-1.20000,normal
13.56000,-4.63333,-3.96667,6.16667,0.34353,0.42824,-1.20000,normal
13.58000,-4.58889,-4.01111,6.21111,0.29647,0.45176,-1.20000,normal
13.60000,-4.54444,-4.05556,6.25556,0.24941,0.47529,-1.20000,normal
13.62000,-4.50000,-4.10000,6.30000,0.20235,0.49882,-1.20000,normal
13.64000,-5.18421,-4.71579,7.00000,0.18557,0.58557,-0.77113,normal
13.66000,-5.16316,-4.73684,7.00000,0.16495,0.56495,-0.72990,normal
13.68000,-5.14211,-4.75789,7.00000,0.14433,0.54433,-0.68866,normal
13.70000,-5.12105,-4.77895,7.00000,0.12371,0.52371,-0.64742,normal
13.72000,-5.10000,-4.80000,7.00000,0.10309,0.50309,-0.60619,normal
13.74000,-4.54043,-2.90000,7.98511,-0.10490,0.40000,-0.80490,normal
13.76000,-4.45532,-2.90000,7.96383,-0.12451,0.40000,-0.82451,normal
13.78000,-4.37021,-2.90000,7.94255,-0.14412,0.40000,-0.84412,normal
13.80000,-4.28511,-2.90000,7.92128,-0.16373,0.40000,-0.86373,normal
13.82000,-4.20000,-2.90000,7.90000,-0.18333,0.40000,-0.88333,normal
13.84000,-3.20000,-5.90000,6.90000,-0.30000,0.40000,-1.00000,normal
13.86000,-3.20000,-5.99639,7.06867,0.31176,0.50294,-0.79412,normal
13.88000,-3.20000,-6.09277,7.23735,0.42941,0.53235,-0.73529,normal
13.90000,-3.20000,-6.18916,7.40602,0.54706,0.56176,-0.67647,normal
13.92000,-3.20000,-6.28554,7.57470,0.66471,0.59118,-0.61765,normal
13.94000,-3.45111,-3.75111,7.18778,0.87778,0.00444,-0.10889,normal
13.96000,-3.36222,-3.66222,7.16556,0.76667,0.02667,-0.15333,normal
13.98000,-3.27333,-3.57333,7.14333,0.65556,0.04889,-0.19778,normal
14.00000,-3.18444,-3.48444,7.12111,0.54444,0.07111,-0.24222,normal
14.02000,-3.20000,-3.80000,7.10000,0.43333,0.09333,-0.28667,normal
14.04000,-3.71209,-5.51209,7.01209,0.20119,0.30000,-0.59881,normal
14.06000,-3.73407,-5.53407,7.03407,0.22500,0.30000,-0.57500,normal
14.08000,-3.75604,-5.55604,7.05604,0.24881,0.30000,-0.55119,normal
14.10000,-3.77802,-5.57802,7.07802,0.27262,0.30000,-0.52738,normal
14.12000,-3.80000,-5.60000,7.10000,0.29643,0.30000,-0.50357,normal
14.14000,-4.84043,-4.72553,7.50000,0.28600,-0.00700,-0.10700,normal
14.16000,-4.75532,-4.61915,7.50000,0.24600,-0.02700,-0.12700,normal
14.18000,-4.67021,-4.51277,7.50000,0.20600,-0.04700,-0.14700,normal
14.20000,-4.58511,-4.40638,7.50000,0.16600,-0.06700,-0.16700,normal
14.22000,-4.50000,-4.30000,7.50000,0.12600,-0.08700,-0.18700,normal
14.24000,-3.90000,-5.01395,7.09302,-0.13077,-0.10000,-0.23077,normal
14.26000,-3.90000,-5.06047,7.06977,-0.08205,0.10000,-0.19103,normal
14.28000,-3.90000,-5.10698,7.04651,-0.03077,0.10000,-0.16538,normal
14.30000,-3.90000,-5.15349,7.02326,0.02051,0.10000,-0.13974,normal
14.32000,-3.90000,-5.20000,7.00000,0.07179,0.10000,-0.11410,normal
14.34000,-4.09294,-5.00000,7.30000,0.09667,0.09667,0.00000,normal
14.36000,-4.06941,-5.00000,7.30000,0.07444,0.07444,0.00000,normal
14.38000,-4.04588,-5.00000,7.30000,0.05222,0.05222,0.00000,normal
14.40000,-4.02235,-5.00000,7.30000,0.03000,0.03000,0.00000,normal
14.42000,-3.95000,-4.95000,7.25000,0.00778,0.00778,0.00000,normal
14.44000,-3.90000,-4.98889,7.38889,-0.09362,0.00638,0.00000,normal
14.46000,-3.90000,-4.96667,7.36667,-0.07234,0.02766,0.00000,normal
14.48000,-3.90000,-4.94444,7.34444,-0.05106,0.04894,0.00000,normal
14.50000,-3.90000,-4.92222,7.32222,-0.02979,0.07021,0.00000,normal
14.52000,-3.90000,-4.90000,7.30000,-0.00851,0.09149,0.00000,normal
14.54000,-3.80000,-4.09888,6.97978,-0.00000,0.10000,0.10000,normal
14.56000,-3.80000,-3.87416,6.93483,-0.03883,0.10000,0.10000,normal
14.58000,-3.80000,-3.64944,6.88989,-0.07767,0.10000,0.10000,normal
14.60000,-3.80000,-3.42472,6.84494,-0.11650,0.10000,0.10000,normal
14.62000,-3.80000,-3.20000,6.80000,-0.15534,0.10000,0.10000,normal
14.64000,-3.40000,-2.00000,6.50000,-0.19417,0.10000,0.10000,normal
14.66000,-1.73784,-0.81892,4.46757,-1.90000,0.20000,0.20000,normal
14.68000,-1.79189,-0.84595,4.27838,-2.67500,0.47500,0.35000,normal
14.70000,-1.84595,-0.87297,4.08919,-2.86944,0.55833,0.40556,normal
14.72000,-1.90000,-0.90000,3.90000,-3.06389,0.64167,0.46111,normal
14.74000,-5.03614,-2.91084,0.27108,-4.20000,1.30000,1.50000,normal
14.76000,-5.27711,-2.98313,0.07831,-4.27683,1.30000,2.23902,normal
14.78000,-5.51807,-3.05542,-0.11446,-4.25244,1.30000,2.38537,normal
14.80000,-5.75904,-3.12771,-0.30723,-4.22805,1.30000,2.53171,normal
14.82000,-6.00000,-3.20000,-0.50000,-4.20366,1.30000,2.67805,normal
14.84000,-17.31702,-7.03830,-2.90000,-3.45429,0.36571,4.72857,normal
14.86000,-17.91277,-7.37872,-2.90000,-3.30190,0.25143,4.82381,normal
14.88000,-18.50851,-7.71915,-2.90000,-3.14952,0.13714,4.91905,normal
14.90000,-19.10426,-8.05957,-2.90000,-2.99714,0.02286,5.01429,normal
14.92000,-19.70000,-8.40000,-2.90000,-2.84476,-0.09143,5.10952,normal
14.94000,-13.09091,-5.82727,0.45455,-1.80000,-0.70000,5.20000,normal
14.96000,-12.81818,-5.14545,0.34091,1.52209,0.35233,3.27326,normal
14.98000,-12.54545,-4.46364,0.22727,1.68488,0.42209,2.97093,normal
15.00000,-12.27273,-3.78182,0.11364,1.84767,0.49186,2.66860,normal
15.02000,-12.00000,-3.10000,0.00000,2.01047,0.56163,2.36628,normal
15.04000,-9.76782,-2.05287,0.50805,-1.00000,0.30000,-2.00000,normal
15.06000,-9.67586,-2.48966,0.53103,-1.18605,0.23023,-1.97674,normal
15.08000,-9.58391,-2.92644,0.55402,-1.37209,0.16047,-1.95349,normal
15.10000,-9.49195,-3.36322,0.57701,-1.55814,0.09070,-1.93023,normal
15.12000,-9.40000,-3.80000,0.60000,-1.74419,0.02093,-1.90698,normal
15.14000,-7.51111,-5.58889,-1.75556,-1.86591,-0.79318,-0.68636,normal
15.16000,-7.53333,-5.56667,-1.66667,-1.63864,-0.74773,-0.59545,normal
15.18000,-7.55556,-5.54444,-1.57778,-1.41136,-0.70227,-0.50455,normal
15.20000,-7.57778,-5.52222,-1.48889,-1.18409,-0.65682,-0.41364,normal
15.22000,-7.60000,-5.50000,-1.40000,-0.95682,-0.61136,-0.32273,normal
15.24000,-9.25275,-3.53407,0.51319,1.29600,0.00800,0.09200,normal
15.26000,-9.34066,-3.42418,0.53516,1.27600,0.04800,0.05200,normal
15.28000,-9.42857,-3.31429,0.55714,1.25600,0.08800,0.01200,normal
15.30000,-9.51648,-3.20440,0.57912,1.23600,0.12800,-0.02800,normal
15.32000,-9.63333,-3.01667,0.55000,1.21600,0.16800,-0.06800,normal
15.34000,-10.03913,-2.92609,-0.13913,0.35000,0.25000,-0.70000,normal
15.36000,-10.10435,-2.96957,-0.20435,0.17791,0.30000,-0.82209,normal
15.38000,-10.16957,-3.01304,-0.26957,0.15465,0.30000,-0.84535,normal
15.40000,-10.23478,-3.05652,-0.33478,0.13140,0.30000,-0.86860,normal
15.42000,-10.30000,-3.10000,-0.40000,0.10814,0.30000,-0.89186,normal
15.44000,-10.80000,-4.00000,-0.40000,0.50659,-0.00659,-0.89670,normal
15.46000,-10.80000,-4.00000,-0.40000,0.55055,-0.05055,-0.87473,normal
15.48000,-10.80000,-4.00000,-0.40000,0.59451,-0.09451,-0.85275,normal
15.50000,-10.80000,-4.00000,-0.40000,0.63846,-0.13846,-0.83077,normal
15.52000,-10.80000,-4.00000,-0.40000,0.68242,-0.18242,-0.80879,normal
15.54000,-9.42921,-5.59213,1.52135,0.12400,-1.00600,-1.30600,normal
15.56000,-9.27191,-6.01910,1.79101,0.20400,-1.02600,-1.32600,normal
15.58000,-9.11461,-6.44607,2.06067,0.28400,-1.04600,-1.34600,normal
15.60000,-8.95730,-6.87303,2.33034,0.36400,-1.06600,-1.36600,normal
15.62000,-8.80000,-7.30000,2.60000,0.44400,-1.08600,-1.38600,normal
15.64000,-8.87470,-7.30000,5.12530,1.90000,-1.75000,-1.35000,normal
15.66000,-8.70602,-7.30000,5.29398,1.88000,-2.04000,-1.40000,normal
15.68000,-8.53735,-7.30000,5.46265,1.96421,-2.08211,-1.40000,normal
15.70000,-8.36867,-7.30000,5.63133,2.04842,-2.12421,-1.40000,normal
15.72000,-8.20000,-7.30000,5.80000,2.13263,-2.16632,-1.40000,normal
15.74000,-6.69877,-5.39383,7.30494,2.25000,-2.80000,-1.35000,normal
15.76000,-6.67407,-5.27037,7.40370,2.68816,-2.92368,-1.08816,normal
15.78000,-6.64938,-5.14691,7.50247,2.66184,-2.97632,-1.06184,normal
15.80000,-6.62469,-5.02346,7.60123,2.63553,-3.02895,-1.03553,normal
15.82000,-6.60000,-4.90000,7.70000,2.60921,-3.08158,-1.00921,normal
15.84000,-3.61753,-2.31753,6.95155,2.69348,-3.49565,-0.09130,normal
15.86000,-3.45258,-2.15258,7.05464,2.62826,-3.45217,-0.00435,normal
15.88000,-3.28763,-1.98763,7.15773,2.56304,-3.40870,0.08261,normal
15.90000,-3.12268,-1.82268,7.26082,2.49783,-3.36522,0.16957,normal
15.92000,-2.95773,-1.65773,7.36392,2.43261,-3.32174,0.25652,normal
15.94000,-1.27558,-0.96744,5.98372,1.70000,-2.18605,1.00698,normal
15.96000,-1.20581,-0.87442,5.93721,1.70000,-2.09302,1.05349,normal
15.98000,-1.13605,-0.78140,5.89070,1.70000,-2.00000,1.10000,normal
16.00000,-1.06628,-0.68837,5.84419,1.70000,-1.90698,1.14651,normal
16.02000,-0.85000,-0.30000,5.90000,1.70000,-1.81395,1.19302,normal
16.04000,-2.27021,-0.01064,7.27021,1.29077,0.21231,1.99692,normal
16.06000,-2.22766,0.11702,7.22766,1.24462,0.27385,1.98154,normal
16.08000,-2.18511,0.24468,7.18511,1.19846,0.33538,1.96615,normal
16.10000,-2.14255,0.37234,7.14255,1.15231,0.39692,1.95077,normal
16.12000,-2.10000,0.50000,7.10000,1.10615,0.45846,1.93538,normal
16.14000,-4.05000,-0.72000,7.31000,1.06000,0.52000,1.92000,normal
16.16000,-4.30000,-0.92000,7.66000,1.01385,0.58154,1.90462,normal
16.18000,-4.51410,0.32692,8.08590,0.35000,0.95000,1.80000,normal
16.20000,-4.53974,0.55769,8.06026,0.47376,0.98014,1.67092,normal
16.22000,-4.56538,0.78846,8.03462,0.58723,0.79574,1.47234,normal
16.24000,-4.59103,1.01923,8.00897,0.70071,0.61135,1.27376,normal
16.26000,-4.61667,1.25000,7.98333,0.81418,0.42695,1.07518,normal
16.28000,-4.64231,1.48077,7.95769,0.92766,0.24255,0.87660,normal
16.30000,-4.66795,1.71154,7.93205,1.04113,0.05816,0.67801,normal
16.32000,-4.69359,1.94231,7.90641,1.15461,-0.12624,0.47943,normal
16.34000,-4.79778,-1.84889,8.95111,0.26329,-0.01266,0.49367,normal
16.36000,-4.04222,-2.47111,10.32889,0.51646,-0.06329,0.46835,normal
16.38000,-2.44000,-0.96000,11.02000,0.76962,-0.11392,0.44304,normal
16.40000,-0.89836,1.50656,11.73934,1.02278,-0.16456,0.41772,normal
16.42000,-1.06230,0.85082,11.80492,0.75000,-0.15000,0.40000,normal
16.44000,-1.22623,0.19508,11.87049,0.20000,0.00000,0.55714,normal
16.46000,-2.25385,0.56154,9.77692,-0.27143,0.17143,0.67143,normal
16.48000,-2.06923,0.40769,9.68462,-0.42388,0.20000,0.87612,normal
16.50000,-1.88462,0.25385,9.59231,-0.45373,0.20000,0.84627,normal
16.52000,-1.70000,0.10000,9.50000,-0.48358,0.20000,0.81642,normal
16.54000,-2.65281,1.71236,10.30000,0.12353,0.20000,0.98235,normal
16.56000,-2.49551,1.42022,10.30000,0.57534,0.10822,0.69178,normal
16.58000,-2.33820,1.12809,10.30000,0.49315,0.13562,0.66438,normal
16.60000,-2.18090,0.83596,10.30000,0.41096,0.16301,0.63699,normal
16.62000,-2.02360,0.54382,10.30000,0.32877,0.19041,0.60959,normal
16.64000,-1.68876,1.22247,8.63371,-0.30000,-0.01304,0.49565,normal
16.66000,-1.66629,1.26742,8.70112,-0.30000,-0.07826,0.47391,normal
16.68000,-1.64382,1.31236,8.76854,-0.30000,-0.14348,0.45217,normal
16.70000,-1.62135,1.35730,8.83596,-0.30000,-0.20870,0.43043,normal
16.72000,-1.64286,1.48571,8.87143,-0.30000,-0.27391,0.40870,normal
16.74000,-1.80957,0.51915,8.72872,0.00989,-1.10000,0.20330,normal
16.76000,-1.83085,0.56170,8.79255,0.07582,-1.10000,0.22527,normal
16.78000,-1.85213,0.60426,8.85638,0.14176,-1.10000,0.24725,normal
16.80000,-1.87340,0.64681,8.92021,0.20769,-1.10000,0.26923,normal
16.82000,-1.89468,0.68936,8.98404,0.27363,-1.10000,0.29121,normal
16.84000,-0.04545,1.02727,10.38182,0.69902,-1.10000,0.40098,normal
16.86000,0.07576,1.08788,10.34141,0.67941,-1.10000,0.42059,normal
16.88000,0.19697,1.14848,10.30101,0.65980,-1.10000,0.44020,normal
16.90000,0.31818,1.20909,10.26061,0.64020,-1.10000,0.45980,normal
16.92000,0.43939,1.26970,10.22020,0.62059,-1.10000,0.47941,normal
16.94000,0.90000,1.20000,9.90000,0.60098,-1.10000,0.49902,normal
16.96000,0.93377,1.61039,9.86623,0.49697,-1.10000,0.80303,normal
16.98000,0.85584,1.74026,9.94416,0.46667,-1.10000,0.83333,normal
17.00000,0.77792,1.87013,10.02208,0.43636,-1.10000,0.86364,normal
17.02000,0.70000,2.00000,10.10000,0.40606,-1.10000,0.89394,normal
17.04000,1.57065,1.84239,9.71522,0.18065,-0.81290,0.60645,normal
17.06000,1.67935,1.90761,9.58478,0.11613,-0.85591,0.62796,normal
17.08000,1.78804,1.97283,9.45435,0.05161,-0.89892,0.64946,normal
17.10000,1.89674,2.03804,9.32391,-0.01290,-0.94194,0.67097,normal
17.12000,2.20000,1.80000,9.10000,-0.07742,-0.98495,0.69247,normal
17.14000,3.46966,-1.09101,9.43820,-0.20000,-0.50000,0.61935,normal
17.16000,3.40225,-1.29326,9.07865,-0.20000,-0.50000,0.68387,normal
17.18000,3.33483,-1.49551,8.71910,-0.20000,-0.50000,0.74839,normal
17.20000,3.26742,-1.69775,8.35955,-0.20000,-0.50000,0.81290,normal
17.22000,3.20000,-1.90000,8.00000,-0.20000,-0.50000,0.87742,normal
17.24000,2.49178,2.43288,10.38219,0.86000,0.36706,0.00824,normal
17.26000,2.87534,2.89863,10.54658,0.46000,0.27294,0.03176,normal
17.28000,3.25890,3.36438,10.71096,0.06000,0.17882,0.05529,normal
17.30000,3.64247,3.83014,10.87534,-0.34000,0.08471,0.07882,normal
17.32000,3.00000,0.35000,7.30000,-0.72353,0.12941,0.05294,normal
17.34000,3.60000,0.40104,6.67396,0.19157,0.89759,-0.30602,normal
17.36000,3.60000,0.29688,7.27812,0.02289,0.84940,-0.42651,normal
17.38000,3.60000,0.19271,7.88229,-0.14578,0.80120,-0.54699,normal
17.40000,3.60000,0.08854,8.48646,-0.31446,0.75301,-0.66747,normal
17.42000,2.00000,1.50000,10.00000,-0.48313,0.70482,-0.78795,normal
17.44000,2.11818,-0.45455,8.46364,-1.96061,1.11313,-1.80000,normal
17.46000,1.91616,-0.73737,8.20101,-1.90000,1.13333,-1.80000,normal
17.48000,1.71414,-1.02020,7.93838,-1.83939,1.15354,-1.80000,normal
17.50000,1.51212,-1.30303,7.67576,-1.77879,1.17374,-1.80000,normal
17.52000,1.31010,-1.58586,7.41313,-1.71818,1.19394,-1.80000,normal
17.54000,1.21000,0.91222,8.27556,-0.70208,0.30000,-1.19896,normal
17.56000,1.41000,0.93444,8.23111,-0.74375,0.30000,-1.17813,normal
17.58000,1.61000,0.95667,8.18667,-0.78542,0.30000,-1.15729,normal
17.60000,1.81000,0.97889,8.14222,-0.82708,0.30000,-1.13646,normal
17.62000,2.20000,0.45000,8.60000,-0.86875,0.30000,-1.11563,normal
17.64000,0.61136,-0.90909,9.59091,-0.40000,0.40000,-0.90000,normal
17.66000,0.63409,-0.72727,9.77273,0.00000,0.05500,-0.85500,normal
17.68000,0.65682,-0.54545,9.95455,0.00000,0.00500,-0.80500,normal
17.70000,0.67955,-0.36364,10.13636,0.00000,-0.04500,-0.75500,normal
17.72000,0.50000,-2.00000,11.40000,0.00000,-0.09500,-0.70500,normal
17.74000,1.60000,-0.89062,9.29062,-0.50808,-0.49192,-1.00000,normal
17.76000,1.60000,-0.74479,9.14479,-0.52828,-0.47172,-1.00000,normal
17.78000,1.60000,-0.59896,8.99896,-0.54848,-0.45152,-1.00000,normal
17.80000,1.60000,-0.45313,8.85313,-0.56869,-0.43131,-1.00000,normal
17.82000,1.60000,-0.30729,8.70729,-0.58889,-0.41111,-1.00000,normal
17.84000,2.22921,-1.23258,9.98989,-0.08941,0.91059,-0.59294,normal
17.86000,1.48764,-1.09775,10.16966,-0.01882,0.98118,-0.54588,normal
17.88000,0.74607,-0.96292,10.34944,0.05176,1.05176,-0.49882,normal
17.90000,0.00449,-0.82809,10.52921,0.12235,1.12235,-0.45176,normal
17.92000,-1.00000,0.45000,9.95000,0.19294,1.19294,-0.40471,normal
17.94000,-2.86000,-0.12632,11.72947,0.20556,1.50000,0.51111,normal
17.96000,-3.66000,-0.02105,11.77158,0.22407,1.50000,0.54815,normal
17.98000,-4.46000,0.08421,11.81368,0.24259,1.50000,0.58519,normal
18.00000,-5.26000,0.18947,11.85579,0.26111,1.50000,0.62222,normal
18.02000,-6.06000,0.29474,11.89789,0.27963,1.50000,0.65926,normal
18.04000,-6.01250,-0.95625,11.65000,0.29815,1.50000,0.69630,normal
18.06000,-5.33514,-1.19865,11.23784,-0.90000,1.08857,0.39429,normal
18.08000,-4.84865,-1.06351,11.02162,-0.90000,1.03143,0.36571,normal
18.10000,-4.36216,-0.92838,10.80541,-0.90000,0.97429,0.33714,normal
18.12000,-3.65000,-1.35000,9.80000,-0.90000,0.91714,0.30857,normal
18.14000,-3.89000,1.65667,8.51222,0.49432,0.07727,0.62841,normal
18.16000,-3.69000,2.12333,8.53444,0.47159,-0.01364,0.74205,normal
18.18000,-3.49000,2.59000,8.55667,0.44886,-0.10455,0.85568,normal
18.20000,-3.29000,3.05667,8.57889,0.42614,-0.19545,0.96932,normal
18.22000,-3.55000,1.50000,8.70000,0.40341,-0.28636,1.08295,normal
18.24000,-3.68571,4.18571,12.41429,2.04194,-0.60968,0.30000,normal
18.26000,-3.52245,3.45102,12.29184,1.65484,-0.67419,0.30000,normal
18.28000,-3.35918,2.71633,12.16939,1.26774,-0.73871,0.30000,normal
18.30000,-3.19592,1.98163,12.04694,0.88065,-0.80323,0.30000,normal
18.32000,-3.03265,1.24694,11.92449,0.49355,-0.86774,0.30000,normal
18.34000,-0.87558,0.01628,9.07791,0.00000,-0.20000,0.20000,normal
18.36000,-0.80581,0.06279,8.72907,-0.40761,-0.53696,0.38152,normal
18.38000,-0.73605,0.10930,8.38023,-0.29891,-0.58043,0.35978,normal
18.40000,-0.66628,0.15581,8.03140,-0.19022,-0.62391,0.33804,normal
18.42000,-0.95000,0.45000,7.50000,-0.08152,-0.66739,0.31630,normal
18.44000,-0.69000,1.49625,10.79625,1.30000,-1.00000,0.40000,normal
18.46000,-0.49000,1.42125,10.72125,0.94706,-1.10000,0.21765,normal
18.48000,-0.29000,1.34625,10.64625,0.77059,-1.10000,0.27647,normal
18.50000,-0.09000,1.27125,10.57125,0.59412,-1.10000,0.33529,normal
18.52000,0.50000,1.70000,9.70000,0.41765,-1.10000,0.39412,normal
18.54000,1.19375,0.70938,10.33125,0.00000,-1.20000,0.40000,normal
18.56000,1.31875,0.85521,10.37292,0.22125,-1.15750,0.52125,normal
18.58000,1.44375,1.00104,10.41458,0.24625,-1.10750,0.54625,normal
18.60000,1.56875,1.14688,10.45625,0.27125,-1.05750,0.57125,normal
18.62000,1.69375,1.29271,10.49792,0.29625,-1.00750,0.59625,normal
18.64000,1.67527,0.70538,8.07527,-0.21515,-0.70000,0.72424,normal
18.66000,1.78280,0.85591,8.18280,-0.07374,-0.70000,0.76465,normal
18.68000,1.89032,1.00645,8.29032,0.06768,-0.70000,0.80505,normal
18.70000,1.99785,1.15699,8.39785,0.20909,-0.70000,0.84545,normal
18.72000,2.50000,2.20000,9.80000,0.35051,-0.70000,0.88586,normal
18.74000,2.20112,2.58764,8.80112,0.08571,0.49286,0.80714,normal
18.76000,2.40337,2.36292,9.00337,0.04490,0.47245,0.82755,normal
18.78000,2.60562,2.13820,9.20562,0.00408,0.45204,0.84796,normal
18.80000,2.80787,1.91348,9.40787,-0.03673,0.43163,0.86837,normal
18.82000,2.40000,1.65000,9.30000,-0.07755,0.41122,0.88878,normal
18.84000,1.20000,2.06471,9.12941,0.16667,0.70000,0.93333,normal
18.86000,1.20000,1.94706,8.89412,0.21948,0.40000,1.00000,normal
18.88000,1.20000,1.82941,8.65882,0.24545,0.40000,1.00000,normal
18.90000,1.20000,1.71176,8.42353,0.27143,0.40000,1.00000,normal
18.92000,0.70000,1.40000,8.30000,0.29740,0.40000,1.00000,normal
18.94000,1.53617,2.20000,9.57234,0.61277,-0.81277,1.00000,normal
18.96000,1.45106,2.20000,9.40213,0.63404,-0.83404,1.00000,normal
18.98000,1.36596,2.20000,9.23191,0.65532,-0.85532,1.00000,normal
19.00000,1.28085,2.20000,9.06170,0.67660,-0.87660,1.00000,normal
19.02000,1.60000,2.10000,9.10000,0.69787,-0.89787,1.00000,normal
19.04000,3.56809,3.27553,9.14043,0.31183,-1.86452,1.16452,normal
19.06000,3.52553,3.50957,8.92766,0.33333,-1.80000,1.10000,normal
19.08000,3.48298,3.74362,8.71489,0.35484,-1.73548,1.03548,normal
19.10000,3.44043,3.97766,8.50213,0.37634,-1.67097,0.97097,normal
19.12000,4.40000,1.60000,7.60000,0.39785,-1.60645,0.90645,normal
19.14000,5.82021,2.19149,8.71596,0.69449,-1.68346,0.80000,normal
19.16000,5.71383,2.44681,8.73723,0.67874,-1.63622,0.80000,normal
19.18000,5.60745,2.70213,8.75851,0.66299,-1.58898,0.80000,normal
19.20000,5.50106,2.95745,8.77979,0.64724,-1.54173,0.80000,normal
19.22000,5.75000,2.70000,8.35000,0.63150,-1.49449,0.80000,normal
19.24000,4.74545,3.05455,7.47273,0.61575,-1.44724,0.80000,normal
19.26000,7.30556,2.71111,7.75556,0.60000,-1.40000,0.80000,normal
19.28000,7.32778,2.35556,7.97778,0.22000,-0.62000,0.32000,normal
19.30000,7.35000,2.00000,8.20000,0.14928,-0.37681,0.22464,normal
19.32000,7.37222,1.64444,8.42222,0.20725,-0.23188,0.25362,normal
19.34000,7.39444,1.28889,8.64444,0.26522,-0.08696,0.28261,normal
19.36000,5.28413,1.66349,7.80000,0.80000,1.10000,0.50000,normal
19.38000,5.22063,1.91746,7.80000,0.96333,1.13167,0.50000,normal
19.40000,5.15714,2.17143,7.80000,1.03000,1.16500,0.50000,normal
19.42000,4.35000,1.05000,8.15000,1.09667,1.19833,0.50000,normal
19.44000,-0.15053,-5.16000,10.35474,2.10426,1.97447,1.91277,normal
19.46000,-0.21368,-6.36000,10.92316,2.44468,1.93191,1.93404,normal
19.48000,-0.27684,-7.56000,11.49158,2.78511,1.88936,1.95532,normal
19.50000,-0.34000,-8.76000,12.06000,3.12553,1.84681,1.97660,normal
19.52000,1.30000,-8.80000,7.60000,3.46596,1.80426,1.99787,normal
19.54000,3.48898,2.44915,5.55847,-1.34094,-1.80315,-1.19370,normal
19.56000,3.60763,2.38136,5.23644,-1.54567,-1.81890,-1.16220,normal
19.58000,3.72627,2.31356,4.91441,-1.75039,-1.83465,-1.13071,normal
19.60000,3.84492,2.24576,4.59237,-1.95512,-1.85039,-1.09921,normal
19.62000,3.96356,2.17797,4.27034,-2.15984,-1.86614,-1.06772,normal
19.64000,4.08220,2.11017,3.94831,-2.36457,-1.88189,-1.03622,normal
19.66000,6.46000,1.78000,4.06000,-2.56929,-1.89764,-1.00472,normal
19.68000,6.57778,3.14444,4.94444,-3.30426,-0.40000,-1.30000,normal
19.70000,6.68889,2.92222,4.72222,-3.34681,-0.40000,-1.30000,normal
19.72000,6.80000,2.70000,4.50000,-3.38936,-0.40000,-1.30000,normal
19.74000,7.09451,2.56593,7.76593,-2.96235,0.31882,-1.10000,normal
19.76000,6.91868,2.67582,7.87582,-2.77412,0.41294,-1.10000,normal
19.78000,6.74286,2.78571,7.98571,-2.58588,0.50706,-1.10000,normal
19.80000,6.56703,2.89560,8.09560,-2.39765,0.60118,-1.10000,normal
19.82000,5.45000,3.50000,8.70000,-2.20941,0.69529,-1.10000,normal
19.84000,6.61702,2.04681,13.12340,1.42963,-0.72593,0.32963,normal
19.86000,6.63830,2.85532,13.52766,1.61481,-0.76296,0.51481,normal
19.88000,6.65957,3.66383,13.93191,1.80000,-0.80000,0.70000,normal
19.90000,6.68085,4.47234,14.33617,1.98519,-0.83704,0.88519,normal
19.92000,8.30000,9.50000,15.60000,2.17037,-0.87407,1.07037,normal
19.94000,4.12472,6.44494,10.57865,1.30000,0.60000,2.50000,normal
19.96000,4.16966,5.25393,9.99438,1.83200,1.51867,3.03867,normal
19.98000,4.21461,4.06292,9.41011,1.59200,1.54533,2.66533,normal
20.00000,4.25955,2.87191,8.82584,1.35200,1.57200,2.29200,normal
20.02000,2.80000,0.80000,7.20000,1.11200,1.59867,1.91867,normal
20.04000,1.76452,4.18387,9.12258,0.87802,2.27802,0.59121,normal
20.06000,1.85054,4.16237,8.88602,0.76813,2.16813,0.54725,normal
20.08000,1.93656,4.14086,8.64946,0.65824,2.05824,0.50330,normal
20.10000,2.02258,4.11935,8.41290,0.54835,1.94835,0.45934,normal
20.12000,1.70000,0.90000,8.30000,0.43846,1.83846,0.41538,normal
20.14000,2.87701,2.92299,8.87701,0.97333,1.10000,1.10667,normal
20.16000,2.83103,2.96897,8.83103,0.88444,1.10000,1.12889,normal
20.18000,2.78506,3.01494,8.78506,0.79556,1.10000,1.15111,normal
20.20000,2.73908,3.06092,8.73908,0.70667,1.10000,1.17333,normal
20.22000,2.20000,1.20000,8.60000,0.61778,1.10000,1.19556,normal
20.24000,2.30000,1.90968,8.75591,1.01068,0.98932,1.41068,normal
20.26000,2.30000,2.23226,8.84194,1.03010,0.96990,1.43010,normal
20.28000,2.30000,2.55484,8.92796,1.04951,0.95049,1.44951,normal
20.30000,2.30000,2.87742,9.01398,1.06893,0.93107,1.46893,normal
20.32000,2.30000,3.20000,9.10000,1.08835,0.91165,1.48835,normal
20.34000,3.33723,3.57553,9.20000,0.80000,0.95000,1.55000,normal
20.36000,2.93298,3.38404,9.20000,0.33810,0.79524,1.41905,normal
20.38000,2.52872,3.19255,9.20000,0.38571,0.91429,1.44286,normal
20.40000,2.12447,3.00106,9.20000,0.43333,1.03333,1.46667,normal
20.42000,1.72021,2.80957,9.20000,0.48095,1.15238,1.49048,normal
20.44000,1.38966,9.40690,8.87586,0.75862,1.11379,1.58621,normal
20.46000,1.36667,7.86667,8.60000,0.48276,1.20575,1.49425,normal
20.48000,1.34368,6.32644,8.32414,0.20690,1.29770,1.40230,normal
20.50000,1.32069,4.78621,8.04828,-0.06897,1.38966,1.31034,normal
20.52000,-0.65000,4.05000,9.05000,-0.34483,1.48161,1.21839,normal
20.54000,0.44333,8.19222,9.28444,0.95714,0.90000,0.80000,normal
20.56000,0.51000,7.10333,9.10667,0.67143,0.90000,0.80000,normal
20.58000,0.57667,6.01444,8.92889,0.38571,0.90000,0.80000,normal
20.60000,0.64333,4.92556,8.75111,0.10000,0.90000,0.80000,normal
20.62000,-0.15000,2.85000,8.60000,-0.18571,0.90000,0.80000,normal
20.64000,-0.00213,3.98085,8.86809,0.31111,1.01111,0.60000,normal
20.66000,-0.12979,3.83191,8.95319,0.32963,1.02963,0.60000,normal
20.68000,-0.25745,3.68298,9.03830,0.34815,1.04815,0.60000,normal
20.70000,-0.38511,3.53404,9.12340,0.36667,1.06667,0.60000,normal
20.72000,-0.65000,4.80000,8.95000,0.38519,1.08519,0.60000,normal
20.74000,-0.89390,3.12317,8.68537,0.30000,0.80000,0.50000,normal
20.76000,-0.77195,3.58659,8.39268,0.62169,0.90000,0.60000,normal
20.78000,-0.65000,4.05000,8.10000,0.66988,0.90000,0.60000,normal
20.80000,-0.52805,4.51341,7.80732,0.71807,0.90000,0.60000,normal
20.82000,-0.40610,4.97683,7.51463,0.76627,0.90000,0.60000,normal
20.84000,-1.33571,7.27143,8.52857,0.80000,0.75000,0.55000,normal
20.86000,-1.78810,7.17619,8.29048,0.91905,0.83214,0.50000,normal
20.88000,-2.24048,7.08095,8.05238,0.72857,0.76071,0.50000,normal
20.90000,-2.69286,6.98571,7.81429,0.53810,0.68929,0.50000,normal
20.92000,-0.70000,2.45000,9.80000,0.34762,0.61786,0.50000,normal
20.94000,-2.60899,9.22697,8.07865,0.47143,0.19643,0.89643,normal
20.96000,-1.95730,7.27191,7.87640,0.28095,0.17262,0.87262,normal
20.98000,-1.30562,5.31685,7.67416,0.09048,0.14881,0.84881,normal
21.00000,-0.65393,3.36180,7.47191,-0.10000,0.12500,0.82500,normal
21.02000,-1.20000,1.80000,9.80000,-0.29048,0.10119,0.80119,normal
21.04000,-3.51667,-6.06667,8.00000,0.17358,-0.07264,1.67358,normal
21.06000,-3.28750,-5.77500,7.25000,0.09811,-0.28019,1.59811,normal
21.08000,-3.05833,-5.48333,6.50000,0.02264,-0.48774,1.52264,normal
21.10000,-2.82917,-5.19167,5.75000,-0.05283,-0.69528,1.44717,normal
21.12000,-2.60000,-4.90000,5.00000,-0.12830,-0.90283,1.37170,normal
21.14000,2.20000,2.00000,4.30000,0.50000,-2.10000,0.60000,normal
21.16000,2.47403,2.34935,4.59740,-1.33077,-1.98769,-1.41846,normal
21.18000,2.55195,2.40130,4.80519,-1.48462,-1.92615,-1.51077,normal
21.20000,2.62987,2.45325,5.01299,-1.63846,-1.86462,-1.60308,normal
21.22000,3.40000,2.35000,6.80000,-1.79231,-1.80308,-1.69538,normal
21.24000,4.50000,5.94468,8.60213,-2.84545,-0.73636,-1.69091,normal
21.26000,4.50000,5.62553,8.72979,-2.94646,-0.59495,-1.67071,normal
21.28000,4.50000,5.30638,8.85745,-3.04747,-0.45354,-1.65051,normal
21.30000,4.50000,4.98723,8.98511,-3.14848,-0.31212,-1.63030,normal
21.32000,4.65000,3.10000,10.90000,-3.24949,-0.17071,-1.61010,normal
21.34000,-3.36484,6.30549,10.76154,-1.89111,2.56444,-0.32222,normal
21.36000,-3.27692,6.56923,10.91538,-1.84667,2.38667,-0.43333,normal
21.38000,-3.18901,6.83297,11.06923,-1.80222,2.20889,-0.54444,normal
21.40000,-3.10110,7.09670,11.22308,-1.75778,2.03111,-0.65556,normal
21.42000,-3.01319,7.36044,11.37692,-1.71333,1.85333,-0.76667,normal
21.44000,-0.62299,3.39310,11.33448,-0.60625,0.73125,-0.38750,normal
21.46000,-0.66897,2.97931,11.40345,-0.62411,0.82054,-0.35179,normal
21.48000,-0.71494,2.56552,11.47241,-0.64196,0.90982,-0.31607,normal
21.50000,-0.76092,2.15172,11.54138,-0.65982,0.99911,-0.28036,normal
21.52000,-1.58000,1.65000,10.97000,-0.67768,1.08839,-0.24464,normal
21.54000,-2.66875,1.86875,8.52500,-0.69554,1.17768,-0.20893,normal
21.56000,-1.65000,0.22571,8.74143,-1.00000,0.78750,-0.10000,normal
21.58000,-2.65000,0.11143,9.11286,-0.88387,0.95806,0.19677,normal
21.60000,-3.65000,-0.00286,9.48429,-0.69032,1.05484,0.35806,normal
21.62000,-5.90000,0.40000,9.10000,-0.49677,1.15161,0.51935,normal
21.64000,-7.25517,2.68161,11.65517,0.30000,-0.40000,1.00000,normal
21.66000,-7.39310,2.63563,11.79310,0.62222,-1.24444,1.56667,normal
21.68000,-7.53103,2.58966,11.93103,0.64691,-1.29383,1.64074,normal
21.70000,-7.66897,2.54368,12.06897,0.67160,-1.34321,1.71481,normal
21.72000,-7.30000,3.80000,12.40000,0.69630,-1.39259,1.78889,normal
21.74000,-2.72632,2.75789,10.54211,1.69302,-2.19767,0.79767,normal
21.76000,-2.09474,2.96842,10.73158,1.62326,-2.17442,0.77442,normal
21.78000,-1.46316,3.17895,10.92105,1.55349,-2.15116,0.75116,normal
21.80000,-0.83158,3.38947,11.11053,1.48372,-2.12791,0.72791,normal
21.82000,-0.20000,3.60000,11.30000,1.41395,-2.10465,0.70465,normal
21.84000,0.98632,2.69474,11.42211,0.47500,-0.97500,0.40833,normal
21.86000,0.96526,2.37895,11.14842,0.41944,-0.91944,0.42685,normal
21.88000,0.94421,2.06316,10.87474,0.36389,-0.86389,0.44537,normal
21.90000,0.92316,1.74737,10.60105,0.30833,-0.80833,0.46389,normal
21.92000,0.90211,1.43158,10.32737,0.25278,-0.75278,0.48241,normal
21.94000,1.10000,2.33333,9.90000,0.25000,-0.60000,0.50000,normal
21.96000,1.27500,2.40000,9.55000,0.10000,-0.10000,0.50000,normal
21.98000,1.24868,2.18947,9.60263,0.00000,0.13167,0.43167,normal
22.00000,1.22237,1.97895,9.65526,0.00000,0.16500,0.46500,normal
22.02000,0.95000,2.20000,9.75000,0.00000,0.19833,0.49833,normal
22.04000,0.51720,2.36559,9.50000,0.10000,0.60000,0.39082,normal
22.06000,0.53871,2.32258,9.50000,0.10000,0.60000,0.37041,normal
22.08000,0.56022,2.27957,9.50000,0.10000,0.60000,0.35000,normal
22.10000,0.58172,2.23656,9.50000,0.10000,0.60000,0.32959,normal
22.12000,0.25000,2.10000,9.40000,0.10000,0.60000,0.30918,normal
22.14000,0.10930,1.78140,9.12791,0.10118,0.29882,0.40118,normal
22.16000,0.13256,1.73488,9.19767,0.12471,0.27529,0.42471,normal
22.18000,0.15581,1.68837,9.26744,0.14824,0.25176,0.44824,normal
22.20000,0.17907,1.64186,9.33721,0.17176,0.22824,0.47176,normal
22.22000,0.20000,2.30000,9.40000,0.19529,0.20471,0.49529,normal
22.24000,0.38387,2.53226,9.85484,0.19192,-0.10808,0.40000,normal
22.26000,0.36237,2.57527,9.66129,0.17172,-0.12828,0.40000,normal
22.28000,0.34086,2.61828,9.46774,0.15152,-0.14848,0.40000,normal
22.30000,0.31935,2.66129,9.27419,0.13131,-0.16869,0.40000,normal
22.32000,0.24545,2.68182,8.93636,0.11111,-0.18889,0.40000,normal
22.34000,0.69286,2.00000,9.41429,0.14286,-0.20000,0.37857,normal
22.36000,0.66905,2.00000,9.46190,0.23810,-0.20000,0.33095,normal
22.38000,0.64524,2.00000,9.50952,0.11731,-0.40000,0.00577,normal
22.40000,0.62143,2.00000,9.55714,0.23269,-0.40000,0.04423,normal
22.42000,0.60000,2.50000,8.90000,0.34808,-0.40000,0.08269,normal
22.44000,1.30000,2.43765,9.30588,0.20000,-0.90556,0.90556,normal
22.46000,1.30000,2.53176,9.07059,0.20000,-0.92778,0.92778,normal
22.48000,1.30000,2.62588,8.83529,0.20000,-0.95000,0.95000,normal
22.50000,1.30000,2.72000,8.60000,0.20000,-0.97222,0.97222,normal
22.52000,2.05000,2.70000,9.50000,0.20000,-0.99444,0.99444,normal
22.54000,2.27640,1.42472,8.85281,-0.39792,-0.59063,1.09479,normal
22.56000,2.05169,1.46966,8.40337,-0.35625,-0.40313,0.99063,normal
22.58000,1.82697,1.51461,7.95393,-0.31458,-0.21562,0.88646,normal
22.60000,1.60225,1.55955,7.50449,-0.27292,-0.02813,0.78229,normal
22.62000,3.60000,-4.80000,9.70000,-0.23125,0.15937,0.67813,normal
22.64000,3.77701,-2.27471,11.18966,0.87143,0.42857,0.92857,normal
22.66000,3.73103,-3.42414,10.56897,0.08108,0.75135,1.19459,normal
22.68000,3.68506,-4.57356,9.94828,0.05405,0.96757,1.32973,normal
22.70000,3.63908,-5.72299,9.32759,0.02703,1.18378,1.46486,normal
22.72000,1.80000,-0.10000,7.70000,0.00000,1.40000,1.60000,normal
22.74000,3.87143,0.88571,7.78571,1.10410,-0.05738,0.84672,normal
22.76000,3.60252,0.98655,7.53361,0.95656,0.00820,0.76475,normal
22.78000,3.33361,1.08739,7.28151,0.80902,0.07377,0.68279,normal
22.80000,3.06471,1.18824,7.02941,0.66148,0.13934,0.60082,normal
22.82000,2.79580,1.28908,6.77731,0.51393,0.20492,0.51885,normal
22.84000,2.52689,1.38992,6.52521,0.36639,0.27049,0.43689,normal
22.86000,1.70000,-0.06522,5.84638,-1.10149,0.30448,-1.90597,normal
22.88000,1.70000,0.02174,5.96232,-1.13134,0.39403,-2.02537,normal
22.90000,1.70000,0.10870,6.07826,-1.16119,0.48358,-2.14478,normal
22.92000,1.70000,0.19565,6.19420,-1.19104,0.57313,-2.26418,normal
22.94000,-0.55294,0.60588,9.34118,-0.50000,0.20000,-2.00000,normal
22.96000,-0.45882,0.81765,9.62353,-0.30000,-0.12000,-1.90000,normal
22.98000,-0.36471,1.02941,9.90588,-0.18889,-0.25333,-1.90000,normal
23.00000,-0.27059,1.24118,10.18824,-0.07778,-0.38667,-1.90000,normal
23.02000,3.22500,5.30000,10.05000,0.03333,-0.52000,-1.90000,normal
23.04000,5.95732,0.95366,6.85122,-1.50000,-1.66667,-1.55556,normal
23.06000,5.78659,0.36829,6.65610,-3.03425,-1.24247,-1.49178,normal
23.08000,5.61585,-0.21707,6.46098,-2.81507,-1.05068,-1.46438,normal
23.10000,5.44512,-0.80244,6.26585,-2.59589,-0.85890,-1.43699,normal
23.12000,0.70000,-1.30000,12.70000,-2.37671,-0.66712,-1.40959,normal
23.14000,0.51494,1.91494,10.38506,-0.90690,0.12069,-1.40000,normal
23.16000,0.74483,2.14483,10.15517,-0.92989,0.18966,-1.40000,normal
23.18000,0.97471,2.37471,9.92529,-0.95287,0.25862,-1.40000,normal
23.20000,1.20460,2.60460,9.69540,-0.97586,0.32759,-1.40000,normal
23.22000,-1.50000,1.80000,13.10000,-0.99885,0.39655,-1.40000,normal
23.24000,-5.15914,5.87204,12.10108,0.60000,1.68030,-0.47045,normal
23.26000,-4.85806,6.08710,11.47742,0.60000,1.65000,-0.42500,normal
23.28000,-4.55699,6.30215,10.85376,0.60000,1.61970,-0.37955,normal
23.30000,-4.25591,6.51720,10.23011,0.60000,1.58939,-0.33409,normal
23.32000,-3.77500,5.12500,10.52500,0.60000,1.55909,-0.28864,normal
23.34000,-6.48000,4.06000,10.68000,0.60000,1.52879,-0.24318,normal
23.36000,-6.59429,4.28857,9.65143,1.00000,1.45000,-0.20000,normal
23.38000,-6.03934,4.70492,9.16393,1.65077,0.63846,0.38769,normal
23.40000,-5.44918,5.13115,8.70492,1.52769,0.48462,0.35692,normal
23.42000,-4.85902,5.55738,8.24590,1.40462,0.33077,0.32615,normal
23.44000,-3.00000,8.50000,7.70000,0.90000,0.30000,0.10000,normal
23.46000,-2.76923,7.03846,8.49487,0.96250,-0.70000,0.76250,normal
23.48000,-2.53846,5.57692,9.28974,0.65694,-0.70000,0.67917,normal
23.50000,-2.30769,4.11538,10.08462,0.35139,-0.70000,0.59583,normal
23.52000,-3.00000,-2.60000,16.70000,0.04583,-0.70000,0.51250,normal
23.54000,1.33723,5.70426,10.82128,-0.13187,-0.75604,1.11099,normal
23.56000,1.14574,4.76809,10.14043,-0.39560,-0.66813,1.13297,normal
23.58000,0.95426,3.83191,9.45957,-0.65934,-0.58022,1.15495,normal
23.60000,0.76277,2.89574,8.77872,-0.92308,-0.49231,1.17692,normal
23.62000,-1.40000,1.30000,8.90000,-1.18681,-0.40440,1.19890,normal
23.64000,0.56882,3.69140,8.69677,-0.40978,-0.90000,1.50652,normal
23.66000,0.65484,2.68065,8.56774,-0.47500,-0.90000,1.55000,normal
23.68000,0.74086,1.66989,8.43871,-0.54022,-0.90000,1.59348,normal
23.70000,0.82688,0.65914,8.30968,-0.60543,-0.90000,1.63696,normal
23.72000,0.60000,2.96667,8.06667,-0.67065,-0.90000,1.68043,normal
23.74000,2.47303,2.93596,10.02809,1.11942,-0.48058,1.59612,normal
23.76000,2.40562,3.02584,9.84831,1.21650,-0.38350,1.57670,normal
23.78000,2.33820,3.11573,9.66854,1.31359,-0.28641,1.55728,normal
23.80000,2.27079,3.20562,9.48876,1.41068,-0.18932,1.53786,normal
23.82000,2.20337,3.29551,9.30899,1.50777,-0.09223,1.51845,normal
23.84000,1.75000,5.83000,8.37000,1.60000,0.10000,1.45000,normal
23.86000,2.86000,5.48800,9.18000,1.08824,1.22353,0.81176,normal
23.88000,2.59333,5.14133,9.04667,1.02941,1.34118,0.87059,normal
23.90000,2.32667,4.79467,8.91333,0.97059,1.45882,0.92941,normal
23.92000,0.94000,5.04000,8.90000,0.91176,1.57647,0.98824,normal
23.94000,0.45667,4.50111,8.07000,0.18043,1.48043,0.79348,normal
23.96000,0.39000,4.65667,7.87000,0.11522,1.41522,0.77174,normal
23.98000,0.32333,4.81222,7.67000,0.05000,1.35000,0.75000,normal
24.00000,0.25667,4.96778,7.47000,-0.01522,1.28478,0.72826,normal
24.02000,-0.50000,4.20000,8.30000,-0.08043,1.21957,0.70652,normal
24.04000,0.07500,4.18750,7.31250,-0.03333,0.99000,0.91000,normal
24.06000,-0.51591,3.80114,8.06250,-0.25556,0.92333,0.97667,normal
24.08000,-1.10682,3.41477,8.81250,-0.47778,0.85667,1.04333,normal
24.10000,-1.69773,3.02841,9.56250,-0.70000,0.79000,1.11000,normal
24.12000,2.13333,5.33333,8.63333,-0.92222,0.72333,1.17667,normal
24.14000,-0.08427,7.28989,10.09438,-0.99796,0.62857,1.42449,normal
24.16000,0.27528,4.77303,10.25169,-0.48776,0.77143,1.54694,normal
24.18000,0.63483,2.25618,10.40899,0.02245,0.91429,1.66939,normal
24.20000,0.99438,-0.26067,10.56629,0.53265,1.05714,1.79184,normal
24.22000,-2.21111,4.82222,10.10000,1.04286,1.20000,1.91429,normal
24.24000,-0.80270,0.43514,8.22432,1.40000,1.10000,2.40000,normal
24.26000,-0.15405,0.00270,8.38649,-0.14286,1.37714,3.33143,normal
24.28000,0.49459,-0.42973,8.54865,-0.04762,1.33905,3.21714,normal
24.30000,1.14324,-0.86216,8.71081,0.04762,1.30095,3.10286,normal
24.32000,1.79189,-1.29459,8.87297,0.14286,1.26286,2.98857,normal
24.34000,2.44054,-1.72703,9.03514,0.23810,1.22476,2.87429,normal
24.36000,3.69180,3.46885,10.21803,-0.55000,-0.15000,3.65000,normal
24.38000,4.15082,2.81311,10.80820,-1.27778,-0.12222,4.15185,normal
24.40000,4.60984,2.15738,11.39836,-1.38889,-0.01111,4.22593,normal
24.42000,6.40000,-2.70000,8.80000,-1.50000,0.10000,4.30000,normal
24.44000,5.91809,2.69043,7.33830,-2.33218,0.92414,2.04368,normal
24.46000,5.93936,2.79681,6.91277,-2.42414,0.99310,1.88276,normal
24.48000,5.96064,2.90319,6.48723,-2.51609,1.06207,1.72184,normal
24.50000,5.98191,3.00957,6.06170,-2.60805,1.13103,1.56092,normal
24.52000,3.40000,-0.10000,12.10000,-2.70000,1.20000,1.40000,normal
24.54000,0.77527,1.01720,12.42581,-3.17129,3.07624,0.40594,normal
24.56000,1.11935,1.03871,11.45806,-3.40891,2.99703,0.42574,normal
24.58000,1.46344,1.06022,10.49032,-3.64653,2.91782,0.44554,normal
24.60000,1.80753,1.08172,9.52258,-3.88416,2.83861,0.46535,normal
24.62000,0.79286,1.67857,9.36429,-4.12178,2.75941,0.48515,normal
24.64000,1.42785,-3.17595,8.69494,-4.47500,2.47500,0.50000,normal
24.66000,1.70633,-3.93544,8.64430,-0.80000,-0.40000,-1.10000,normal
24.68000,1.98481,-4.69494,8.59367,-0.67879,-0.36970,-1.06970,normal
24.70000,2.26329,-5.45443,8.54304,-0.55758,-0.33939,-1.03939,normal
24.72000,1.18571,-3.34286,8.75714,-0.43636,-0.30909,-1.00909,normal
24.74000,1.66374,-3.66374,7.47582,0.90645,0.40645,-1.30323,normal
24.76000,1.59780,-3.59780,7.43187,0.94946,0.44946,-1.32473,normal
24.78000,1.53187,-3.53187,7.38791,0.99247,0.49247,-1.34624,normal
24.80000,1.46593,-3.46593,7.34396,1.03548,0.53548,-1.36774,normal
24.82000,1.40000,-3.40000,7.30000,1.07849,0.57849,-1.38925,normal
24.84000,0.92951,-0.98197,8.15574,1.39375,0.70000,-1.30000,normal
24.86000,0.99508,-0.71967,8.05738,1.26875,0.70000,-1.30000,normal
24.88000,1.06066,-0.45738,7.95902,1.14375,0.70000,-1.30000,normal
24.90000,1.29829,3.58974,8.09658,1.01875,0.70000,-1.30000,normal
24.92000,1.28120,3.48718,8.06239,-0.41942,0.70000,-0.86602,normal
24.94000,1.26410,3.38462,8.02821,-0.49709,0.70000,-0.73010,normal
24.96000,1.24701,3.28205,7.99402,-0.57476,0.70000,-0.59417,normal
24.98000,1.22991,3.17949,7.95983,-0.65243,0.70000,-0.45825,normal
25.00000,1.21282,3.07692,7.92564,-0.73010,0.70000,-0.32233,normal
25.02000,-3.41616,1.07677,10.09091,-0.10000,0.90000,0.30000,normal
25.04000,-3.73939,0.61212,9.90909,0.20000,1.11714,0.60000,normal
25.06000,-4.06263,0.14747,9.72727,0.20000,1.13619,0.60000,normal
25.08000,-4.38586,-0.31717,9.54545,0.20000,1.15524,0.60000,normal
25.10000,-4.70909,-0.78182,9.36364,0.20000,1.17429,0.60000,normal
25.12000,-5.00000,-1.30000,7.30000,0.20000,1.19333,0.60000,normal
25.14000,-7.36591,1.98409,7.64773,1.45000,0.70000,0.10000,normal
25.16000,-7.29773,2.55227,7.94318,1.45476,0.63214,0.34524,normal
25.18000,-7.22955,3.12045,8.23864,1.40714,0.56071,0.39286,normal
25.20000,-7.16136,3.68864,8.53409,1.35952,0.48929,0.44048,normal
25.22000,-5.30000,5.90000,9.60000,1.31190,0.41786,0.48810,normal
25.24000,-2.32222,7.16667,13.06667,-1.43028,-2.27523,1.06972,normal
25.26000,-2.02593,5.44444,11.67778,-1.63211,-2.11009,0.86789,normal
25.28000,-1.72963,3.72222,10.28889,-1.83394,-1.94495,0.66606,normal
25.30000,-1.43333,2.00000,8.90000,-2.03578,-1.77982,0.46422,normal
25.32000,-1.13704,0.27778,7.51111,-2.23761,-1.61468,0.26239,normal
25.34000,-0.25000,1.50000,10.75000,-2.43945,-1.44954,0.06055,normal
25.36000,1.30000,2.00000,10.90000,0.78182,-1.30000,0.20303,normal
25.38000,2.03684,1.78947,10.58421,0.60000,-1.30000,0.23333,normal
25.40000,2.77368,1.57895,10.26842,0.41818,-1.30000,0.26364,normal
25.42000,1.10000,2.00000,11.80000,0.23636,-1.30000,0.29394,normal
25.44000,0.24382,2.72247,9.55618,-0.40000,0.20805,0.69195,normal
25.46000,0.31124,2.29551,9.48876,-0.40000,0.23103,0.66897,normal
25.48000,0.37865,1.86854,9.42135,-0.40000,0.25402,0.64598,normal
25.50000,0.44607,1.44157,9.35393,-0.40000,0.27701,0.62299,normal
25.52000,0.00000,2.40000,9.10000,-0.40000,0.30000,0.60000,normal
25.54000,0.50000,2.11809,9.76383,0.19659,0.19659,0.60682,normal
25.56000,0.50000,2.13936,9.72128,0.17386,0.17386,0.65227,normal
25.58000,0.50000,2.16064,9.67872,0.15114,0.15114,0.69773,normal
25.60000,0.50000,2.18191,9.63617,0.12841,0.12841,0.74318,normal
25.62000,0.40000,1.80000,9.80000,0.10568,0.10568,0.78864,normal
25.64000,0.18152,2.26739,9.33261,0.20412,-0.40412,0.59588,normal
25.66000,0.29022,2.22391,9.37609,0.22474,-0.42474,0.57526,normal
25.68000,0.39891,2.18043,9.41957,0.24536,-0.44536,0.55464,normal
25.70000,0.50761,2.13696,9.46304,0.26598,-0.46598,0.53402,normal
25.72000,0.56667,2.56667,9.23333,0.28660,-0.48660,0.51340,normal
25.74000,1.30964,2.50000,9.29518,0.30000,-0.65000,0.52500,normal
25.76000,1.35783,2.50000,9.27108,0.20870,-0.80000,0.60000,normal
25.78000,1.40602,2.50000,9.24699,0.23768,-0.80000,0.60000,normal
25.80000,1.45422,2.50000,9.22289,0.26667,-0.80000,0.60000,normal
25.82000,1.60000,2.20000,8.75000,0.29565,-0.80000,0.60000,normal
25.84000,2.07111,2.10000,9.08444,0.81333,-0.90667,0.80000,normal
25.86000,2.31556,2.10000,9.06222,0.85778,-0.92889,0.80000,normal
25.88000,2.56000,2.10000,9.04000,0.90222,-0.95111,0.80000,normal
25.90000,2.80444,2.10000,9.01778,0.94667,-0.97333,0.80000,normal
25.92000,3.10000,1.10000,8.60000,0.99111,-0.99556,0.80000,normal
25.94000,2.11429,-4.31429,9.04286,1.41319,0.56923,2.03956,normal
25.96000,1.67473,-6.49011,10.49341,0.77582,0.72308,2.12747,normal
25.98000,1.23516,-8.66593,11.94396,0.13846,0.87692,2.21538,normal
26.00000,0.79560,-10.84176,13.39451,-0.49890,1.03077,2.30330,normal
26.02000,1.10000,-15.30000,2.80000,-1.13626,1.18462,2.39121,normal
26.04000,7.60769,3.91319,7.44286,0.36531,-0.88367,-1.50000,normal
26.06000,6.68462,4.33077,8.30000,-0.08367,-0.49592,-1.50000,normal
26.08000,5.76154,4.74835,9.15714,-0.53265,-0.10816,-1.50000,normal
26.10000,4.83846,5.16593,10.01429,-0.98163,0.27959,-1.50000,normal
26.12000,5.00000,0.00000,5.70000,-1.43061,0.66735,-1.50000,normal
26.14000,1.65843,-1.66404,9.81124,-4.55000,1.55000,-2.65000,normal
26.16000,0.69213,-0.72022,9.85618,-1.96620,2.77183,-2.97183,normal
26.18000,-0.27416,0.22360,9.90112,-1.79718,2.63099,-2.83099,normal
26.20000,-1.24045,1.16742,9.94607,-1.62817,2.49014,-2.69014,normal
26.22000,-2.20674,2.11124,9.99101,-1.45915,2.34930,-2.54930,normal
26.24000,1.00000,6.35789,10.33684,-0.73646,0.92188,-2.86354,normal
26.26000,1.00000,5.87368,10.21053,-0.84063,0.98438,-2.75937,normal
26.28000,1.00000,5.38947,10.08421,-0.94479,1.04688,-2.65521,normal
26.30000,1.00000,4.90526,9.95789,-1.04896,1.10938,-2.55104,normal
26.32000,1.00000,4.42105,9.83158,-1.15312,1.17187,-2.44688,normal
26.34000,-2.31905,4.60000,9.15238,0.49878,1.19634,-1.49512,normal
26.36000,-2.36667,4.60000,9.03333,0.47439,1.12317,-1.39756,normal
26.38000,-2.41429,4.60000,8.91429,0.45000,1.05000,-1.30000,normal
26.40000,-2.46190,4.60000,8.79524,0.42561,0.97683,-1.20244,normal
26.42000,-2.40000,4.50000,9.00000,0.40122,0.90366,-1.10488,normal
26.44000,-6.25217,3.69130,9.09565,0.38333,0.97500,0.21667,normal
26.46000,-6.31739,3.93043,8.96522,0.34167,0.91250,0.25833,normal
26.48000,-6.38261,4.16957,8.83478,0.30000,0.85000,0.30000,normal
26.50000,-6.44783,4.40870,8.70435,0.25833,0.78750,0.34167,normal
26.52000,-6.14000,5.40000,7.78000,0.21667,0.72500,0.38333,normal
26.54000,-8.21647,-3.42941,6.85882,-0.35385,0.68462,0.50000,normal
26.56000,-10.47529,-2.60588,9.21176,3.32593,-0.25926,1.50370,normal
26.58000,-12.73412,-1.78235,11.56471,4.56049,-1.27160,1.77531,normal
26.60000,-14.99294,-0.95882,13.91765,5.79506,-2.28395,2.04691,normal
26.62000,-6.45000,19.97500,25.82500,7.02963,-3.29630,2.31852,normal
26.64000,-0.18506,-0.50230,8.38966,0.19231,-1.09231,0.39231,normal
26.66000,0.20575,1.12989,8.73448,0.45604,-1.07033,0.37033,normal
26.68000,0.59655,2.76207,9.07931,0.71978,-1.04835,0.34835,normal
26.70000,0.98736,4.39425,9.42414,0.98352,-1.02637,0.32637,normal
26.72000,-0.40000,2.60000,11.40000,1.24725,-1.00440,0.30440,normal
26.74000,-0.44138,4.07586,9.05862,-0.00968,0.31935,0.30000,normal
26.76000,-0.51034,3.86897,8.98966,-0.03118,0.36237,0.30000,normal
26.78000,-0.57931,3.66207,8.92069,-0.05269,0.40538,0.30000,normal
26.80000,-0.64828,3.45517,8.85172,-0.07419,0.44839,0.30000,normal
26.82000,-0.50000,3.10000,9.30000,-0.09570,0.49140,0.30000,normal
26.84000,-0.40000,3.12921,8.85618,0.02245,0.60000,0.40000,normal
26.86000,-0.40000,3.17416,8.78876,0.06327,0.60000,0.40000,normal
26.88000,-0.40000,3.21910,8.72135,0.10408,0.60000,0.40000,normal
26.90000,-0.40000,3.26404,8.65393,0.14490,0.60000,0.40000,normal
26.92000,-0.81111,3.56667,8.90000,0.18571,0.60000,0.40000,normal
26.94000,-1.40000,3.53448,8.40000,0.20000,0.50000,0.50000,normal
26.96000,-1.40000,3.60345,8.40000,0.21081,0.27838,0.58919,normal
26.98000,-1.40000,3.67241,8.40000,0.23784,0.22432,0.56216,normal
27.00000,-1.40000,3.74138,8.40000,0.26486,0.17027,0.53514,normal
27.02000,-0.65000,3.45000,8.75000,0.29189,0.11622,0.50811,normal
27.04000,-0.56889,3.64000,8.92222,0.40000,-0.31538,1.10769,normal
27.06000,-0.52444,3.84000,8.81111,0.40000,-0.35934,1.12967,normal
27.08000,-0.48000,4.04000,8.70000,0.40000,-0.40330,1.15165,normal
27.10000,-0.43556,4.24000,8.58889,0.40000,-0.44725,1.17363,normal
27.12000,0.71667,3.13333,9.00000,0.40000,-0.49121,1.19560,normal
27.14000,0.24382,4.34382,8.78539,0.58947,-0.31053,1.48947,normal
27.16000,0.31124,4.41124,8.76292,0.56842,-0.33158,1.46842,normal
27.18000,0.37865,4.47865,8.74045,0.54737,-0.35263,1.44737,normal
27.20000,0.44607,4.54607,8.71798,0.52632,-0.37368,1.42632,normal
27.22000,1.24286,4.25714,8.52857,0.50526,-0.39474,1.40526,normal
27.24000,1.10455,5.40000,7.88636,0.67826,-0.00543,0.97283,normal
27.26000,1.44545,5.40000,7.86364,0.59130,-0.02717,0.86413,normal
27.28000,1.78636,5.40000,7.84091,0.50435,-0.04891,0.75543,normal
27.30000,2.12727,5.40000,7.81818,0.41739,-0.07065,0.64674,normal
27.32000,2.26667,4.82222,8.15556,0.33043,-0.09239,0.53804,normal
27.34000,1.16364,4.65455,7.37727,0.04444,0.92222,0.96667,normal
27.36000,0.89091,4.56364,7.33182,0.00000,0.92532,0.80000,normal
27.38000,0.61818,4.47273,7.28636,0.00000,0.97595,0.80000,normal
27.40000,0.34545,4.38182,7.24091,0.00000,1.02658,0.80000,normal
27.42000,0.21429,4.10000,7.94286,0.00000,1.07722,0.80000,normal
27.44000,5.50930,-4.56744,10.67442,-4.27024,0.60000,0.71905,normal
27.46000,3.92791,-3.10233,10.02326,-3.67500,0.60000,1.10000,normal
27.48000,2.34651,-1.63721,9.37209,-3.07976,0.60000,1.48095,normal
27.50000,0.76512,-0.17209,8.72093,-2.48452,0.60000,1.86190,normal
27.52000,-1.55000,-4.45000,7.50000,-1.88929,0.60000,2.24286,normal
27.54000,0.38710,-4.43548,9.38387,-2.40659,-0.40000,2.81319,normal
27.56000,0.15054,-3.91935,9.25484,-2.45055,-0.40000,2.90110,normal
27.58000,-0.08602,-3.40323,9.12581,-2.49451,-0.40000,2.98901,normal
27.60000,-0.32258,-2.88710,8.99677,-2.53846,-0.40000,3.07692,normal
27.62000,-2.80000,-2.30000,2.50000,-2.58242,-0.40000,3.16484,normal
27.64000,-3.27732,-4.21134,4.58557,0.80000,1.60000,-1.60000,normal
27.66000,-3.02990,-4.33505,4.79175,0.94444,2.64444,-2.61111,normal
27.68000,-2.78247,-4.45876,4.99794,0.99383,2.91605,-2.73457,normal
27.70000,-2.53505,-4.58247,5.20412,1.04321,3.18765,-2.85802,normal
27.72000,-2.40000,-2.80000,5.65000,1.09259,3.45926,-2.98148,normal
27.74000,-7.47097,-3.47849,6.99462,0.11340,5.61031,-1.88969,normal
27.76000,-7.85806,-2.87634,6.84409,0.34021,5.63093,-1.86907,normal
27.78000,-8.24516,-2.27419,6.69355,0.56701,5.65155,-1.84845,normal
27.80000,-8.63226,-1.67204,6.54301,0.79381,5.67216,-1.82784,normal
27.82000,-9.90000,-1.25000,5.60000,1.02062,5.69278,-1.80722,normal
27.84000,-19.01163,0.02326,7.95349,2.91277,5.08085,-2.12553,normal
27.86000,-19.03488,0.06977,7.86047,2.95532,5.01702,-2.21064,normal
27.88000,-19.05814,0.11628,7.76744,2.99787,4.95319,-2.29574,normal
27.90000,-19.08140,0.16279,7.67442,3.04043,4.88936,-2.38085,normal
27.92000,-19.30000,0.07500,5.40000,3.08298,4.82553,-2.46596,normal
27.94000,-16.21628,0.47209,0.26047,1.79687,1.19271,-3.10521,normal
27.96000,-15.44884,0.21628,-0.01860,1.73437,1.04687,-3.20938,normal
27.98000,-14.68140,-0.03953,-0.29767,1.67187,0.90104,-3.31354,normal
28.00000,-13.91395,-0.29535,-0.57674,1.60938,0.75521,-3.41771,normal
28.02000,-11.50000,-1.55000,-1.80000,1.54688,0.60938,-3.52187,normal
28.04000,-11.29000,-1.60250,-1.87500,2.90000,0.10000,-3.60000,normal
28.06000,-11.19000,-1.62750,-1.62500,3.68571,0.00000,-3.44286,normal
28.08000,-11.09000,-1.65250,-1.37500,3.84156,0.00000,-3.33896,normal
28.10000,-10.99000,-1.67750,-1.12500,3.99740,0.00000,-3.23506,normal
28.12000,-9.90000,-2.20000,0.20000,4.15325,0.00000,-3.13117,normal
28.14000,-8.00538,-3.27097,1.15269,1.99677,1.12581,-1.88280,normal
28.16000,-7.83333,-3.40000,1.06667,1.73871,1.19032,-1.83978,normal
28.18000,-7.66129,-3.52903,0.98065,1.48065,1.25484,-1.79677,normal
28.20000,-7.48925,-3.65806,0.89462,1.22258,1.31935,-1.75376,normal
28.22000,-7.31720,-3.78710,0.80860,0.96452,1.38387,-1.71075,normal
28.24000,-8.57273,-6.83182,-1.18636,2.40988,1.69259,-0.49753,normal
28.26000,-8.52727,-6.71818,-1.16364,2.50864,1.61852,-0.47284,normal
28.28000,-8.48182,-6.60455,-1.14091,2.60741,1.54444,-0.44815,normal
28.30000,-8.43636,-6.49091,-1.11818,2.70617,1.47037,-0.42346,normal
28.32000,-7.95000,-5.50000,0.80000,2.85000,1.25000,-0.45000,normal
28.34000,-7.94516,-5.06344,2.10968,2.77358,0.78679,-0.81321,normal
28.36000,-7.88065,-5.02043,2.23871,2.73585,0.76792,-0.83208,normal
28.38000,-7.81613,-4.97742,2.36774,2.69811,0.74906,-0.85094,normal
28.40000,-7.75161,-4.93441,2.49677,2.66038,0.73019,-0.86981,normal
28.42000,-7.64000,-5.17000,3.64000,2.62264,0.71132,-0.88868,normal
28.44000,-7.99375,-4.91875,4.11875,2.35000,0.60000,-0.95000,normal
28.46000,-7.96875,-4.99375,4.19375,2.18354,0.36709,-0.88354,normal
28.48000,-7.94375,-5.06875,4.26875,2.15823,0.31646,-0.85823,normal
28.50000,-7.91875,-5.14375,4.34375,2.13291,0.26582,-0.83291,normal
28.52000,-7.47000,-4.03000,4.79000,2.10759,0.21519,-0.80759,normal
28.54000,-7.25057,-4.28736,4.72529,1.49326,-0.10000,-0.59326,normal
28.56000,-7.34253,-4.26437,4.77126,1.47079,-0.10000,-0.57079,normal
28.58000,-7.43448,-4.24138,4.81724,1.44831,-0.10000,-0.54831,normal
28.60000,-7.52644,-4.21839,4.86322,1.42584,-0.10000,-0.52584,normal
28.62000,-8.06000,-3.76000,5.26000,1.40337,-0.10000,-0.50337,normal
28.64000,-6.46889,-2.00889,5.96889,0.88372,-0.28372,-0.30814,normal
28.66000,-6.42444,-2.16444,5.92444,0.83721,-0.23721,-0.33140,normal
28.68000,-6.38000,-2.32000,5.88000,0.79070,-0.19070,-0.35465,normal
28.70000,-6.33556,-2.47556,5.83556,0.74419,-0.14419,-0.37791,normal
28.72000,-5.65000,-3.30000,6.15000,0.80000,-0.10000,-0.40000,normal
28.74000,-5.24118,-4.06471,6.48235,0.88793,-0.18793,0.11207,normal
28.76000,-5.39804,-4.02549,6.46275,0.87069,-0.17069,0.12931,normal
28.78000,-5.55490,-3.98627,6.44314,0.85345,-0.15345,0.14655,normal
28.80000,-5.71176,-3.94706,6.42353,0.83621,-0.13621,0.16379,normal
28.82000,-5.86863,-3.90784,6.40392,0.81897,-0.11897,0.18103,normal
28.84000,-5.60000,-3.30000,5.40000,0.80172,-0.10172,0.19828,normal
28.86000,-5.36316,-3.24737,5.87368,0.49692,-0.59385,0.09077,normal
28.88000,-5.12632,-3.19474,6.34737,0.46615,-0.53231,-0.00154,normal
28.90000,-4.88947,-3.14211,6.82105,0.43538,-0.47077,-0.09385,normal
28.92000,-5.68000,-3.86000,6.92000,0.40462,-0.40923,-0.18615,normal
28.94000,-5.64667,-3.56889,7.03778,0.01209,0.20000,0.32418,normal
28.96000,-5.71333,-3.52444,6.94889,0.03407,0.20000,0.36813,normal
28.98000,-5.78000,-3.48000,6.86000,0.05604,0.20000,0.41209,normal
29.00000,-5.84667,-3.43556,6.77111,0.07802,0.20000,0.45604,normal
29.02000,-5.90000,-2.20000,6.80000,0.10000,0.20000,0.50000,normal
29.04000,-6.31683,-2.60000,7.03366,0.40000,-0.50000,0.58627,normal
29.06000,-6.33663,-2.60000,7.07327,0.40000,-0.50000,0.56667,normal
29.08000,-6.35644,-2.60000,7.11287,0.40000,-0.50000,0.54706,normal
29.10000,-6.37624,-2.60000,7.15248,0.40000,-0.50000,0.52745,normal
29.12000,-6.39604,-2.60000,7.19208,0.40000,-0.50000,0.50784,normal
29.14000,-6.24186,-2.10000,7.48953,-0.00101,0.19899,0.09899,normal
29.16000,-6.33488,-2.10000,7.46628,-0.02121,0.17879,0.07879,normal
29.18000,-6.42791,-2.10000,7.44302,-0.04141,0.15859,0.05859,normal
29.20000,-6.52093,-2.10000,7.41977,-0.06162,0.13838,0.03838,normal
29.22000,-6.26000,-2.18000,7.24000,-0.08182,0.11818,0.01818,normal
29.24000,-5.53500,-2.87200,7.11400,-0.20000,0.00000,-0.10000,normal
29.26000,-5.63500,-2.79200,7.15400,-0.20000,0.00000,-0.10000,normal
29.28000,-5.73500,-2.71200,7.19400,-0.20000,0.00000,-0.10000,normal
29.30000,-5.83500,-2.63200,7.23400,-0.08696,-0.10000,-0.18696,normal
29.32000,-5.93500,-2.55200,7.27400,-0.04348,-0.10000,-0.14348,normal
29.34000,-6.40000,-2.40000,7.20000,0.00000,-0.10000,-0.10000,normal
29.36000,-6.63014,-1.76986,7.22329,0.10000,0.10000,-0.15122,normal
29.38000,-6.54795,-1.85205,7.25068,0.10000,0.10000,-0.22439,normal
29.40000,-6.46575,-1.93425,7.27808,0.10000,0.10000,-0.29756,normal
29.42000,-5.75000,-2.65000,7.40000,0.10000,0.10000,-0.37073,normal
29.44000,-6.59180,-2.42787,7.33607,0.18000,-0.01000,-0.69000,normal
29.46000,-6.39508,-2.29672,7.40164,0.11333,-0.04333,-0.65667,normal
29.48000,-6.19836,-2.16557,7.46721,0.04667,-0.07667,-0.62333,normal
29.50000,-6.96923,-2.89231,7.11795,0.20000,-0.20000,0.10000,normal
29.52000,-6.76410,-2.84103,7.23761,0.20000,-0.23226,0.08387,normal
29.54000,-6.55897,-2.78974,7.35726,0.20000,-0.26452,0.06774,normal
29.56000,-6.35385,-2.73846,7.47692,0.20000,-0.29677,0.05161,normal
29.58000,-6.14872,-2.68718,7.59658,0.20000,-0.32903,0.03548,normal
29.60000,-5.94359,-2.63590,7.71624,0.20000,-0.36129,0.01935,normal
29.62000,-5.73333,-2.73333,7.53333,0.20000,-0.39355,0.00323,normal
29.64000,-5.40111,-2.78667,7.65667,0.10000,-0.30000,0.00000,normal
29.66000,-5.55667,-2.92000,7.59000,0.10000,-0.22000,-0.10000,normal
29.68000,-5.71222,-3.05333,7.52333,0.10000,-0.24353,-0.10000,normal
29.70000,-5.86778,-3.18667,7.45667,0.10000,-0.26706,-0.10000,normal
29.72000,-4.70000,-2.60000,8.00000,0.10000,-0.29059,-0.10000,normal
29.74000,-5.62143,-2.60000,7.80000,0.20000,-0.20100,-0.09900,normal
29.76000,-5.66905,-2.60000,7.80000,0.20000,-0.22100,-0.07900,normal
29.78000,-5.71667,-2.60000,7.80000,0.20000,-0.24100,-0.05900,normal
29.80000,-5.76429,-2.60000,7.80000,0.20000,-0.26100,-0.03900,normal
29.82000,-5.07778,-2.48889,7.85556,0.20000,-0.28100,-0.01900,normal
29.84000,-5.02143,-2.49286,7.69286,0.15000,-0.30000,-0.05000,normal
29.86000,-5.00000,-2.52568,7.72568,0.00000,0.00000,0.00000,normal
29.88000,-5.00000,-2.55270,7.75270,0.00000,0.00000,0.00000,normal
29.90000,-5.00000,-2.57973,7.77973,0.00000,0.00000,0.00000,normal
29.92000,-5.20000,-2.80000,7.90000,0.00000,0.00000,0.00000,normal
29.94000,-5.04706,-2.76471,7.83529,0.00000,-0.09775,0.00000,normal
29.96000,-4.98824,-2.72549,7.87451,0.00000,-0.07528,0.00000,normal
29.98000,-4.92941,-2.68627,7.91373,0.00000,-0.05281,0.00000,normal
30.00000,-4.87059,-2.64706,7.95294,0.00000,-0.03034,0.00000,normal
30.02000,-4.81176,-2.60784,7.99216,0.00000,-0.00787,0.00000,normal
30.04000,-5.10000,-2.71071,7.80000,0.00000,0.09302,0.00000,normal
30.06000,-5.10000,-2.73452,7.80000,0.00000,0.04651,0.00000,normal
30.08000,-5.10000,-2.75833,7.80000,0.00000,-0.00000,0.00000,normal
30.10000,-5.10000,-2.78214,7.80000,0.00000,-0.04651,0.00000,normal
30.12000,-4.76667,-2.71667,7.88333,0.00000,-0.09302,0.00000,normal
30.14000,-5.03146,-2.71573,7.90000,0.00000,0.08837,0.00000,normal
30.16000,-5.07640,-2.73820,7.90000,0.00000,0.06512,0.00000,normal
30.18000,-5.12135,-2.76067,7.90000,0.00000,0.04186,0.00000,normal
30.20000,-5.16629,-2.78315,7.90000,0.00000,0.01860,0.00000,normal
30.22000,-5.10000,-2.70000,8.00000,0.00000,-0.10000,0.00000,normal
30.24000,-5.07895,-2.70000,8.00000,0.00000,-0.01386,0.00000,normal
30.26000,-5.05789,-2.70000,8.00000,0.00000,-0.03366,0.00000,normal
30.28000,-5.03684,-2.70000,8.00000,0.00000,-0.05347,0.00000,normal
30.30000,-5.01579,-2.70000,8.00000,0.00000,-0.07327,0.00000,normal
30.32000,-4.90000,-2.60000,7.90000,0.00000,-0.09307,0.00000,normal
30.34000,-5.00000,-2.61895,7.80000,0.00000,0.00000,0.00000,normal
30.36000,-5.00000,-2.64000,7.80000,0.00000,0.00000,0.00000,normal
30.38000,-5.00000,-2.66105,7.80000,0.00000,0.00000,0.00000,normal
30.40000,-5.00000,-2.68211,7.80000,0.00000,0.00000,0.00000,normal
30.42000,-4.90000,-2.60000,7.90000,0.00000,0.00000,0.00000,normal
30.44000,-5.08261,-2.70000,7.91739,0.00000,0.00000,0.00000,normal
30.46000,-5.06087,-2.70000,7.93913,0.00000,0.00000,0.00000,normal
30.48000,-5.03913,-2.70000,7.96087,0.00000,0.00000,0.00000,normal
30.50000,-5.01739,-2.70000,7.98261,0.00000,0.00000,0.00000,normal
30.52000,-5.00000,-2.60000,7.90000,0.01250,0.00000,0.00000,normal
30.54000,-4.88065,-2.70000,7.90000,0.00000,0.00000,0.00000,normal
30.56000,-4.85914,-2.70000,7.90000,0.00000,0.00000,0.00000,normal
30.58000,-4.83763,-2.70000,7.90000,0.00000,0.00000,0.00000,normal
30.60000,-4.81613,-2.70000,7.90000,0.00000,0.00000,0.00000,normal
30.62000,-4.86667,-2.63333,7.96667,0.00000,0.00000,0.00000,normal
30.64000,-5.00000,-2.70000,7.90000,0.00000,0.00000,0.00000,normal
30.66000,-5.00000,-2.70000,7.90000,0.00000,0.00000,0.00000,normal
30.68000,-5.00000,-2.70000,7.90000,0.00000,0.00000,0.00000,normal
30.70000,-5.00000,-2.70000,7.90000,0.00000,0.00000,0.00000,normal
30.72000,-4.90000,-2.60000,7.90000,0.00000,0.00000,0.00000,normal
30.74000,-4.80000,-2.52105,7.91053,0.04000,-0.10000,0.00000,normal
30.76000,-4.80000,-2.56316,7.93158,0.10000,-0.10000,-0.01687,normal
30.78000,-4.80000,-2.60526,7.95263,0.10000,-0.10000,-0.04096,normal
30.80000,-4.80000,-2.64737,7.97368,0.10000,-0.10000,-0.06506,normal
30.82000,-4.80000,-2.68947,7.99474,0.10000,-0.10000,-0.08916,normal
30.84000,-4.82623,-2.52623,7.98689,0.00000,0.00000,0.00000,normal
30.86000,-4.89180,-2.59180,7.95410,0.00000,0.00000,0.00000,normal
30.88000,-4.95738,-2.65738,7.92131,0.00000,0.00000,0.00000,normal
30.90000,-5.07143,-2.60000,8.18571,0.00000,0.00000,0.00000,normal
