timestamp,accel_x,accel_y,accel_z,gyro_x,gyro_y,gyro_z,label
0.00000,-7.80000,-0.90000,5.30000,0.10000,0.20000,0.10000,normal
0.02000,-8.47231,-0.97231,5.18615,-0.10000,0.00000,0.00000,normal
0.04000,-8.41077,-0.91077,5.15538,-0.10000,0.00000,0.00000,normal
0.06000,-8.34923,-0.84923,5.12462,-0.10000,0.00000,0.00000,normal
0.08000,-8.54000,-0.80000,5.18000,0.00000,-0.04000,-0.10000,normal
0.10000,-8.22478,-0.95044,5.21239,0.08611,-0.10000,-0.20000,normal
0.12000,-8.26018,-0.87965,5.23009,0.06759,-0.10000,-0.20000,normal
0.14000,-8.29558,-0.80885,5.24779,0.04907,-0.10000,-0.20000,normal
0.16000,-8.33097,-0.73805,5.26549,0.03056,-0.10000,-0.20000,normal
0.18000,-8.36637,-0.66726,5.28319,0.01204,-0.10000,-0.20000,normal
0.20000,-8.25000,-0.55000,5.30000,0.19828,0.09828,0.00000,normal
0.22000,-8.21633,-0.90000,5.18367,0.18103,0.08103,0.00000,normal
0.24000,-8.23673,-0.90000,5.16327,0.16379,0.06379,0.00000,normal
0.26000,-8.25714,-0.90000,5.14286,0.14655,0.04655,0.00000,normal
0.28000,-8.27755,-0.90000,5.12245,0.12931,0.02931,0.00000,normal
0.30000,-8.29796,-0.90000,5.10204,0.11207,0.01207,0.00000,normal
0.32000,-8.35833,-0.85833,5.04167,0.03333,0.00000,0.00000,normal
0.34000,-8.36053,-0.86053,5.03947,0.10000,0.08333,-0.01667,normal
0.36000,-8.30789,-0.80789,5.09211,0.10000,0.05556,-0.04444,normal
0.38000,-8.25526,-0.75526,5.14474,0.10000,0.02778,-0.07222,normal
0.40000,-8.20263,-0.70263,5.19737,0.10000,0.00000,-0.10000,normal
0.42000,-8.30000,-0.63000,5.19000,0.10000,0.00000,0.00000,normal
0.44000,-8.30000,-0.69667,5.16778,0.10000,0.00000,0.00000,normal
0.46000,-8.30000,-0.76333,5.14556,0.10000,0.00000,0.00000,normal
0.48000,-8.30000,-0.83000,5.12333,0.10000,0.00000,0.00000,normal
0.50000,-8.30000,-0.89667,5.10111,0.10000,0.02000,0.02000,normal
0.52000,-8.50000,-0.70000,5.00000,0.30000,0.11264,0.10000,normal
0.54000,-8.50000,-0.70000,5.00000,0.30000,0.13563,0.10000,normal
0.56000,-8.50000,-0.70000,5.00000,0.30000,0.15862,0.10000,normal
0.58000,-8.50000,-0.70000,5.00000,0.30000,0.18161,0.10000,normal
0.60000,-8.50000,-0.70000,5.00000,0.30000,0.20000,0.03333,normal
0.62000,-8.47419,-0.41290,4.92581,0.20000,0.20000,0.07273,normal
0.64000,-8.43118,-0.43441,4.96882,0.08488,0.10000,0.10000,normal
0.66000,-8.38817,-0.45591,5.01183,0.06163,0.10000,0.10000,normal
0.68000,-8.34516,-0.47742,5.05484,0.03837,0.10000,0.10000,normal
0.70000,-8.30215,-0.49892,5.09785,0.01512,0.10000,0.10000,normal
0.72000,-8.68824,-0.50000,4.90588,-0.07778,0.07778,0.10000,normal
0.74000,-8.64118,-0.50000,4.92941,0.00000,0.00000,0.08060,normal
0.76000,-8.59412,-0.50000,4.95294,0.00000,0.00000,0.05075,normal
0.78000,-8.54706,-0.50000,4.97647,0.00000,0.00000,0.02090,normal
0.80000,-8.50000,-0.50000,5.00000,0.10000,0.10000,0.00000,normal
0.82000,-8.51562,-0.45312,4.90000,0.08280,0.10000,0.10000,normal
0.84000,-8.53646,-0.39063,4.90000,0.06129,0.10000,0.10000,normal
0.86000,-8.55729,-0.32813,4.90000,0.03978,0.10000,0.10000,normal
0.88000,-8.57812,-0.26563,4.90000,0.01828,0.10000,0.10000,normal
0.90000,-8.59896,-0.20312,4.90000,-0.03333,0.00000,0.10000,normal
0.92000,-8.40000,-0.72581,4.70000,0.02766,0.10000,-0.10000,normal
0.94000,-8.40000,-0.76882,4.70000,0.07021,0.10000,-0.10000,normal
0.96000,-8.40000,-0.81183,4.70000,0.11277,0.10000,-0.10000,normal
0.98000,-8.40000,-0.85484,4.70000,0.15532,0.10000,-0.10000,normal
1.00000,-8.40000,-0.89785,4.70000,0.19787,0.10000,-0.10000,normal
1.02000,-8.50000,-0.51591,4.79205,-0.08835,0.01165,0.00000,normal
1.04000,-8.50000,-0.56136,4.76932,-0.06893,0.03107,0.00000,normal
1.06000,-8.50000,-0.60682,4.74659,-0.04951,0.05049,0.00000,normal
1.08000,-8.50000,-0.65227,4.72386,-0.03010,0.06990,0.00000,normal
1.10000,-8.50000,-0.69773,4.70114,-0.01068,0.08932,0.00000,normal
1.12000,-8.60000,-0.30000,4.80000,0.10000,0.05385,0.00000,normal
1.14000,-8.42278,-0.40000,4.80000,0.11549,0.10000,0.00000,normal
1.16000,-8.44810,-0.40000,4.80000,0.14366,0.10000,0.00000,normal
1.18000,-8.47342,-0.40000,4.80000,0.17183,0.10000,0.00000,normal
1.20000,-8.49873,-0.40000,4.80000,0.20000,0.10000,0.00000,normal
1.22000,-8.60000,-0.40000,4.70000,0.00000,0.00000,0.00000,normal
1.24000,-8.60000,-0.40000,4.70000,0.00000,0.00000,0.00000,normal
1.26000,-8.60000,-0.40000,4.70000,0.00000,0.00000,0.00000,normal
1.28000,-8.60000,-0.40000,4.70000,0.00000,0.00000,0.00000,normal
1.30000,-8.60000,-0.40000,4.70000,0.00000,0.00000,0.00000,normal
1.32000,-8.60000,-0.48116,4.70000,0.10000,0.00000,0.00000,normal
1.34000,-8.60000,-0.45217,4.70000,0.10000,0.00000,0.00000,normal
1.36000,-8.60000,-0.42319,4.70000,0.10000,0.00000,0.00000,normal
1.38000,-8.66667,-0.26667,4.76667,-0.10000,0.00000,0.10000,normal
1.40000,-8.58506,-0.30000,4.61494,0.00000,0.00000,0.00000,normal
1.42000,-8.56207,-0.30000,4.63793,0.00000,0.00000,0.00000,normal
1.44000,-8.53908,-0.30000,4.66092,0.00000,0.00000,0.00000,normal
1.46000,-8.51609,-0.30000,4.68391,0.00000,0.00000,0.00000,normal
1.48000,-8.54000,-0.30000,4.64000,0.00000,0.00000,0.00000,normal
1.50000,-8.60000,-0.30000,4.70000,0.10000,0.00000,0.00000,normal
1.52000,-8.60000,-0.30000,4.70000,0.10000,0.00000,0.00000,normal
1.54000,-8.60000,-0.30000,4.70000,0.10000,0.00000,0.00000,normal
1.56000,-8.60000,-0.30000,4.70000,0.10000,0.00000,0.00000,normal
1.58000,-8.60000,-0.40000,4.70000,0.10000,0.00000,0.00000,normal
1.60000,-8.61513,-0.35462,4.68487,0.10000,0.00000,0.00000,normal
1.62000,-8.63193,-0.30420,4.66807,0.10000,0.00698,0.00000,normal
1.64000,-8.64874,-0.25378,4.65126,0.10000,0.03023,0.00000,normal
1.66000,-8.66555,-0.20336,4.63445,0.10000,0.05349,0.00000,normal
1.68000,-8.68235,-0.15294,4.61765,0.10000,0.07674,0.00000,normal
1.70000,-8.69916,-0.10252,4.60084,0.10000,0.10000,0.00000,normal
1.72000,-8.60000,-0.47551,4.60000,0.01429,0.00000,0.00000,normal
1.74000,-8.60000,-0.43469,4.60000,0.03469,0.00000,0.00000,normal
1.76000,-8.60000,-0.39388,4.60000,0.05510,0.00000,0.00000,normal
1.78000,-8.60000,-0.35306,4.60000,0.07551,0.00000,0.00000,normal
1.80000,-8.60000,-0.31224,4.60000,0.09592,0.00000,0.00000,normal
1.82000,-8.60000,-0.40000,4.69310,0.00000,0.00000,0.00000,normal
1.84000,-8.60000,-0.40000,4.67011,0.00000,0.00000,0.00000,normal
1.86000,-8.60000,-0.40000,4.64713,0.00000,0.00000,0.00000,normal
1.88000,-8.60000,-0.40000,4.62414,0.00000,0.00000,0.00000,normal
1.90000,-8.60000,-0.40000,4.60115,0.00000,0.00000,0.00000,normal
1.92000,-8.55000,-0.05000,4.60000,0.10000,0.00000,0.00000,normal
1.94000,-8.42405,-0.07215,4.47215,-0.10000,-0.21467,0.00000,normal
1.96000,-8.44937,-0.14810,4.54810,-0.10000,-0.10800,0.00000,normal
1.98000,-8.47468,-0.22405,4.62405,-0.10000,-0.00133,0.00000,normal
2.00000,-8.50000,-0.30000,4.70000,-0.10000,0.05000,0.00000,normal
2.02000,-8.60000,-0.19091,4.80000,0.00000,0.00000,0.00000,normal
2.04000,-8.60000,-0.17071,4.80000,0.00000,0.00000,0.00000,normal
2.06000,-8.60000,-0.15051,4.80000,0.00000,0.00000,0.00000,normal
2.08000,-8.60000,-0.13030,4.80000,0.00000,0.00000,0.00000,normal
2.10000,-8.60000,-0.11010,4.80000,0.00000,0.00000,0.00000,normal
2.12000,-8.55000,-0.50000,4.70000,0.20000,-0.00435,-0.10000,normal
2.14000,-8.52289,-0.37711,4.75422,0.20000,-0.02609,-0.10000,normal
2.16000,-8.54699,-0.35301,4.70602,0.20000,-0.04783,-0.10000,normal
2.18000,-8.57108,-0.32892,4.65783,0.20000,-0.06957,-0.10000,normal
2.20000,-8.59518,-0.30482,4.60964,0.20000,-0.09130,-0.10000,normal
2.22000,-8.17079,0.11011,5.06966,-0.12791,-0.00698,0.12093,normal
2.24000,-8.32809,0.13258,5.00225,-0.22093,-0.03023,0.19070,normal
2.26000,-8.48539,0.15506,4.93483,-0.31395,-0.05349,0.26047,normal
2.28000,-8.64270,0.17753,4.86742,-0.40698,-0.07674,0.33023,normal
2.30000,-8.80000,0.20000,4.80000,-0.50000,-0.10000,0.40000,normal
2.32000,-8.50000,-0.36809,4.61064,0.10706,0.00000,0.00000,normal
2.34000,-8.50000,-0.30426,4.63191,0.13059,0.00000,0.00000,normal
2.36000,-8.50000,-0.24043,4.65319,0.15412,0.00000,0.00000,normal
2.38000,-8.50000,-0.17660,4.67447,0.17765,0.00000,0.00000,normal
2.40000,-8.50000,-0.11277,4.69574,0.20000,0.00000,0.00000,normal
2.42000,-8.50000,-0.21111,4.60000,-0.10000,0.00000,0.00000,normal
2.44000,-8.50000,-0.23333,4.60000,-0.10000,0.00000,0.00000,normal
2.46000,-8.50000,-0.25556,4.60000,-0.10000,0.00000,0.00000,normal
2.48000,-8.50000,-0.27778,4.60000,-0.10000,0.00000,0.00000,normal
2.50000,-8.50000,-0.30000,4.60000,0.10000,0.00000,0.00000,normal
2.52000,-8.60000,-0.08421,4.70000,0.08148,0.00000,0.00000,normal
2.54000,-8.60000,-0.06316,4.70000,0.06296,0.00000,0.00000,normal
2.56000,-8.60000,-0.04211,4.70000,0.04444,0.00000,0.00000,normal
2.58000,-8.60000,-0.02105,4.70000,0.02593,0.00000,0.00000,normal
2.60000,-8.60000,0.00000,4.70000,0.00741,0.00000,0.00000,normal
2.62000,-8.60000,-0.20000,4.70000,0.00000,0.00000,0.00000,normal
2.64000,-8.60000,-0.20000,4.70000,0.00000,0.00000,0.00000,normal
2.66000,-8.60000,-0.20000,4.70000,0.00000,0.00000,0.00000,normal
2.68000,-8.60000,-0.20000,4.70000,0.00000,0.00000,0.00000,normal
2.70000,-8.60000,-0.20000,4.70000,0.00000,0.00000,0.00000,normal
2.72000,-8.50000,-0.40000,4.68657,0.01884,0.10000,0.00000,normal
2.74000,-8.50000,-0.40000,4.65672,0.04783,0.10000,0.00000,normal
2.76000,-8.50000,-0.40000,4.62687,0.07681,0.10000,0.00000,normal
2.78000,-8.55000,-0.35000,4.60000,0.00000,0.00000,-0.00000,normal
2.80000,-8.51161,-0.31161,4.68839,0.00000,0.00000,-0.10000,normal
2.82000,-8.52946,-0.32946,4.67054,0.00000,0.00000,-0.10000,normal
2.84000,-8.54732,-0.34732,4.65268,0.00000,0.00000,-0.10000,normal
2.86000,-8.56518,-0.36518,4.63482,0.00000,0.00000,-0.10000,normal
2.88000,-8.58304,-0.38304,4.61696,0.00000,0.00000,-0.10000,normal
2.90000,-8.60000,-0.40000,4.55000,0.00000,0.10000,-0.10000,normal
2.92000,-8.51649,-0.38351,4.58351,0.00000,0.10000,-0.10000,normal
2.94000,-8.53711,-0.36289,4.56289,0.00000,0.10000,-0.10000,normal
2.96000,-8.55773,-0.34227,4.54227,0.00000,0.10000,-0.10000,normal
2.98000,-8.57835,-0.32165,4.52165,0.00000,0.10000,-0.10000,normal
3.00000,-8.59897,-0.30103,4.50103,0.00000,0.10000,-0.10000,normal
3.02000,-8.59756,-0.30000,4.40000,0.00000,0.10000,-0.10000,normal
3.04000,-8.57317,-0.30000,4.40000,0.00000,0.10000,-0.10000,normal
3.06000,-8.54878,-0.30000,4.40000,0.00000,0.10000,-0.10000,normal
3.08000,-8.52439,-0.30000,4.40000,0.00000,0.10000,-0.10000,normal
3.10000,-8.50000,-0.30000,4.40000,0.05000,0.10000,-0.10000,normal
3.12000,-8.81087,-0.21087,4.18913,-0.01485,0.10000,-0.01485,normal
3.14000,-8.83261,-0.23261,4.16739,-0.03465,0.10000,-0.03465,normal
3.16000,-8.85435,-0.25435,4.14565,-0.05446,0.10000,-0.05446,normal
3.18000,-8.87609,-0.27609,4.12391,-0.07426,0.10000,-0.07426,normal
3.20000,-8.89783,-0.29783,4.10217,-0.09406,0.10000,-0.09406,normal
3.22000,-8.90000,-0.49651,4.10349,0.10000,0.20000,-0.10000,normal
3.24000,-8.90000,-0.47326,4.12674,0.10000,0.20000,-0.10000,normal
3.26000,-8.90000,-0.45000,4.15000,0.10000,0.20000,-0.10000,normal
3.28000,-8.90000,-0.42674,4.17326,0.10000,0.20000,-0.10000,normal
3.30000,-8.90000,-0.40349,4.19651,-0.00000,0.10000,-0.10000,normal
3.32000,-9.41124,-0.51124,4.10000,-0.10000,0.10000,-0.10000,normal
3.34000,-9.43371,-0.53371,4.10000,-0.10000,0.10000,-0.10000,normal
3.36000,-9.45618,-0.55618,4.10000,-0.10000,0.10000,-0.10000,normal
3.38000,-9.47865,-0.57865,4.10000,-0.10000,0.10000,-0.10000,normal
3.40000,-9.60000,-0.60000,4.05000,-0.10000,0.10000,-0.10000,normal
3.42000,-9.30000,-0.30000,3.98636,-0.10000,0.00000,-0.15000,normal
3.44000,-9.30000,-0.30000,3.94091,-0.10000,0.00000,-0.10000,normal
3.46000,-9.30000,-0.30000,3.89545,-0.10000,0.00000,-0.10000,normal
3.48000,-9.30000,-0.30000,3.85000,-0.10000,0.00000,-0.10000,normal
3.50000,-9.30000,-0.30000,3.80455,-0.10000,0.00000,-0.10000,normal
3.52000,-9.60000,-0.30000,3.60000,-0.30000,-0.10000,0.20000,normal
3.54000,-9.56364,-0.26364,3.60000,-0.33704,-0.10000,0.23704,normal
3.56000,-9.52727,-0.22727,3.60000,-0.37407,-0.10000,0.27407,normal
3.58000,-9.30000,-0.70000,3.90000,-0.26667,0.03333,0.33333,normal
3.60000,-9.17025,-0.47025,4.00000,0.03036,0.10000,0.41518,normal
3.62000,-9.13719,-0.43719,4.00000,0.06607,0.10000,0.43304,normal
3.64000,-9.10413,-0.40413,4.00000,0.10179,0.10000,0.45089,normal
3.66000,-9.07107,-0.37107,4.00000,0.13750,0.10000,0.46875,normal
3.68000,-9.03802,-0.33802,4.00000,0.17321,0.10000,0.48661,normal
3.70000,-9.00496,-0.30496,4.00000,0.00000,0.10000,0.80000,normal
3.72000,-8.91972,-0.21972,4.40000,-0.02174,0.10000,0.80000,normal
3.74000,-8.94789,-0.24789,4.40000,-0.04348,0.10000,0.80000,normal
3.76000,-8.97606,-0.27606,4.40000,-0.06522,0.10000,0.80000,normal
3.78000,-8.80000,-0.50000,4.30000,-0.08696,0.10000,0.80000,normal
3.80000,-8.72857,-0.35714,4.22857,-0.08889,0.08889,0.78889,normal
3.82000,-8.88211,-0.30000,4.30000,0.00000,0.00000,0.60000,normal
3.84000,-8.86105,-0.30000,4.30000,0.00000,0.00000,0.60000,normal
3.86000,-8.84000,-0.30000,4.30000,0.00000,0.00000,0.60000,normal
3.88000,-8.81895,-0.30000,4.30000,0.00000,0.00000,0.60000,normal
3.90000,-8.50000,-0.20000,4.20000,0.00000,-0.03333,0.56667,normal
3.92000,-7.95190,0.00000,4.10000,-0.10000,-0.08125,0.18125,normal
3.94000,-7.90127,0.00000,4.10000,-0.10000,-0.05625,0.15625,normal
3.96000,-7.85063,0.00000,4.10000,-0.10000,-0.03125,0.13125,normal
3.98000,-7.80000,0.00000,4.10000,-0.10000,-0.00625,0.10625,normal
4.00000,-8.51165,0.10388,4.30000,0.30000,0.20000,-0.00108,normal
4.02000,-8.56990,0.12330,4.30000,0.30000,0.20000,-0.02258,normal
4.04000,-8.62816,0.14272,4.30000,0.30000,0.20000,-0.04409,normal
4.06000,-8.68641,0.16214,4.30000,0.30000,0.20000,-0.06559,normal
4.08000,-8.74466,0.18155,4.30000,0.30000,0.20000,-0.08710,normal
4.10000,-8.80000,0.40000,4.30000,0.40000,0.30000,-0.20000,normal
4.12000,-8.80000,0.57671,4.32329,0.40000,0.30000,-0.30000,normal
4.14000,-8.80000,0.54932,4.35068,0.40000,0.30000,-0.30000,normal
4.16000,-8.80000,0.52192,4.37808,0.40000,0.30000,-0.30000,normal
4.18000,-8.86667,0.43333,4.40000,0.40000,0.30000,-0.30000,normal
4.20000,-9.50263,0.80000,4.09474,0.65000,0.15000,-0.30000,normal
4.22000,-9.52895,0.80000,4.04211,0.38209,0.00000,-0.30000,normal
4.24000,-9.55526,0.80000,3.98947,0.35224,0.00000,-0.30000,normal
4.26000,-9.58158,0.80000,3.93684,0.32239,0.00000,-0.30000,normal
4.28000,-9.06667,0.66667,3.66667,0.40000,0.00000,-0.40000,normal
4.30000,-8.98427,0.58427,3.58427,0.42135,0.00000,-0.37865,normal
4.32000,-8.96180,0.56180,3.56180,0.44382,0.00000,-0.35618,normal
4.34000,-8.93933,0.53933,3.53933,0.46629,0.00000,-0.33371,normal
4.36000,-8.91685,0.51685,3.51685,0.48876,0.00000,-0.31124,normal
4.38000,-8.90000,0.60000,3.30000,0.39573,0.00000,-0.20427,normal
4.40000,-8.88041,0.58041,3.30000,0.37863,0.00000,-0.22137,normal
4.42000,-8.85979,0.55979,3.30000,0.36154,0.00000,-0.23846,normal
4.44000,-8.83918,0.53918,3.30000,0.34444,0.00000,-0.25556,normal
4.46000,-8.81856,0.51856,3.30000,0.32735,0.00000,-0.27265,normal
4.48000,-8.84000,0.42000,3.26000,0.31026,0.00000,-0.28974,normal
4.50000,-9.00000,0.09841,3.30079,0.30000,0.00000,-0.24000,normal
4.52000,-9.00000,0.06667,3.31667,0.30000,0.00000,-0.20000,normal
4.54000,-9.00000,0.03492,3.33254,0.30000,0.00755,-0.20000,normal
4.56000,-9.00000,0.00317,3.34841,0.30000,0.02013,-0.20000,normal
4.58000,-9.00000,-0.02857,3.36429,0.30000,0.03270,-0.20000,normal
4.60000,-9.00000,-0.06032,3.38016,0.30000,0.04528,-0.20000,normal
4.62000,-9.00000,-0.09206,3.39603,0.30000,0.05786,-0.20000,normal
4.64000,-9.10000,-0.30000,3.40000,0.30000,0.07044,-0.20000,normal
4.66000,-9.10000,-0.30000,3.40000,0.30000,0.08302,-0.20000,normal
4.68000,-8.80161,-0.40161,3.50000,0.30000,0.09560,-0.20000,normal
4.70000,-8.81774,-0.41774,3.50000,0.30000,0.10000,-0.20000,normal
4.72000,-8.83387,-0.43387,3.50000,0.30000,0.20000,-0.20000,normal
4.74000,-8.85000,-0.45000,3.50000,0.35522,0.27015,-0.20000,normal
4.76000,-8.86613,-0.46613,3.50000,0.26567,0.21045,-0.20000,normal
4.78000,-8.88226,-0.48226,3.50000,0.17612,0.15075,-0.20000,normal
4.80000,-8.89839,-0.49839,3.50000,0.40000,0.20000,-0.40000,normal
4.82000,-9.42449,-0.77347,3.32449,0.77000,0.01625,-0.46750,normal
4.84000,-9.46531,-0.89592,3.36531,0.57000,0.04125,-0.41750,normal
4.86000,-9.55000,-1.07500,3.42500,0.37000,0.06625,-0.36750,normal
4.88000,-10.88125,-1.18125,4.12500,0.17000,0.09125,-0.31750,normal
4.90000,-10.78750,-1.08750,4.25000,0.90000,0.10000,-0.50000,normal
4.92000,-10.69375,-0.99375,4.37500,0.90000,0.10000,-0.50000,normal
4.94000,-10.60000,-0.90000,4.50000,0.90000,0.10000,-0.50000,normal
4.96000,-12.71529,-1.03882,4.50000,1.00000,-0.16875,-0.50000,normal
4.98000,-12.73882,-0.94471,4.50000,1.00000,-0.22381,-0.50000,normal
5.00000,-12.76235,-0.85059,4.50000,1.00000,-0.25556,-0.50000,normal
5.02000,-12.78588,-0.75647,4.50000,1.00000,-0.28730,-0.50000,normal
5.04000,-12.47869,-0.60164,4.19672,-0.19677,-0.40000,-0.40000,normal
5.06000,-12.05246,-0.63443,4.13115,-0.16452,-0.40000,-0.40000,normal
5.08000,-11.62623,-0.66721,4.06557,-0.13226,-0.40000,-0.40000,normal
5.10000,-11.20000,-0.70000,4.00000,-0.10000,-0.40000,-0.40000,normal
5.12000,-7.54000,0.52000,2.68000,0.59011,-0.50989,-0.39011,normal
5.14000,-7.40667,0.56444,2.63556,0.56813,-0.53187,-0.36813,normal
5.16000,-7.27333,0.60889,2.59111,0.54615,-0.55385,-0.34615,normal
5.18000,-7.14000,0.65333,2.54667,0.52418,-0.57582,-0.32418,normal
5.20000,-7.00667,0.69778,2.50222,0.50220,-0.59780,-0.30220,normal
5.22000,-8.09195,0.21609,0.57586,0.01165,-0.67670,-0.41165,normal
5.24000,-8.06897,0.26207,0.50690,0.03107,-0.63786,-0.43107,normal
5.26000,-8.04598,0.30805,0.43793,0.05049,-0.59903,-0.45049,normal
5.28000,-8.02299,0.35402,0.36897,0.06990,-0.56019,-0.46990,normal
5.30000,-8.00000,0.40000,0.30000,0.08932,-0.52136,-0.48932,normal
5.32000,-7.61176,0.30000,0.68824,0.20000,-0.25714,-0.60000,normal
5.34000,-7.64675,0.22987,0.79351,0.18701,-0.08701,-0.47403,normal
5.36000,-7.69870,0.15195,0.89740,0.16104,-0.06104,-0.42208,normal
5.38000,-7.75065,0.07403,1.00130,0.13506,-0.03506,-0.37013,normal
5.40000,-7.87143,-0.07143,1.15714,0.10909,-0.00909,-0.31818,normal
5.42000,-9.00357,-1.10000,2.41429,0.10000,0.60306,0.10000,normal
5.44000,-9.02738,-1.10000,2.50952,0.10000,0.62347,0.10000,normal
5.46000,-9.05119,-1.10000,2.60476,0.10000,0.64388,0.10000,normal
5.48000,-9.07500,-1.10000,2.70000,0.10000,0.66429,0.10000,normal
5.50000,-9.09881,-1.10000,2.79524,0.10000,0.68469,0.10000,normal
5.52000,-9.47000,-0.91500,3.17000,0.20000,0.70000,0.10000,normal
5.54000,-9.21781,-0.71781,3.53562,0.21667,0.71667,-0.10000,normal
5.56000,-9.24521,-0.74521,3.59041,0.24444,0.74444,-0.10000,normal
5.58000,-9.27260,-0.77260,3.64521,0.27222,0.77222,-0.10000,normal
5.60000,-9.30000,-0.80000,3.70000,0.30000,0.80000,-0.10000,normal
5.62000,-8.83137,-0.99216,3.68431,0.30943,0.48113,-0.09057,normal
5.64000,-8.90980,-0.97255,3.64510,0.32830,0.44340,-0.07170,normal
5.66000,-8.98824,-0.95294,3.60588,0.34717,0.40566,-0.05283,normal
5.68000,-9.06667,-0.93333,3.56667,0.36604,0.36792,-0.03396,normal
5.70000,-9.14510,-0.91373,3.52745,0.38491,0.33019,-0.01509,normal
5.72000,-9.74000,-0.30000,3.07000,0.34000,0.04000,0.00000,normal
5.74000,-10.57083,-0.35417,2.98194,-0.39565,-0.51594,0.11594,normal
5.76000,-10.98750,-0.43750,2.95417,-0.56957,-0.54493,0.14493,normal
5.78000,-11.40417,-0.52083,2.92639,-0.74348,-0.57391,0.17391,normal
5.80000,-11.90000,-0.65000,2.90000,-1.50000,-0.70000,0.30000,normal
5.82000,-7.66374,-1.94835,3.40330,-1.40667,-0.07333,-0.10000,normal
5.84000,-7.59780,-2.03626,3.22747,-1.25111,-0.02889,-0.10000,normal
5.86000,-7.53187,-2.12418,3.05165,-1.09556,0.01556,-0.10000,normal
5.88000,-7.46593,-2.21209,2.87582,-0.94000,0.06000,-0.10000,normal
5.90000,-7.40000,-2.30000,2.70000,-0.10000,0.10000,-0.10000,normal
5.92000,-8.87527,-1.05484,2.74516,0.81667,-0.11667,0.11667,normal
5.94000,-8.98280,-0.99032,2.80968,0.70556,-0.13889,0.13889,normal
5.96000,-9.09032,-0.92581,2.87419,0.59444,-0.16111,0.16111,normal
5.98000,-9.19785,-0.86129,2.93871,0.48333,-0.18333,0.18333,normal
6.00000,-9.50000,-0.70000,3.05000,-1.40000,-0.30000,0.10000,normal
6.02000,-10.38511,-1.81489,2.38511,-1.34412,-0.20000,-0.01863,normal
6.04000,-10.36383,-1.83617,2.36383,-1.28529,-0.20000,-0.03824,normal
6.06000,-10.34255,-1.85745,2.34255,-1.22647,-0.20000,-0.05784,normal
6.08000,-10.32128,-1.87872,2.32128,-1.16765,-0.20000,-0.07745,normal
6.10000,-10.30000,-1.90000,2.30000,-1.10882,-0.20000,-0.09706,normal
6.12000,-9.51000,-1.06000,2.92000,0.00000,-0.10000,-0.09701,normal
6.14000,-9.54333,-0.92667,2.98667,0.00000,-0.10000,-0.06716,normal
6.16000,-9.57667,-0.79333,3.05333,0.00000,-0.10000,-0.03731,normal
6.18000,-9.40000,-0.32000,3.48000,0.00000,-0.10000,-0.00746,normal
6.20000,-9.48442,-0.39481,3.49481,-0.61200,-0.20000,0.51200,normal
6.22000,-9.40649,-0.36883,3.46883,-0.63867,-0.20000,0.53867,normal
6.24000,-9.32857,-0.34286,3.44286,-0.66533,-0.20000,0.56533,normal
6.26000,-9.25065,-0.31688,3.41688,-0.69200,-0.20000,0.59200,normal
6.28000,-9.69184,-1.00408,3.30000,-0.99151,-0.19151,0.80000,normal
6.30000,-9.61020,-1.04490,3.30000,-0.97264,-0.17264,0.80000,normal
6.32000,-9.52857,-1.08571,3.30000,-0.95377,-0.15377,0.80000,normal
6.34000,-9.44694,-1.12653,3.30000,-0.93491,-0.13491,0.80000,normal
6.36000,-9.36531,-1.16735,3.30000,-0.91604,-0.11604,0.80000,normal
6.38000,-9.08333,-1.43333,3.41667,-0.75000,0.05000,0.95000,normal
6.40000,-8.88605,-1.68605,3.51395,-0.48431,0.20000,1.10000,normal
6.42000,-8.86279,-1.66279,3.53721,-0.46471,0.20000,1.10000,normal
6.44000,-8.83953,-1.63953,3.56047,-0.44510,0.20000,1.10000,normal
6.46000,-8.81628,-1.61628,3.58372,-0.42549,0.20000,1.10000,normal
6.48000,-8.94706,-1.60000,3.68824,-0.40588,0.20000,1.10000,normal
6.50000,-9.09677,-1.50645,3.70645,-0.50000,0.20000,0.90000,normal
6.52000,-9.07527,-1.54946,3.74946,-0.47753,0.22247,0.85506,normal
6.54000,-9.05376,-1.59247,3.79247,-0.45506,0.24494,0.81011,normal
6.56000,-9.03226,-1.63548,3.83548,-0.43258,0.26742,0.76517,normal
6.58000,-9.01075,-1.67849,3.87849,-0.41011,0.28989,0.72022,normal
6.60000,-9.15000,-1.55000,4.00000,0.30000,0.20000,0.49667,normal
6.62000,-9.20000,-1.48288,4.11712,0.30000,0.20000,0.48000,normal
6.64000,-9.20000,-1.46486,4.13514,0.30000,0.20000,0.46333,normal
6.66000,-9.20000,-1.44685,4.15315,0.30000,0.20000,0.44667,normal
6.68000,-9.20000,-1.42883,4.17117,0.30000,0.20000,0.43000,normal
6.70000,-9.20000,-1.41081,4.18919,0.30000,0.20000,0.41333,normal
6.72000,-9.56250,-1.22500,4.12500,0.30000,0.10000,0.40000,normal
6.74000,-9.02614,-0.51477,3.78523,0.08247,-0.10000,0.08247,normal
6.76000,-8.91250,-0.53750,3.76250,0.06186,-0.10000,0.06186,normal
6.78000,-8.79886,-0.56023,3.73977,0.04124,-0.10000,0.04124,normal
6.80000,-8.68523,-0.58295,3.71705,0.02062,-0.10000,0.02062,normal
6.82000,-8.50000,-1.10000,3.30000,0.00000,-0.10000,0.00000,normal
6.84000,-8.72857,-0.77143,3.20000,0.40000,0.00000,-0.30000,normal
6.86000,-8.78571,-0.71429,3.20000,0.40000,0.00000,-0.30000,normal
6.88000,-8.84286,-0.65714,3.20000,0.40000,0.00000,-0.30000,normal
6.90000,-8.90000,-0.60000,3.20000,0.40000,0.00000,-0.30000,normal
6.92000,-8.82022,-1.19326,3.20000,0.50899,0.20899,-0.40000,normal
6.94000,-8.88764,-1.17079,3.20000,0.53146,0.23146,-0.40000,normal
6.96000,-8.95506,-1.14831,3.20000,0.55393,0.25393,-0.40000,normal
6.98000,-9.02247,-1.12584,3.20000,0.57640,0.27640,-0.40000,normal
7.00000,-9.08989,-1.10337,3.20000,0.59888,0.29888,-0.40000,normal
7.02000,-8.71209,-0.86374,3.18791,0.60000,0.20000,-0.50000,normal
7.04000,-8.73407,-0.79780,3.16593,0.62326,0.17674,-0.50000,normal
7.06000,-8.75604,-0.73187,3.14396,0.64651,0.15349,-0.50000,normal
7.08000,-8.77802,-0.66593,3.12198,0.66977,0.13023,-0.50000,normal
7.10000,-8.80000,-0.60000,3.10000,0.69302,0.10698,-0.50000,normal
7.12000,-11.93294,-0.80941,3.51412,0.61765,0.08235,-0.50000,normal
7.14000,-12.09765,-0.85647,3.58471,0.49589,-0.10000,-0.59589,normal
7.16000,-12.26235,-0.90353,3.65529,0.46849,-0.10000,-0.56849,normal
7.18000,-12.42706,-0.95059,3.72588,0.44110,-0.10000,-0.54110,normal
7.20000,-12.59176,-0.99765,3.79647,0.41370,-0.10000,-0.51370,normal
7.22000,-14.53529,-0.69294,3.60000,0.26429,-0.30000,-0.50000,normal
7.24000,-14.65294,-0.66941,3.60000,0.18333,-0.30000,-0.50000,normal
7.26000,-14.77059,-0.64588,3.60000,0.15303,-0.30000,-0.50000,normal
7.28000,-14.88824,-0.62235,3.60000,0.12273,-0.30000,-0.50000,normal
7.30000,-14.90000,-0.60000,3.45000,-0.20000,-0.02000,-0.44000,normal
7.32000,-8.46907,-0.11443,2.64227,0.05714,0.30000,-0.48571,normal
7.34000,-8.13918,-0.13505,2.55979,0.13333,0.30000,-0.46667,normal
7.36000,-7.80928,-0.15567,2.47732,0.20952,0.30000,-0.44762,normal
7.38000,-7.47938,-0.17629,2.39485,0.28571,0.30000,-0.42857,normal
7.40000,-7.14948,-0.19691,2.31237,0.36190,0.30000,-0.40952,normal
7.42000,-7.81000,0.00250,0.89750,0.54286,0.25238,-0.40000,normal
7.44000,-7.87667,0.01917,0.88083,0.74000,-0.12000,-0.02000,normal
7.46000,-7.94333,0.03583,0.86417,0.59587,-0.18512,0.02562,normal
7.48000,-8.01000,0.05250,0.84750,0.48017,-0.16860,-0.05702,normal
7.50000,-8.07667,0.06917,0.83083,0.36446,-0.15207,-0.13967,normal
7.52000,-8.14333,0.08583,0.81417,0.24876,-0.13554,-0.22231,normal
7.54000,-8.38000,0.04000,0.86000,0.13306,-0.11901,-0.30496,normal
7.56000,-7.85625,0.00000,0.83750,0.01736,-0.10248,-0.38760,normal
7.58000,-7.53714,-0.13143,0.58429,-0.09677,-0.10000,-0.10968,normal
7.60000,-7.42286,-0.18857,0.55571,-0.06452,-0.10000,-0.20645,normal
7.62000,-7.30857,-0.24571,0.52714,-0.03226,-0.10000,-0.30323,normal
7.64000,-7.20000,-0.34286,0.50000,-0.00000,-0.10000,-0.40000,normal
7.66000,-8.03971,-1.21324,1.03971,-0.08289,-0.08289,-0.08289,normal
7.68000,-8.12794,-1.24265,1.12794,-0.05658,-0.05658,-0.05658,normal
7.70000,-8.21618,-1.27206,1.21618,-0.03026,-0.03026,-0.03026,normal
7.72000,-8.34000,-1.31000,1.33000,-0.00395,-0.00395,-0.00395,normal
7.74000,-10.19167,-1.29167,2.21667,0.08947,0.08947,0.08947,normal
7.76000,-10.16389,-1.26389,2.27222,0.10000,0.30000,0.07937,normal
7.78000,-10.13611,-1.23611,2.32778,0.10000,0.30000,0.04762,normal
7.80000,-10.10833,-1.20833,2.38333,0.10000,0.30000,0.01587,normal
7.82000,-9.19524,-0.99048,2.60000,0.60000,0.39759,-0.29759,normal
7.84000,-9.17143,-0.94286,2.60000,0.60000,0.37349,-0.27349,normal
7.86000,-9.14762,-0.89524,2.60000,0.60000,0.34940,-0.24940,normal
7.88000,-9.12381,-0.84762,2.60000,0.60000,0.32530,-0.22530,normal
7.90000,-9.10000,-0.80000,2.60000,0.60000,0.30120,-0.20120,normal
7.92000,-9.75652,-1.02826,2.38587,-0.00900,-0.11800,0.10000,normal
7.94000,-9.84348,-1.07174,2.36413,-0.02900,-0.15800,0.10000,normal
7.96000,-9.93043,-1.11522,2.34239,-0.04900,-0.19800,0.10000,normal
7.98000,-10.01739,-1.15870,2.32065,-0.06900,-0.23800,0.10000,normal
8.00000,-10.25000,-1.10000,2.20000,-0.08900,-0.27800,0.10000,normal
8.02000,-10.20000,-1.14286,2.57143,-0.73077,-0.48462,-0.01538,normal
8.04000,-9.91538,-1.29231,2.64615,-0.88462,-0.40769,-0.09231,normal
8.06000,-9.71026,-1.39487,2.69744,-0.90000,-0.37000,-0.13000,normal
8.08000,-9.50513,-1.49744,2.74872,-0.90000,-0.33667,-0.16333,normal
8.10000,-9.30000,-1.60000,2.80000,-0.90000,-0.30333,-0.19667,normal
8.12000,-8.32759,-1.68161,2.31839,0.10930,-0.10000,-0.09070,normal
8.14000,-8.39655,-1.63563,2.36437,0.13256,-0.10000,-0.06744,normal
8.16000,-8.46552,-1.58966,2.41034,0.15581,-0.10000,-0.04419,normal
8.18000,-8.53448,-1.54368,2.45632,0.17907,-0.10000,-0.02093,normal
8.20000,-8.70000,-1.50000,2.80000,0.00000,-0.10000,0.15000,normal
8.22000,-9.55077,-1.91692,2.90000,-0.30000,-0.03200,0.20000,normal
8.24000,-9.64308,-1.94769,2.90000,-0.32927,0.00000,0.20000,normal
8.26000,-9.73538,-1.97846,2.90000,-0.37805,0.00000,0.20000,normal
8.28000,-9.95000,-1.60000,3.10000,-0.20000,-0.10000,-0.10000,normal
8.30000,-9.85250,-1.48417,3.10000,-0.20000,-0.10000,-0.10000,normal
8.32000,-9.80250,-1.46750,3.10000,-0.20000,-0.10000,-0.10000,normal
8.34000,-9.75250,-1.45083,3.10000,-0.20000,-0.10000,-0.10000,normal
8.36000,-9.70250,-1.43417,3.10000,-0.20000,-0.10000,-0.10000,normal
8.38000,-9.65250,-1.41750,3.10000,-0.20000,-0.10000,-0.10000,normal
8.40000,-9.60250,-1.40083,3.10000,-0.20000,-0.10000,-0.10000,normal
8.42000,-9.10698,-1.58605,3.00000,-0.20000,-0.10000,-0.20000,normal
8.44000,-9.13023,-1.53953,3.00000,-0.17500,-0.10000,-0.15000,normal
8.46000,-9.15349,-1.49302,3.00000,-0.14868,-0.10000,-0.09737,normal
8.48000,-9.17674,-1.44651,3.00000,-0.12237,-0.10000,-0.04474,normal
8.50000,-9.20000,-1.40000,3.00000,-0.30000,-0.20000,0.10000,normal
8.52000,-10.10000,-0.70000,2.68681,-0.71294,-0.30000,0.40000,normal
8.54000,-10.10000,-0.70000,2.66484,-0.73647,-0.30000,0.40000,normal
8.56000,-10.10000,-0.70000,2.64286,-0.76000,-0.30000,0.40000,normal
8.58000,-10.10000,-0.70000,2.62088,-0.78353,-0.30000,0.40000,normal
8.60000,-10.05000,-0.70000,2.65000,-0.60000,-0.10000,0.40000,normal
8.62000,-8.76341,-0.67561,2.70000,-0.48455,-0.10000,0.41545,normal
8.64000,-8.71463,-0.64309,2.70000,-0.46829,-0.10000,0.43171,normal
8.66000,-8.66585,-0.61057,2.70000,-0.45203,-0.10000,0.44797,normal
8.68000,-8.61707,-0.57805,2.70000,-0.43577,-0.10000,0.46423,normal
8.70000,-8.56829,-0.54553,2.70000,-0.41951,-0.10000,0.48049,normal
8.72000,-8.51951,-0.51301,2.70000,-0.40325,-0.10000,0.49675,normal
8.74000,-9.30000,-0.81563,3.40781,-0.40515,0.20515,0.70000,normal
8.76000,-9.30000,-0.87813,3.43906,-0.42577,0.22577,0.70000,normal
8.78000,-9.30000,-0.94062,3.47031,-0.44639,0.24639,0.70000,normal
8.80000,-9.00000,-1.30000,3.60000,-0.46701,0.26701,0.70000,normal
8.82000,-8.75161,-1.60000,3.62581,-0.48763,0.28763,0.70000,normal
8.84000,-8.88065,-1.60000,3.69032,-0.43000,0.37000,0.73000,normal
8.86000,-8.95862,-1.60000,3.70000,-0.08113,0.38113,0.68113,normal
8.88000,-9.02759,-1.60000,3.70000,-0.04340,0.34340,0.64340,normal
8.90000,-9.09655,-1.60000,3.70000,-0.00566,0.30566,0.60566,normal
8.92000,-9.59189,-1.30000,3.90000,-0.10000,0.08804,0.18804,normal
8.94000,-9.56486,-1.30000,3.90000,-0.10000,0.06630,0.16630,normal
8.96000,-9.53784,-1.30000,3.90000,-0.10000,0.04457,0.14457,normal
8.98000,-9.51081,-1.30000,3.90000,-0.10000,0.02283,0.12283,normal
9.00000,-9.27500,-1.45000,3.90000,-0.10000,0.00109,0.10109,normal
9.02000,-9.14194,-1.12742,3.60000,0.38036,-0.10000,-0.20000,normal
9.04000,-9.01290,-0.96613,3.60000,0.34464,-0.10000,-0.20000,normal
9.06000,-8.88387,-0.80484,3.60000,0.30893,-0.10000,-0.20000,normal
9.08000,-8.30000,-1.01224,3.39184,0.00000,-0.10000,-0.20000,normal
9.10000,-8.30000,-1.07347,3.35102,0.00000,-0.10000,-0.20000,normal
9.12000,-8.30000,-1.13469,3.31020,0.00000,-0.10000,-0.20000,normal
9.14000,-8.30000,-1.19592,3.26939,0.00000,-0.10000,-0.20000,normal
9.16000,-8.30000,-1.25714,3.22857,0.00000,-0.10000,-0.20000,normal
9.18000,-8.47857,-1.15714,2.90000,0.00000,-0.10000,-0.20000,normal
9.20000,-8.28679,-1.01321,2.90660,0.30000,0.00000,-0.20000,normal
9.22000,-8.24906,-1.05094,2.92547,0.20000,0.01875,-0.20000,normal
9.24000,-8.21132,-1.08868,2.94434,0.20000,0.03958,-0.20000,normal
9.26000,-8.17358,-1.12642,2.96321,0.20000,0.06042,-0.20000,normal
9.28000,-8.13585,-1.16415,2.98208,0.20000,0.08125,-0.20000,normal
9.30000,-8.30000,-1.40000,2.90000,0.25000,0.10000,-0.20000,normal
9.32000,-10.77368,-1.70000,3.04737,0.50000,0.20000,-0.10000,normal
9.34000,-11.00526,-1.70000,3.11053,0.50000,0.20000,-0.10000,normal
9.36000,-11.23684,-1.70000,3.17368,0.50000,0.20000,-0.10000,normal
9.38000,-11.46842,-1.70000,3.23684,0.50000,0.20000,-0.10000,normal
9.40000,-11.70000,-1.70000,3.30000,0.50000,0.20000,-0.10000,normal
9.42000,-15.03256,-1.49186,4.12442,0.78864,0.20000,-0.41136,normal
9.44000,-15.12558,-1.46860,4.19419,0.76591,0.20000,-0.43409,normal
9.46000,-15.21860,-1.44535,4.26395,0.74318,0.20000,-0.45682,normal
9.48000,-15.31163,-1.42209,4.33372,0.72045,0.20000,-0.47955,normal
9.50000,-15.43333,-1.33333,4.33333,0.66667,0.16667,-0.50000,normal
9.52000,-9.22190,-0.60000,3.43714,0.31833,0.19083,-0.60000,normal
9.54000,-8.89810,-0.60000,3.32286,0.35167,0.17417,-0.60000,normal
9.56000,-8.57429,-0.60000,3.20857,0.38500,0.15750,-0.60000,normal
9.58000,-8.25048,-0.60000,3.09429,0.41833,0.14083,-0.60000,normal
9.60000,-7.92667,-0.60000,2.98000,0.45167,0.12417,-0.60000,normal
9.62000,-7.23846,-0.46154,2.62308,0.48500,0.10750,-0.60000,normal
9.64000,-7.60000,0.30000,1.10000,0.55641,0.07179,-0.57179,normal
9.66000,-7.61961,0.24118,1.06078,0.65897,0.02051,-0.52051,normal
9.68000,-7.63922,0.18235,1.02157,0.06719,-0.61094,-0.10000,normal
9.70000,-7.65882,0.12353,0.98235,-0.02656,-0.64219,-0.10000,normal
9.72000,-7.67843,0.06471,0.94314,-0.12031,-0.67344,-0.10000,normal
9.74000,-7.69804,0.00588,0.90392,-0.32857,-0.74286,-0.14286,normal
9.76000,-6.84444,-0.63333,0.14444,-0.55600,-0.45600,-0.60000,normal
9.78000,-6.91852,-0.85556,0.21852,-0.47600,-0.37600,-0.60000,normal
9.80000,-6.99259,-1.07778,0.29259,-0.25000,-0.25000,-0.55000,normal
9.82000,-9.05053,-1.51263,1.05053,0.40000,0.12718,-0.18641,normal
9.84000,-9.13474,-1.53368,1.13474,0.40000,0.16602,-0.16699,normal
9.86000,-9.21895,-1.55474,1.21895,0.40000,0.20485,-0.14757,normal
9.88000,-9.30316,-1.57579,1.30316,0.40000,0.24369,-0.12816,normal
9.90000,-9.38737,-1.59684,1.38737,0.40000,0.28252,-0.10874,normal
9.92000,-9.69080,-1.40920,2.42759,0.60602,0.80000,-0.10000,normal
9.94000,-9.66782,-1.43218,2.49655,0.63012,0.80000,-0.10000,normal
9.96000,-9.64483,-1.45517,2.56552,0.65422,0.80000,-0.10000,normal
9.98000,-9.62184,-1.47816,2.63448,0.67831,0.80000,-0.10000,normal
10.00000,-9.60000,-1.50000,2.75000,0.80000,0.80000,-0.20000,normal
10.02000,-9.48750,-0.50000,2.73750,0.74828,0.50000,-0.08276,normal
10.04000,-9.46477,-0.50000,2.80568,0.67931,0.50000,-0.05977,normal
10.06000,-9.44205,-0.50000,2.87386,0.61034,0.50000,-0.03678,normal
10.08000,-9.41932,-0.50000,2.94205,0.54138,0.50000,-0.01379,normal
10.10000,-9.60000,-1.40000,2.80000,-0.10000,0.14286,0.15714,normal
10.12000,-9.62297,-1.50000,2.47703,-0.20000,-0.04776,0.30000,normal
10.14000,-9.65000,-1.50000,2.45000,-0.20000,-0.10746,0.30000,normal
10.16000,-9.67703,-1.50000,2.42297,-0.20000,-0.16716,0.30000,normal
10.18000,-10.90000,-1.30000,2.30000,-0.80909,-0.60000,0.29545,normal
10.20000,-11.14808,-1.31731,2.21731,-0.84545,-0.60000,0.27727,normal
10.22000,-11.09038,-1.33654,2.23654,-0.88182,-0.60000,0.25909,normal
10.24000,-11.03269,-1.35577,2.25577,-0.91818,-0.60000,0.24091,normal
10.26000,-10.97500,-1.37500,2.27500,-0.95455,-0.60000,0.22273,normal
10.28000,-10.91731,-1.39423,2.29423,-0.99091,-0.60000,0.20455,normal
10.30000,-8.48961,-1.91558,2.38961,-0.96552,-0.30000,-0.10000,normal
10.32000,-8.43766,-1.99351,2.33766,-0.89655,-0.30000,-0.10000,normal
10.34000,-8.38571,-2.07143,2.28571,-0.82759,-0.30000,-0.10000,normal
10.36000,-8.33377,-2.14935,2.23377,-0.75862,-0.30000,-0.10000,normal
10.38000,-8.30000,-2.27000,2.06000,-0.64706,-0.30000,-0.10000,normal
10.40000,-8.73158,-1.71053,2.71053,-0.05000,-0.20000,0.10000,normal
10.42000,-8.78421,-1.72807,2.72807,-0.12815,-0.20000,0.11407,normal
10.44000,-8.83684,-1.74561,2.74561,-0.15778,-0.20000,0.12889,normal
10.46000,-8.88947,-1.76316,2.76316,-0.18741,-0.20000,0.14370,normal
10.48000,-8.94211,-1.78070,2.78070,-0.21704,-0.20000,0.15852,normal
10.50000,-8.99474,-1.79825,2.79825,-0.24667,-0.20000,0.17333,normal
10.52000,-9.50800,-2.00400,2.74800,-0.27630,-0.20000,0.18815,normal
10.54000,-9.48000,-2.00000,2.74000,-0.38000,-0.12000,0.20000,normal
10.56000,-9.32742,-2.00000,2.82742,-0.33077,0.00000,0.20000,normal
10.58000,-9.35968,-2.00000,2.85968,-0.25897,0.00000,0.15897,normal
10.60000,-9.39194,-2.00000,2.89194,-0.20769,0.00000,0.10769,normal
10.62000,-9.60920,-1.59080,3.10000,0.10000,-0.10000,-0.10000,normal
10.64000,-9.63218,-1.56782,3.10000,0.10000,-0.10000,-0.10000,normal
10.66000,-9.65517,-1.54483,3.10000,0.10000,-0.10000,-0.10000,normal
10.68000,-9.67816,-1.52184,3.10000,0.10000,-0.10000,-0.10000,normal
10.70000,-9.70000,-1.30000,3.10000,0.10000,-0.10000,-0.10000,normal
10.72000,-9.38421,-1.21579,2.96842,-0.39176,-0.20000,0.00000,normal
10.74000,-9.36316,-1.23684,2.92632,-0.36824,-0.20000,0.00000,normal
10.76000,-9.34211,-1.25789,2.88421,-0.34471,-0.20000,0.00000,normal
10.78000,-9.32105,-1.27895,2.84211,-0.32118,-0.20000,0.00000,normal
10.80000,-9.30000,-1.30000,2.80000,-0.30000,-0.30000,0.10000,normal
10.82000,-9.17528,-0.90000,2.78764,-0.60000,-0.28864,0.31136,normal
10.84000,-9.13034,-0.90000,2.76517,-0.60000,-0.26591,0.33409,normal
10.86000,-9.08539,-0.90000,2.74270,-0.60000,-0.24318,0.35682,normal
10.88000,-9.04045,-0.90000,2.72022,-0.60000,-0.22045,0.37955,normal
10.90000,-8.90000,-1.10000,2.80000,-0.60000,-0.15000,0.45000,normal
10.92000,-8.83407,-0.78681,3.02637,-0.40000,-0.08242,0.60000,normal
10.94000,-8.72418,-0.76484,3.07033,-0.40000,-0.06044,0.60000,normal
10.96000,-8.61429,-0.74286,3.11429,-0.40000,-0.03846,0.60000,normal
10.98000,-8.50440,-0.72088,3.15824,-0.40000,-0.01648,0.60000,normal
11.00000,-8.30000,-0.75000,3.25000,-0.47143,0.20000,0.62857,normal
11.02000,-9.01522,-1.58478,3.73043,-0.17547,0.30000,0.70000,normal
11.04000,-9.03696,-1.56304,3.77391,-0.13774,0.30000,0.70000,normal
11.06000,-9.05870,-1.54130,3.81739,-0.10000,0.30000,0.70000,normal
11.08000,-9.08043,-1.51957,3.86087,-0.06226,0.30000,0.70000,normal
11.10000,-9.10000,-1.50000,3.94000,-0.02453,0.30000,0.70000,normal
11.12000,-9.38462,-1.41538,4.20000,0.10000,0.30000,0.70000,normal
11.14000,-9.38023,-1.38023,4.20000,-0.01294,0.20000,0.68706,normal
11.16000,-9.35698,-1.35698,4.20000,-0.03647,0.20000,0.66353,normal
11.18000,-9.33372,-1.33372,4.20000,-0.06000,0.20000,0.64000,normal
11.20000,-9.31047,-1.31047,4.20000,-0.08353,0.20000,0.61647,normal
11.22000,-8.90253,-2.00000,3.79873,-0.36000,0.02000,0.30000,normal
11.24000,-8.95316,-2.00000,3.77342,-0.17838,0.07838,0.27838,normal
11.26000,-9.00380,-2.00000,3.74810,-0.15135,0.05135,0.25135,normal
11.28000,-9.05443,-2.00000,3.72278,-0.12432,0.02432,0.22432,normal
11.30000,-9.00000,-1.90000,3.60000,0.10000,0.00000,0.10000,normal
11.32000,-8.92472,-1.47528,3.50000,0.28202,0.00000,-0.11798,normal
11.34000,-8.96966,-1.43034,3.50000,0.25955,0.00000,-0.14045,normal
11.36000,-9.01461,-1.38539,3.50000,0.23708,0.00000,-0.16292,normal
11.38000,-9.05955,-1.34045,3.50000,0.21461,0.00000,-0.18539,normal
11.40000,-9.10000,-1.30000,3.50000,0.30000,0.00000,-0.50000,normal
11.42000,-8.66739,-1.60000,3.40000,0.33960,0.00000,-0.50000,normal
11.44000,-8.62391,-1.60000,3.40000,0.37921,0.00000,-0.50000,normal
11.46000,-8.58043,-1.60000,3.40000,0.41881,0.00000,-0.50000,normal
11.48000,-8.53696,-1.60000,3.40000,0.45842,0.00000,-0.50000,normal
11.50000,-8.27000,-1.51000,3.41000,0.49802,0.00000,-0.50000,normal
11.52000,-8.51860,-1.78140,3.50000,0.70000,0.20000,-0.45000,normal
11.54000,-8.56512,-1.73488,3.50000,0.70000,0.20000,-0.40000,normal
11.56000,-8.61163,-1.68837,3.50000,0.70000,0.20000,-0.40000,normal
11.58000,-8.65814,-1.64186,3.50000,0.70000,0.20000,-0.40000,normal
11.60000,-8.70000,-1.56667,3.50000,0.70000,0.20000,-0.40000,normal
11.62000,-9.47442,-1.99070,3.29070,0.70000,0.20000,-0.40000,normal
11.64000,-9.84651,-1.94419,3.24419,0.70000,0.20000,-0.40000,normal
11.66000,-10.21449,-1.89565,3.20145,0.75000,0.17500,-0.30000,normal
11.68000,-10.50435,-1.80870,3.23043,0.92464,0.07536,-0.30000,normal
11.70000,-10.79420,-1.72174,3.25942,0.95362,0.04638,-0.30000,normal
11.72000,-11.08406,-1.63478,3.28841,0.98261,0.01739,-0.30000,normal
11.74000,-13.20000,-1.65000,3.77500,0.72857,0.00000,-0.38571,normal
11.76000,-14.60606,-1.93434,3.70000,0.36596,-0.08298,-0.38298,normal
11.78000,-14.84848,-1.97475,3.70000,0.32340,-0.06170,-0.36170,normal
11.80000,-15.09091,-2.01515,3.70000,0.28085,-0.04043,-0.34043,normal
11.82000,-15.33333,-2.05556,3.70000,0.23830,-0.01915,-0.31915,normal
11.84000,-15.57576,-2.09596,3.70000,0.25000,0.00000,-0.35000,normal
11.86000,-10.49592,-1.33265,3.51020,0.56316,0.10000,-0.62105,normal
11.88000,-9.76122,-1.21020,3.34694,0.66842,0.10000,-0.65614,normal
11.90000,-8.86000,-1.00000,3.12000,0.77368,0.10000,-0.69123,normal
11.92000,-6.85698,0.37558,2.05116,1.10000,-0.35000,-0.65000,normal
11.94000,-7.01977,0.30581,1.91163,0.49103,-0.64359,-0.45641,normal
11.96000,-7.18256,0.23605,1.77209,0.36282,-0.69487,-0.40513,normal
11.98000,-7.34535,0.16628,1.63256,0.23462,-0.74615,-0.35385,normal
12.00000,-7.80000,-0.05000,1.30000,0.10641,-0.79744,-0.30256,normal
12.02000,-8.19070,-0.42791,0.30000,-0.90000,-0.67143,-0.51429,normal
12.04000,-8.16744,-0.49767,0.30000,-0.90000,-0.62747,-0.53626,normal
12.06000,-8.14419,-0.56744,0.30000,-0.90000,-0.58352,-0.55824,normal
12.08000,-8.12093,-0.63721,0.30000,-0.90000,-0.53956,-0.58022,normal
12.10000,-7.80000,-1.20000,0.40000,-0.70000,-0.30000,-0.60000,normal
12.12000,-8.06769,-1.53231,1.06769,0.61829,0.20000,-0.26341,normal
12.14000,-8.19077,-1.40923,1.19077,0.64268,0.20000,-0.21463,normal
12.16000,-8.31385,-1.28615,1.31385,0.66707,0.20000,-0.16585,normal
12.18000,-9.16667,-1.40000,2.30000,0.69146,0.20000,-0.11707,normal
12.20000,-9.63448,-1.36552,2.73448,0.38108,0.60946,0.20000,normal
12.22000,-9.68046,-1.31954,2.78046,0.32703,0.63649,0.20000,normal
12.24000,-9.72644,-1.27356,2.82644,0.27297,0.66351,0.20000,normal
12.26000,-9.77241,-1.22759,2.87241,0.21892,0.69054,0.20000,normal
12.28000,-9.29187,-1.11220,3.09593,-0.10000,0.70000,0.30000,normal
12.30000,-9.25935,-1.16098,3.07967,-0.10000,0.70000,0.30000,normal
12.32000,-9.22683,-1.20976,3.06341,-0.10000,0.70000,0.30000,normal
12.34000,-9.19431,-1.25854,3.04715,-0.10000,0.70000,0.30000,normal
12.36000,-9.16179,-1.30732,3.03089,-0.10000,0.70000,0.30000,normal
12.38000,-9.12927,-1.35610,3.01463,-0.10000,0.70000,0.30000,normal
12.40000,-9.25000,-1.80000,2.95000,0.10000,0.70000,0.30000,normal
12.42000,-9.60000,-1.94947,3.11684,0.51717,0.66566,0.40000,normal
12.44000,-9.60000,-1.88632,3.13789,0.53737,0.62525,0.40000,normal
12.46000,-9.60000,-1.82316,3.15895,0.55758,0.58485,0.40000,normal
12.48000,-9.60000,-1.76000,3.18000,0.57778,0.54444,0.40000,normal
12.50000,-9.50000,-1.50000,3.25000,0.59798,0.50404,0.40000,normal
12.52000,-11.28140,-1.10930,2.82791,-0.63774,-0.30943,0.40000,normal
12.54000,-11.23488,-1.13256,2.89767,-0.71321,-0.32830,0.40000,normal
12.56000,-11.18837,-1.15581,2.96744,-0.78868,-0.34717,0.40000,normal
12.58000,-11.14186,-1.17907,3.03721,-0.86415,-0.36604,0.40000,normal
12.60000,-9.45000,-1.55000,3.35000,-0.93962,-0.38491,0.40000,normal
12.62000,-7.95106,-2.50000,2.46596,-1.06667,-0.33333,0.26667,normal
12.64000,-8.01489,-2.50000,2.42340,-0.50152,-0.21970,-0.20000,normal
12.66000,-8.07872,-2.50000,2.38085,-0.35000,-0.25000,-0.20000,normal
12.68000,-8.14255,-2.50000,2.33830,-0.19848,-0.28030,-0.20000,normal
12.70000,-8.55000,-2.00000,2.40000,0.40000,-0.30000,-0.10000,normal
12.72000,-9.23232,-1.18384,2.78384,-0.17292,-0.40000,0.10000,normal
12.74000,-9.27273,-1.16364,2.76364,-0.27708,-0.40000,0.10000,normal
12.76000,-9.31313,-1.14343,2.74343,-0.38125,-0.40000,0.10000,normal
12.78000,-9.35354,-1.12323,2.72323,-0.48542,-0.40000,0.10000,normal
12.80000,-9.39394,-1.10303,2.70303,-0.58958,-0.40000,0.10000,normal
12.82000,-9.48657,-1.85970,2.40000,-0.37187,-0.20000,-0.21406,normal
12.84000,-9.45672,-1.77015,2.40000,-0.30938,-0.20000,-0.24531,normal
12.86000,-9.42687,-1.68060,2.40000,-0.24688,-0.20000,-0.27656,normal
12.88000,-9.46667,-1.40000,2.46667,-0.01667,-0.20000,-0.28333,normal
12.90000,-9.67143,-0.77143,2.80000,-0.22626,-0.20000,-0.10000,normal
12.92000,-9.63061,-0.73061,2.80000,-0.26667,-0.20000,-0.10000,normal
12.94000,-9.58980,-0.68980,2.80000,-0.30707,-0.20000,-0.10000,normal
12.96000,-9.54898,-0.64898,2.80000,-0.34747,-0.20000,-0.10000,normal
12.98000,-9.50816,-0.60816,2.80000,-0.38788,-0.20000,-0.10000,normal
13.00000,-9.72410,-0.82410,3.22410,-0.47778,-0.08889,0.11111,normal
13.02000,-9.77229,-0.87229,3.27229,-0.42840,-0.06420,0.13580,normal
13.04000,-9.82048,-0.92048,3.32048,-0.37901,-0.03951,0.16049,normal
13.06000,-9.86867,-0.96867,3.36867,-0.32963,-0.01481,0.18519,normal
13.08000,-9.70000,-0.80000,3.50000,-0.20000,0.20000,0.50000,normal
13.10000,-8.84333,-0.81889,3.50000,-0.22151,0.20000,0.54301,normal
13.12000,-8.77667,-0.84111,3.50000,-0.24301,0.20000,0.58602,normal
13.14000,-8.71000,-0.86333,3.50000,-0.26452,0.20000,0.62903,normal
13.16000,-8.64333,-0.88556,3.50000,-0.28602,0.20000,0.67204,normal
13.18000,-8.85000,-1.25000,3.40000,-0.70000,0.25000,0.90000,normal
13.20000,-8.35053,-1.78421,3.15053,-0.68152,0.41848,0.91848,normal
13.22000,-8.41368,-1.88947,3.21368,-0.65978,0.44022,0.94022,normal
13.24000,-8.47684,-1.99474,3.27684,-0.63804,0.46196,0.96196,normal
13.26000,-8.54000,-2.10000,3.34000,-0.61630,0.48370,0.98370,normal
13.28000,-8.85000,-2.35000,3.40000,-0.48889,0.55556,1.00000,normal
13.30000,-8.90000,-1.86782,3.64828,0.41146,0.38854,0.67708,normal
13.32000,-8.90000,-1.82184,3.71724,0.43229,0.36771,0.63542,normal
13.34000,-8.90000,-1.77586,3.78621,0.45313,0.34687,0.59375,normal
13.36000,-8.90000,-1.72989,3.85517,0.47396,0.32604,0.55208,normal
13.38000,-8.90000,-1.60000,4.10000,0.49479,0.30521,0.51042,normal
13.40000,-8.69487,-1.91026,3.78974,0.31667,0.01667,0.10000,normal
13.42000,-8.66923,-1.96154,3.73846,0.30000,0.00000,0.07313,normal
13.44000,-8.64359,-2.01282,3.68718,0.30000,0.00000,0.04328,normal
13.46000,-8.61795,-2.06410,3.63590,0.30000,0.00000,0.01343,normal
13.48000,-9.20000,-2.10000,3.20000,0.20000,-0.20000,-0.20000,normal
13.50000,-9.54457,-2.20000,3.05870,0.22273,-0.20000,-0.22273,normal
13.52000,-9.69674,-2.20000,3.01522,0.24545,-0.20000,-0.24545,normal
13.54000,-9.84891,-2.20000,2.97174,0.26818,-0.20000,-0.26818,normal
13.56000,-10.00109,-2.20000,2.92826,0.29091,-0.20000,-0.29091,normal
13.58000,-12.40847,-2.19831,3.29915,0.30000,-0.30000,-0.60000,normal
13.60000,-12.57797,-2.16441,3.28220,0.30000,-0.30000,-0.60000,normal
13.62000,-12.74746,-2.13051,3.26525,0.30000,-0.30000,-0.60000,normal
13.64000,-12.91695,-2.09661,3.24831,0.30000,-0.30000,-0.60000,normal
13.66000,-13.08644,-2.06271,3.23136,0.30000,-0.30000,-0.60000,normal
13.68000,-13.25593,-2.02881,3.21441,0.30000,-0.30000,-0.60000,normal
13.70000,-14.70000,-1.80000,3.80000,0.19652,-0.19652,-0.70000,normal
13.72000,-15.20000,-1.80000,4.03711,0.17913,-0.17913,-0.70000,normal
13.74000,-15.20000,-1.80000,4.07835,0.16174,-0.16174,-0.70000,normal
13.76000,-15.20000,-1.80000,4.11959,0.14435,-0.14435,-0.70000,normal
13.78000,-15.20000,-1.80000,4.16082,0.12696,-0.12696,-0.70000,normal
13.80000,-14.45000,-1.75000,4.25000,0.10957,-0.10957,-0.70000,normal
13.82000,-6.90000,0.00000,3.10000,0.55000,0.00000,-0.80000,normal
13.84000,-6.10000,0.67200,2.65200,1.19692,-0.30308,-0.59846,normal
13.86000,-6.10000,0.75200,2.59867,1.13538,-0.36462,-0.56769,normal
13.88000,-6.10000,0.83200,2.54533,1.07385,-0.42615,-0.53692,normal
13.90000,-6.52000,0.84000,2.38000,1.01231,-0.48769,-0.50615,normal
13.92000,-8.57561,0.20000,0.89390,-0.72250,-0.89250,-0.00750,normal
13.94000,-8.47805,0.20000,0.86951,-0.79750,-0.86750,-0.03250,normal
13.96000,-8.38049,0.20000,0.84512,-0.87250,-0.84250,-0.05750,normal
13.98000,-8.28293,0.20000,0.82073,-0.94750,-0.81750,-0.08250,normal
14.00000,-7.72000,-0.26000,0.52000,-0.78750,-0.46250,-0.30000,normal
14.02000,-7.36774,-0.93226,0.41613,-0.55313,-0.36875,-0.30000,normal
14.04000,-7.32473,-0.97527,0.43763,-0.49062,-0.32708,-0.30000,normal
14.06000,-7.28172,-1.01828,0.45914,-0.42813,-0.28542,-0.30000,normal
14.08000,-7.23871,-1.06129,0.48065,-0.36563,-0.24375,-0.30000,normal
14.10000,-7.22500,-1.17500,0.57500,-0.30313,-0.20208,-0.30000,normal
14.12000,-8.63765,-1.60941,2.03765,0.50000,0.52766,0.31383,normal
14.14000,-8.73176,-1.63294,2.13176,0.50000,0.57021,0.33511,normal
14.16000,-8.82588,-1.65647,2.22588,0.50000,0.61277,0.35638,normal
14.18000,-8.92000,-1.68000,2.32000,0.50000,0.65532,0.37766,normal
14.20000,-9.01000,-1.60000,2.84000,0.50000,0.69787,0.39894,normal
14.22000,-9.61882,-1.59059,3.70000,0.60341,1.00000,0.50000,normal
14.24000,-9.66588,-1.56706,3.70000,0.62614,1.00000,0.50000,normal
14.26000,-9.71294,-1.54353,3.70000,0.64886,1.00000,0.50000,normal
14.28000,-9.76000,-1.52000,3.70000,0.67159,1.00000,0.50000,normal
14.30000,-10.05000,-1.20000,3.80000,0.69432,1.00000,0.50000,normal
14.32000,-9.39390,-1.23049,4.08780,0.40000,0.69012,0.10000,normal
14.34000,-9.36951,-1.35244,4.03902,0.40000,0.66543,0.10000,normal
14.36000,-9.34512,-1.47439,3.99024,0.40000,0.64074,0.10000,normal
14.38000,-9.32073,-1.59634,3.94146,0.40000,0.61605,0.10000,normal
14.40000,-9.55000,-1.25000,3.70000,0.60000,-0.10000,0.00000,normal
14.42000,-9.90323,-0.55161,2.90000,-0.50851,-0.61809,0.01809,normal
14.44000,-10.03226,-0.61613,2.90000,-0.63617,-0.63936,0.03936,normal
14.46000,-10.16129,-0.68065,2.90000,-0.76383,-0.66064,0.06064,normal
14.48000,-10.29032,-0.74516,2.90000,-0.89149,-0.68191,0.08191,normal
14.50000,-10.35000,-1.60000,2.95000,-1.54000,-0.66000,0.06000,normal
14.52000,-8.46559,-2.15161,2.73118,-0.94563,-0.38641,-0.31359,normal
14.54000,-8.42258,-2.21613,2.64516,-0.86796,-0.36699,-0.33301,normal
14.56000,-8.37957,-2.28065,2.55914,-0.79029,-0.34757,-0.35243,normal
14.58000,-8.33656,-2.34516,2.47312,-0.71262,-0.32816,-0.37184,normal
14.60000,-8.36000,-2.40000,2.28000,-0.63495,-0.30874,-0.39126,normal
14.62000,-8.50000,-1.20000,2.70000,0.40000,-0.30000,-0.40000,normal
14.64000,-8.50000,-1.20000,2.74819,0.34800,-0.20000,-0.28267,normal
14.66000,-8.50000,-1.20000,2.79639,0.26800,-0.20000,-0.25600,normal
14.68000,-8.50000,-1.20000,2.84458,0.18800,-0.20000,-0.22933,normal
14.70000,-8.50000,-1.20000,2.89277,0.10800,-0.20000,-0.20267,normal
14.72000,-9.54444,-1.81111,2.62222,-0.16250,0.10000,-0.10000,normal
14.74000,-9.67143,-1.84286,2.68571,-0.10000,0.10000,-0.10000,normal
14.76000,-9.79841,-1.87460,2.74921,-0.03750,0.10000,-0.10000,normal
14.78000,-9.70000,-1.40000,3.10000,0.40000,0.00000,-0.20000,normal
14.80000,-9.63864,-0.98068,3.21932,0.37931,-0.02069,-0.30000,normal
14.82000,-9.68409,-0.95795,3.24205,0.35632,-0.04368,-0.30000,normal
14.84000,-9.72955,-0.93523,3.26477,0.33333,-0.06667,-0.30000,normal
14.86000,-9.77500,-0.91250,3.28750,0.31034,-0.08966,-0.30000,normal
14.88000,-9.68857,-1.10000,3.89238,-0.10000,0.00614,0.00614,normal
14.90000,-9.63143,-1.10000,3.85429,-0.10000,0.02368,0.02368,normal
14.92000,-9.57429,-1.10000,3.81619,-0.10000,0.04123,0.04123,normal
14.94000,-9.51714,-1.10000,3.77810,-0.10000,0.05877,0.05877,normal
14.96000,-9.46000,-1.10000,3.74000,-0.10000,0.07632,0.07632,normal
14.98000,-9.40286,-1.10000,3.70190,-0.10000,0.09386,0.09386,normal
15.00000,-8.90404,-0.90000,3.40000,-0.21250,0.00000,0.31250,normal
15.02000,-8.94444,-0.90000,3.40000,-0.31264,0.00000,0.50000,normal
15.04000,-8.98485,-0.90000,3.40000,-0.33563,0.00000,0.50000,normal
15.06000,-9.02525,-0.90000,3.40000,-0.35862,0.00000,0.50000,normal
15.08000,-9.06566,-0.90000,3.40000,-0.38161,0.00000,0.50000,normal
15.10000,-9.16000,-1.02000,3.34000,-0.65000,0.00000,0.60000,normal
15.12000,-8.80000,-1.41429,2.98571,-0.68333,0.10000,0.61667,normal
15.14000,-8.80000,-1.43626,2.96374,-0.66111,0.10000,0.63889,normal
15.16000,-8.80000,-1.45824,2.94176,-0.63889,0.10000,0.66111,normal
15.18000,-8.80000,-1.48022,2.91978,-0.61667,0.10000,0.68333,normal
15.20000,-8.90000,-1.50000,2.90000,-0.58000,0.20000,0.60000,normal
15.22000,-7.65778,-1.97222,3.42889,-0.27778,0.51111,0.50000,normal
15.24000,-7.74667,-2.08333,3.47333,-0.24074,0.52963,0.50000,normal
15.26000,-7.83556,-2.19444,3.51778,-0.20370,0.54815,0.50000,normal
15.28000,-7.92444,-2.30556,3.56222,-0.16667,0.56667,0.50000,normal
15.30000,-8.30000,-2.55000,3.67500,-0.12963,0.58519,0.50000,normal
15.32000,-9.00000,-2.10000,4.40000,0.55000,0.55000,0.50000,normal
15.34000,-9.10390,-2.04805,4.42597,0.81475,0.38525,0.48525,normal
15.36000,-9.20779,-1.99610,4.45195,0.84754,0.35246,0.45246,normal
15.38000,-9.31169,-1.94416,4.47792,0.88033,0.31967,0.41967,normal
15.40000,-10.30000,-1.50000,4.50000,0.40000,0.05000,0.25000,normal
15.42000,-11.51915,-2.03404,4.36596,0.11837,-0.13673,0.08163,normal
15.44000,-11.66809,-2.07660,4.32340,0.13878,-0.17755,0.06122,normal
15.46000,-11.81702,-2.11915,4.28085,0.15918,-0.21837,0.04082,normal
15.48000,-11.96596,-2.16170,4.23830,0.17959,-0.25918,0.02041,normal
15.50000,-12.70000,-2.10000,4.00000,0.20000,-0.30000,0.00000,normal
15.52000,-13.64333,-2.02889,3.90000,0.30000,-0.40000,-0.60000,normal
15.54000,-13.71000,-2.07333,3.90000,0.30000,-0.40000,-0.60000,normal
15.56000,-13.77667,-2.11778,3.90000,0.30000,-0.40000,-0.60000,normal
15.58000,-13.84333,-2.16222,3.90000,0.30000,-0.40000,-0.60000,normal
15.60000,-13.98571,-2.04286,3.91429,0.40000,-0.40000,-0.70000,normal
15.62000,-9.91034,-0.88736,3.54943,0.51429,-0.40000,-1.01429,normal
15.64000,-9.56552,-0.86437,3.45747,0.53214,-0.40000,-1.03214,normal
15.66000,-9.22069,-0.84138,3.36552,0.55000,-0.40000,-1.05000,normal
15.68000,-8.87586,-0.81839,3.27356,0.56786,-0.40000,-1.06786,normal
15.70000,-7.86667,-0.73333,3.00000,0.58571,-0.40000,-1.08571,normal
15.72000,-7.20000,0.21667,2.20833,1.10000,-0.62000,-1.09000,normal
15.74000,-7.20000,0.26429,2.23214,1.06508,-0.83492,-0.98254,normal
15.76000,-7.20000,0.31190,2.25595,1.00159,-0.89841,-0.95079,normal
15.78000,-7.20000,0.35952,2.27976,0.93810,-0.96190,-0.91905,normal
15.80000,-8.10000,-0.10000,1.80000,-0.05000,-1.10000,-0.50000,normal
15.82000,-8.48211,-0.43579,1.60000,-0.41935,-1.06129,-0.40000,normal
15.84000,-8.46105,-0.47789,1.60000,-0.44086,-1.01828,-0.40000,normal
15.86000,-8.44000,-0.52000,1.60000,-0.46237,-0.97527,-0.40000,normal
15.88000,-8.41895,-0.56211,1.60000,-0.48387,-0.93226,-0.40000,normal
15.90000,-8.26667,-0.66667,1.60000,-0.20000,-0.50000,-0.50000,normal
15.92000,-7.50000,-0.84615,1.51538,-0.08125,-0.36250,-0.48125,normal
15.94000,-7.50000,-0.91209,1.53736,-0.06042,-0.32083,-0.46042,normal
15.96000,-7.50000,-0.97802,1.55934,-0.03958,-0.27917,-0.43958,normal
15.98000,-7.50000,-1.04396,1.58132,-0.01875,-0.23750,-0.41875,normal
16.00000,-7.60000,-1.32857,1.94286,0.15000,0.10000,-0.25000,normal
16.02000,-7.63188,-1.58406,2.83188,0.30000,0.83896,0.13896,normal
16.04000,-7.68986,-1.55507,2.88986,0.30000,0.89091,0.19091,normal
16.06000,-7.74783,-1.52609,2.94783,0.30000,0.94286,0.24286,normal
16.08000,-8.30000,-1.50000,3.20000,0.30000,0.99481,0.29481,normal
16.10000,-9.22727,-1.58182,3.50909,0.20000,1.28333,0.78333,normal
16.12000,-9.30519,-1.52987,3.53506,0.30000,1.40000,0.92540,normal
16.14000,-9.38312,-1.47792,3.56104,0.30000,1.40000,0.95714,normal
16.16000,-9.46104,-1.42597,3.58701,0.30000,1.40000,0.98889,normal
16.18000,-10.49899,-1.89798,3.80101,0.10309,1.29794,0.89897,normal
16.20000,-10.47879,-1.85758,3.82121,0.16495,1.25670,0.87835,normal
16.22000,-10.45859,-1.81717,3.84141,0.22680,1.21546,0.85773,normal
16.24000,-10.43838,-1.77677,3.86162,0.28866,1.17423,0.83711,normal
16.26000,-10.41818,-1.73636,3.88182,0.35052,1.13299,0.81649,normal
16.28000,-10.00000,-1.10000,3.90000,0.34000,0.74000,0.57000,normal
16.30000,-10.35000,-1.05000,3.68333,-0.63375,0.07750,0.40000,normal
16.32000,-10.41667,-1.11667,3.66111,-0.70875,0.02750,0.40000,normal
16.34000,-10.48333,-1.18333,3.63889,-0.78375,-0.02250,0.40000,normal
16.36000,-10.55000,-1.25000,3.61667,-0.85875,-0.07250,0.40000,normal
16.38000,-10.10000,-2.00000,3.40000,-0.99266,-0.30183,-0.00183,normal
16.40000,-9.28387,-2.10000,3.24194,-0.91927,-0.32018,-0.02018,normal
16.42000,-9.15484,-2.10000,3.17742,-0.84587,-0.33853,-0.03853,normal
16.44000,-9.02581,-2.10000,3.11290,-0.77248,-0.35688,-0.05688,normal
16.46000,-8.89677,-2.10000,3.04839,-0.69908,-0.37523,-0.07523,normal
16.48000,-8.80000,-2.02857,2.71429,-0.62569,-0.39358,-0.09358,normal
16.50000,-8.99508,-1.09836,2.70164,0.10000,-0.50000,-0.35000,normal
16.52000,-8.94590,-1.08197,2.71803,-0.02385,-0.50000,-0.40000,normal
16.54000,-8.89672,-1.06557,2.73443,-0.06055,-0.50000,-0.40000,normal
16.56000,-8.84754,-1.04918,2.75082,-0.09725,-0.50000,-0.40000,normal
16.58000,-8.79836,-1.03279,2.76721,-0.13394,-0.50000,-0.40000,normal
16.60000,-8.74918,-1.01639,2.78361,-0.17064,-0.50000,-0.40000,normal
16.62000,-8.70000,-1.00000,2.80000,-0.51111,-0.50000,-0.40000,normal
16.64000,-9.33662,-1.48169,2.50000,-0.48675,-0.38675,-0.30000,normal
16.66000,-9.39296,-1.45352,2.50000,-0.46265,-0.36265,-0.30000,normal
16.68000,-9.44930,-1.42535,2.50000,-0.43855,-0.33855,-0.30000,normal
16.70000,-9.40000,-1.10000,2.60000,-0.41446,-0.31446,-0.30000,normal
16.72000,-9.90000,-1.20000,3.20000,-0.10000,-0.20000,-0.30000,normal
16.74000,-9.97600,-1.27600,3.42400,0.26000,0.22000,-0.20000,normal
16.76000,-9.94933,-1.24933,3.45067,0.34000,0.24667,-0.20000,normal
16.78000,-9.92267,-1.22267,3.47733,0.42000,0.27333,-0.20000,normal
16.80000,-9.82500,-1.16250,3.57500,0.50000,0.30000,-0.20000,normal
16.82000,-9.41047,-0.70000,3.82093,0.47021,0.30000,0.21489,normal
16.84000,-9.43372,-0.70000,3.86744,0.42766,0.30000,0.23617,normal
16.86000,-9.45698,-0.70000,3.91395,0.38511,0.30000,0.25745,normal
16.88000,-9.48023,-0.70000,3.96047,0.34255,0.30000,0.27872,normal
16.90000,-9.53333,-0.76667,3.96667,0.30000,0.30000,0.30000,normal
16.92000,-9.06966,-1.11011,3.38989,-0.19398,0.09398,0.40000,normal
16.94000,-9.00225,-1.13258,3.36742,-0.16988,0.06988,0.40000,normal
16.96000,-8.93483,-1.15506,3.34494,-0.14578,0.04578,0.40000,normal
16.98000,-8.86742,-1.17753,3.32247,-0.12169,0.02169,0.40000,normal
17.00000,-8.80000,-1.20000,3.30000,-0.10000,-0.02000,0.30000,normal
17.02000,-7.94222,-1.30000,3.00000,-0.20000,-0.08471,0.20000,normal
17.04000,-7.85333,-1.30000,3.00000,-0.20000,-0.06118,0.20000,normal
17.06000,-7.76444,-1.30000,3.00000,-0.20000,-0.03765,0.20000,normal
17.08000,-7.67556,-1.30000,3.00000,-0.20000,-0.01412,0.20000,normal
17.10000,-7.50000,-1.60000,2.90000,-0.10000,0.30187,0.20093,normal
17.12000,-7.65426,-2.05426,3.17234,-0.10000,0.33925,0.21963,normal
17.14000,-7.71809,-2.11809,3.25745,-0.10000,0.37664,0.23832,normal
17.16000,-7.78191,-2.18191,3.34255,-0.10000,0.41402,0.25701,normal
17.18000,-7.84574,-2.24574,3.42766,-0.10000,0.45140,0.27570,normal
17.20000,-8.05000,-2.40000,3.60000,-0.10000,0.48879,0.29439,normal
17.22000,-7.80455,-2.54091,3.80000,0.91899,0.29367,0.00000,normal
17.24000,-8.14545,-2.60909,3.80000,0.99494,0.26835,0.00000,normal
17.26000,-8.48636,-2.67727,3.80000,1.07089,0.24304,0.00000,normal
17.28000,-8.82727,-2.74545,3.80000,1.14684,0.21772,0.00000,normal
17.30000,-10.54000,-2.48000,4.04000,1.38776,-0.10204,-0.40408,normal
17.32000,-12.83261,-0.50000,5.03261,1.26531,-0.12245,-0.44490,normal
17.34000,-12.87609,-0.50000,5.07609,1.14286,-0.14286,-0.48571,normal
17.36000,-12.91957,-0.50000,5.11957,1.02041,-0.16327,-0.52653,normal
17.38000,-12.96304,-0.50000,5.16304,0.89796,-0.18367,-0.56735,normal
17.40000,-13.60000,-1.60000,4.70000,0.10000,-0.30000,-0.70000,normal
17.42000,-14.40000,-1.92842,4.70000,0.41685,-0.21685,-0.68315,normal
17.44000,-14.40000,-1.84421,4.70000,0.43933,-0.23933,-0.66067,normal
17.46000,-14.40000,-1.76000,4.70000,0.46180,-0.26180,-0.63820,normal
17.48000,-14.40000,-1.67579,4.70000,0.48427,-0.28427,-0.61573,normal
17.50000,-14.20000,-1.20000,4.50000,0.18571,-0.35714,-0.54286,normal
17.52000,-9.93626,-0.06703,3.21758,-0.01429,-0.50000,-0.62857,normal
17.54000,-9.58462,-0.02308,3.10769,-0.03469,-0.50000,-0.66939,normal
17.56000,-9.23297,0.02088,2.99780,-0.05510,-0.50000,-0.71020,normal
17.58000,-8.88132,0.06484,2.88791,-0.07551,-0.50000,-0.75102,normal
17.60000,-7.10000,0.20000,1.90000,-0.09592,-0.50000,-0.79184,normal
17.62000,-7.46176,-0.21275,1.58725,-0.10957,-0.79043,-0.59043,normal
17.64000,-7.40294,-0.23235,1.56765,-0.13085,-0.76915,-0.56915,normal
17.66000,-7.34412,-0.25196,1.54804,-0.15213,-0.74787,-0.54787,normal
17.68000,-7.28529,-0.27157,1.52843,-0.17340,-0.72660,-0.52660,normal
17.70000,-7.22647,-0.29118,1.50882,-0.19468,-0.70532,-0.50532,normal
17.72000,-8.48500,-0.19500,1.70000,-0.51235,-0.70000,0.20000,normal
17.74000,-8.41000,-0.17000,1.70000,-0.56173,-0.70000,0.20000,normal
17.76000,-8.33500,-0.14500,1.70000,-0.61111,-0.70000,0.20000,normal
17.78000,-8.26000,-0.12000,1.70000,-0.66049,-0.70000,0.20000,normal
17.80000,-8.08571,-0.27143,1.70000,-0.90000,-0.50000,0.20000,normal
17.82000,-7.81277,-1.32553,1.38723,-0.78191,-0.26383,0.31809,normal
17.84000,-7.83404,-1.36809,1.36596,-0.76064,-0.22128,0.33936,normal
17.86000,-7.85532,-1.41064,1.34468,-0.73936,-0.17872,0.36064,normal
17.88000,-7.87660,-1.45319,1.32340,-0.71809,-0.13617,0.38191,normal
17.90000,-7.89787,-1.49574,1.30213,-0.50000,0.10000,0.50000,normal
17.92000,-8.26742,-2.11348,2.11348,-0.60000,0.70000,0.90000,normal
17.94000,-8.37978,-2.13596,2.13596,-0.57816,0.84368,1.02184,normal
17.96000,-8.49213,-2.15843,2.15843,-0.55517,0.88966,1.04483,normal
17.98000,-8.60449,-2.18090,2.18090,-0.53218,0.93563,1.06782,normal
18.00000,-8.77500,-2.20000,2.31250,-0.50920,0.98161,1.09080,normal
18.02000,-9.30370,-2.20123,3.60617,-0.33684,1.43684,1.43684,normal
18.04000,-9.37778,-2.22593,3.72963,-0.38933,1.50000,1.48933,normal
18.06000,-9.45185,-2.25062,3.85309,-0.36267,1.50000,1.46267,normal
18.08000,-9.52593,-2.27531,3.97654,-0.33600,1.50000,1.43600,normal
18.10000,-9.60000,-2.30000,4.10000,-0.30933,1.50000,1.40933,normal
18.12000,-10.21639,-2.16721,4.88361,0.00208,0.99583,0.89583,normal
18.14000,-10.24918,-2.10164,4.85082,0.04375,0.91250,0.81250,normal
18.16000,-10.28197,-2.03607,4.81803,0.08542,0.82917,0.72917,normal
18.18000,-9.69348,-1.60000,3.99348,-0.30652,-0.20978,-0.00326,normal
18.20000,-9.62826,-1.60000,3.92826,-0.35000,-0.27500,-0.02500,normal
18.22000,-9.56304,-1.60000,3.86304,-0.39348,-0.34022,-0.04674,normal
18.24000,-9.49783,-1.60000,3.79783,-0.43696,-0.40543,-0.06848,normal
18.26000,-9.43261,-1.60000,3.73261,-0.48043,-0.47065,-0.09022,normal
18.28000,-9.70000,-1.90000,2.70000,-0.90526,-0.90000,-0.40526,normal
18.30000,-9.78547,-1.91709,2.64872,-0.92030,-0.90000,-0.42030,normal
18.32000,-9.87094,-1.93419,2.59744,-0.93534,-0.90000,-0.43534,normal
18.34000,-9.95641,-1.95128,2.54615,-0.95038,-0.90000,-0.45038,normal
18.36000,-10.04188,-1.96838,2.49487,-0.96541,-0.90000,-0.46541,normal
18.38000,-10.12735,-1.98547,2.44359,-0.98045,-0.90000,-0.48045,normal
18.40000,-11.10000,-2.10000,2.05000,-0.99549,-0.90000,-0.49549,normal
18.42000,-9.95556,-2.00000,2.60370,-0.91000,-0.36500,-0.74500,normal
18.44000,-9.65926,-2.00000,2.62840,-0.74375,-0.17187,-0.81406,normal
18.46000,-9.36296,-2.00000,2.65309,-0.61875,-0.10938,-0.84531,normal
18.48000,-9.06667,-2.00000,2.67778,-0.49375,-0.04688,-0.87656,normal
18.50000,-8.05000,-1.60000,2.00000,0.85000,0.00000,-0.95000,normal
18.52000,-8.70889,-0.16889,1.74667,0.75765,-0.12118,-0.47882,normal
18.54000,-8.86444,-0.12444,1.81333,0.66353,-0.16824,-0.43176,normal
18.56000,-9.02000,-0.08000,1.88000,0.56941,-0.21529,-0.38471,normal
18.58000,-9.17556,-0.03556,1.94667,0.47529,-0.26235,-0.33765,normal
18.60000,-10.00000,-0.00000,2.10000,-0.20000,-0.30000,-0.20000,normal
18.62000,-11.61461,-0.40000,2.21461,-0.57692,-0.30000,-0.31538,normal
18.64000,-11.63708,-0.40000,2.23708,-0.50000,-0.30000,-0.36667,normal
18.66000,-11.65955,-0.40000,2.25955,-0.42308,-0.30000,-0.41795,normal
18.68000,-11.68202,-0.40000,2.28202,-0.34615,-0.30000,-0.46923,normal
18.70000,-11.00000,-0.40000,2.40000,0.20000,-0.20000,-0.40000,normal
18.72000,-10.38300,-0.45100,2.70000,0.05189,-0.20000,-0.06792,normal
18.74000,-10.36300,-0.51100,2.70000,-0.00472,-0.20000,-0.03019,normal
18.76000,-10.34300,-0.57100,2.70000,-0.06132,-0.20000,0.00755,normal
18.78000,-10.32300,-0.63100,2.70000,-0.11792,-0.20000,0.04528,normal
18.80000,-10.30300,-0.69100,2.70000,-0.17453,-0.20000,0.08302,normal
18.82000,-7.70000,-1.10000,2.50000,-0.54000,-0.30000,0.38000,normal
18.84000,-7.77692,-1.22821,2.47436,-1.17910,-0.17910,0.62090,normal
18.86000,-7.85385,-1.35641,2.44872,-1.14925,-0.14925,0.65075,normal
18.88000,-7.93077,-1.48462,2.42308,-1.11940,-0.11940,0.68060,normal
18.90000,-8.40000,-1.70000,2.50000,-0.80000,0.00000,1.00000,normal
18.92000,-8.63478,-1.40000,3.11739,-0.91828,0.11828,1.10000,normal
18.94000,-8.67826,-1.40000,3.13913,-0.93978,0.13978,1.10000,normal
18.96000,-8.72174,-1.40000,3.16087,-0.96129,0.16129,1.10000,normal
18.98000,-8.76522,-1.40000,3.18261,-0.98280,0.18280,1.10000,normal
19.00000,-8.95000,-1.45000,3.40000,-1.05000,0.20000,1.05000,normal
19.02000,-8.80000,-1.51364,3.62727,-1.00000,0.20000,0.98211,normal
19.04000,-8.80000,-1.53636,3.67273,-1.00000,0.20000,0.96105,normal
19.06000,-8.80000,-1.55909,3.71818,-1.00000,0.20000,0.94000,normal
19.08000,-8.80000,-1.58182,3.76364,-1.00000,0.20000,0.91895,normal
19.10000,-8.70000,-1.56667,4.13333,-0.90000,0.20000,0.90000,normal
19.12000,-9.19130,-1.66957,4.28261,-0.91649,0.10000,0.70000,normal
19.14000,-9.43043,-1.75652,4.26087,-0.93711,0.10000,0.70000,normal
19.16000,-9.66957,-1.84348,4.23913,-0.95773,0.10000,0.70000,normal
19.18000,-9.90870,-1.93043,4.21739,-0.97835,0.10000,0.70000,normal
19.20000,-10.82222,-2.46667,4.30000,-0.99897,0.10000,0.70000,normal
19.22000,-11.32588,-1.94706,4.18941,-0.60000,-0.00274,0.59178,normal
19.24000,-11.16118,-1.82941,4.16588,-0.60000,-0.03014,0.50959,normal
19.26000,-10.99647,-1.71176,4.14235,-0.60000,-0.05753,0.42740,normal
19.28000,-10.83176,-1.59412,4.11882,-0.60000,-0.08493,0.34521,normal
19.30000,-8.45000,-0.85000,3.50000,-0.40000,-0.50000,-0.50000,normal
19.32000,-8.03656,-0.97312,2.66344,-0.53111,-0.81556,-0.91556,normal
19.34000,-8.07957,-1.05914,2.62043,-0.57556,-0.83778,-0.93778,normal
19.36000,-8.12258,-1.14516,2.57742,-0.62000,-0.86000,-0.96000,normal
19.38000,-8.16559,-1.23118,2.53441,-0.66444,-0.88222,-0.98222,normal
19.40000,-8.66667,-1.63333,2.36667,-0.80000,-1.00000,-0.90000,normal
19.42000,-10.78539,-2.22697,2.20000,-0.61910,-1.00000,-0.68090,normal
19.44000,-10.76292,-2.11461,2.20000,-0.64157,-1.00000,-0.65843,normal
19.46000,-10.74045,-2.00225,2.20000,-0.66404,-1.00000,-0.63596,normal
19.48000,-10.71798,-1.88989,2.20000,-0.68652,-1.00000,-0.61348,normal
19.50000,-9.95000,-1.40000,1.95000,-0.56667,-0.43333,-0.86667,normal
19.52000,-9.30000,-1.52500,1.97500,-0.43077,-0.37692,-0.90000,normal
19.54000,-9.18235,-1.55441,1.94559,-0.35385,-0.35128,-0.90000,normal
19.56000,-9.06471,-1.58382,1.91618,-0.27692,-0.32564,-0.90000,normal
19.58000,-8.73000,-1.51000,1.99000,-0.20000,-0.30000,-0.90000,normal
19.60000,-7.82177,-1.01452,2.29274,-0.11250,0.00000,-0.08750,normal
19.62000,-7.87016,-1.04677,2.27661,-0.16250,0.00000,-0.03750,normal
19.64000,-7.91855,-1.07903,2.26048,-0.21250,0.00000,0.01250,normal
19.66000,-7.96694,-1.11129,2.24435,-0.26250,0.00000,0.06250,normal
19.68000,-8.01532,-1.14355,2.22823,-0.31250,0.00000,0.11250,normal
19.70000,-8.06371,-1.17581,2.21210,-0.36250,0.00000,0.16250,normal
19.72000,-8.41429,-1.61429,2.17143,-0.64286,0.10000,0.62857,normal
19.74000,-8.98904,-2.01781,2.31781,-0.70000,0.21831,1.13662,normal
19.76000,-9.12603,-2.04521,2.34521,-0.70000,0.24648,1.19296,normal
19.78000,-9.26301,-2.07260,2.37260,-0.70000,0.27465,1.24930,normal
19.80000,-9.40000,-2.10000,2.40000,-0.73333,0.30000,1.40000,normal
19.82000,-11.23607,-1.65410,2.95410,-1.31373,0.22745,1.68627,normal
19.84000,-11.30164,-1.75246,3.05246,-1.35294,0.30588,1.64706,normal
19.86000,-11.36721,-1.85082,3.15082,-1.39216,0.38431,1.60784,normal
19.88000,-9.35313,-1.51042,3.29479,-1.40000,0.20000,1.19009,normal
19.90000,-9.16562,-1.55208,3.27396,-1.40000,0.20000,1.17207,normal
19.92000,-8.97812,-1.59375,3.25312,-1.40000,0.20000,1.15405,normal
19.94000,-8.79062,-1.63542,3.23229,-1.40000,0.20000,1.13604,normal
19.96000,-8.60312,-1.67708,3.21146,-1.40000,0.20000,1.11802,normal
19.98000,-8.41000,-2.15000,3.02000,-1.40000,0.20000,1.10000,normal
20.00000,-9.01125,-1.40000,2.62250,-1.01667,-0.20000,0.69167,normal
20.02000,-9.03625,-1.40000,2.67250,-1.07222,-0.20000,0.66389,normal
20.04000,-9.06125,-1.40000,2.72250,-1.12778,-0.20000,0.63611,normal
20.06000,-9.08625,-1.40000,2.77250,-1.18333,-0.20000,0.60833,normal
20.08000,-9.48913,-1.10000,2.90217,-1.30000,-0.20000,0.20000,normal
20.10000,-9.38043,-1.10000,2.92391,-1.30000,-0.17901,-0.02099,normal
20.12000,-9.27174,-1.10000,2.94565,-1.30000,-0.15432,-0.04568,normal
20.14000,-9.16304,-1.10000,2.96739,-1.30000,-0.12963,-0.07037,normal
20.16000,-9.05435,-1.10000,2.98913,-1.30000,-0.10494,-0.09506,normal
20.18000,-8.89587,-0.87934,3.20413,-0.48268,0.00000,-0.20000,normal
20.20000,-8.87934,-0.79669,3.22066,-0.45118,0.00000,-0.20000,normal
20.22000,-8.86281,-0.71405,3.23719,-0.41969,0.00000,-0.20000,normal
20.24000,-8.84628,-0.63140,3.25372,-0.38819,0.00000,-0.20000,normal
20.26000,-8.82975,-0.54876,3.27025,-0.35669,0.00000,-0.20000,normal
20.28000,-8.81322,-0.46612,3.28678,-0.32520,0.00000,-0.20000,normal
20.30000,-9.01667,0.03333,3.51667,-0.50000,-0.05000,-0.05000,normal
20.32000,-9.08571,0.28571,3.48571,-0.83186,-0.10000,0.11593,normal
20.34000,-9.06374,0.26374,3.46374,-0.86726,-0.10000,0.13363,normal
20.36000,-9.04176,0.24176,3.44176,-0.90265,-0.10000,0.15133,normal
20.38000,-9.01978,0.21978,3.41978,-0.93805,-0.10000,0.16903,normal
20.40000,-9.00000,0.14000,3.36000,-0.97345,-0.10000,0.18673,normal
20.42000,-9.60000,-0.44444,2.64444,-1.03571,-0.10000,0.20000,normal
20.44000,-9.58000,-0.64000,2.50000,-1.10517,-0.10000,0.50000,normal
20.46000,-9.55143,-0.69714,2.50000,-1.13966,-0.10000,0.50000,normal
20.48000,-9.52286,-0.75429,2.50000,-1.17414,-0.10000,0.50000,normal
20.50000,-9.70000,-1.25000,2.40000,-1.16000,-0.04000,0.60000,normal
20.52000,-9.66854,-1.26854,2.51573,-0.98214,-0.08214,0.50000,normal
20.54000,-9.62360,-1.22360,2.53820,-0.95833,-0.05833,0.50000,normal
20.56000,-9.57865,-1.17865,2.56067,-0.93452,-0.03452,0.50000,normal
20.58000,-9.53371,-1.13371,2.58315,-0.91071,-0.01071,0.50000,normal
20.60000,-9.60000,-1.20000,3.20000,-0.69459,0.10000,0.30000,normal
20.62000,-9.49583,-1.13750,3.20000,-0.67658,0.10000,0.30000,normal
20.64000,-9.39167,-1.07500,3.20000,-0.65856,0.10000,0.30000,normal
20.66000,-9.28750,-1.01250,3.20000,-0.64054,0.10000,0.30000,normal
20.68000,-9.18333,-0.95000,3.20000,-0.62252,0.10000,0.30000,normal
20.70000,-8.65000,-1.05000,3.15000,-0.60450,0.10000,0.30000,normal
20.72000,-9.43488,-1.30000,2.98837,-0.80000,0.00000,0.56250,normal
20.74000,-9.50465,-1.30000,2.96512,-0.80000,-0.02121,0.60000,normal
20.76000,-9.57442,-1.30000,2.94186,-0.80000,-0.05152,0.60000,normal
20.78000,-9.64419,-1.30000,2.91860,-0.80000,-0.08182,0.60000,normal
20.80000,-11.00000,-1.80000,2.60000,-1.12143,-0.22143,0.80000,normal
20.82000,-11.37732,-1.44742,2.08247,-1.21978,-0.30000,0.79011,normal
20.84000,-11.23299,-1.38557,2.06186,-1.26374,-0.30000,0.76813,normal
20.86000,-11.08866,-1.32371,2.04124,-1.30769,-0.30000,0.74615,normal
20.88000,-10.94433,-1.26186,2.02062,-1.35165,-0.30000,0.72418,normal
20.90000,-10.80000,-1.20000,2.00000,-1.39560,-0.30000,0.70220,normal
20.92000,-8.94382,-1.70000,1.51461,-1.28659,-0.41341,0.30000,normal
20.94000,-9.01124,-1.70000,1.53708,-1.26220,-0.43780,0.30000,normal
20.96000,-9.07865,-1.70000,1.55955,-1.23780,-0.46220,0.30000,normal
20.98000,-9.14607,-1.70000,1.58202,-1.21341,-0.48659,0.30000,normal
21.00000,-11.15000,-1.30000,1.75000,-1.70000,-0.60000,0.60000,normal
21.02000,-9.52766,-1.35745,2.81489,-2.08144,-0.24433,0.46289,normal
21.04000,-9.33617,-1.42128,2.94255,-2.06082,-0.18247,0.42165,normal
21.06000,-9.14468,-1.48511,3.07021,-2.04021,-0.12062,0.38041,normal
21.08000,-8.95319,-1.54894,3.19787,-2.01959,-0.05876,0.33918,normal
21.10000,-8.19000,-1.66000,3.80000,-1.95556,0.01111,0.28889,normal
21.12000,-8.38140,-2.20698,4.03488,-0.55000,-0.05000,0.10000,normal
21.14000,-8.54419,-2.02093,4.10465,-0.03714,-0.02714,0.10000,normal
21.16000,-8.70698,-1.83488,4.17442,0.13429,-0.05571,0.10000,normal
21.18000,-8.86977,-1.64884,4.24419,0.30571,-0.08429,0.10000,normal
21.20000,-9.10000,0.50000,5.50000,-1.30000,-0.65000,0.20000,normal
21.22000,-8.92258,-0.13548,5.38065,-1.75135,-0.70000,0.18288,normal
21.24000,-8.83656,-0.28602,5.35914,-1.80541,-0.70000,0.16486,normal
21.26000,-8.75054,-0.43656,5.33763,-1.85946,-0.70000,0.14685,normal
21.28000,-8.66452,-0.58710,5.31613,-1.91351,-0.70000,0.12883,normal
21.30000,-8.20000,-2.10000,4.90000,-1.96757,-0.70000,0.11081,normal
21.32000,-7.76344,-1.24516,5.03656,-0.60128,-0.80000,0.10128,normal
21.34000,-7.72043,-1.18065,5.07957,-0.62692,-0.80000,0.12692,normal
21.36000,-7.67742,-1.11613,5.12258,-0.65256,-0.80000,0.15256,normal
21.38000,-7.63441,-1.05161,5.16559,-0.67821,-0.80000,0.17821,normal
21.40000,-7.98571,-1.44286,5.35714,-1.00000,-0.85000,0.15000,normal
21.42000,-7.66292,-2.11236,5.61236,-1.10000,-0.90000,0.08505,normal
21.44000,-7.59551,-2.13483,5.63483,-1.10000,-0.90000,0.06636,normal
21.46000,-7.52809,-2.15730,5.65730,-1.10000,-0.90000,0.04766,normal
21.48000,-7.46067,-2.17978,5.67978,-1.10000,-0.90000,0.02897,normal
21.50000,-7.35000,-2.27500,5.72500,-1.10000,-0.90000,0.01028,normal
21.52000,-6.80000,-2.40000,6.10000,-0.74000,-0.72000,0.00000,normal
21.54000,-6.62466,-2.32466,6.34932,-0.39643,-0.59643,-0.10000,normal
21.56000,-6.65205,-2.35205,6.40411,-0.36071,-0.56071,-0.10000,normal
21.58000,-6.67945,-2.37945,6.45890,-0.32500,-0.52500,-0.10000,normal
21.60000,-7.11667,-2.56667,6.50000,-0.38000,-0.58000,-0.02000,normal
21.62000,-7.46667,-2.90000,6.91667,-0.31609,-0.71609,-0.11609,normal
21.64000,-7.42222,-2.90000,6.93889,-0.33908,-0.73908,-0.13908,normal
21.66000,-7.37778,-2.90000,6.96111,-0.36207,-0.76207,-0.16207,normal
21.68000,-7.33333,-2.90000,6.98333,-0.38506,-0.78506,-0.18506,normal
21.70000,-7.00000,-3.40000,6.70000,-0.28333,-0.70000,-0.30000,normal
21.72000,-6.60323,-3.18065,6.56129,-0.18352,-0.68352,-0.30000,normal
21.74000,-6.49570,-3.15914,6.51828,-0.16154,-0.66154,-0.30000,normal
21.76000,-6.38817,-3.13763,6.47527,-0.13956,-0.63956,-0.30000,normal
21.78000,-6.28065,-3.11613,6.43226,-0.11758,-0.61758,-0.30000,normal
21.80000,-5.70000,-3.40000,6.10000,0.05000,-0.60000,-0.30000,normal
21.82000,-5.79677,-3.65806,5.98065,0.30000,-0.60000,-0.28485,normal
21.84000,-5.90430,-3.72258,5.95914,0.30000,-0.60000,-0.26465,normal
21.86000,-6.01183,-3.78710,5.93763,0.30000,-0.60000,-0.24444,normal
21.88000,-6.11935,-3.85161,5.91613,0.30000,-0.60000,-0.22424,normal
21.90000,-6.45000,-3.90000,5.80000,0.30000,-0.60000,-0.20404,normal
21.92000,-6.91250,-4.11875,6.10000,-0.25000,-0.65000,-0.20000,normal
21.94000,-6.96250,-4.19375,6.10000,-0.42754,-0.57246,-0.20000,normal
21.96000,-7.01250,-4.26875,6.10000,-0.45652,-0.54348,-0.20000,normal
21.98000,-7.06250,-4.34375,6.10000,-0.48551,-0.51449,-0.20000,normal
22.00000,-5.30000,-4.30000,7.10000,0.10000,-0.40000,-0.40000,normal
22.02000,-4.96129,-3.92258,7.23871,0.34086,-0.40000,-0.37957,normal
22.04000,-4.91828,-3.83656,7.28172,0.38387,-0.40000,-0.35806,normal
22.06000,-4.87527,-3.75054,7.32473,0.42688,-0.40000,-0.33656,normal
22.08000,-4.83226,-3.66452,7.36774,0.46989,-0.40000,-0.31505,normal
22.10000,-4.60000,-3.30000,7.60000,0.50000,-0.40000,-0.30000,normal
22.12000,-4.65056,-3.71685,7.58315,0.10000,-0.40000,-0.08452,normal
22.14000,-4.71798,-3.73933,7.56067,0.10000,-0.40000,-0.06071,normal
22.16000,-4.78539,-3.76180,7.53820,0.10000,-0.40000,-0.03690,normal
22.18000,-4.85281,-3.78427,7.51573,0.10000,-0.40000,-0.01310,normal
22.20000,-4.90000,-3.98000,7.76000,0.00000,-0.40000,0.00000,normal
22.22000,-5.00000,-4.00000,7.90000,0.10000,-0.50000,0.11881,normal
22.24000,-5.00000,-4.00000,7.90000,0.10000,-0.50000,0.13861,normal
22.26000,-5.00000,-4.00000,7.90000,0.10000,-0.50000,0.15842,normal
22.28000,-5.00000,-4.00000,7.90000,0.10000,-0.50000,0.17822,normal
22.30000,-5.06000,-3.98000,7.92000,0.10000,-0.50000,0.19802,normal
22.32000,-5.07439,-3.57439,8.70854,0.10000,-0.50000,0.20833,normal
22.34000,-5.00122,-3.50122,8.73293,0.10000,-0.47391,0.28696,normal
22.36000,-4.92805,-3.42805,8.75732,0.10000,-0.41594,0.25797,normal
22.38000,-4.85488,-3.35488,8.78171,0.10000,-0.35797,0.22899,normal
22.40000,-4.55000,-3.11250,8.80000,0.10000,-0.30000,0.20000,normal
22.42000,-3.97241,-2.74483,8.15862,0.32955,-0.30000,0.20000,normal
22.44000,-3.92644,-2.65287,8.08966,0.37500,-0.30000,0.20000,normal
22.46000,-3.88046,-2.56092,8.02069,0.42045,-0.30000,0.20000,normal
22.48000,-3.83448,-2.46897,7.95172,0.46591,-0.30000,0.20000,normal
22.50000,-3.66667,-1.96667,7.90000,0.60000,-0.50000,0.10000,normal
22.52000,-3.50000,-1.88427,8.17865,0.50000,-0.50000,0.10000,normal
22.54000,-3.50000,-1.86180,8.29101,0.50000,-0.50000,0.10000,normal
22.56000,-3.50000,-1.83933,8.40337,0.50000,-0.50000,0.10000,normal
22.58000,-3.50000,-1.81685,8.51573,0.50000,-0.50000,0.10000,normal
22.60000,-3.46000,-1.64000,9.28000,0.50000,-0.50000,0.10000,normal
22.62000,-3.43708,-1.64719,9.40000,0.15500,-0.15500,0.20000,normal
22.64000,-3.34719,-1.71461,9.40000,0.12769,-0.10000,0.20000,normal
22.66000,-3.25730,-1.78202,9.40000,0.18923,-0.10000,0.20000,normal
22.68000,-3.16742,-1.84944,9.40000,0.25077,-0.10000,0.20000,normal
22.70000,-2.40000,-1.50000,9.20000,0.60000,-0.10000,0.15000,normal
22.72000,-2.28852,-1.28852,9.07705,0.58667,-0.20000,0.10000,normal
22.74000,-2.27213,-1.27213,9.04426,0.57000,-0.20000,0.10000,normal
22.76000,-2.25574,-1.25574,9.01148,0.55333,-0.20000,0.10000,normal
22.78000,-2.23934,-1.23934,8.97869,0.53667,-0.20000,0.10000,normal
22.80000,-2.22295,-1.22295,8.94590,0.52000,-0.20000,0.10000,normal
22.82000,-2.20656,-1.20656,8.91311,0.50333,-0.20000,0.10000,normal
22.84000,-2.41791,-1.29104,8.47313,0.20000,-0.09500,0.10000,normal
22.86000,-2.47761,-1.26119,8.38358,0.20000,-0.06167,0.10000,normal
22.88000,-2.53731,-1.23134,8.29403,0.20000,-0.02833,0.10000,normal
22.90000,-2.59701,-1.20149,8.20448,0.26000,0.00000,0.10000,normal
22.92000,-3.00000,-0.58667,8.61333,0.31143,0.10000,-0.10000,normal
22.94000,-3.00000,-0.56444,8.63556,0.33048,0.10000,-0.10000,normal
22.96000,-3.00000,-0.54222,8.65778,0.34952,0.10000,-0.10000,normal
22.98000,-3.00000,-0.52000,8.68000,0.36857,0.10000,-0.10000,normal
23.00000,-3.13333,-0.60000,8.73333,0.38762,0.10000,-0.10000,normal
23.02000,-4.10000,-1.12500,8.62500,0.40000,0.20000,-0.10000,normal
23.04000,-3.93846,-1.01795,8.60000,0.71143,0.40000,-0.21143,normal
23.06000,-3.86154,-0.91538,8.60000,0.74000,0.40000,-0.24000,normal
23.08000,-3.78462,-0.81282,8.60000,0.76857,0.40000,-0.26857,normal
23.10000,-3.70769,-0.71026,8.60000,0.79714,0.40000,-0.29714,normal
23.12000,-4.40000,-0.50000,8.60000,0.38554,0.40000,-0.10000,normal
23.14000,-4.40000,-0.50000,8.60000,0.36145,0.40000,-0.10000,normal
23.16000,-4.40000,-0.50000,8.60000,0.33735,0.40000,-0.10000,normal
23.18000,-4.40000,-0.50000,8.60000,0.31325,0.40000,-0.10000,normal
23.20000,-5.00000,-1.00000,8.30000,-0.20000,0.30000,-0.10000,normal
23.22000,-4.86129,-1.18065,8.31935,0.08182,0.32045,-0.22045,normal
23.24000,-4.81828,-1.15914,8.34086,0.17273,0.34318,-0.24318,normal
23.26000,-4.77527,-1.13763,8.36237,0.26364,0.36591,-0.26591,normal
23.28000,-4.73226,-1.11613,8.38387,0.35455,0.38864,-0.28864,normal
23.30000,-5.40000,-0.10000,8.50000,0.75000,0.35000,-0.30000,normal
23.32000,-5.72021,0.10000,8.67979,0.45962,0.20000,-0.20000,normal
23.34000,-5.74149,0.10000,8.65851,0.40192,0.20000,-0.20000,normal
23.36000,-5.76277,0.10000,8.63723,0.34423,0.20000,-0.20000,normal
23.38000,-5.78404,0.10000,8.61596,0.28654,0.20000,-0.20000,normal
23.40000,-5.96364,0.01818,8.22727,0.22885,0.20000,-0.20000,normal
23.42000,-5.40000,-0.12477,7.80826,-0.26364,-0.06364,-0.30000,normal
23.44000,-5.40000,-0.17982,7.82661,-0.18511,0.00000,-0.30000,normal
23.46000,-5.40000,-0.23486,7.84495,-0.16383,0.00000,-0.30000,normal
23.48000,-5.40000,-0.28991,7.86330,-0.14255,0.00000,-0.30000,normal
23.50000,-5.40000,-0.34495,7.88165,-0.12128,0.00000,-0.30000,normal
23.52000,-5.40000,-0.40000,7.90000,-0.10000,0.00000,-0.30000,normal
23.54000,-5.04615,1.25385,8.20000,0.25094,0.10000,-0.10000,normal
23.56000,-5.12308,1.17692,8.20000,0.17547,0.10000,-0.10000,normal
23.58000,-5.20000,1.10000,8.20000,0.10000,0.10000,-0.10000,normal
23.60000,-5.27692,1.02308,8.20000,0.02453,0.10000,-0.10000,normal
23.62000,-5.35385,0.94615,8.20000,-0.05094,0.10000,-0.10000,normal
23.64000,-5.45000,-1.10000,6.95000,0.20000,0.10000,-0.30000,normal
23.66000,-5.06000,-1.18000,6.76000,0.62500,0.32500,-0.30000,normal
23.68000,-5.14000,-1.02000,6.97333,0.65132,0.35132,-0.30000,normal
23.70000,-5.22000,-0.86000,7.18667,0.67763,0.37763,-0.30000,normal
23.72000,-5.30000,-0.70000,7.40000,0.48750,0.38750,-0.30000,normal
23.74000,-6.16869,1.66061,9.65556,-0.14902,-0.40980,-0.30980,normal
23.76000,-5.96667,1.60000,9.43333,-0.24706,-0.42941,-0.32941,normal
23.78000,-5.76465,1.53939,9.21111,-0.34510,-0.44902,-0.34902,normal
23.80000,-5.56263,1.47879,8.98889,-0.44314,-0.46863,-0.36863,normal
23.82000,-5.36061,1.41818,8.76667,-0.54118,-0.48824,-0.38824,normal
23.84000,-5.60000,0.00000,8.00000,-0.74118,-0.45294,-0.30588,normal
23.86000,-4.88451,-2.07606,8.47183,-0.52364,-0.28909,-0.41091,normal
23.88000,-4.63099,-2.04789,8.55634,-0.26909,-0.25273,-0.44727,normal
23.90000,-4.37746,-2.01972,8.64085,-0.01455,-0.21636,-0.48364,normal
23.92000,-4.30000,-0.20000,9.00000,-0.20000,-0.10000,-0.20000,normal
23.94000,-4.32041,-0.36327,8.91837,-0.24301,-0.10000,-0.20000,normal
23.96000,-4.34082,-0.52653,8.83673,-0.28602,-0.10000,-0.20000,normal
23.98000,-4.36122,-0.68980,8.75510,-0.32903,-0.10000,-0.20000,normal
24.00000,-4.38163,-0.85306,8.67347,-0.37204,-0.10000,-0.20000,normal
24.02000,-4.48000,-1.16000,8.48000,-0.19496,-0.09748,-0.10000,normal
24.04000,-4.55361,-1.60000,8.43093,-0.16134,-0.08067,-0.10000,normal
24.06000,-4.49175,-1.60000,8.47216,-0.12773,-0.06387,-0.10000,normal
24.08000,-4.42990,-1.60000,8.51340,-0.09412,-0.04706,-0.10000,normal
24.10000,-4.36804,-1.60000,8.55464,-0.06050,-0.03025,-0.10000,normal
24.12000,-4.30619,-1.60000,8.59588,-0.02689,-0.01345,-0.10000,normal
24.14000,-4.49881,-1.40238,8.40357,-0.10000,0.00000,0.10000,normal
24.16000,-4.47500,-1.45000,8.47500,-0.13836,0.02055,0.17945,normal
24.18000,-4.45119,-1.49762,8.54643,-0.05616,0.04795,0.15205,normal
24.20000,-4.42738,-1.54524,8.61786,0.02603,0.07534,0.12466,normal
24.22000,-4.40357,-1.59286,8.68929,0.20000,0.10000,0.06667,normal
24.24000,-4.77955,-0.74545,8.93409,0.10000,0.08667,0.08667,normal
24.26000,-4.93864,-0.83636,9.00227,0.10000,0.06444,0.06444,normal
24.28000,-5.09773,-0.92727,9.07045,0.10000,0.04222,0.04222,normal
24.30000,-5.25682,-1.01818,9.13864,0.10000,0.02000,0.02000,normal
24.32000,-5.05000,0.30000,9.90000,0.15000,-0.05000,-0.05000,normal
24.34000,-4.72500,1.22500,9.45000,-0.33151,-0.14384,-0.15616,normal
24.36000,-4.64605,1.35658,9.08158,-0.49589,-0.19863,-0.10137,normal
24.38000,-4.56711,1.48816,8.71316,-0.66027,-0.25342,-0.04658,normal
24.40000,-5.22000,-0.04000,7.02000,-1.16000,-0.30000,0.12000,normal
24.42000,-2.97209,-3.17674,9.94186,0.77952,0.08675,0.00000,normal
24.44000,-2.92558,-2.80465,10.01163,0.92410,0.06265,0.00000,normal
24.46000,-2.87907,-2.43256,10.08140,1.06867,0.03855,0.00000,normal
24.48000,-2.83256,-2.06047,10.15116,1.21325,0.01446,0.00000,normal
24.50000,-2.30000,-0.60000,9.90000,-0.30522,-0.30261,0.00261,normal
24.52000,-2.67065,-1.44783,8.98913,-0.34000,-0.32000,0.02000,normal
24.54000,-2.51848,-1.62174,8.85870,-0.37478,-0.33739,0.03739,normal
24.56000,-2.36630,-1.79565,8.72826,-0.40957,-0.35478,0.05478,normal
24.58000,-2.21413,-1.96957,8.59783,-0.44435,-0.37217,0.07217,normal
24.60000,-2.05652,-2.33913,8.54348,-0.47913,-0.38957,0.08957,normal
24.62000,-2.00000,-3.50000,8.60000,-0.34762,-0.36190,0.10000,normal
24.64000,-2.24595,-0.06216,8.57703,0.98387,-0.09677,0.20000,normal
24.66000,-2.30000,0.10000,8.55000,0.82258,-0.06452,0.20000,normal
24.68000,-2.35405,0.26216,8.52297,0.66129,-0.03226,0.20000,normal
24.70000,-2.28750,0.16250,7.96250,0.50000,0.00000,0.20000,normal
24.72000,-3.73571,0.86429,7.46429,-0.10000,0.63182,0.71591,normal
24.74000,-3.80714,0.79286,7.39286,-0.10000,0.67727,0.73864,normal
24.76000,-3.87857,0.72143,7.32143,-0.10000,0.72273,0.76136,normal
24.78000,-3.95000,0.65000,7.25000,-0.10000,0.76818,0.78409,normal
24.80000,-4.66667,-0.46667,6.93333,0.50000,1.15000,0.85000,normal
24.82000,-5.41739,1.33913,6.13913,0.33821,1.20000,0.91545,normal
24.84000,-5.57391,1.39130,6.19130,0.27317,1.20000,0.93171,normal
24.86000,-5.73043,1.44348,6.24348,0.20813,1.20000,0.94797,normal
24.88000,-5.88696,1.49565,6.29565,0.14309,1.20000,0.96423,normal
24.90000,-6.04348,1.54783,6.34783,0.07805,1.20000,0.98049,normal
24.92000,-6.20000,1.60000,6.40000,0.01301,1.20000,0.99675,normal
24.94000,-3.77895,2.74947,7.04947,-0.40000,0.14494,-0.14382,normal
24.96000,-4.51579,2.51789,6.81789,-0.40000,0.23483,-0.03146,normal
24.98000,-5.25263,2.28632,6.58632,-0.40000,0.32472,0.08090,normal
25.00000,-5.98947,2.05474,6.35474,-0.40000,0.41461,0.19326,normal
25.02000,-6.72632,1.82316,6.12316,-0.41667,0.46667,0.30000,normal
25.04000,-7.27031,-0.10469,8.35781,-0.39839,-0.10000,-0.17097,normal
25.06000,-7.42656,0.55156,8.26406,-0.17258,-0.10000,-0.10645,normal
25.08000,-7.58281,1.20781,8.17031,0.05323,-0.10000,-0.04194,normal
25.10000,-6.50000,1.30000,8.80000,-0.60000,0.10000,-0.10000,normal
25.12000,-5.85341,-0.56591,7.35114,-0.05904,-0.02048,-0.10000,normal
25.14000,-6.05795,-0.52045,7.41932,-0.01084,-0.04458,-0.10000,normal
25.16000,-6.26250,-0.47500,7.48750,0.03735,-0.06867,-0.10000,normal
25.18000,-6.46705,-0.42955,7.55568,0.08554,-0.09277,-0.10000,normal
25.20000,-5.81707,-0.87317,7.49512,-0.29924,-0.30153,0.10000,normal
25.22000,-5.93089,-0.69431,7.46260,-0.28397,-0.33206,0.10000,normal
25.24000,-6.04472,-0.51545,7.43008,-0.26870,-0.36260,0.10000,normal
25.26000,-6.15854,-0.33659,7.39756,-0.25344,-0.39313,0.10000,normal
25.28000,-6.27236,-0.15772,7.36504,-0.23817,-0.42366,0.10000,normal
25.30000,-6.38618,0.02114,7.33252,-0.22290,-0.45420,0.10000,normal
25.32000,-6.50000,0.20000,7.30000,-0.20763,-0.48473,0.10000,normal
25.34000,-5.35000,-0.44167,7.75833,-0.10000,-0.78333,0.01667,normal
25.36000,-5.05818,-0.81091,7.93818,-0.04348,-0.87174,-0.10000,normal
25.38000,-4.80364,-1.13818,8.08364,0.04348,-0.82826,-0.10000,normal
25.40000,-4.20000,-0.45000,8.40000,0.20000,-1.02000,-0.08000,normal
25.42000,-4.50427,0.89915,8.84103,0.74435,-0.80000,-0.22783,normal
25.44000,-4.38462,0.52308,8.89231,0.67478,-0.80000,-0.26261,normal
25.46000,-4.26496,0.14701,8.94359,0.60522,-0.80000,-0.29739,normal
25.48000,-4.14530,-0.22906,8.99487,0.53565,-0.80000,-0.33217,normal
25.50000,-4.02564,-0.60513,9.04615,0.46609,-0.80000,-0.36696,normal
25.52000,-3.90598,-0.98120,9.09744,0.40000,-0.80000,-0.30000,normal
25.54000,-3.34848,0.28182,8.16667,0.30000,-1.20000,-0.17867,normal
25.56000,-3.04545,-0.35455,8.50000,0.30000,-1.20000,-0.15200,normal
25.58000,-2.74242,-0.99091,8.83333,0.30000,-1.20000,-0.12533,normal
25.60000,-1.60000,0.60000,9.40000,0.20000,-1.10000,0.20000,normal
25.62000,-1.03976,-0.25181,9.51205,0.00000,-1.08506,0.01494,normal
25.64000,-0.91928,-0.15542,9.53614,0.00000,-1.06207,0.03793,normal
25.66000,-0.79880,-0.05904,9.56024,0.00000,-1.03908,0.06092,normal
25.68000,-0.67831,0.03735,9.58434,0.00000,-1.01609,0.08391,normal
25.70000,-1.80000,1.00000,9.70000,0.22308,-1.10000,0.02308,normal
25.72000,-1.91667,0.93333,9.65000,0.30000,-1.10000,0.10000,normal
25.74000,-1.80556,0.71111,9.58333,0.30000,-1.10000,0.10000,normal
25.76000,-1.69444,0.48889,9.51667,0.30000,-1.10000,0.10000,normal
25.78000,-1.58333,0.26667,9.45000,0.30000,-1.10000,0.10000,normal
25.80000,-0.84000,0.46000,9.24000,0.60000,-1.10000,0.20000,normal
25.82000,-0.15000,-0.81667,9.96667,0.57895,-1.07895,0.22105,normal
25.84000,0.31667,-0.57222,10.18889,0.55789,-1.05789,0.24211,normal
25.86000,0.78333,-0.32778,10.41111,0.53684,-1.03684,0.26316,normal
25.88000,1.25000,-0.08333,10.63333,0.51579,-1.01579,0.28421,normal
25.90000,1.76667,0.76667,11.30000,0.40000,-0.50000,0.60000,normal
25.92000,0.17273,1.15657,10.28687,-0.10000,0.21500,0.58500,normal
25.94000,-0.00909,1.23737,10.12525,-0.10000,0.23500,0.56500,normal
25.96000,-0.19091,1.31818,9.96364,-0.10000,0.25500,0.54500,normal
25.98000,-0.37273,1.39899,9.80202,-0.10000,0.27500,0.52500,normal
26.00000,-0.55455,1.47980,9.64040,-0.10000,0.29500,0.50500,normal
26.02000,0.56512,-0.19535,9.40000,0.30000,-0.10000,0.51684,normal
26.04000,0.44884,0.15349,9.40000,0.30000,-0.10000,0.55895,normal
26.06000,0.33256,0.50233,9.40000,0.30000,-0.10000,0.60105,normal
26.08000,0.21628,0.85116,9.40000,0.30000,-0.10000,0.64316,normal
26.10000,0.10000,1.20000,9.40000,0.30000,-0.10000,0.68526,normal
26.12000,0.59481,2.18701,10.09221,0.14737,0.10526,0.54737,normal
26.14000,0.54286,2.05714,10.01429,0.28413,0.23175,0.48413,normal
26.16000,0.49091,1.92727,9.93636,0.25238,0.29524,0.45238,normal
26.18000,0.43896,1.79740,9.85844,0.22063,0.35873,0.42063,normal
26.20000,0.00000,1.20000,9.50000,0.10000,0.40000,0.20000,normal
26.22000,0.13333,0.50000,9.50000,0.31868,0.26264,0.31868,normal
26.24000,0.04444,0.50000,9.50000,0.34066,0.21868,0.34066,normal
26.26000,-0.04444,0.50000,9.50000,0.36264,0.17473,0.36264,normal
26.28000,-0.13333,0.50000,9.50000,0.38462,0.13077,0.38462,normal
26.30000,0.40000,1.20000,9.10000,0.42500,-0.20000,0.47500,normal
26.32000,0.69091,1.27273,9.33636,0.43656,-0.10000,0.50000,normal
26.34000,0.79192,1.35354,9.37677,0.47957,-0.10000,0.50000,normal
26.36000,0.89293,1.43434,9.41717,0.52258,-0.10000,0.50000,normal
26.38000,0.99394,1.51515,9.45758,0.56559,-0.10000,0.50000,normal
26.40000,1.09495,1.59596,9.49798,0.80000,-0.10000,0.10000,normal
26.42000,2.25405,1.06757,9.71351,0.35750,-0.01417,-0.30000,normal
26.44000,2.34414,1.01351,9.56937,0.30750,-0.03083,-0.30000,normal
26.46000,2.43423,0.95946,9.42523,0.25750,-0.04750,-0.30000,normal
26.48000,2.52432,0.90541,9.28108,0.20750,-0.06417,-0.30000,normal
26.50000,2.61441,0.85135,9.13694,0.15750,-0.08083,-0.30000,normal
26.52000,2.80000,1.00000,8.90000,0.10750,-0.09750,-0.30000,normal
26.54000,5.20690,0.85862,5.68621,-1.59318,0.11364,-1.30341,normal
26.56000,5.22989,0.72069,5.64023,-1.54773,0.20455,-1.32614,normal
26.58000,5.25287,0.58276,5.59425,-1.50227,0.29545,-1.34886,normal
26.60000,5.27586,0.44483,5.54828,-1.45682,0.38636,-1.37159,normal
26.62000,5.29885,0.30690,5.50230,-1.41136,0.47727,-1.39432,normal
26.64000,0.81325,-0.60482,8.20000,-0.89307,2.02079,-0.79307,normal
26.66000,0.37952,-0.62892,8.20000,-0.87327,2.08020,-0.77327,normal
26.68000,-0.05422,-0.65301,8.20000,-0.85347,2.13960,-0.75347,normal
26.70000,-0.48795,-0.67711,8.20000,-0.83366,2.19901,-0.73366,normal
26.72000,-1.00000,-0.66667,8.23810,-0.81386,2.25842,-0.71386,normal
26.74000,-3.00000,0.00000,9.00000,-1.00000,2.10000,0.10000,normal
26.76000,-13.30000,-2.17647,11.25882,-1.12766,1.86596,0.10000,normal
26.78000,-12.90000,-2.41176,10.67059,-1.25532,1.63191,0.10000,normal
26.80000,-12.50000,-2.64706,10.08235,-1.38298,1.39787,0.10000,normal
26.82000,-12.10000,-2.88235,9.49412,-1.51064,1.16383,0.10000,normal
26.84000,-9.38780,0.78537,6.10244,-1.21429,0.42857,0.87143,normal
26.86000,-9.97317,0.68780,6.78537,-0.51622,0.81892,0.54054,normal
26.88000,-10.55854,0.59024,7.46829,-0.13784,0.71081,0.59459,normal
26.90000,-11.14390,0.49268,8.15122,0.24054,0.60270,0.64865,normal
26.92000,-9.85000,1.55000,9.15000,0.85000,0.30000,0.45000,normal
26.94000,-5.98295,-0.23295,9.15114,-0.01573,-0.20000,-0.50000,normal
26.96000,-5.27841,-0.52841,9.26477,-0.03820,-0.20000,-0.50000,normal
26.98000,-4.57386,-0.82386,9.37841,-0.06067,-0.20000,-0.50000,normal
27.00000,-3.86932,-1.11932,9.49205,-0.08315,-0.20000,-0.50000,normal
27.02000,-2.80000,-1.35000,9.35000,0.04286,-0.12857,-0.42857,normal
27.04000,-5.50430,-0.99032,7.82043,-0.40000,-0.61444,-0.30000,normal
27.06000,-5.22473,-1.11935,7.99247,-0.40000,-0.63667,-0.30000,normal
27.08000,-4.94516,-1.24839,8.16452,-0.40000,-0.65889,-0.30000,normal
27.10000,-4.66559,-1.37742,8.33656,-0.40000,-0.68111,-0.30000,normal
27.12000,-4.15000,-1.40000,8.35000,0.10000,-0.90000,-0.10000,normal
27.14000,-3.17742,-1.93226,8.75161,-0.06139,-1.08713,-0.37426,normal
27.16000,-3.30645,-1.65269,8.83763,-0.00198,-1.06733,-0.33465,normal
27.18000,-3.43548,-1.37312,8.92366,0.05743,-1.04752,-0.29505,normal
27.20000,-3.56452,-1.09355,9.00968,0.11683,-1.02772,-0.25545,normal
27.22000,-3.69355,-0.81398,9.09570,0.17624,-1.00792,-0.21584,normal
27.24000,-2.30741,-0.09383,9.29506,0.34000,-1.00000,-0.06000,normal
27.26000,-2.45556,0.02963,9.19630,0.27632,-1.02368,-0.02368,normal
27.28000,-2.60370,0.15309,9.09753,0.25000,-1.05000,-0.05000,normal
27.30000,-2.75185,0.27654,8.99877,0.22368,-1.07632,-0.07632,normal
27.32000,-2.90000,0.40000,8.90000,0.20000,-1.00000,-0.30000,normal
27.34000,-1.55111,-0.28778,9.61000,0.41667,-0.98333,0.08333,normal
27.36000,-1.46222,-0.26556,9.81000,0.43750,-0.96250,0.06250,normal
27.38000,-1.37333,-0.24333,10.01000,0.45833,-0.94167,0.04167,normal
27.40000,-1.28444,-0.22111,10.21000,0.47917,-0.92083,0.02083,normal
27.42000,-0.85000,0.30000,10.35000,0.50000,-0.90000,0.00000,normal
27.44000,-0.32841,-0.71818,9.43068,0.16957,-0.70000,-0.08478,normal
27.46000,-0.16932,-0.53636,9.49886,0.12609,-0.70000,-0.06304,normal
27.48000,-0.01023,-0.35455,9.56705,0.08261,-0.70000,-0.04130,normal
27.50000,0.14886,-0.17273,9.63523,0.03913,-0.70000,-0.01957,normal
27.52000,-0.60000,0.05000,9.65000,0.00000,-0.80000,0.00000,normal
27.54000,0.03333,-0.24444,9.15556,0.41456,-1.01456,-0.10000,normal
27.56000,-0.10000,-0.13333,9.06667,0.43398,-1.03398,-0.10000,normal
27.58000,-0.23333,-0.02222,8.97778,0.45340,-1.05340,-0.10000,normal
27.60000,-0.36667,0.08889,8.88889,0.47282,-1.07282,-0.10000,normal
27.62000,-0.50000,0.20000,8.80000,0.49223,-1.09223,-0.10000,normal
27.64000,2.28235,0.59765,10.10706,0.33000,-1.20000,0.08000,normal
27.66000,1.92941,0.55059,10.24824,0.32289,-1.20000,0.12289,normal
27.68000,1.57647,0.50353,10.38941,0.34699,-1.20000,0.14699,normal
27.70000,1.22353,0.45647,10.53059,0.37108,-1.20000,0.17108,normal
27.72000,0.87059,0.40941,10.67176,0.39518,-1.20000,0.19518,normal
27.74000,2.70000,1.67024,10.64048,-0.22247,0.20000,0.48876,normal
27.76000,2.70000,1.55119,10.40238,-0.26742,0.20000,0.46629,normal
27.78000,2.70000,1.43214,10.16429,-0.31236,0.20000,0.44382,normal
27.80000,2.70000,1.31310,9.92619,-0.35730,0.20000,0.42135,normal
27.82000,2.05000,0.70000,9.35000,-0.40000,0.15000,0.45000,normal
27.84000,1.07143,0.12857,8.77143,0.30000,0.10000,0.30000,normal
27.86000,1.01429,0.18571,8.91429,0.30000,0.10000,0.30000,normal
27.88000,0.95714,0.24286,9.05714,0.30000,0.10000,0.30000,normal
27.90000,0.90000,0.30000,9.20000,0.20000,0.00000,0.40000,normal
27.92000,1.70000,0.81264,10.25172,0.38617,0.10000,0.41383,normal
27.94000,1.70000,0.97356,10.18276,0.36489,0.10000,0.43511,normal
27.96000,1.70000,1.13448,10.11379,0.34362,0.10000,0.45638,normal
27.98000,1.70000,1.29540,10.04483,0.32234,0.10000,0.47766,normal
28.00000,1.87500,1.31250,9.73750,0.30106,0.10000,0.49894,normal
28.02000,1.41728,0.20864,9.57407,0.00548,-0.00548,0.60000,normal
28.04000,1.46667,0.23333,9.50000,0.03288,-0.03288,0.60000,normal
28.06000,1.51605,0.25802,9.42593,0.06027,-0.06027,0.60000,normal
28.08000,1.56543,0.28272,9.35185,0.08767,-0.08767,0.60000,normal
28.10000,2.00000,0.30000,9.90000,0.90303,-0.00076,0.69924,normal
28.12000,2.05000,0.35000,9.95000,0.96364,-0.01591,0.68409,normal
28.14000,2.10000,0.40000,10.00000,1.02424,-0.03106,0.66894,normal
28.16000,2.15000,0.45000,10.05000,1.08485,-0.04621,0.65379,normal
28.18000,2.20000,0.50000,10.10000,1.14545,-0.06136,0.63864,normal
28.20000,2.25000,0.55000,10.15000,1.20606,-0.07652,0.62348,normal
28.22000,2.30000,0.60000,10.20000,1.26667,-0.09167,0.60833,normal
28.24000,3.80000,-1.00000,8.60000,-0.38953,-0.29302,-0.41047,normal
28.26000,5.22785,-1.15823,7.47215,-0.31977,-0.24651,-0.48023,normal
28.28000,5.48101,-0.77848,7.21899,-0.25000,-0.20000,-0.55000,normal
28.30000,5.73418,-0.39873,6.96582,-0.18023,-0.15349,-0.61977,normal
28.32000,5.98734,-0.01899,6.71266,-0.11047,-0.10698,-0.68953,normal
28.34000,5.04000,-0.92000,6.44000,-1.37465,1.35070,-1.10000,normal
28.36000,4.50667,-0.98667,6.90667,-1.31831,1.46338,-1.10000,normal
28.38000,3.97333,-1.05333,7.37333,-1.26197,1.57606,-1.10000,normal
28.40000,2.67000,-0.57000,8.33000,-1.20563,1.68873,-1.10000,normal
28.42000,-0.02212,-2.70577,8.64712,-0.85213,2.70319,-0.87447,normal
28.44000,-0.65673,-2.43654,8.78173,-0.53298,2.72447,-0.70426,normal
28.46000,-1.29135,-2.16731,8.91635,-0.21383,2.74574,-0.53404,normal
28.48000,-1.92596,-1.89808,9.05096,0.10532,2.76702,-0.36383,normal
28.50000,-2.56058,-1.62885,9.18558,0.42447,2.78830,-0.19362,normal
28.52000,-13.60000,3.00000,11.60000,-0.50702,1.59298,0.12105,normal
28.54000,-8.45306,1.53469,10.72653,-0.54211,1.55789,0.22632,normal
28.56000,-8.28980,1.35102,10.64490,-0.57719,1.52281,0.33158,normal
28.58000,-8.12653,1.16735,10.56327,-0.61228,1.48772,0.43684,normal
28.60000,-7.96327,0.98367,10.48163,-0.64737,1.45263,0.54211,normal
28.62000,-7.80000,0.80000,10.40000,-0.68246,1.41754,0.64737,normal
28.64000,-10.00000,-2.10000,7.00000,0.20000,0.80000,0.40000,normal
28.66000,-7.96234,0.37013,10.27273,1.84935,0.30130,-0.07403,normal
28.68000,-6.97532,0.75974,10.45455,1.90130,0.19740,-0.15195,normal
28.70000,-5.98831,1.14935,10.63636,1.95325,0.09351,-0.22987,normal
28.72000,-2.60000,1.60000,10.70000,0.80000,0.10000,-0.60000,normal
28.74000,-3.14444,-0.80667,9.80222,0.08571,-0.04286,-0.08571,normal
28.76000,-3.58889,-0.27333,9.62444,0.06667,-0.10000,-0.06667,normal
28.78000,-4.03333,0.26000,9.44667,0.04762,-0.15714,-0.04762,normal
28.80000,-4.47778,0.79333,9.26889,0.02857,-0.21429,-0.02857,normal
28.82000,-4.92222,1.23333,9.00000,0.00952,-0.27143,-0.00952,normal
28.84000,-4.08889,-1.16667,8.32222,-1.00000,-0.60000,0.10000,normal
28.86000,-3.76829,-0.98415,8.51585,0.68108,-0.40000,-0.24054,normal
28.88000,-3.52439,-0.86220,8.63780,0.78919,-0.40000,-0.29459,normal
28.90000,-3.28049,-0.74024,8.75976,0.89730,-0.40000,-0.34865,normal
28.92000,-3.03659,-0.61829,8.88171,0.60000,-0.50000,-0.10000,normal
28.94000,-2.35507,-0.80145,8.85797,-0.33846,-0.95385,-0.13077,normal
28.96000,-2.06522,-1.00435,8.97391,-0.21538,-0.86154,-0.19231,normal
28.98000,-1.77536,-1.20725,9.08986,-0.09231,-0.76923,-0.25385,normal
29.00000,-1.50000,-0.85000,9.20000,0.40000,-0.80000,-0.20000,normal
29.02000,-3.50991,1.09910,9.16216,0.23028,-1.01743,0.03028,normal
29.04000,-3.09550,0.95495,9.10811,0.15688,-1.03578,-0.04312,normal
29.06000,-2.68108,0.81081,9.05405,0.08349,-1.05413,-0.11651,normal
29.08000,-2.26667,0.66667,9.00000,0.01009,-1.07248,-0.18991,normal
29.10000,-1.85225,0.52252,8.94595,-0.06330,-1.09083,-0.26330,normal
29.12000,-1.10000,-0.80000,9.30000,0.30000,-1.00000,-0.19400,normal
29.14000,-1.27500,-0.35000,9.25000,0.30000,-1.00000,-0.15400,normal
29.16000,-1.35395,-0.19211,9.40789,0.30000,-1.00000,-0.11400,normal
29.18000,-1.43289,-0.03421,9.56579,0.30000,-1.00000,-0.07400,normal
29.20000,-1.20000,0.10000,9.74286,0.30000,-1.00000,-0.03400,normal
29.22000,-0.64419,0.47674,9.39070,0.30000,-0.91429,-0.10000,normal
29.24000,-0.36512,0.36047,9.34419,0.30000,-1.22500,0.10000,normal
29.26000,-0.08605,0.24419,9.29767,0.30000,-1.27213,0.10000,normal
29.28000,0.19302,0.12791,9.25116,0.30000,-1.23934,0.10000,normal
29.30000,0.47209,0.01163,9.20465,0.30000,-1.20656,0.10000,normal
29.32000,0.84096,1.14337,9.63494,0.37753,-1.41124,0.37753,normal
29.34000,1.15422,1.23976,9.49036,0.33258,-1.43371,0.33258,normal
29.36000,1.46747,1.33614,9.34578,0.28764,-1.45618,0.28764,normal
29.38000,1.78072,1.43253,9.20120,0.24270,-1.47865,0.24270,normal
29.40000,2.11429,0.07143,10.58571,0.25000,-1.40000,0.15000,normal
29.42000,2.07692,0.43846,11.36923,0.26818,-0.75227,0.70000,normal
29.44000,2.18681,0.63626,11.32527,0.22273,-0.68409,0.70000,normal
29.46000,2.29670,0.83407,11.28132,0.17727,-0.61591,0.70000,normal
29.48000,2.40659,1.03187,11.23736,0.13182,-0.54773,0.70000,normal
29.50000,3.50000,2.00000,10.80000,0.05556,-0.18889,0.64444,normal
29.52000,1.93261,1.01630,9.08370,0.30000,0.10000,0.58800,normal
29.54000,1.97609,1.03804,9.06196,0.30000,0.10000,0.56800,normal
29.56000,2.01957,1.05978,9.04022,0.30000,0.10000,0.54800,normal
29.58000,2.06304,1.08152,9.01848,0.30000,0.10000,0.52800,normal
29.60000,2.10000,1.00000,9.13333,0.30000,0.10000,0.50800,normal
29.62000,2.80211,0.80211,9.70105,0.35000,0.15000,0.50000,normal
29.64000,2.84421,0.84421,9.72211,0.21860,-0.01860,0.60000,normal
29.66000,2.88632,0.88632,9.74316,0.24186,-0.04186,0.60000,normal
29.68000,2.92842,0.92842,9.76421,0.26512,-0.06512,0.60000,normal
29.70000,2.97053,0.97053,9.78526,0.28837,-0.08837,0.60000,normal
29.72000,2.50000,1.05000,9.65000,0.59733,0.19867,0.70000,normal
29.74000,2.67403,1.42468,9.70130,0.54400,0.17200,0.70000,normal
29.76000,2.75195,1.45065,9.59740,0.49067,0.14533,0.70000,normal
29.78000,2.82987,1.47662,9.49351,0.43733,0.11867,0.70000,normal
29.80000,2.60000,1.00000,9.20000,0.20000,0.10000,0.50000,normal
29.82000,2.78427,0.56854,9.31798,0.54500,0.08500,0.38500,normal
29.84000,2.89663,0.79326,9.47528,0.60500,0.06500,0.36500,normal
29.86000,3.00899,1.01798,9.63258,0.66500,0.04500,0.34500,normal
29.88000,3.12135,1.24270,9.78989,0.72500,0.02500,0.32500,normal
29.90000,4.21250,1.47500,9.48750,0.78500,0.00500,0.30500,normal
29.92000,3.70000,-1.90000,7.64286,-0.17037,-0.00988,-0.32963,normal
29.94000,3.85385,-1.74615,7.55495,-0.09630,-0.03457,-0.40370,normal
29.96000,4.00769,-1.59231,7.46703,-0.02222,-0.05926,-0.47778,normal
29.98000,4.16154,-1.43846,7.37912,0.05185,-0.08395,-0.55185,normal
30.00000,5.80000,0.85000,6.85000,-0.80000,0.50000,-0.70000,normal
30.02000,5.13158,0.74912,6.85263,-1.41327,1.03982,-0.85310,normal
30.04000,4.92105,0.31053,7.16842,-1.43097,1.09292,-0.92389,normal
30.06000,4.71053,-0.12807,7.48421,-1.44867,1.14602,-0.99469,normal
30.08000,4.50000,-0.56667,7.80000,-1.46637,1.19912,-1.06549,normal
30.10000,4.28947,-1.00526,8.11579,-1.48407,1.25221,-1.13628,normal
30.12000,3.00000,-2.00000,9.30000,-1.30000,1.30000,-1.60000,normal
30.14000,3.20000,1.34286,7.55165,-1.14369,1.24369,-1.27087,normal
30.16000,3.20000,1.05714,7.46374,-1.20194,1.30194,-1.23204,normal
30.18000,3.20000,0.77143,7.37582,-1.26019,1.36019,-1.19320,normal
30.20000,3.20000,0.48571,7.28791,-1.31845,1.41845,-1.15437,normal
30.22000,3.20000,0.20000,7.20000,-1.37670,1.47670,-1.11553,normal
30.24000,-13.19494,2.41646,11.36582,-0.14565,2.76739,0.00652,normal
30.26000,-13.09367,2.74557,10.68228,-0.45000,2.55000,0.05000,normal
30.28000,-12.99241,3.07468,9.99873,-0.75435,2.33261,0.09348,normal
30.30000,-12.89114,3.40380,9.31519,-1.05870,2.11522,0.13696,normal
30.32000,-9.80000,3.30000,7.90000,-1.36304,1.89783,0.18043,normal
30.34000,-10.18488,-6.37791,13.10930,-0.52000,0.96000,1.66000,normal
30.36000,-9.32442,-5.88953,11.94651,1.27808,0.73425,0.24932,normal
30.38000,-8.46395,-5.40116,10.78372,1.25068,0.65205,-0.18904,normal
30.40000,-7.60349,-4.91279,9.62093,1.22329,0.56986,-0.62740,normal
30.42000,-6.74302,-4.42442,8.45814,0.50000,0.00000,0.60000,normal
30.44000,-2.70645,-1.29677,9.15161,-0.21935,-0.11613,-0.10000,normal
30.46000,-3.05054,-1.12473,9.23763,-0.11183,-0.13763,-0.10000,normal
30.48000,-3.39462,-0.95269,9.32366,-0.00430,-0.15914,-0.10000,normal
30.50000,-3.73871,-0.78065,9.40968,0.10323,-0.18065,-0.10000,normal
30.52000,-4.08280,-0.60860,9.49570,0.18000,-0.54000,-0.10000,normal
30.54000,-3.51333,-1.40000,9.51333,0.20581,-0.60000,-0.21512,normal
30.56000,-3.53556,-1.06667,9.53556,0.36860,-0.60000,-0.23837,normal
30.58000,-3.55778,-0.73333,9.55778,0.53140,-0.60000,-0.26163,normal
30.60000,-3.58000,-0.40000,9.58000,0.69419,-0.60000,-0.28488,normal
30.62000,-3.00000,0.40000,9.00000,0.16667,-1.00000,-0.10000,normal
30.64000,-2.79574,-0.13191,9.33191,0.08351,-1.20000,-0.10000,normal
30.66000,-2.54043,-0.04681,9.24681,0.06289,-1.20000,-0.10000,normal
30.68000,-2.28511,0.03830,9.16170,0.04227,-1.20000,-0.10000,normal
30.70000,-2.02979,0.12340,9.07660,0.02165,-1.20000,-0.10000,normal
30.72000,-1.64000,-0.06000,9.65000,0.00103,-1.20000,-0.10000,normal
30.74000,-1.34419,-0.15349,10.24419,0.20000,-0.94000,-0.14000,normal
30.76000,-1.20465,-0.03721,10.10465,0.20000,-0.92105,-0.10000,normal
30.78000,-1.06512,0.07907,9.96512,0.20000,-0.94737,-0.10000,normal
30.80000,-0.92558,0.19535,9.82558,0.20000,-0.97368,-0.10000,normal
30.82000,-0.62500,0.37500,9.32500,0.20000,-1.00000,-0.10000,normal
30.84000,-0.74839,0.91935,9.84194,0.40000,-1.01400,0.08600,normal
30.86000,-0.85591,0.96237,9.71290,0.40000,-1.03400,0.06600,normal
30.88000,-0.96344,1.00538,9.58387,0.40000,-1.05400,0.04600,normal
30.90000,-1.07097,1.04839,9.45484,0.40000,-1.07400,0.02600,normal
30.92000,-1.17849,1.09140,9.32581,0.40000,-1.09400,0.00600,normal
30.94000,0.71071,-0.17321,9.23214,0.50000,-1.11724,0.21724,normal
30.96000,0.78214,0.00536,9.44643,0.50000,-1.15172,0.25172,normal
30.98000,0.85357,0.18393,9.66071,0.50000,-1.18621,0.28621,normal
31.00000,2.19570,0.10215,11.00430,0.20000,-0.84000,0.74000,normal
31.02000,2.10968,0.14516,11.09032,0.13333,-0.55000,1.03333,normal
31.04000,2.02366,0.18817,11.17634,0.17778,-0.48333,1.07778,normal
31.06000,1.93763,0.23118,11.26237,0.22222,-0.41667,1.12222,normal
31.08000,1.85161,0.27419,11.34839,0.26667,-0.35000,1.16667,normal
31.10000,1.98182,2.20909,10.82727,0.45000,0.02500,0.95000,normal
31.12000,2.25165,1.30220,9.33516,-0.20000,0.10000,0.70000,normal
31.14000,2.05385,1.03846,9.11538,-0.22817,0.12817,0.72817,normal
31.16000,1.85604,0.77473,8.89560,-0.25634,0.15634,0.75634,normal
31.18000,1.65824,0.51099,8.67582,-0.28451,0.18451,0.78451,normal
31.20000,1.15000,0.30000,9.65000,0.69828,0.19828,0.80000,normal
31.22000,1.42957,0.91130,9.54435,0.68103,0.18103,0.80000,normal
31.24000,1.46435,0.80696,9.59652,0.66379,0.16379,0.80000,normal
31.26000,1.49913,0.70261,9.64870,0.64655,0.14655,0.80000,normal
31.28000,1.53391,0.59826,9.70087,0.62931,0.12931,0.80000,normal
31.30000,1.56870,0.49391,9.75304,0.61207,0.11207,0.80000,normal
31.32000,1.30000,0.90000,9.70000,0.40000,0.20000,0.80000,normal
31.34000,1.80000,0.77576,9.33636,0.40000,0.23922,0.76078,normal
31.36000,1.80000,0.87677,9.51818,0.40000,0.27843,0.72157,normal
31.38000,1.80000,0.97778,9.70000,0.40000,0.31765,0.68235,normal
31.40000,1.80000,1.07879,9.88182,0.40000,0.35686,0.64314,normal
31.42000,1.80000,1.17980,10.06364,0.40000,0.39608,0.60392,normal
31.44000,1.58372,1.18372,9.21395,1.52045,0.39318,0.69318,normal
31.46000,1.53721,1.13721,9.53953,1.58864,0.37045,0.67045,normal
31.48000,1.49070,1.09070,9.86512,1.65682,0.34773,0.64773,normal
31.50000,1.44419,1.04419,10.19070,1.72500,0.32500,0.62500,normal
31.52000,1.43333,0.97778,10.54444,1.79318,0.30227,0.60227,normal
31.54000,4.48235,-0.38471,6.48353,0.50000,-0.10000,0.10000,normal
31.56000,4.71765,-0.05529,6.43647,-0.91053,-0.33289,-1.21184,normal
31.58000,4.95294,0.27412,6.38941,-0.80526,-0.25395,-1.34342,normal
31.60000,5.18824,0.60353,6.34235,-0.70000,-0.17500,-1.47500,normal
31.62000,5.30000,1.80000,7.00000,-0.62500,-0.02500,-1.47500,normal
31.64000,4.39773,-0.06818,7.56136,-1.55679,1.12593,-1.70000,normal
31.66000,4.19318,-0.20455,8.08409,-1.43333,1.20000,-1.70000,normal
31.68000,3.98864,-0.34091,8.60682,-1.30988,1.27407,-1.70000,normal
31.70000,3.78409,-0.47727,9.12955,-1.18642,1.34815,-1.70000,normal
31.72000,2.00000,-0.60000,10.20000,-0.70000,1.70000,-1.10000,normal
31.74000,-0.44194,1.15161,8.71290,-0.66117,1.75825,-1.06117,normal
31.76000,-0.76452,1.08710,8.86344,-0.62233,1.81650,-1.02233,normal
31.78000,-1.08710,1.02258,9.01398,-0.58350,1.87476,-0.98350,normal
31.80000,-1.40968,0.95806,9.16452,-0.54466,1.93301,-0.94466,normal
31.82000,-3.50000,1.00000,10.20000,-0.50583,1.99126,-0.90583,normal
31.84000,-12.54130,1.53478,10.38261,-0.76552,1.61954,0.78851,normal
31.86000,-13.17174,1.01304,10.64348,-0.69655,1.45862,0.76552,normal
31.88000,-13.80217,0.49130,10.90435,-0.62759,1.29770,0.74253,normal
31.90000,-14.43261,-0.03043,11.16522,-0.55862,1.13678,0.71954,normal
31.92000,-9.60000,-0.20000,9.40000,-1.80000,0.30000,0.20000,normal
31.94000,-7.43226,-1.01935,8.71935,1.15957,0.94894,0.77660,normal
31.96000,-8.14194,-1.57849,9.94516,1.73404,0.88511,0.37234,normal
31.98000,-8.85161,-2.13763,11.17097,2.30851,0.82128,-0.03191,normal
32.00000,-9.56129,-2.69677,12.39677,2.88298,0.75745,-0.43617,normal
32.02000,-4.40000,2.20000,13.00000,1.50000,-0.20000,-0.55000,normal
32.04000,-3.48526,-1.45053,8.44842,-1.17071,-0.41616,-0.04848,normal
32.06000,-3.71684,-1.51368,8.25895,-1.00909,-0.43636,-0.10909,normal
32.08000,-3.94842,-1.57684,8.06947,-0.84747,-0.45657,-0.16970,normal
32.10000,-4.18000,-1.64000,7.88000,-0.68586,-0.47677,-0.23030,normal
32.12000,-4.30000,-1.25000,7.70000,-0.52424,-0.49697,-0.29091,normal
32.14000,-4.72857,1.09286,9.42857,0.52376,-1.03267,-0.08911,normal
32.16000,-4.49048,1.06905,9.19048,0.38515,-1.09208,-0.06931,normal
32.18000,-4.25238,1.04524,8.95238,0.24653,-1.15149,-0.04950,normal
32.20000,-4.01429,1.02143,8.71429,0.10792,-1.21089,-0.02970,normal
32.22000,-1.90000,-0.35000,9.45000,-0.03069,-1.27030,-0.00990,normal
32.24000,-1.36154,0.12308,8.92308,0.10000,-1.15000,-0.30000,normal
32.26000,-1.34578,-0.08313,9.06024,0.07692,-1.08077,-0.30000,normal
32.28000,-1.39398,-0.27590,9.22892,0.17949,-1.05513,-0.30000,normal
32.30000,-1.44217,-0.46867,9.39759,0.28205,-1.02949,-0.30000,normal
32.32000,-1.49036,-0.66145,9.56627,0.38462,-1.00385,-0.30000,normal
32.34000,-0.62769,0.02769,9.71846,0.20000,-1.20000,0.01563,normal
32.36000,-0.72000,0.12000,9.78000,0.20000,-1.20000,0.04688,normal
32.38000,-0.81231,0.21231,9.84154,0.20000,-1.20000,0.07813,normal
32.40000,0.10000,0.90000,9.40000,0.00000,-1.30000,0.00000,normal
32.42000,0.28678,0.28760,9.23719,0.42182,-1.38909,0.00000,normal
32.44000,0.40248,0.27107,9.28678,0.45818,-1.37091,0.00000,normal
32.46000,0.51818,0.25455,9.33636,0.49455,-1.35273,0.00000,normal
32.48000,0.63388,0.23802,9.38595,0.53091,-1.33455,0.00000,normal
32.50000,0.74959,0.22149,9.43554,0.56727,-1.31636,0.00000,normal
32.52000,0.86529,0.20496,9.48512,0.70000,-1.20000,0.10000,normal
32.54000,2.47051,-0.25897,10.79872,0.66264,-1.16264,0.43736,normal
32.56000,2.59872,-0.00256,10.97821,0.61868,-1.11868,0.48132,normal
32.58000,2.72692,0.25385,11.15769,0.57473,-1.07473,0.52527,normal
32.60000,2.85513,0.51026,11.33718,0.53077,-1.03077,0.56923,normal
32.62000,1.80000,0.70000,9.90000,-0.18571,-0.58571,0.65714,normal
32.64000,1.63158,0.91579,9.78421,0.21250,0.32500,0.60000,normal
32.66000,1.67368,0.93684,9.76316,0.45077,0.41692,0.60000,normal
32.68000,1.71579,0.95789,9.74211,0.54308,0.44769,0.60000,normal
32.70000,1.75789,0.97895,9.72105,0.63538,0.47846,0.60000,normal
32.72000,1.80000,1.00000,9.70000,0.61111,0.21111,0.50000,normal
32.74000,2.40000,0.51250,8.47917,0.63377,0.08312,0.48312,normal
32.76000,2.40000,0.26250,8.45139,0.68571,0.05714,0.45714,normal
32.78000,2.40000,0.01250,8.42361,0.73766,0.03117,0.43117,normal
32.80000,2.58750,-0.31250,8.47500,0.78961,0.00519,0.40519,normal
32.82000,3.52692,2.41795,8.36410,-0.02206,-0.00441,-0.60000,normal
32.84000,3.60385,2.46923,8.26154,-0.16912,-0.03382,-0.60000,normal
32.86000,3.68077,2.52051,8.15897,-0.31618,-0.06324,-0.60000,normal
32.88000,3.75769,2.57179,8.05641,-0.46324,-0.09265,-0.60000,normal
32.90000,1.91649,0.19175,8.90825,-0.58131,0.30000,-0.30935,normal
32.92000,1.99897,0.15052,8.94948,-0.54393,0.30000,-0.32804,normal
32.94000,2.08144,0.10928,8.99072,-0.50654,0.30000,-0.34673,normal
32.96000,2.16392,0.06804,9.03196,-0.46916,0.30000,-0.36542,normal
32.98000,2.24639,0.02680,9.07320,-0.43178,0.30000,-0.38411,normal
33.00000,2.92000,1.00000,9.18000,-0.30000,0.30000,-0.80000,normal
33.02000,3.42824,0.91529,8.81294,-1.10000,0.53418,-0.47722,normal
33.04000,3.47529,0.77412,9.00118,-1.10000,0.61013,-0.42658,normal
33.06000,3.52235,0.63294,9.18941,-1.10000,0.68608,-0.37595,normal
33.08000,3.56941,0.49176,9.37765,-1.10000,0.76203,-0.32532,normal
33.10000,-0.70000,0.90000,10.90000,-0.50000,0.40000,-1.10000,normal
33.12000,0.76848,2.76522,8.73478,-0.54545,0.44545,-1.00909,normal
33.14000,1.05109,2.93913,8.56087,-0.59091,0.49091,-0.91818,normal
33.16000,1.33370,3.11304,8.38696,-0.63636,0.53636,-0.82727,normal
33.18000,1.61630,3.28696,8.21304,-0.68182,0.58182,-0.73636,normal
33.20000,-1.61383,2.39043,8.93085,0.79462,1.39462,0.41613,normal
33.22000,-1.89043,2.19894,9.54787,0.77312,1.37312,0.48065,normal
33.24000,-2.16702,2.00745,10.16489,0.75161,1.35161,0.54516,normal
33.26000,-2.44362,1.81596,10.78191,0.73011,1.33011,0.60968,normal
33.28000,-2.72021,1.62447,11.39894,0.70860,1.30860,0.67419,normal
33.30000,-2.39076,-0.38992,8.60000,-0.46429,0.51190,0.30397,normal
33.32000,-2.20588,-0.18824,8.60000,-0.32143,0.55952,0.31984,normal
33.34000,-2.02101,0.01345,8.60000,-0.17857,0.60714,0.33571,normal
33.36000,-1.83613,0.21513,8.60000,-0.03571,0.65476,0.35159,normal
33.38000,-1.65126,0.41681,8.60000,0.10714,0.70238,0.36746,normal
33.40000,-1.46639,0.61849,8.60000,0.25000,0.75000,0.38333,normal
33.42000,-0.75000,2.15000,8.05000,0.39286,0.79762,0.39921,normal
33.44000,-5.01209,-1.59670,10.13516,0.61176,1.08235,0.88235,normal
33.46000,-4.79231,-1.83846,10.22308,0.65882,1.01176,0.81176,normal
33.48000,-4.57253,-2.08022,10.31099,0.70588,0.94118,0.74118,normal
33.50000,-4.35275,-2.32198,10.39890,0.75294,0.87059,0.67059,normal
33.52000,-4.13297,-2.56374,10.48681,0.80000,0.80000,0.60000,normal
33.54000,-3.12759,-2.33793,9.18276,-0.38462,0.19744,0.09744,normal
33.56000,-3.63333,-2.20000,9.36667,-0.07692,0.14615,0.04615,normal
33.58000,-4.13908,-2.06207,9.55057,0.23077,0.09487,-0.00513,normal
33.60000,-4.64483,-1.92414,9.73448,0.53846,0.04359,-0.05641,normal
33.62000,-4.53333,-0.83333,9.63333,0.78000,-0.50667,-0.00667,normal
33.64000,-2.14889,0.03667,9.08556,0.20779,-0.70260,0.00000,normal
33.66000,-2.23778,0.10333,9.24111,0.28571,-0.72857,0.00000,normal
33.68000,-2.32667,0.17000,9.39667,0.36364,-0.75455,0.00000,normal
33.70000,-2.41556,0.23667,9.55222,0.44156,-0.78052,0.00000,normal
33.72000,-2.05000,0.70000,9.80000,-0.10000,-1.10000,0.10000,normal
33.74000,-1.27826,0.86087,9.22391,-0.11731,-1.20000,0.10000,normal
33.76000,-1.10435,0.94783,9.11522,-0.13654,-1.20000,0.10000,normal
33.78000,-0.93043,1.03478,9.00652,-0.15577,-1.20000,0.10000,normal
33.80000,-0.75652,1.12174,8.89783,-0.17500,-1.20000,0.10000,normal
33.82000,-0.57778,1.04444,8.88889,-0.19423,-1.20000,0.10000,normal
33.84000,1.01786,0.60357,9.21071,-0.10667,-1.20000,0.19333,normal
33.86000,1.13690,0.62738,9.28214,0.20000,-1.40000,0.33714,normal
33.88000,1.25595,0.65119,9.35357,0.20000,-1.40000,0.39429,normal
33.90000,1.37500,0.67500,9.42500,0.20000,-1.40000,0.45143,normal
33.92000,1.49405,0.69881,9.49643,0.26000,-1.46000,0.50000,normal
33.94000,1.94000,1.11333,8.58667,0.11149,-1.61149,0.38851,normal
33.96000,2.00667,1.13556,8.56444,0.13448,-1.63448,0.36552,normal
33.98000,2.07333,1.15778,8.54222,0.15747,-1.65747,0.34253,normal
34.00000,2.14000,1.18000,8.52000,0.18046,-1.68046,0.31954,normal
34.02000,2.25000,0.40000,8.90000,0.42857,-1.70000,0.30000,normal
34.04000,5.12857,1.71429,10.44286,0.45417,-1.67708,0.41146,normal
34.06000,5.32637,1.73626,10.50879,0.37083,-1.63542,0.43229,normal
34.08000,5.52418,1.75824,10.57473,0.28750,-1.59375,0.45312,normal
34.10000,5.72198,1.78022,10.64066,0.20417,-1.55208,0.47396,normal
34.12000,6.03333,1.80000,10.90000,0.12083,-1.51042,0.49479,normal
34.14000,4.12857,2.10000,9.02857,0.29211,-0.09211,0.30395,normal
34.16000,4.17253,2.10000,8.91868,0.23947,-0.03947,0.33026,normal
34.18000,4.21648,2.10000,8.80879,0.18684,0.01316,0.35658,normal
34.20000,4.26044,2.10000,8.69890,0.13421,0.06579,0.38289,normal
34.22000,3.95000,0.90000,8.30000,0.50104,0.29896,0.20104,normal
34.24000,4.71398,1.44839,8.30000,0.52188,0.27812,0.22188,normal
34.26000,4.60645,1.38387,8.30000,0.54271,0.25729,0.24271,normal
34.28000,4.49892,1.31935,8.30000,0.56354,0.23646,0.26354,normal
34.30000,4.39140,1.25484,8.30000,0.58438,0.21562,0.28438,normal
34.32000,3.84286,1.32857,8.51429,0.70000,0.30000,0.40000,normal
34.34000,4.11489,1.12979,8.94468,0.70000,0.30000,0.40000,normal
34.36000,4.13617,1.17234,9.00851,0.70000,0.30000,0.40000,normal
34.38000,4.15745,1.21489,9.07234,0.70000,0.30000,0.40000,normal
34.40000,4.17872,1.25745,9.13617,0.70000,0.30000,0.40000,normal
34.42000,4.20000,1.30000,9.20000,0.30000,0.20000,0.30000,normal
34.44000,4.14167,1.22708,8.08542,0.23393,0.11696,0.53393,normal
34.46000,4.05833,1.12292,8.06458,0.26964,0.13482,0.56964,normal
34.48000,3.97500,1.01875,8.04375,0.30536,0.15268,0.60536,normal
34.50000,3.89167,0.91458,8.02292,0.34107,0.17054,0.64107,normal
34.52000,3.80833,0.81042,8.00208,0.37679,0.18839,0.67679,normal
34.54000,5.01333,1.68667,8.76000,0.00000,0.00000,0.80000,normal
34.56000,5.03556,1.66444,8.69333,-0.06522,0.00000,0.82174,normal
34.58000,5.05778,1.64222,8.62667,-0.13043,0.00000,0.84348,normal
34.60000,5.08000,1.62000,8.56000,-0.19565,0.00000,0.86522,normal
34.62000,4.75000,0.95000,9.30000,-0.26087,0.00000,0.88696,normal
34.64000,3.78571,-0.20000,7.24286,-1.70000,-0.50000,1.00000,normal
34.66000,4.44200,-1.92200,5.68800,-2.03333,-0.46296,0.85185,normal
34.68000,4.96200,-3.24200,4.96800,-2.36667,-0.42593,0.70370,normal
34.70000,7.00000,-5.70000,3.70000,-2.15000,1.05000,-2.15000,normal
34.72000,5.58636,-2.60909,5.80909,-1.83645,1.82430,-2.83645,normal
34.74000,5.56818,-2.35455,5.95455,-1.89252,1.86168,-2.89252,normal
34.76000,5.55000,-2.10000,6.10000,-1.94860,1.89907,-2.94860,normal
34.78000,5.53182,-1.84545,6.24545,-2.00467,1.93645,-3.00467,normal
34.80000,5.51364,-1.59091,6.39091,-2.06075,1.97383,-3.06075,normal
34.82000,5.85714,-0.61429,6.92857,-3.19535,2.60116,-2.99302,normal
34.84000,6.21304,0.13478,8.06522,-3.10233,2.62442,-2.85349,normal
34.86000,6.09710,0.04783,8.15217,-3.00930,2.64767,-2.71395,normal
34.88000,5.98116,-0.03913,8.23913,-2.91628,2.67093,-2.57442,normal
34.90000,0.66667,-4.13333,12.70000,-2.82326,2.69419,-2.43488,normal
34.92000,-3.68421,-2.82632,10.98947,0.50000,2.71250,-0.20000,normal
34.94000,-3.60526,-2.45789,10.43684,0.46727,2.21818,-0.16727,normal
34.96000,-3.52632,-2.08947,9.88421,0.39455,2.03636,-0.09455,normal
34.98000,-3.44737,-1.72105,9.33158,0.32182,1.85455,-0.02182,normal
35.00000,-9.33750,-2.98125,8.10000,0.49082,2.58163,1.58163,normal
35.02000,-9.58750,-2.85625,8.10000,0.47041,2.54082,1.54082,normal
35.04000,-9.83750,-2.73125,8.10000,0.45000,2.50000,1.50000,normal
35.06000,-10.08750,-2.60625,8.10000,0.42959,2.45918,1.45918,normal
35.08000,-10.33750,-2.48125,8.10000,0.40918,2.41837,1.41837,normal
35.10000,-10.20000,-0.60000,6.10000,0.60225,1.39326,1.19663,normal
35.12000,-10.26522,-0.73043,6.46957,0.64719,1.25843,1.12921,normal
35.14000,-10.33043,-0.86087,6.83913,0.69213,1.12360,1.06180,normal
35.16000,-10.39565,-0.99130,7.20870,0.73708,0.98876,0.99438,normal
35.18000,-10.46087,-1.12174,7.57826,0.78202,0.85393,0.92697,normal
35.20000,-4.61636,-1.69818,8.11091,-0.46471,0.70392,0.69216,normal
35.22000,-4.94364,-1.66182,8.32909,-0.34706,0.71699,0.66601,normal
35.24000,-5.27091,-1.62545,8.54727,-0.22941,0.73007,0.63987,normal
35.26000,-5.59818,-1.58909,8.76545,-0.11176,0.74314,0.61373,normal
35.28000,-5.92545,-1.55273,8.98364,0.00588,0.75621,0.58758,normal
35.30000,-6.25273,-1.51636,9.20182,0.12353,0.76928,0.56144,normal
35.32000,-5.86000,-0.51000,8.67500,0.24118,0.78235,0.53529,normal
35.34000,-6.46000,-1.61000,8.42500,0.35882,0.79542,0.50915,normal
35.36000,-6.99765,-2.58353,8.17412,-0.36000,0.24000,-0.04000,normal
35.38000,-6.97412,-2.41882,7.91529,-0.28158,0.22632,-0.11842,normal
35.40000,-6.95059,-2.25412,7.65647,-0.25526,0.12105,-0.14474,normal
35.42000,-6.92706,-2.08941,7.39765,-0.22895,0.01579,-0.17105,normal
35.44000,-6.90353,-1.92471,7.13882,-0.20263,-0.08947,-0.19737,normal
35.46000,-3.79099,-0.01712,6.65315,0.30000,-0.35926,-0.27778,normal
35.48000,-3.77297,-0.25135,6.95946,-0.49540,-0.59540,-0.19540,normal
35.50000,-3.75495,-0.48559,7.26577,-0.47241,-0.57241,-0.17241,normal
35.52000,-3.73694,-0.71982,7.57207,-0.44943,-0.54943,-0.14943,normal
35.54000,-3.71892,-0.95405,7.87838,-0.42644,-0.52644,-0.12644,normal
35.56000,-3.70090,-1.18829,8.18468,-0.40345,-0.50345,-0.10345,normal
35.58000,-5.70805,-0.62644,7.17816,0.02115,-0.78462,-0.45769,normal
35.60000,-4.99540,-0.85632,7.68391,0.05962,-0.93846,-0.38077,normal
35.62000,-4.28276,-1.08621,8.18966,0.09808,-1.09231,-0.30385,normal
35.64000,-3.57011,-1.31609,8.69540,0.04865,-1.20270,-0.35135,normal
35.66000,-3.50000,-2.70000,9.20000,0.30000,-0.80000,-0.70000,normal
35.68000,-1.86875,-2.19167,8.25208,-0.04921,-1.12381,-0.47460,normal
35.70000,-1.99375,-2.35833,8.71042,0.01429,-1.02857,-0.44286,normal
35.72000,-2.77500,-2.31250,9.40000,0.07778,-0.93333,-0.41111,normal
35.74000,-1.82429,-2.39143,9.89857,-0.05000,-1.25000,-0.20000,normal
35.76000,-2.31000,-2.22000,9.87000,0.18621,-0.82759,-0.25862,normal
35.78000,-2.79571,-2.04857,9.84143,0.15172,-0.89655,-0.15517,normal
35.80000,-3.28143,-1.87714,9.81286,0.11724,-0.96552,-0.05172,normal
35.82000,-1.70000,-1.90000,9.40000,0.26000,-1.36000,-0.28000,normal
35.84000,-1.38571,-1.72857,9.00000,0.30000,-1.40000,-0.27031,normal
35.86000,-1.07143,-1.55714,8.60000,0.30000,-1.40000,-0.23906,normal
35.88000,-0.75714,-1.38571,8.20000,0.30000,-1.40000,-0.20781,normal
35.90000,-0.10000,-3.24262,10.87951,0.29040,-1.30960,-0.07120,normal
35.92000,-0.10000,-3.01311,10.79754,0.27440,-1.32560,-0.02320,normal
35.94000,-0.10000,-2.78361,10.71557,0.25840,-1.34160,0.02480,normal
35.96000,-0.10000,-2.55410,10.63361,0.24240,-1.35760,0.07280,normal
35.98000,-0.10000,-2.32459,10.55164,0.22640,-1.37360,0.12080,normal
36.00000,-0.10000,-2.09508,10.46967,0.21040,-1.38960,0.16880,normal
36.02000,0.50000,-1.50000,10.40000,0.20000,-1.23846,0.20000,normal
36.04000,1.20000,-0.91667,10.21667,-0.20707,-0.77879,0.57879,normal
36.06000,1.20000,-0.81250,10.11250,-0.22727,-0.71818,0.51818,normal
36.08000,1.20000,-0.70833,10.00833,-0.24747,-0.65758,0.45758,normal
36.10000,1.20000,-0.60417,9.90417,-0.26768,-0.59697,0.39697,normal
36.12000,1.20000,-0.50000,9.80000,-0.28788,-0.53636,0.33636,normal
36.14000,0.92857,-0.08571,9.40000,0.45714,-0.12857,0.52857,normal
36.16000,1.54324,-0.56757,9.48649,-0.02154,-0.05692,0.57846,normal
36.18000,1.59730,-1.02703,9.59459,-0.08308,0.06615,0.51692,normal
36.20000,1.65135,-1.48649,9.70270,-0.14462,0.18923,0.45538,normal
36.22000,0.60000,-2.10000,10.20000,0.46667,0.28333,0.63333,normal
36.24000,1.60000,-0.77761,9.61045,0.55345,-0.08448,0.50000,normal
36.26000,1.60000,-0.74776,9.49104,0.45000,-0.05000,0.50000,normal
36.28000,1.60000,-0.71791,9.37164,0.34655,-0.01552,0.50000,normal
36.30000,0.60000,-0.50000,10.00000,0.59468,0.18936,0.70532,normal
36.32000,0.70526,-0.45789,10.00000,0.57340,0.14681,0.72660,normal
36.34000,0.81053,-0.41579,10.00000,0.55213,0.10426,0.74787,normal
36.36000,0.91579,-0.37368,10.00000,0.53085,0.06170,0.76915,normal
36.38000,1.02105,-0.33158,10.00000,0.50957,0.01915,0.79043,normal
36.40000,0.60000,-1.50000,9.70000,0.31875,-0.00625,0.68750,normal
36.42000,0.64255,-1.43617,9.67872,0.37232,-0.02411,0.65179,normal
36.44000,0.68511,-1.37234,9.65745,0.42589,-0.04196,0.61607,normal
36.46000,0.72766,-1.30851,9.63617,0.47946,-0.05982,0.58036,normal
36.48000,0.77021,-1.24468,9.61489,0.53304,-0.07768,0.54464,normal
36.50000,1.26667,-0.46667,9.40000,0.58661,-0.09554,0.50893,normal
36.52000,1.60500,-1.02500,10.20000,0.40000,-0.20000,0.70000,normal
36.54000,1.63000,-1.15000,10.20000,0.40000,-0.20000,0.67368,normal
36.56000,1.65500,-1.27500,10.20000,0.40000,-0.20000,0.64737,normal
36.58000,1.68000,-1.40000,10.20000,0.40000,-0.20000,0.62105,normal
36.60000,2.10000,-1.70000,10.30000,0.40000,-0.50000,-0.50000,normal
36.62000,1.67556,-0.17000,8.10556,-0.32000,-0.48000,-0.72000,normal
36.64000,1.76444,-0.37000,7.99444,-0.45333,-0.45778,-0.74222,normal
36.66000,1.85333,-0.57000,7.88333,-0.58667,-0.43556,-0.76444,normal
36.68000,1.94222,-0.77000,7.77222,-0.72000,-0.41333,-0.78667,normal
36.70000,3.70000,-2.00000,8.10000,-1.25000,0.15000,-1.75000,normal
36.72000,2.15189,-0.73962,8.91604,-1.31748,0.50000,-2.21748,normal
36.74000,2.09528,-0.55094,8.93491,-1.33689,0.50000,-2.23689,normal
36.76000,2.03868,-0.36226,8.95377,-1.35631,0.50000,-2.25631,normal
36.78000,1.98208,-0.17358,8.97264,-1.37573,0.50000,-2.27573,normal
36.80000,1.92547,0.01509,8.99151,-1.39515,0.50000,-2.29515,normal
36.82000,1.06271,-2.18983,8.61356,-1.77951,1.30410,-2.30000,normal
36.84000,0.87627,-2.13898,8.68136,-1.69754,1.32049,-2.30000,normal
36.86000,0.68983,-2.08814,8.74915,-1.61557,1.33689,-2.30000,normal
36.88000,0.50339,-2.03729,8.81695,-1.53361,1.35328,-2.30000,normal
36.90000,0.31695,-1.98644,8.88475,-1.45164,1.36967,-2.30000,normal
36.92000,0.13051,-1.93559,8.95254,-1.36967,1.38607,-2.30000,normal
36.94000,-0.20000,-1.90000,9.13333,-1.25714,1.40000,-2.29143,normal
36.96000,-0.26842,-2.42105,11.64737,-0.97143,1.40000,-2.23429,normal
36.98000,-0.21579,-2.12281,11.55965,-0.55385,1.40000,-2.20000,normal
37.00000,-0.16316,-1.82456,11.47193,0.70000,0.93766,-1.93766,normal
37.02000,-0.11053,-1.52632,11.38421,0.70000,0.83377,-1.83377,normal
37.04000,-0.05789,-1.22807,11.29649,0.70000,0.72987,-1.72987,normal
37.06000,-0.00526,-0.92982,11.20877,0.70000,0.62597,-1.62597,normal
37.08000,-1.97857,-0.98286,10.16571,0.59394,0.90606,-1.00000,normal
37.10000,-1.83571,-0.86857,9.93714,0.56364,0.93636,-1.00000,normal
37.12000,-1.69286,-0.75429,9.70857,0.53333,0.96667,-1.00000,normal
37.14000,-1.55000,-0.64000,9.48000,0.50303,0.99697,-1.00000,normal
37.16000,-2.51562,-2.15000,8.50938,1.11250,0.41250,-1.16250,normal
37.18000,-2.23438,-1.65000,8.54062,1.13750,0.43750,-1.08750,normal
37.20000,-1.95313,-1.15000,8.57187,1.16250,0.46250,-1.01250,normal
37.22000,-1.60000,-0.05000,9.20000,1.18750,0.48750,-0.93750,normal
37.24000,-3.46842,-0.61053,8.53684,0.35000,0.45000,-0.80000,normal
37.26000,-3.55000,-0.50000,8.50000,0.32239,0.42239,-0.80000,normal
37.28000,-3.60263,-0.39474,8.50000,0.35224,0.45224,-0.80000,normal
37.30000,-3.65526,-0.28947,8.50000,0.38209,0.48209,-0.80000,normal
37.32000,-3.70000,-1.40000,9.60000,0.76250,0.26250,-0.72500,normal
37.34000,-3.47733,0.40400,9.96800,0.65588,0.17794,-0.57794,normal
37.36000,-3.45067,0.64400,10.04800,0.59706,0.14853,-0.54853,normal
37.38000,-3.42400,0.88400,10.12800,0.53824,0.11912,-0.51912,normal
37.40000,-2.95000,0.45000,10.10000,0.06250,0.10000,-0.41250,normal
37.42000,-4.45116,-1.02791,8.46744,0.38108,0.23514,0.55135,normal
37.44000,-4.26512,-0.56279,8.67674,0.51622,0.12703,0.47027,normal
37.46000,-4.07907,-0.09767,8.88605,0.65135,0.01892,0.38919,normal
37.48000,-3.89302,0.36744,9.09535,0.78649,-0.08919,0.30811,normal
37.50000,-8.02621,-0.33883,7.64951,0.41121,0.33276,0.06638,normal
37.52000,-6.95825,-0.16408,8.07670,0.42845,0.22931,0.01466,normal
37.54000,-5.89029,0.01068,8.50388,0.44569,0.12586,-0.03707,normal
37.56000,-4.82233,0.18544,8.93107,0.46293,0.02241,-0.08879,normal
37.58000,-3.75437,0.36019,9.35825,0.48017,-0.08103,-0.14052,normal
37.60000,-3.15000,0.15000,9.25000,0.49741,-0.18448,-0.19224,normal
37.62000,-2.98000,-0.06000,9.26000,-0.79189,-0.36757,0.71622,normal
37.64000,-2.73556,-0.12667,9.32667,-0.76486,-0.25946,0.77027,normal
37.66000,-2.49111,-0.19333,9.39333,-0.73784,-0.15135,0.82432,normal
37.68000,-2.24667,-0.26000,9.46000,-0.71081,-0.04324,0.87838,normal
37.70000,-2.79140,1.46344,9.78925,-0.63750,0.41875,-0.34375,normal
37.72000,-2.61935,0.73226,9.57419,-0.76250,0.48125,-0.48958,normal
37.74000,-2.44731,0.00108,9.35914,-0.88750,0.54375,-0.63542,normal
37.76000,-2.27527,-0.73011,9.14409,-1.01250,0.60625,-0.78125,normal
37.78000,-2.10323,-1.46129,8.92903,-1.13750,0.66875,-0.92708,normal
37.80000,-3.49192,0.08990,9.69394,-0.20816,0.00000,-0.20408,normal
37.82000,-3.41111,-0.01111,9.63333,-0.28980,0.00000,-0.24490,normal
37.84000,-3.33030,-0.11212,9.57273,-0.37143,0.00000,-0.28571,normal
37.86000,-3.24949,-0.21313,9.51212,-0.45306,0.00000,-0.32653,normal
37.88000,-3.16869,-0.31414,9.45152,-0.53469,0.00000,-0.36735,normal
37.90000,-2.60000,-1.35000,9.55000,-0.65714,0.00000,-0.28571,normal
37.92000,-3.87273,-1.17273,9.67455,-0.82162,0.27838,0.17838,normal
37.94000,-3.69091,-0.99091,9.63818,-0.85766,0.24234,0.14234,normal
37.96000,-3.50909,-0.80909,9.60182,-0.89369,0.20631,0.10631,normal
37.98000,-3.32727,-0.62727,9.56545,-0.92973,0.17027,0.07027,normal
38.00000,-3.14545,-0.44545,9.52909,-0.96577,0.13423,0.03423,normal
38.02000,-3.90000,-3.75000,8.60000,-1.02000,0.11000,0.00000,normal
38.04000,-2.84505,-2.32198,9.17802,0.70000,-0.03333,0.23333,normal
38.06000,-2.73516,-2.36593,9.13407,0.72405,-0.14430,0.27215,normal
38.08000,-2.62527,-2.40989,9.09011,0.74937,-0.29620,0.34810,normal
38.10000,-2.51538,-2.45385,9.04615,0.77468,-0.44810,0.42405,normal
38.12000,-2.40549,-2.49780,9.00220,0.80000,-0.60000,0.50000,normal
38.14000,-1.56939,-1.17755,10.14082,-0.11277,-1.41915,0.68723,normal
38.16000,-1.50816,-0.93265,10.22245,-0.15532,-1.48298,0.64468,normal
38.18000,-1.44694,-0.68776,10.30408,-0.19787,-1.54681,0.60213,normal
38.20000,-1.38571,-0.44286,10.38571,-0.24043,-1.61064,0.55957,normal
38.22000,-1.32449,-0.19796,10.46735,-0.28298,-1.67447,0.51702,normal
38.24000,0.29231,-1.56667,9.01154,-0.12278,-0.30000,-0.14557,normal
38.26000,0.13846,-0.90000,9.24231,-0.19873,-0.30000,-0.29747,normal
38.28000,-0.01538,-0.23333,9.47308,-0.27468,-0.30000,-0.44937,normal
38.30000,-0.16923,0.43333,9.70385,-0.35063,-0.30000,-0.60127,normal
38.32000,-0.30000,-2.70000,10.10000,-0.09907,-0.49813,0.10280,normal
38.34000,0.10000,-1.20435,9.23043,-0.08037,-0.46075,0.15888,normal
38.36000,0.10000,-0.83478,9.14348,-0.06168,-0.42336,0.21495,normal
38.38000,0.10000,-0.46522,9.05652,-0.04299,-0.38598,0.27103,normal
38.40000,0.10000,-0.09565,8.96957,-0.02430,-0.34860,0.32710,normal
38.42000,-0.26364,-1.67273,9.39091,-0.00561,-0.31121,0.38318,normal
38.44000,-0.21807,-1.12892,8.42892,0.60000,0.40000,0.30000,normal
38.46000,-0.33855,-1.32169,8.62169,0.65128,0.50256,0.24872,normal
38.48000,-0.45904,-1.51446,8.81446,0.70256,0.60513,0.19744,normal
38.50000,-0.57952,-1.70723,9.00723,0.75385,0.70769,0.14615,normal
38.52000,-0.70000,-1.90000,9.20000,1.10000,0.70000,0.10000,normal
38.54000,-1.46923,-1.15385,9.21538,-0.85109,0.66739,0.56739,normal
38.56000,-1.71099,-1.08791,9.23736,-0.78587,0.62391,0.52391,normal
38.58000,-1.95275,-1.02198,9.25934,-0.72065,0.58043,0.48043,normal
38.60000,-2.19451,-0.95604,9.28132,-0.65543,0.53696,0.43696,normal
38.62000,-2.16667,-2.00000,9.68333,-0.16000,0.40000,0.16000,normal
38.64000,-0.19029,-0.41359,9.75825,0.16100,-0.49600,-0.54800,normal
38.66000,0.15922,-0.10291,9.85534,0.10100,-0.33600,-0.46800,normal
38.68000,0.50874,0.20777,9.95243,0.04100,-0.17600,-0.38800,normal
38.70000,0.85825,0.51845,10.04951,-0.01900,-0.01600,-0.30800,normal
38.72000,1.20777,0.82913,10.14660,-0.07900,0.14400,-0.22800,normal
38.74000,-0.98205,0.27692,10.08718,0.18925,-0.29785,-0.40430,normal
38.76000,-0.80256,0.04615,9.95897,0.08172,-0.27634,-0.44731,normal
38.78000,-0.62308,-0.18462,9.83077,-0.02581,-0.25484,-0.49032,normal
38.80000,-0.44359,-0.41538,9.70256,-0.13333,-0.23333,-0.53333,normal
38.82000,-0.41429,-0.77143,9.61905,-0.24086,-0.21183,-0.57634,normal
38.84000,-1.80000,-1.90000,8.70000,-0.40000,-0.10000,-0.90000,normal
38.86000,-1.03200,0.38800,10.14800,0.14697,0.09545,-0.47424,normal
38.88000,-0.84533,1.37467,10.86800,-0.00455,0.36818,-0.68636,normal
38.90000,-0.65867,2.36133,11.58800,-0.15606,0.64091,-0.89848,normal
38.92000,-2.20000,-3.10000,8.60000,-0.70000,1.40000,-1.15000,normal
38.94000,-2.62174,-1.92609,8.37826,0.44667,-0.34667,-0.30000,normal
38.96000,-2.27391,-1.70870,8.72609,0.51333,-0.41333,-0.30000,normal
38.98000,-1.92609,-1.49130,9.07391,0.58000,-0.48000,-0.30000,normal
39.00000,-1.57826,-1.27391,9.42174,0.64667,-0.54667,-0.30000,normal
39.02000,-1.70000,-2.10000,9.20000,0.00000,0.35000,-2.35000,normal
39.04000,-2.56854,-1.54157,10.32472,-0.48416,-1.03267,-1.49901,normal
39.06000,-2.36629,-1.45169,10.05506,-0.58317,-0.95347,-1.38020,normal
39.08000,-2.16404,-1.36180,9.78539,-0.68218,-0.87426,-1.26139,normal
39.10000,-1.96180,-1.27191,9.51573,-0.78119,-0.79505,-1.14257,normal
39.12000,-1.06667,-2.90000,9.23333,-0.88020,-0.71584,-1.02376,normal
39.14000,-0.38315,-3.01461,8.87079,0.12564,-0.48974,-1.18462,normal
39.16000,-0.20337,-3.03708,8.82584,0.25385,-0.43846,-1.10769,normal
39.18000,-0.02360,-3.05955,8.78090,0.38205,-0.38718,-1.03077,normal
39.20000,0.15618,-3.08202,8.73596,0.51026,-0.33590,-0.95385,normal
39.22000,-0.60000,-1.40000,9.80000,0.29479,-0.39896,-0.69792,normal
39.24000,-0.60000,-1.44167,9.77917,0.19062,-0.37812,-0.65625,normal
39.26000,-0.60000,-1.48333,9.75833,0.08646,-0.35729,-0.61458,normal
39.28000,-0.60000,-1.52500,9.73750,-0.01771,-0.33646,-0.57292,normal
39.30000,-0.60000,-1.56667,9.71667,-0.12188,-0.31562,-0.53125,normal
39.32000,-0.60000,-2.70000,9.40000,-0.10000,0.00000,0.70000,normal
39.34000,0.18172,-1.44624,9.96344,-0.05938,0.00000,0.52083,normal
39.36000,0.16022,-1.61828,9.92043,-0.12187,0.00000,0.43750,normal
39.38000,0.13871,-1.79032,9.87742,-0.18438,0.00000,0.35417,normal
39.40000,0.11720,-1.96237,9.83441,-0.24687,0.00000,0.27083,normal
39.42000,-0.03333,-2.66667,9.53333,-0.14545,0.01818,0.25455,normal
39.44000,-0.84059,-1.84950,9.64059,0.28586,-0.12828,0.12121,normal
39.46000,-0.74158,-2.26535,9.54158,0.24545,-0.20909,0.18182,normal
39.48000,-0.64257,-2.68119,9.44257,0.20505,-0.28990,0.24242,normal
39.50000,-0.54356,-3.09703,9.34356,0.16465,-0.37071,0.30303,normal
39.52000,-0.44455,-3.51287,9.24455,0.12424,-0.45152,0.36364,normal
39.54000,-0.84639,-4.42784,9.84948,0.70000,-0.50000,1.90000,normal
39.56000,-0.57835,-3.06701,10.09691,0.56585,-2.63415,2.27805,normal
39.58000,-0.31031,-1.70619,10.34433,0.51707,-2.68293,1.96098,normal
39.60000,-0.04227,-0.34536,10.59175,0.46829,-2.73171,1.64390,normal
39.62000,0.22577,1.01546,10.83918,0.41951,-2.78049,1.32683,normal
39.64000,2.50494,-2.59506,9.60370,0.01928,-0.43253,0.63855,normal
39.66000,2.60370,-2.49630,9.67778,0.11566,-0.09518,0.83133,normal
39.68000,2.70247,-2.39753,9.75185,0.21205,0.24217,1.02410,normal
39.70000,2.80123,-2.29877,9.82593,0.30843,0.57952,1.21687,normal
39.72000,2.90000,-2.20000,9.90000,0.50000,1.60000,1.55000,normal
39.74000,-1.94167,1.34167,10.32222,2.19565,1.67826,0.53913,normal
39.76000,-1.85833,1.25833,10.21111,1.76087,1.50435,0.45217,normal
39.78000,-1.77500,1.17500,10.10000,1.32609,1.33043,0.36522,normal
39.80000,-1.70000,0.10000,9.80000,-0.70000,-0.00000,-0.30000,normal
39.82000,-1.67037,-0.45370,9.57407,0.10000,-0.28276,-0.93448,normal
39.84000,-1.48519,-1.10185,9.53704,0.10000,-0.14483,-1.21034,normal
39.86000,-1.30000,-1.75000,9.50000,0.10000,-0.00690,-1.48621,normal
39.88000,-1.11481,-2.39815,9.46296,0.10000,0.13103,-1.76207,normal
39.90000,-0.92963,-3.04630,9.42593,0.10000,0.26897,-2.03793,normal
39.92000,-0.85000,-0.20000,9.95000,0.45000,0.20000,-1.70000,normal
39.94000,-0.63571,-0.65510,9.60000,-0.18367,-0.08367,-0.26735,normal
39.96000,-0.77857,-0.81837,9.60000,-0.16327,-0.06327,-0.22653,normal
39.98000,-0.92143,-0.98163,9.60000,-0.14286,-0.04286,-0.18571,normal
40.00000,-1.06429,-1.14490,9.60000,-0.12245,-0.02245,-0.14490,normal
40.02000,-1.35000,-1.20000,9.50000,-0.10204,-0.00204,-0.10408,normal
40.04000,-1.09231,-0.52308,9.50000,-0.01087,-0.08913,-0.18913,normal
40.06000,-1.07033,-0.58901,9.50000,-0.03261,-0.06739,-0.16739,normal
40.08000,-1.04835,-0.65495,9.50000,-0.05435,-0.04565,-0.14565,normal
40.10000,-1.02637,-0.72088,9.50000,-0.07609,-0.02391,-0.12391,normal
40.12000,-1.00440,-0.78681,9.50000,-0.09783,-0.00217,-0.10217,normal
40.14000,-1.60778,-0.49222,9.50778,0.18824,0.08824,-0.11176,normal
40.16000,-1.63000,-0.47000,9.53000,0.16863,0.06863,-0.13137,normal
40.18000,-1.65222,-0.44778,9.55222,0.14902,0.04902,-0.15098,normal
40.20000,-1.67444,-0.42556,9.57444,0.12941,0.02941,-0.17059,normal
40.22000,-1.69667,-0.40333,9.59667,0.10980,0.00980,-0.19020,normal
40.24000,-1.55455,-0.64545,9.50000,0.00000,0.00000,-0.10000,normal
40.26000,-1.46364,-0.73636,9.50000,0.00000,0.00000,-0.10000,normal
40.28000,-1.37273,-0.82727,9.50000,0.00000,0.00000,-0.10000,normal
40.30000,-1.56000,-0.69000,9.68000,0.00000,0.00000,-0.10000,normal
