timestamp,accel_x,accel_y,accel_z,gyro_x,gyro_y,gyro_z,label
0.00000,-1.60000,1.80000,9.80000,0.00000,-0.30000,0.00000,normal
0.02000,-1.22577,1.18660,9.20103,0.01584,-0.04752,-0.03168,normal
0.04000,-0.83402,1.31031,9.34536,0.03564,-0.10693,-0.07129,normal
0.06000,-0.44227,1.43402,9.48969,0.05545,-0.16634,-0.11089,normal
0.08000,-0.05052,1.55773,9.63402,0.07525,-0.22574,-0.15050,normal
0.10000,0.34124,1.68144,9.77835,0.09505,-0.28515,-0.19010,normal
0.12000,0.46522,1.43478,9.60000,-0.09659,0.00000,0.10000,normal
0.14000,0.37826,1.52174,9.60000,-0.07386,0.00000,0.10000,normal
0.16000,0.29130,1.60870,9.60000,-0.05114,0.00000,0.10000,normal
0.18000,0.20435,1.69565,9.60000,-0.02841,0.00000,0.10000,normal
0.20000,0.11739,1.78261,9.60000,-0.00568,0.00000,0.10000,normal
0.22000,0.20989,1.60000,9.50000,-0.00826,0.00826,0.00826,normal
0.24000,0.23187,1.60000,9.50000,-0.02661,0.02661,0.02661,normal
0.26000,0.25385,1.60000,9.50000,-0.04495,0.04495,0.04495,normal
0.28000,0.27582,1.60000,9.50000,-0.06330,0.06330,0.06330,normal
0.30000,0.29780,1.60000,9.50000,-0.08165,0.08165,0.08165,normal
0.32000,-0.10000,1.53077,9.16154,-0.10000,0.10000,0.10000,normal
0.34000,-0.14051,1.47975,9.05949,-0.27500,0.10000,0.20000,normal
0.36000,-0.19114,1.45443,9.00886,-0.30000,0.12833,0.22833,normal
0.38000,-0.24177,1.42911,8.95823,-0.30000,0.16167,0.26167,normal
0.40000,-0.29241,1.40380,8.90759,-0.30000,0.19500,0.29500,normal
0.42000,-1.43333,0.73333,8.52222,-0.41010,0.28990,0.30000,normal
0.44000,-1.31212,0.79394,8.56263,-0.43030,0.26970,0.30000,normal
0.46000,-1.19091,0.85455,8.60303,-0.45051,0.24949,0.30000,normal
0.48000,-1.06970,0.91515,8.64343,-0.47071,0.22929,0.30000,normal
0.50000,-0.94848,0.97576,8.68384,-0.49091,0.20909,0.30000,normal
0.52000,-1.32809,1.03820,9.46629,-1.40000,0.50000,0.50000,normal
0.54000,-1.44045,0.79101,9.33146,-1.40000,0.50000,0.45294,normal
0.56000,-1.55281,0.54382,9.19663,-1.40000,0.50000,0.40588,normal
0.58000,-1.66517,0.29663,9.06180,-1.40000,0.50000,0.35882,normal
0.60000,-1.77753,0.04944,8.92697,-1.40000,0.50000,0.31176,normal
0.62000,-0.80889,0.08889,8.70889,-1.31250,0.40417,0.41667,normal
0.64000,-0.83111,0.31111,8.73111,-1.37500,0.42500,0.50000,normal
0.66000,-0.85333,0.53333,8.75333,-1.43750,0.44583,0.58333,normal
0.68000,-0.87556,0.75556,8.77556,-1.50000,0.46667,0.66667,normal
0.70000,-0.89778,0.97778,8.79778,-1.56250,0.48750,0.75000,normal
0.72000,-1.70610,-1.50610,8.29268,-1.92000,0.74000,0.72000,normal
0.74000,-1.82805,-1.62805,8.14634,-2.09231,1.22308,0.80769,normal
0.76000,-1.95000,-1.75000,8.00000,-2.06154,1.31538,0.83846,normal
0.78000,-2.07195,-1.87195,7.85366,-2.03077,1.40769,0.86923,normal
0.80000,-2.19390,-1.99390,7.70732,-2.00000,1.50000,0.90000,normal
0.82000,-2.01212,-0.68283,7.09899,-2.23158,1.58421,1.42105,normal
0.84000,-2.31515,-1.08687,7.24040,-2.29474,1.75263,1.46316,normal
0.86000,-2.61818,-1.49091,7.38182,-2.35789,1.92105,1.50526,normal
0.88000,-2.92121,-1.89495,7.52323,-2.42105,2.08947,1.54737,normal
0.90000,-3.22424,-2.29899,7.66465,-2.48421,2.25789,1.58947,normal
0.92000,-5.67912,-4.20879,6.94945,-1.40870,1.41739,2.19130,normal
0.94000,-5.85495,-4.45055,7.05934,-1.45217,1.50435,2.14783,normal
0.96000,-6.03077,-4.69231,7.16923,-1.49565,1.59130,2.10435,normal
0.98000,-6.20659,-4.93407,7.27912,-1.53913,1.67826,2.06087,normal
1.00000,-6.38242,-5.17582,7.38901,-1.58261,1.76522,2.01739,normal
1.02000,-6.55455,-5.02045,5.87955,-0.10566,1.21698,1.28868,normal
1.04000,-6.73636,-5.08864,5.81136,-0.12453,1.27358,1.25094,normal
1.06000,-6.91818,-5.15682,5.74318,-0.14340,1.33019,1.21321,normal
1.08000,-7.10000,-5.22500,5.67500,-0.16226,1.38679,1.17547,normal
1.10000,-7.28182,-5.29318,5.60682,-0.18113,1.44340,1.13774,normal
1.12000,-8.88824,-4.23529,4.38824,-0.20000,1.50000,1.10000,normal
1.14000,-8.48333,-3.35000,3.70000,-1.51000,1.20000,0.69714,normal
1.16000,-8.45769,-3.27308,3.54615,-1.71000,1.20000,0.64000,normal
1.18000,-8.43205,-3.19615,3.39231,-1.91000,1.20000,0.58286,normal
1.20000,-8.40641,-3.11923,3.23846,-2.11000,1.20000,0.52571,normal
1.22000,-8.52874,-3.93448,0.36552,-4.30000,1.10000,0.30238,normal
1.24000,-8.64368,-4.07241,0.22759,-4.30000,1.10000,0.32619,normal
1.26000,-8.75862,-4.21034,0.08966,-4.30000,1.10000,0.35000,normal
1.28000,-8.87356,-4.34828,-0.04828,-4.30000,1.10000,0.37381,normal
1.30000,-8.98851,-4.48621,-0.18621,-4.30000,1.10000,0.39762,normal
1.32000,-10.26170,-6.04894,-1.10000,-1.62421,0.58316,1.10000,normal
1.34000,-10.19787,-5.96383,-1.10000,-1.43474,0.54105,1.10000,normal
1.36000,-10.13404,-5.87872,-1.10000,-1.24526,0.49895,1.10000,normal
1.38000,-10.07021,-5.79362,-1.10000,-1.05579,0.45684,1.10000,normal
1.40000,-10.00638,-5.70851,-1.10000,-0.86632,0.41474,1.10000,normal
1.42000,-10.31573,-3.58427,0.30787,0.68641,0.40000,0.48641,normal
1.44000,-10.36067,-3.53933,0.33034,0.64757,0.40000,0.44757,normal
1.46000,-10.40562,-3.49438,0.35281,0.60874,0.40000,0.40874,normal
1.48000,-10.45056,-3.44944,0.37528,0.56990,0.40000,0.36990,normal
1.50000,-10.49551,-3.40449,0.39775,0.53107,0.40000,0.33107,normal
1.52000,-10.44286,-3.37143,-0.21429,0.12500,0.20000,0.17500,normal
1.54000,-10.63671,-3.40000,-0.34557,-0.52029,0.00000,0.00000,normal
1.56000,-10.78861,-3.40000,-0.39620,-0.57826,0.00000,0.00000,normal
1.58000,-10.94051,-3.40000,-0.44684,-0.63623,0.00000,0.00000,normal
1.60000,-11.09241,-3.40000,-0.49747,-0.69420,0.00000,0.00000,normal
1.62000,-13.41489,-2.73830,-2.27447,-1.62258,-0.30000,0.09247,normal
1.64000,-13.60638,-2.80213,-2.23191,-1.68710,-0.30000,0.07097,normal
1.66000,-13.79787,-2.86596,-2.18936,-1.75161,-0.30000,0.04946,normal
1.68000,-13.98936,-2.92979,-2.14681,-1.81613,-0.30000,0.02796,normal
1.70000,-14.18085,-2.99362,-2.10426,-1.88065,-0.30000,0.00645,normal
1.72000,-9.79111,-2.26444,-1.20889,-1.57701,-0.58851,-0.41149,normal
1.74000,-9.76889,-2.17556,-1.23111,-1.48506,-0.54253,-0.45747,normal
1.76000,-9.74667,-2.08667,-1.25333,-1.39310,-0.49655,-0.50345,normal
1.78000,-9.72444,-1.99778,-1.27556,-1.30115,-0.45057,-0.54943,normal
1.80000,-9.70222,-1.90889,-1.29778,-1.20920,-0.40460,-0.59540,normal
1.82000,-9.48723,-1.07447,-1.20000,-0.30526,-0.40526,-0.69474,normal
1.84000,-9.46596,-1.03191,-1.20000,-0.32632,-0.42632,-0.67368,normal
1.86000,-9.44468,-0.98936,-1.20000,-0.34737,-0.44737,-0.65263,normal
1.88000,-9.42340,-0.94681,-1.20000,-0.36842,-0.46842,-0.63158,normal
1.90000,-9.40213,-0.90426,-1.20000,-0.38947,-0.48947,-0.61053,normal
1.92000,-7.59535,-1.70930,0.50930,-0.52500,-0.62500,-0.60000,normal
1.94000,-7.57209,-1.75581,0.55581,-0.30000,-0.77662,-0.48831,normal
1.96000,-7.54884,-1.80233,0.60233,-0.30000,-0.72468,-0.46234,normal
1.98000,-7.52558,-1.84884,0.64884,-0.30000,-0.67273,-0.43636,normal
2.00000,-7.50233,-1.89535,0.69535,-0.30000,-0.62078,-0.41039,normal
2.02000,-7.90000,-2.58723,-0.02553,0.00112,-0.09888,0.10000,normal
2.04000,-7.90000,-2.56596,-0.06809,0.02360,-0.07640,0.10000,normal
2.06000,-7.90000,-2.54468,-0.11064,0.04607,-0.05393,0.10000,normal
2.08000,-7.90000,-2.52340,-0.15319,0.06854,-0.03146,0.10000,normal
2.10000,-7.90000,-2.50213,-0.19574,0.09101,-0.00899,0.10000,normal
2.12000,-8.01263,-2.80000,-0.28105,0.40583,0.10000,0.29417,normal
2.14000,-8.05474,-2.80000,-0.21789,0.42524,0.10000,0.27476,normal
2.16000,-8.09684,-2.80000,-0.15474,0.44466,0.10000,0.25534,normal
2.18000,-8.13895,-2.80000,-0.09158,0.46408,0.10000,0.23592,normal
2.20000,-8.18105,-2.80000,-0.02842,0.48350,0.10000,0.21650,normal
2.22000,-8.40575,-2.61149,0.20000,0.58571,0.18571,0.20000,normal
2.24000,-8.42874,-2.65747,0.20000,0.07027,0.01486,0.10000,normal
2.26000,-8.45172,-2.70345,0.20000,0.01622,0.04189,0.10000,normal
2.28000,-8.47471,-2.74943,0.20000,-0.03784,0.06892,0.10000,normal
2.30000,-8.49770,-2.79540,0.20000,-0.09189,0.09595,0.10000,normal
2.32000,-9.53587,-3.18804,0.18804,0.00000,0.40000,0.30568,normal
2.34000,-9.60109,-3.16630,0.16630,0.00000,0.40000,0.32841,normal
2.36000,-9.66630,-3.14457,0.14457,0.00000,0.40000,0.35114,normal
2.38000,-9.73152,-3.12283,0.12283,0.00000,0.40000,0.37386,normal
2.40000,-9.79674,-3.10109,0.10109,0.00000,0.40000,0.39659,normal
2.42000,-11.87097,-2.45269,0.31183,-0.34737,0.48105,0.49053,normal
2.44000,-12.00000,-2.36667,0.33333,-0.45263,0.43895,0.46947,normal
2.46000,-12.12903,-2.28065,0.35484,-0.55789,0.39684,0.44842,normal
2.48000,-12.25806,-2.19462,0.37634,-0.66316,0.35474,0.42737,normal
2.50000,-12.38710,-2.10860,0.39785,-0.76842,0.31263,0.40632,normal
2.52000,-12.62632,-3.91474,-0.81474,-1.56038,-0.01321,0.10000,normal
2.54000,-12.41579,-3.95684,-0.85684,-1.44717,-0.05094,0.10000,normal
2.56000,-12.20526,-3.99895,-0.89895,-1.33396,-0.08868,0.10000,normal
2.58000,-11.99474,-4.04105,-0.94105,-1.22075,-0.12642,0.10000,normal
2.60000,-11.78421,-4.08316,-0.98316,-1.10755,-0.16415,0.10000,normal
2.62000,-9.47126,-3.54828,-1.20000,-0.50000,-0.40000,0.20000,normal
2.64000,-9.35632,-3.34138,-1.20000,1.40000,-0.08148,0.08148,normal
2.66000,-9.24138,-3.13448,-1.20000,1.40000,-0.05679,0.05679,normal
2.68000,-9.12644,-2.92759,-1.20000,1.40000,-0.03210,0.03210,normal
2.70000,-9.01149,-2.72069,-1.20000,1.40000,-0.00741,0.00741,normal
2.72000,-8.46444,-2.34444,-1.40000,0.29355,-0.10000,-0.60000,normal
2.74000,-8.37556,-2.45556,-1.40000,0.27204,-0.10000,-0.60000,normal
2.76000,-8.28667,-2.56667,-1.40000,0.25054,-0.10000,-0.60000,normal
2.78000,-8.19778,-2.67778,-1.40000,0.22903,-0.10000,-0.60000,normal
2.80000,-8.10889,-2.78889,-1.40000,0.20753,-0.10000,-0.60000,normal
2.82000,-7.48462,-3.00000,-1.48462,0.60000,0.00000,-0.50000,normal
2.84000,-7.44066,-3.00000,-1.44066,0.60000,0.00000,-0.50000,normal
2.86000,-7.39670,-3.00000,-1.39670,0.60000,0.00000,-0.50000,normal
2.88000,-7.35275,-3.00000,-1.35275,0.60000,0.00000,-0.50000,normal
2.90000,-7.30879,-3.00000,-1.30879,0.60000,0.00000,-0.50000,normal
2.92000,-7.01099,-2.91099,-0.98901,0.59500,0.20500,-0.50000,normal
2.94000,-7.03297,-2.93297,-0.96703,0.57500,0.22500,-0.50000,normal
2.96000,-7.05495,-2.95495,-0.94505,0.55500,0.24500,-0.50000,normal
2.98000,-7.07692,-2.97692,-0.92308,0.53500,0.26500,-0.50000,normal
3.00000,-7.09890,-2.99890,-0.90110,0.51500,0.28500,-0.50000,normal
3.02000,-8.36667,-3.08889,-1.01111,0.60000,0.40000,-0.20000,normal
3.04000,-8.49500,-3.10000,-1.00000,0.50000,0.40000,-0.06986,normal
3.06000,-8.59500,-3.10000,-1.00000,0.50000,0.40000,-0.01507,normal
3.08000,-8.69500,-3.10000,-1.00000,0.50000,0.40000,0.03973,normal
3.10000,-8.79500,-3.10000,-1.00000,0.50000,0.40000,0.09452,normal
3.12000,-10.16250,-3.30000,-0.91250,0.49175,0.49175,0.60825,normal
3.14000,-10.26667,-3.30000,-0.93333,0.47113,0.47113,0.62887,normal
3.16000,-10.37083,-3.30000,-0.95417,0.45052,0.45052,0.64948,normal
3.18000,-10.47500,-3.30000,-0.97500,0.42990,0.42990,0.67010,normal
3.20000,-10.57917,-3.30000,-0.99583,0.40928,0.40928,0.69072,normal
3.22000,-11.66977,-3.30581,-1.00581,0.09529,0.20941,0.70000,normal
3.24000,-11.94884,-3.32907,-1.02907,0.07176,0.25647,0.70000,normal
3.26000,-12.22791,-3.35233,-1.05233,0.04824,0.30353,0.70000,normal
3.28000,-12.50698,-3.37558,-1.07558,0.02471,0.35059,0.70000,normal
3.30000,-12.78605,-3.39884,-1.09884,0.00118,0.39765,0.70000,normal
3.32000,-11.16170,-3.04468,-0.95851,-0.20000,-0.20000,0.58447,normal
3.34000,-10.94894,-2.95957,-0.89468,-0.20000,-0.20000,0.54563,normal
3.36000,-10.73617,-2.87447,-0.83085,-0.20000,-0.20000,0.50680,normal
3.38000,-10.52340,-2.78936,-0.76702,-0.20000,-0.20000,0.46796,normal
3.40000,-10.31064,-2.70426,-0.70319,-0.20000,-0.20000,0.42913,normal
3.42000,-9.70000,-2.00000,-0.40000,-0.21000,-0.21000,-0.11000,normal
3.44000,-9.08608,-1.80000,-0.47722,-0.41216,-0.52432,-0.41216,normal
3.46000,-8.95949,-1.80000,-0.45190,-0.43919,-0.57838,-0.43919,normal
3.48000,-8.83291,-1.80000,-0.42658,-0.46622,-0.63243,-0.46622,normal
3.50000,-8.70633,-1.80000,-0.40127,-0.49324,-0.68649,-0.49324,normal
3.52000,-8.86000,-1.87000,-0.38000,-0.69444,-0.80000,-0.60000,normal
3.54000,-8.77111,-1.80333,-0.33556,-0.67222,-0.80000,-0.60000,normal
3.56000,-8.68222,-1.73667,-0.29111,-0.65000,-0.80000,-0.60000,normal
3.58000,-8.59333,-1.67000,-0.24667,-0.62778,-0.80000,-0.60000,normal
3.60000,-8.50444,-1.60333,-0.20222,-0.60556,-0.80000,-0.60000,normal
3.62000,-7.88000,-2.01000,0.53000,-0.40575,-0.78851,-0.49425,normal
3.64000,-7.83556,-2.03222,0.59667,-0.42874,-0.74253,-0.47126,normal
3.66000,-7.79111,-2.05444,0.66333,-0.45172,-0.69655,-0.44828,normal
3.68000,-7.74667,-2.07667,0.73000,-0.47471,-0.65057,-0.42529,normal
3.70000,-7.70222,-2.09889,0.79667,-0.49770,-0.60460,-0.40230,normal
3.72000,-6.83871,-2.52581,0.11290,-0.28911,-0.07822,0.01089,normal
3.74000,-6.90323,-2.56882,0.13441,-0.26931,-0.03861,0.03069,normal
3.76000,-6.96774,-2.61183,0.15591,-0.24950,0.00099,0.05050,normal
3.78000,-7.03226,-2.65484,0.17742,-0.22970,0.04059,0.07030,normal
3.80000,-7.09677,-2.69785,0.19892,-0.20990,0.08020,0.09010,normal
3.82000,-7.91882,-2.80471,0.30471,-0.01000,0.01000,0.38000,normal
3.84000,-8.01294,-2.82824,0.32824,-0.10000,0.20000,0.61905,normal
3.86000,-8.10706,-2.85176,0.35176,-0.10000,0.20000,0.64286,normal
3.88000,-8.20118,-2.87529,0.37529,-0.10000,0.20000,0.66667,normal
3.90000,-8.29529,-2.89882,0.39882,-0.10000,0.20000,0.69048,normal
3.92000,-10.49655,-3.72069,0.79310,-0.17955,0.80682,1.21364,normal
3.94000,-10.81839,-3.78966,0.77011,-0.11136,0.82955,1.25909,normal
3.96000,-11.14023,-3.85862,0.74713,-0.04318,0.85227,1.30455,normal
3.98000,-11.46207,-3.92759,0.72414,0.02500,0.87500,1.35000,normal
4.00000,-11.78391,-3.99655,0.70115,0.09318,0.89773,1.39545,normal
4.02000,-13.30323,-2.95161,0.50968,0.27447,0.87447,0.96170,normal
4.04000,-13.47527,-3.03763,0.35914,0.23191,0.83191,0.89787,normal
4.06000,-13.64731,-3.12366,0.20860,0.18936,0.78936,0.83404,normal
4.08000,-13.81935,-3.20968,0.05806,0.14681,0.74681,0.77021,normal
4.10000,-13.99140,-3.29570,-0.09247,0.10426,0.70426,0.70638,normal
4.12000,-13.70000,-3.57500,-0.93750,0.10826,-0.13303,-0.23303,normal
4.14000,-13.36667,-3.53333,-0.83333,0.12661,-0.20642,-0.30642,normal
4.16000,-13.03333,-3.49167,-0.72917,0.14495,-0.27982,-0.37982,normal
4.18000,-12.70000,-3.45000,-0.62500,0.16330,-0.35321,-0.45321,normal
4.20000,-12.36667,-3.40833,-0.52083,0.18165,-0.42661,-0.52661,normal
4.22000,-10.18902,-2.90000,-1.30244,0.20000,-0.50000,-0.60000,normal
4.24000,-9.96951,-2.90000,-1.35122,-0.30714,-0.70714,-1.71429,normal
4.26000,-9.75000,-2.90000,-1.40000,-0.33571,-0.73571,-1.77143,normal
4.28000,-9.53049,-2.90000,-1.44878,-0.36429,-0.76429,-1.82857,normal
4.30000,-9.31098,-2.90000,-1.49756,-0.39286,-0.79286,-1.88571,normal
4.32000,-7.34000,-3.20000,-1.08000,-0.09451,-0.49451,-1.79451,normal
4.34000,-7.20667,-3.20000,-1.03556,-0.07253,-0.47253,-1.77253,normal
4.36000,-7.07333,-3.20000,-0.99111,-0.05055,-0.45055,-1.75055,normal
4.38000,-6.94000,-3.20000,-0.94667,-0.02857,-0.42857,-1.72857,normal
4.40000,-6.80667,-3.20000,-0.90222,-0.00659,-0.40659,-1.70659,normal
4.42000,-6.28280,-2.90860,-1.28280,0.70000,0.00753,-0.98495,normal
4.44000,-6.23978,-2.93011,-1.23978,0.70000,0.02903,-0.94194,normal
4.46000,-6.19677,-2.95161,-1.19677,0.70000,0.05054,-0.89892,normal
4.48000,-6.15376,-2.97312,-1.15376,0.70000,0.07204,-0.85591,normal
4.50000,-6.11075,-2.99462,-1.11075,0.70000,0.09355,-0.81290,normal
4.52000,-7.02637,-3.70879,-0.70879,0.80000,0.20316,-0.19684,normal
4.54000,-7.09231,-3.73077,-0.73077,0.80000,0.22421,-0.17579,normal
4.56000,-7.15824,-3.75275,-0.75275,0.80000,0.24526,-0.15474,normal
4.58000,-7.22418,-3.77473,-0.77473,0.80000,0.26632,-0.13368,normal
4.60000,-7.29011,-3.79670,-0.79670,0.80000,0.28737,-0.11263,normal
4.62000,-7.90000,-4.60238,-0.29286,0.71111,0.30000,-0.01111,normal
4.64000,-7.90000,-4.62619,-0.22143,0.50000,0.41014,0.51014,normal
4.66000,-7.90000,-4.65000,-0.15000,0.50000,0.43913,0.53913,normal
4.68000,-7.90000,-4.67381,-0.07857,0.50000,0.46812,0.56812,normal
4.70000,-7.90000,-4.69762,-0.00714,0.50000,0.49710,0.59710,normal
4.72000,-9.21290,-4.28710,-0.20000,0.57647,0.58824,1.00000,normal
4.74000,-9.23441,-4.26559,-0.20000,0.53725,0.56863,1.00000,normal
4.76000,-9.25591,-4.24409,-0.20000,0.49804,0.54902,1.00000,normal
4.78000,-9.27742,-4.22258,-0.20000,0.45882,0.52941,1.00000,normal
4.80000,-9.29892,-4.20108,-0.20000,0.41961,0.50980,1.00000,normal
4.82000,-10.20000,-3.90000,0.40000,-0.50833,0.20000,1.00000,normal
4.84000,-10.20000,-3.90000,0.40000,-0.55000,0.20000,1.00000,normal
4.86000,-10.20000,-3.90000,0.40000,-0.59167,0.20000,1.00000,normal
4.88000,-10.20000,-3.90000,0.40000,-0.63333,0.20000,1.00000,normal
4.90000,-10.20000,-3.90000,0.40000,-0.67500,0.20000,1.00000,normal
4.92000,-10.64624,-4.12366,-0.42903,-1.04286,0.05714,0.90000,normal
4.94000,-10.36667,-4.16667,-0.30000,-1.21951,-0.21951,0.76098,normal
4.96000,-10.08710,-4.20968,-0.17097,-1.24390,-0.24390,0.71220,normal
4.98000,-9.80753,-4.25269,-0.04194,-1.26829,-0.26829,0.66341,normal
5.00000,-9.52796,-4.29570,0.08710,-1.29268,-0.29268,0.61463,normal
5.02000,-8.79101,-4.21798,-0.70899,-0.87447,0.00000,-0.10851,normal
5.04000,-8.76854,-4.26292,-0.73146,-0.81064,0.00000,-0.12979,normal
5.06000,-8.74607,-4.30787,-0.75393,-0.74681,0.00000,-0.15106,normal
5.08000,-8.72360,-4.35281,-0.77640,-0.68298,0.00000,-0.17234,normal
5.10000,-8.70112,-4.39775,-0.79888,-0.61915,0.00000,-0.19362,normal
5.12000,-8.11538,-3.99231,-0.40769,0.50722,0.12165,-0.10000,normal
5.14000,-8.15934,-3.97033,-0.42967,0.52784,0.18351,-0.10000,normal
5.16000,-8.20330,-3.94835,-0.45165,0.54845,0.24536,-0.10000,normal
5.18000,-8.24725,-3.92637,-0.47363,0.56907,0.30722,-0.10000,normal
5.20000,-8.29121,-3.90440,-0.49560,0.58969,0.36907,-0.10000,normal
5.22000,-9.20471,-4.09529,-1.00000,1.31212,0.69596,0.00000,normal
5.24000,-9.22824,-4.07176,-1.00000,1.37273,0.67576,0.00000,normal
5.26000,-9.25176,-4.04824,-1.00000,1.43333,0.65556,0.00000,normal
5.28000,-9.27529,-4.02471,-1.00000,1.49394,0.63535,0.00000,normal
5.30000,-9.29882,-4.00118,-1.00000,1.55455,0.61515,0.00000,normal
5.32000,-9.94667,-3.50667,-1.28667,1.90000,0.70000,0.10000,normal
5.34000,-10.00000,-3.50000,-1.30000,1.69286,0.58571,0.10000,normal
5.36000,-10.00000,-3.50000,-1.30000,1.66429,0.52857,0.10000,normal
5.38000,-10.00000,-3.50000,-1.30000,1.63571,0.47143,0.10000,normal
5.40000,-10.00000,-3.50000,-1.30000,1.60714,0.41429,0.10000,normal
5.42000,-9.30000,-3.80000,-1.72000,1.20000,0.20000,0.09158,normal
5.44000,-9.30000,-3.80000,-1.76444,1.20000,0.20000,0.07053,normal
5.46000,-9.30000,-3.80000,-1.80889,1.20000,0.20000,0.04947,normal
5.48000,-9.30000,-3.80000,-1.85333,1.20000,0.20000,0.02842,normal
5.50000,-9.30000,-3.80000,-1.89778,1.20000,0.20000,0.00737,normal
5.52000,-12.60000,-3.52234,-3.49255,0.89775,0.19775,0.10112,normal
5.54000,-12.60000,-3.58617,-3.47128,0.85281,0.15281,0.12360,normal
5.56000,-12.60000,-3.65000,-3.45000,0.80787,0.10787,0.14607,normal
5.58000,-12.60000,-3.71383,-3.42872,0.76292,0.06292,0.16854,normal
5.60000,-12.60000,-3.77766,-3.40745,0.71798,0.01798,0.19101,normal
5.62000,-9.80690,-4.20690,-2.52759,0.50632,0.11263,0.48737,normal
5.64000,-9.82989,-4.22989,-2.61954,0.52737,0.15474,0.44526,normal
5.66000,-9.85287,-4.25287,-2.71149,0.54842,0.19684,0.40316,normal
5.68000,-9.87586,-4.27586,-2.80345,0.56947,0.23895,0.36105,normal
5.70000,-9.89885,-4.29885,-2.89540,0.59053,0.28105,0.31895,normal
5.72000,-9.61176,-3.08235,-3.29412,1.22000,0.30000,-0.29000,normal
5.74000,-9.65882,-3.01176,-3.27059,1.68493,0.31507,-0.94521,normal
5.76000,-9.70588,-2.94118,-3.24706,1.65753,0.34247,-1.02740,normal
5.78000,-9.75294,-2.87059,-3.22353,1.63014,0.36986,-1.10959,normal
5.80000,-9.80000,-2.80000,-3.20000,1.60274,0.39726,-1.19178,normal
5.82000,-8.66364,-2.82424,-2.48788,0.98969,0.51031,-1.70000,normal
5.84000,-8.60303,-2.86465,-2.46768,0.96907,0.53093,-1.70000,normal
5.86000,-8.54242,-2.90505,-2.44747,0.94845,0.55155,-1.70000,normal
5.88000,-8.48182,-2.94545,-2.42727,0.92784,0.57216,-1.70000,normal
5.90000,-8.42121,-2.98586,-2.40707,0.90722,0.59278,-1.70000,normal
5.92000,-7.89205,-3.09205,-2.29205,1.30357,1.00000,-0.99286,normal
5.94000,-7.86932,-3.06932,-2.26932,1.32738,1.00000,-0.94524,normal
5.96000,-7.84659,-3.04659,-2.24659,1.35119,1.00000,-0.89762,normal
5.98000,-7.82386,-3.02386,-2.22386,1.37500,1.00000,-0.85000,normal
6.00000,-7.80114,-3.00114,-2.20114,1.39881,1.00000,-0.80238,normal
6.02000,-7.25532,-2.78617,-1.37234,1.71132,1.00000,-0.08868,normal
6.04000,-7.34043,-2.76489,-1.32979,1.73019,1.00000,-0.06981,normal
6.06000,-7.42553,-2.74362,-1.28723,1.74906,1.00000,-0.05094,normal
6.08000,-7.51064,-2.72234,-1.24468,1.76792,1.00000,-0.03208,normal
6.10000,-7.59574,-2.70106,-1.20213,1.78679,1.00000,-0.01321,normal
6.12000,-8.20000,-3.00000,-0.80000,1.73333,0.93333,0.26667,normal
6.14000,-8.24762,-3.02381,-0.77619,1.59014,0.99014,0.61972,normal
6.16000,-8.29524,-3.04762,-0.75238,1.56197,0.96197,0.67606,normal
6.18000,-8.34286,-3.07143,-0.72857,1.53380,0.93380,0.73239,normal
6.20000,-8.39048,-3.09524,-0.70476,1.50563,0.90563,0.78873,normal
6.22000,-9.25000,-3.10000,-0.60000,1.29286,0.70000,1.50000,normal
6.24000,-9.36111,-3.10000,-0.60000,1.24524,0.70000,1.50000,normal
6.26000,-9.47222,-3.10000,-0.60000,1.19762,0.70000,1.50000,normal
6.28000,-9.58333,-3.10000,-0.60000,1.15000,0.70000,1.50000,normal
6.30000,-9.69444,-3.10000,-0.60000,1.10238,0.70000,1.50000,normal
6.32000,-12.17979,-3.40000,-1.88298,-0.02697,0.38202,1.49101,normal
6.34000,-12.45638,-3.40000,-2.01064,-0.09438,0.33708,1.46854,normal
6.36000,-12.73298,-3.40000,-2.13830,-0.16180,0.29213,1.44607,normal
6.38000,-13.00957,-3.40000,-2.26596,-0.22921,0.24719,1.42360,normal
6.40000,-13.28617,-3.40000,-2.39362,-0.29663,0.20225,1.40112,normal
6.42000,-13.12340,-3.61702,-1.93085,-1.10000,-0.20741,0.50000,normal
6.44000,-12.69787,-3.48936,-1.82447,-1.10000,-0.22593,0.50000,normal
6.46000,-12.27234,-3.36170,-1.71809,-1.10000,-0.24444,0.50000,normal
6.48000,-11.84681,-3.23404,-1.61170,-1.10000,-0.26296,0.50000,normal
6.50000,-11.42128,-3.10638,-1.50532,-1.10000,-0.28148,0.50000,normal
6.52000,-8.12874,-2.50000,-0.47701,-1.10000,-0.30000,0.50000,normal
6.54000,-8.24368,-2.50000,-0.38506,-1.12174,-0.22174,0.65652,normal
6.56000,-8.35862,-2.50000,-0.29310,-0.71724,-0.35862,0.90000,normal
6.58000,-8.47356,-2.50000,-0.20115,-0.57931,-0.28966,0.90000,normal
6.60000,-8.58851,-2.50000,-0.10920,-0.44138,-0.22069,0.90000,normal
6.62000,-9.17174,-1.66413,0.17609,-0.30761,0.00000,0.08478,normal
6.64000,-9.30217,-1.59891,0.13261,-0.32935,0.00000,0.04130,normal
6.66000,-9.43261,-1.53370,0.08913,-0.35109,0.00000,-0.00217,normal
6.68000,-9.56304,-1.46848,0.04565,-0.37283,0.00000,-0.04565,normal
6.70000,-9.69348,-1.40326,0.00217,-0.39457,0.00000,-0.08913,normal
6.72000,-8.78202,-1.90000,-0.10000,-0.50000,-0.10000,-0.69121,normal
6.74000,-8.73708,-1.90000,-0.10000,-0.50000,-0.10000,-0.66923,normal
6.76000,-8.69213,-1.90000,-0.10000,-0.50000,-0.10000,-0.64725,normal
6.78000,-8.64719,-1.90000,-0.10000,-0.50000,-0.10000,-0.62527,normal
6.80000,-8.60225,-1.90000,-0.10000,-0.50000,-0.10000,-0.60330,normal
6.82000,-7.77609,-2.11196,-0.07609,-0.19500,-0.20000,-0.30000,normal
6.84000,-7.73261,-2.13370,-0.03261,-0.17500,-0.20000,-0.30000,normal
6.86000,-7.68913,-2.15543,0.01087,-0.15500,-0.20000,-0.30000,normal
6.88000,-7.64565,-2.17717,0.05435,-0.13500,-0.20000,-0.30000,normal
6.90000,-7.60217,-2.19891,0.09783,-0.11500,-0.20000,-0.30000,normal
6.92000,-8.30000,-2.20000,0.15000,0.01111,-0.14444,-0.24444,normal
6.94000,-8.59620,-2.27595,0.07595,0.20000,0.00000,-0.10000,normal
6.96000,-8.69747,-2.25063,0.05063,0.20000,0.00000,-0.10000,normal
6.98000,-8.79873,-2.22532,0.02532,0.20000,0.00000,-0.10000,normal
7.00000,-8.90000,-2.20000,0.00000,0.20000,0.00000,-0.10000,normal
7.02000,-9.31383,-2.62766,0.20000,-0.20000,0.01099,0.11099,normal
7.04000,-9.33511,-2.67021,0.20000,-0.20000,0.03297,0.13297,normal
7.06000,-9.35638,-2.71277,0.20000,-0.20000,0.05495,0.15495,normal
7.08000,-9.37766,-2.75532,0.20000,-0.20000,0.07692,0.17692,normal
7.10000,-9.39894,-2.79787,0.20000,-0.20000,0.09890,0.19890,normal
7.12000,-11.31250,-2.60000,-0.53750,-0.41524,0.20000,0.19238,normal
7.14000,-11.50000,-2.60000,-0.60000,-0.45333,0.20000,0.17333,normal
7.16000,-11.68750,-2.60000,-0.66250,-0.49143,0.20000,0.15429,normal
7.18000,-11.87500,-2.60000,-0.72500,-0.52952,0.20000,0.13524,normal
7.20000,-12.06250,-2.60000,-0.78750,-0.56762,0.20000,0.11619,normal
7.22000,-10.46067,-3.40000,-0.60562,-0.90000,0.20000,0.10000,normal
7.24000,-10.30337,-3.40000,-0.62809,-0.46250,-0.16250,0.08125,normal
7.26000,-10.14607,-3.40000,-0.65056,-0.41250,-0.11250,0.05625,normal
7.28000,-9.98876,-3.40000,-0.67303,-0.36250,-0.06250,0.03125,normal
7.30000,-9.83146,-3.40000,-0.69551,-0.31250,-0.01250,0.00625,normal
7.32000,-10.18090,-2.60000,-1.68989,0.11348,-0.08652,-0.50000,normal
7.34000,-10.36067,-2.60000,-1.66742,0.15843,-0.04157,-0.50000,normal
7.36000,-10.54045,-2.60000,-1.64494,0.20337,0.00337,-0.50000,normal
7.38000,-10.72022,-2.60000,-1.62247,0.24831,0.04831,-0.50000,normal
7.40000,-10.90000,-2.60000,-1.60000,0.29326,0.09326,-0.50000,normal
7.42000,-8.37609,-2.92826,-0.75978,0.81304,0.11304,-0.40000,normal
7.44000,-8.33261,-2.79783,-0.86848,0.85652,0.15652,-0.40000,normal
7.46000,-8.28913,-2.66739,-0.97717,0.90000,0.20000,-0.40000,normal
7.48000,-8.24565,-2.53696,-1.08587,0.94348,0.24348,-0.40000,normal
7.50000,-8.20217,-2.40652,-1.19457,0.98696,0.28696,-0.40000,normal
7.52000,-7.12414,-2.61609,-0.90000,1.00000,0.05882,-0.40000,normal
7.54000,-7.19310,-2.66207,-0.90000,1.00000,0.10000,-0.30000,normal
7.56000,-7.26207,-2.70805,-0.90000,1.00000,0.10000,-0.30000,normal
7.58000,-7.33103,-2.75402,-0.90000,1.00000,0.10000,-0.30000,normal
7.60000,-7.40000,-2.80000,-0.90000,1.00000,0.10000,-0.30000,normal
7.62000,-7.81398,-2.80000,-1.31398,0.85000,0.10000,-0.40000,normal
7.64000,-7.83548,-2.80000,-1.33548,0.80000,0.07738,-0.40000,normal
7.66000,-7.85699,-2.80000,-1.35699,0.80000,0.05357,-0.40000,normal
7.68000,-7.87849,-2.80000,-1.37849,0.80000,0.02976,-0.40000,normal
7.70000,-7.90000,-2.80000,-1.40000,0.80000,0.00595,-0.40000,normal
7.72000,-8.67204,-2.92796,-1.35806,0.38947,0.00000,-0.18947,normal
7.74000,-8.62903,-2.97097,-1.29355,0.34737,0.00000,-0.14737,normal
7.76000,-8.58602,-3.01398,-1.22903,0.30526,0.00000,-0.10526,normal
7.78000,-8.54301,-3.05699,-1.16452,0.26316,0.00000,-0.06316,normal
7.80000,-8.50000,-3.10000,-1.10000,0.22105,0.00000,-0.02105,normal
7.82000,-9.51412,-3.30941,-1.10000,0.20430,0.20430,0.40000,normal
7.84000,-9.58471,-3.35647,-1.10000,0.22581,0.22581,0.40000,normal
7.86000,-9.65529,-3.40353,-1.10000,0.24731,0.24731,0.40000,normal
7.88000,-9.72588,-3.45059,-1.10000,0.26882,0.26882,0.40000,normal
7.90000,-9.79647,-3.49765,-1.10000,0.29032,0.29032,0.40000,normal
7.92000,-11.12809,-3.60000,-1.10562,0.60510,0.50510,0.90510,normal
7.94000,-11.24045,-3.60000,-1.12809,0.62551,0.52551,0.92551,normal
7.96000,-11.35281,-3.60000,-1.15056,0.64592,0.54592,0.94592,normal
7.98000,-11.46517,-3.60000,-1.17303,0.66633,0.56633,0.96633,normal
8.00000,-11.57753,-3.60000,-1.19551,0.68673,0.58673,0.98673,normal
8.02000,-11.59048,-2.49643,-0.79881,0.88333,0.60000,1.01667,normal
8.04000,-11.40000,-2.42500,-0.77500,0.87895,0.47895,0.77895,normal
8.06000,-11.20952,-2.35357,-0.75119,0.82632,0.42632,0.72632,normal
8.08000,-11.01905,-2.28214,-0.72738,0.77368,0.37368,0.67368,normal
8.10000,-10.82857,-2.21071,-0.70357,0.72105,0.32105,0.62105,normal
8.12000,-10.96667,-1.59333,-0.68000,0.19355,-0.10645,0.00000,normal
8.14000,-10.85556,-1.57111,-0.61333,0.17204,-0.12796,0.00000,normal
8.16000,-10.74444,-1.54889,-0.54667,0.15054,-0.14946,0.00000,normal
8.18000,-10.63333,-1.52667,-0.48000,0.12903,-0.17097,0.00000,normal
8.20000,-10.52222,-1.50444,-0.41333,0.10753,-0.19247,0.00000,normal
8.22000,-9.05814,-1.01395,-1.11395,-0.70488,-0.50244,-0.30000,normal
8.24000,-8.91860,-1.06047,-1.16047,-0.75366,-0.52683,-0.30000,normal
8.26000,-8.77907,-1.10698,-1.20698,-0.80244,-0.55122,-0.30000,normal
8.28000,-8.63953,-1.15349,-1.25349,-0.85122,-0.57561,-0.30000,normal
8.30000,-8.50000,-1.20000,-1.30000,-0.90000,-0.60000,-0.30000,normal
8.32000,-7.81064,-2.51489,-0.54043,-0.46147,-0.28716,0.01284,normal
8.34000,-7.68298,-2.53617,-0.45532,-0.40642,-0.26881,0.03119,normal
8.36000,-7.55532,-2.55745,-0.37021,-0.35138,-0.25046,0.04954,normal
8.38000,-7.42766,-2.57872,-0.28511,-0.29633,-0.23211,0.06789,normal
8.40000,-7.30000,-2.60000,-0.20000,-0.24128,-0.21376,0.08624,normal
8.42000,-7.70000,-2.10000,-0.40000,0.20000,0.00000,0.08000,normal
8.44000,-8.17037,-2.50000,-0.30000,0.20000,0.00000,-0.10000,normal
8.46000,-8.24444,-2.50000,-0.30000,0.20000,0.00000,-0.10000,normal
8.48000,-8.31852,-2.50000,-0.30000,0.20000,0.00000,-0.10000,normal
8.50000,-8.39259,-2.50000,-0.30000,0.20000,0.00000,-0.10000,normal
8.52000,-8.30000,-2.57500,-0.26250,0.20000,0.00000,-0.10000,normal
8.54000,-8.63562,-2.91781,-0.20000,0.23333,0.11667,-0.10000,normal
8.56000,-8.69041,-2.94521,-0.20000,0.28462,0.14231,-0.10000,normal
8.58000,-8.74521,-2.97260,-0.20000,0.33590,0.16795,-0.10000,normal
8.60000,-8.80000,-3.00000,-0.20000,0.38718,0.19359,-0.10000,normal
8.62000,-9.88989,-3.17978,-0.07978,1.00761,0.40000,0.20761,normal
8.64000,-9.86742,-3.13483,-0.03483,1.02935,0.40000,0.22935,normal
8.66000,-9.84494,-3.08989,0.01011,1.05109,0.40000,0.25109,normal
8.68000,-9.82247,-3.04494,0.05506,1.07283,0.40000,0.27283,normal
8.70000,-9.80000,-3.00000,0.10000,1.09457,0.40000,0.29457,normal
8.72000,-11.82135,-2.70000,0.10899,0.68846,0.60000,0.40000,normal
8.74000,-12.09101,-2.70000,-0.09326,0.65000,0.60000,0.40000,normal
8.76000,-12.36067,-2.70000,-0.29551,0.61154,0.60000,0.40000,normal
8.78000,-12.63034,-2.70000,-0.49775,0.57308,0.60000,0.40000,normal
8.80000,-12.90000,-2.70000,-0.70000,0.53462,0.60000,0.40000,normal
8.82000,-14.29091,-2.98182,-1.10000,0.20000,0.50000,0.30000,normal
8.84000,-10.95065,-2.94156,-0.27922,0.31690,0.20845,-0.00845,normal
8.86000,-10.63896,-2.99351,-0.25325,0.37324,0.23662,-0.03662,normal
8.88000,-10.32727,-3.04545,-0.22727,0.42958,0.26479,-0.06479,normal
8.90000,-10.01558,-3.09740,-0.20130,0.48592,0.29296,-0.09296,normal
8.92000,-9.15745,-2.09043,-1.64787,1.09444,-0.11111,-0.40556,normal
8.94000,-9.28511,-2.06915,-1.75426,1.07222,-0.15556,-0.42778,normal
8.96000,-9.41277,-2.04787,-1.86064,1.05000,-0.20000,-0.45000,normal
8.98000,-9.54043,-2.02660,-1.96702,1.02778,-0.24444,-0.47222,normal
9.00000,-9.66809,-2.00532,-2.07340,1.00556,-0.28889,-0.49444,normal
9.02000,-8.51000,-2.27000,-2.13000,0.10000,-0.50000,-1.00000,normal
9.04000,-8.53222,-2.20333,-2.19667,0.10000,-0.50000,-1.00000,normal
9.06000,-8.55444,-2.13667,-2.26333,0.10000,-0.50000,-1.00000,normal
9.08000,-8.57667,-2.07000,-2.33000,0.10000,-0.50000,-1.00000,normal
9.10000,-8.59889,-2.00333,-2.39667,0.10000,-0.50000,-1.00000,normal
9.12000,-8.90000,-2.50000,-3.11200,0.11130,-0.20000,-0.78870,normal
9.14000,-8.90000,-2.50000,-3.13200,0.12870,-0.20000,-0.77130,normal
9.16000,-8.90000,-2.50000,-3.15200,0.14609,-0.20000,-0.75391,normal
9.18000,-8.90000,-2.50000,-3.17200,0.16348,-0.20000,-0.73652,normal
9.20000,-8.90000,-2.50000,-3.19200,0.18087,-0.20000,-0.71913,normal
9.22000,-8.72667,-2.77333,-2.98000,0.19826,-0.20000,-0.70174,normal
9.24000,-8.26800,-2.71600,-2.35200,0.55556,0.07778,-0.52222,normal
9.26000,-8.21467,-2.74267,-2.27200,0.72787,0.32787,-0.40000,normal
9.28000,-8.16133,-2.76933,-2.19200,0.76066,0.36066,-0.40000,normal
9.30000,-8.10800,-2.79600,-2.11200,0.79344,0.39344,-0.40000,normal
9.32000,-8.10000,-3.00000,-1.67778,1.20805,0.70000,0.00805,normal
9.34000,-8.10000,-3.00000,-1.63333,1.23103,0.70000,0.03103,normal
9.36000,-8.10000,-3.00000,-1.58889,1.25402,0.70000,0.05402,normal
9.38000,-8.10000,-3.00000,-1.54444,1.27701,0.70000,0.07701,normal
9.40000,-8.10000,-3.00000,-1.50000,1.30000,0.70000,0.10000,normal
9.42000,-8.25138,-3.10000,-0.51284,1.19515,0.80485,0.60485,normal
9.44000,-8.32477,-3.10000,-0.53119,1.17573,0.82427,0.62427,normal
9.46000,-8.39817,-3.10000,-0.54954,1.15631,0.84369,0.64369,normal
9.48000,-8.47156,-3.10000,-0.56789,1.13689,0.86311,0.66311,normal
9.50000,-8.54495,-3.10000,-0.58624,1.11748,0.88252,0.68252,normal
9.52000,-9.10000,-2.80000,-0.70000,0.85000,0.80000,0.70000,normal
9.54000,-9.37895,-3.02105,-0.77895,0.36484,0.48242,0.71758,normal
9.56000,-9.35263,-3.04737,-0.75263,0.32088,0.46044,0.73956,normal
9.58000,-9.32632,-3.07368,-0.72632,0.27692,0.43846,0.76154,normal
9.60000,-9.30000,-3.10000,-0.70000,0.23297,0.41648,0.78352,normal
9.62000,-9.70000,-3.70000,-0.50000,0.10000,0.40000,0.80000,normal
9.64000,-9.57037,-3.84691,-0.44691,0.11351,0.31351,0.80000,normal
9.66000,-9.64444,-3.89630,-0.49630,0.14054,0.34054,0.80000,normal
9.68000,-9.71852,-3.94568,-0.54568,0.16757,0.36757,0.80000,normal
9.70000,-9.79259,-3.99506,-0.59506,0.19459,0.39459,0.80000,normal
9.72000,-10.00000,-3.88889,-0.58889,0.50588,0.29412,0.49412,normal
9.74000,-10.00000,-3.86667,-0.56667,0.52941,0.27059,0.47059,normal
9.76000,-10.00000,-3.84444,-0.54444,0.55294,0.24706,0.44706,normal
9.78000,-10.00000,-3.82222,-0.52222,0.57647,0.22353,0.42353,normal
9.80000,-10.00000,-3.80000,-0.50000,0.60000,0.20000,0.40000,normal
9.82000,-10.26441,-3.52373,-1.20000,0.30000,-0.18898,0.10000,normal
9.84000,-10.21356,-3.55763,-1.20000,0.30000,-0.17323,0.10000,normal
9.86000,-10.16271,-3.59153,-1.20000,0.30000,-0.15748,0.10000,normal
9.88000,-10.11186,-3.62542,-1.20000,0.30000,-0.14173,0.10000,normal
9.90000,-10.06102,-3.65932,-1.20000,0.30000,-0.12598,0.10000,normal
9.92000,-10.01017,-3.69322,-1.20000,0.30000,-0.11024,0.10000,normal
9.94000,-9.82535,-3.56197,-1.20000,1.10145,0.10000,0.10000,normal
9.96000,-9.88169,-3.47746,-1.20000,1.13043,0.10000,0.10000,normal
9.98000,-9.93803,-3.39296,-1.20000,1.15942,0.10000,0.10000,normal
10.00000,-9.99437,-3.30845,-1.20000,1.18841,0.10000,0.10000,normal
10.02000,-12.22143,-2.42857,-2.19286,0.39872,-0.00128,0.40000,normal
10.04000,-12.29286,-2.52381,-2.16905,0.37308,-0.02692,0.40000,normal
10.06000,-12.36429,-2.61905,-2.14524,0.34744,-0.05256,0.40000,normal
10.08000,-12.43571,-2.71429,-2.12143,0.32179,-0.07821,0.40000,normal
10.10000,-11.80000,-2.30000,-2.05000,0.37500,-0.10000,0.40000,normal
10.12000,-10.66634,-1.24950,-1.98317,1.40971,0.00000,-0.01942,normal
10.14000,-10.62673,-1.19010,-1.96337,1.42913,0.00000,-0.05825,normal
10.16000,-10.58713,-1.13069,-1.94356,1.44854,0.00000,-0.09709,normal
10.18000,-10.54752,-1.07129,-1.92376,1.46796,0.00000,-0.13592,normal
10.20000,-10.50792,-1.01188,-1.90396,1.48738,0.00000,-0.17476,normal
10.22000,-9.60123,0.69877,-1.80000,0.89691,-0.30000,-0.50000,normal
10.24000,-9.62593,0.67407,-1.80000,0.83505,-0.30000,-0.50000,normal
10.26000,-9.65062,0.64938,-1.80000,0.77320,-0.30000,-0.50000,normal
10.28000,-9.67531,0.62469,-1.80000,0.71134,-0.30000,-0.50000,normal
10.30000,-9.70000,0.60000,-1.80000,0.64948,-0.30000,-0.50000,normal
10.32000,-9.19277,-0.68916,-1.29277,0.35000,-0.30000,-0.35000,normal
10.34000,-9.14458,-0.61687,-1.24458,0.63913,-0.18696,-0.18696,normal
10.36000,-9.09639,-0.54458,-1.19639,0.72609,-0.15797,-0.15797,normal
10.38000,-9.04819,-0.47229,-1.14819,0.81304,-0.12899,-0.12899,normal
10.40000,-9.00000,-0.40000,-1.10000,0.90000,-0.10000,-0.10000,normal
10.42000,-8.48600,-0.97200,-0.60000,0.79263,-0.10000,0.30000,normal
10.44000,-8.46600,-0.93200,-0.60000,0.77158,-0.10000,0.30000,normal
10.46000,-8.44600,-0.89200,-0.60000,0.75053,-0.10000,0.30000,normal
10.48000,-8.42600,-0.85200,-0.60000,0.72947,-0.10000,0.30000,normal
10.50000,-8.40600,-0.81200,-0.60000,0.70842,-0.10000,0.30000,normal
10.52000,-8.71395,-1.52093,-0.10000,0.20000,0.00000,0.10000,normal
10.54000,-8.76047,-1.59070,-0.10000,0.20000,0.00000,0.10000,normal
10.56000,-8.80698,-1.66047,-0.10000,0.20000,0.00000,0.10000,normal
10.58000,-8.85349,-1.73023,-0.10000,0.20000,0.00000,0.10000,normal
10.60000,-8.90000,-1.80000,-0.10000,0.20000,0.00000,0.10000,normal
10.62000,-8.80000,-1.83011,0.21505,0.10000,0.00957,0.10000,normal
10.64000,-8.80000,-1.87312,0.23656,0.10000,0.03085,0.10000,normal
10.66000,-8.80000,-1.91613,0.25806,0.10000,0.05213,0.10000,normal
10.68000,-8.80000,-1.95914,0.27957,0.10000,0.07340,0.10000,normal
10.70000,-9.10000,-2.10000,0.20000,0.10000,0.09468,0.10000,normal
10.72000,-9.01818,-1.93636,0.50000,0.20000,0.10000,-0.08889,normal
10.74000,-9.06364,-2.02727,0.50000,0.22405,0.12405,-0.10000,normal
10.76000,-9.10909,-2.11818,0.50000,0.24937,0.14937,-0.10000,normal
10.78000,-9.15455,-2.20909,0.50000,0.27468,0.17468,-0.10000,normal
10.80000,-9.20000,-2.30000,0.50000,0.30000,0.20000,-0.10000,normal
10.82000,-9.22917,-1.80000,0.58542,0.18020,0.09010,-0.20990,normal
10.84000,-9.27083,-1.80000,0.56458,0.14059,0.07030,-0.22970,normal
10.86000,-9.31250,-1.80000,0.54375,0.10099,0.05050,-0.24950,normal
10.88000,-9.35417,-1.80000,0.52292,0.06139,0.03069,-0.26931,normal
10.90000,-9.39583,-1.80000,0.50208,0.02178,0.01089,-0.28911,normal
10.92000,-9.49639,-2.09639,0.40000,-0.40000,0.00000,-0.29767,normal
10.94000,-9.47229,-2.07229,0.40000,-0.40000,0.00000,-0.27442,normal
10.96000,-9.44819,-2.04819,0.40000,-0.40000,0.00000,-0.25116,normal
10.98000,-9.42410,-2.02410,0.40000,-0.40000,0.00000,-0.22791,normal
11.00000,-9.40000,-2.00000,0.40000,-0.40000,0.00000,-0.20465,normal
11.02000,-9.98876,-2.45506,0.20000,-0.40000,0.09500,0.10000,normal
11.04000,-9.96629,-2.36517,0.20000,-0.40000,0.07500,0.10000,normal
11.06000,-9.94382,-2.27528,0.20000,-0.40000,0.05500,0.10000,normal
11.08000,-9.92135,-2.18539,0.20000,-0.40000,0.03500,0.10000,normal
11.10000,-9.75000,-2.20000,0.15000,-0.40000,0.01500,0.10000,normal
11.12000,-12.00000,-2.70000,-0.35000,-0.60000,0.06667,0.10000,normal
11.14000,-12.93412,-2.71059,-0.58941,-0.58675,0.28675,0.08675,normal
11.16000,-13.07529,-2.61647,-0.68353,-0.56265,0.26265,0.06265,normal
11.18000,-13.21647,-2.52235,-0.77765,-0.53855,0.23855,0.03855,normal
11.20000,-13.35765,-2.42824,-0.87176,-0.51446,0.21446,0.01446,normal
11.22000,-11.90118,-2.80000,-0.00706,-0.19551,0.19775,0.00449,normal
11.24000,-11.57176,-2.80000,-0.03059,-0.15056,0.17528,0.04944,normal
11.26000,-11.24235,-2.80000,-0.05412,-0.10562,0.15281,0.09438,normal
11.28000,-10.91294,-2.80000,-0.07765,-0.06067,0.13034,0.13933,normal
11.30000,-10.51429,-2.81429,-0.10000,-0.01573,0.10787,0.18427,normal
11.32000,-9.48372,-2.09186,-0.99186,0.98621,-0.10690,-0.01379,normal
11.34000,-9.43721,-2.06860,-0.96860,0.94023,-0.12989,-0.05977,normal
11.36000,-9.39070,-2.04535,-0.94535,0.89425,-0.15287,-0.10575,normal
11.38000,-9.34419,-2.02209,-0.92209,0.84828,-0.17586,-0.15172,normal
11.40000,-9.15000,-1.90000,-0.95000,0.80230,-0.19885,-0.19770,normal
11.42000,-8.07527,-2.10538,-0.94516,-0.51121,-0.28879,-0.68879,normal
11.44000,-8.18280,-2.25591,-1.00968,-0.52991,-0.27009,-0.67009,normal
11.46000,-8.29032,-2.40645,-1.07419,-0.54860,-0.25140,-0.65140,normal
11.48000,-8.39785,-2.55699,-1.13871,-0.56729,-0.23271,-0.63271,normal
11.50000,-8.50000,-2.90000,-1.50000,-0.58598,-0.21402,-0.61402,normal
11.52000,-8.45000,-2.65000,-2.10000,-0.43333,-0.26667,-0.56667,normal
11.54000,-8.30000,-2.74872,-1.90256,-0.18514,-0.28514,-0.60000,normal
11.56000,-8.30000,-2.80000,-1.80000,-0.15811,-0.25811,-0.60000,normal
11.58000,-8.30000,-2.85128,-1.69744,-0.13108,-0.23108,-0.60000,normal
11.60000,-8.40000,-2.90000,-1.55000,-0.10405,-0.20405,-0.60000,normal
11.62000,-7.53011,-2.93011,-0.90000,0.10000,0.12222,-0.18889,normal
11.64000,-7.57312,-2.97312,-0.90000,0.10000,0.16667,-0.16667,normal
11.66000,-7.61613,-3.01613,-0.90000,0.10000,0.21111,-0.14444,normal
11.68000,-7.65914,-3.05914,-0.90000,0.10000,0.25556,-0.12222,normal
11.70000,-7.80000,-3.10000,-0.95000,0.10000,0.30000,-0.10000,normal
11.72000,-8.41458,-3.18542,-0.41458,0.51400,0.50000,0.41400,normal
11.74000,-8.43542,-3.16458,-0.43542,0.53400,0.50000,0.43400,normal
11.76000,-8.45625,-3.14375,-0.45625,0.55400,0.50000,0.45400,normal
11.78000,-8.47708,-3.12292,-0.47708,0.57400,0.50000,0.47400,normal
11.80000,-8.49792,-3.10208,-0.49792,0.59400,0.50000,0.49400,normal
11.82000,-9.30814,-3.00000,-0.19186,0.50000,0.40000,0.49300,normal
11.84000,-9.33140,-3.00000,-0.16860,0.50000,0.40000,0.47300,normal
11.86000,-9.35465,-3.00000,-0.14535,0.50000,0.40000,0.45300,normal
11.88000,-9.37791,-3.00000,-0.12209,0.50000,0.40000,0.43300,normal
11.90000,-9.41000,-2.99000,-0.11000,0.50000,0.40000,0.41300,normal
11.92000,-10.41000,-3.09875,-0.20500,0.43000,0.40000,0.40000,normal
11.94000,-10.61000,-3.07375,-0.30500,0.38354,0.40000,0.41646,normal
11.96000,-10.81000,-3.04875,-0.40500,0.35823,0.40000,0.44177,normal
11.98000,-11.01000,-3.02375,-0.50500,0.33291,0.40000,0.46709,normal
12.00000,-11.20000,-3.05000,-0.55000,0.30759,0.40000,0.49241,normal
12.02000,-11.57083,-3.50000,-0.48542,0.30842,0.20000,0.90000,normal
12.04000,-11.52917,-3.50000,-0.46458,0.32947,0.20000,0.90000,normal
12.06000,-11.48750,-3.50000,-0.44375,0.35053,0.20000,0.90000,normal
12.08000,-11.44583,-3.50000,-0.42292,0.37158,0.20000,0.90000,normal
12.10000,-11.40417,-3.50000,-0.40208,0.39263,0.20000,0.90000,normal
12.12000,-12.43304,-2.35217,-1.56174,0.98537,-0.00976,0.39512,normal
12.14000,-12.31130,-2.26522,-1.49217,0.93659,-0.04228,0.37886,normal
12.16000,-12.18957,-2.17826,-1.42261,0.88780,-0.07480,0.36260,normal
12.18000,-12.06783,-2.09130,-1.35304,0.83902,-0.10732,0.34634,normal
12.20000,-11.94609,-2.00435,-1.28348,0.79024,-0.13984,0.33008,normal
12.22000,-11.82435,-1.91739,-1.21391,0.74146,-0.17236,0.31382,normal
12.24000,-8.99242,-1.30000,-0.02273,0.40000,-0.30000,0.00000,normal
12.26000,-8.96212,-1.30000,-0.11364,0.47500,-0.40000,-0.35000,normal
12.28000,-8.93182,-1.30000,-0.20455,0.44559,-0.40000,-0.40882,normal
12.30000,-8.90152,-1.30000,-0.29545,0.41618,-0.40000,-0.46765,normal
12.32000,-10.78519,-1.70370,-0.20741,-0.10000,-1.10000,-1.30000,normal
12.34000,-10.68642,-1.72840,-0.25679,-0.12500,-1.12500,-1.32500,normal
12.36000,-10.58765,-1.75309,-0.30617,-0.15000,-1.15000,-1.35000,normal
12.38000,-10.48889,-1.77778,-0.35556,-0.17500,-1.17500,-1.37500,normal
12.40000,-10.20000,-1.68000,-0.44000,-0.20000,-1.20000,-1.40000,normal
12.42000,-8.56957,-1.81522,0.10000,-0.68710,-1.17419,-1.68710,normal
12.44000,-8.52609,-1.83696,0.10000,-0.66559,-1.13118,-1.66559,normal
12.46000,-8.48261,-1.85870,0.10000,-0.64409,-1.08817,-1.64409,normal
12.48000,-8.43913,-1.88043,0.10000,-0.62258,-1.04516,-1.62258,normal
12.50000,-8.33333,-1.93333,0.13333,-0.60108,-1.00215,-1.60108,normal
12.52000,-6.97174,-2.38587,0.42826,-0.47407,-0.67407,-0.96111,normal
12.54000,-6.92826,-2.36413,0.47174,-0.43704,-0.63704,-0.90556,normal
12.56000,-6.88478,-2.34239,0.51522,-0.40000,-0.60000,-0.85000,normal
12.58000,-6.84130,-2.32065,0.55870,-0.36296,-0.56296,-0.79444,normal
12.60000,-6.80000,-2.26667,0.58333,-0.32593,-0.52593,-0.73889,normal
12.62000,-6.62143,-2.31429,0.91429,-0.30000,-0.40000,-0.33333,normal
12.64000,-6.67500,-2.35000,0.95000,-0.40000,-0.18718,0.12564,normal
12.66000,-6.72857,-2.38571,0.98571,-0.40000,-0.17009,0.15983,normal
12.68000,-6.78214,-2.42143,1.02143,-0.40000,-0.15299,0.19402,normal
12.70000,-6.83571,-2.45714,1.05714,-0.40000,-0.13590,0.22821,normal
12.72000,-6.88929,-2.49286,1.09286,-0.40000,-0.11880,0.26239,normal
12.74000,-7.62308,-3.68462,1.33846,-0.40000,-0.10171,0.29658,normal
12.76000,-7.71538,-3.62308,1.49231,0.47407,-0.08519,1.04444,normal
12.78000,-7.80769,-3.56154,1.64615,0.65926,-0.04815,1.15556,normal
12.80000,-7.90000,-3.50000,1.80000,0.84444,-0.01111,1.26667,normal
12.82000,-9.63604,-2.75045,2.68559,-1.60536,0.30268,1.30000,normal
12.84000,-9.72613,-2.87658,2.64955,-1.64107,0.32054,1.30000,normal
12.86000,-9.81622,-3.00270,2.61351,-1.67679,0.33839,1.30000,normal
12.88000,-9.90631,-3.12883,2.57748,-1.71250,0.35625,1.30000,normal
12.90000,-9.99640,-3.25495,2.54144,-1.74821,0.37411,1.30000,normal
12.92000,-10.08649,-3.38108,2.50541,-1.78393,0.39196,1.30000,normal
12.94000,-11.55217,-3.90652,0.56739,-1.70000,0.68835,1.40000,normal
12.96000,-11.72609,-3.92826,0.45870,-1.70000,0.64951,1.40000,normal
12.98000,-11.90000,-3.95000,0.35000,-1.70000,0.61068,1.40000,normal
13.00000,-12.07391,-3.97174,0.24130,-1.70000,0.57184,1.40000,normal
13.02000,-12.24783,-3.99348,0.13261,-1.70000,0.53301,1.40000,normal
13.04000,-13.78000,-5.40000,-0.10000,-1.34000,0.40000,1.42000,normal
13.06000,-12.59268,-3.99268,1.60366,1.70000,0.75000,1.60000,normal
13.08000,-12.34878,-3.74878,1.72561,1.87206,0.82794,1.36029,normal
13.10000,-12.10488,-3.50488,1.84756,1.84265,0.85735,1.21324,normal
13.12000,-11.86098,-3.26098,1.96951,1.81324,0.88676,1.06618,normal
13.14000,-9.90575,-3.28851,-0.02874,0.99529,0.18588,-1.11412,normal
13.16000,-9.92874,-3.24253,-0.14368,0.97176,0.11529,-1.18471,normal
13.18000,-9.95172,-3.19655,-0.25862,0.94824,0.04471,-1.25529,normal
13.20000,-9.97471,-3.15057,-0.37356,0.92471,-0.02588,-1.32588,normal
13.22000,-9.99770,-3.10460,-0.48851,0.90118,-0.09647,-1.39647,normal
13.24000,-10.83434,-1.60000,-0.72626,0.44815,-1.11296,-2.42593,normal
13.26000,-10.73333,-1.60000,-0.76667,0.37407,-1.13148,-2.46296,normal
13.28000,-10.63232,-1.60000,-0.80707,0.30000,-1.15000,-2.50000,normal
13.30000,-10.53131,-1.60000,-0.84747,0.22593,-1.16852,-2.53704,normal
13.32000,-10.43030,-1.60000,-0.88788,0.15185,-1.18704,-2.57407,normal
13.34000,-8.00000,-2.90000,-0.30000,-0.70000,-0.60000,-2.60000,normal
13.36000,-8.04762,-2.90000,-0.44286,-0.56250,-0.26250,-2.24375,normal
13.38000,-8.09524,-2.90000,-0.58571,-0.52083,-0.22083,-2.18125,normal
13.40000,-8.14286,-2.90000,-0.72857,-0.47917,-0.17917,-2.11875,normal
13.42000,-8.19048,-2.90000,-0.87143,-0.43750,-0.13750,-2.05625,normal
13.44000,-6.60000,-2.65714,-0.90000,-0.29200,0.00400,-1.69200,normal
13.46000,-6.56145,-2.58072,-0.90000,-0.13200,0.08400,-1.53200,normal
13.48000,-6.51325,-2.55663,-0.90000,0.32167,0.30000,-0.85667,normal
13.50000,-6.46506,-2.53253,-0.90000,0.35500,0.30000,-0.79000,normal
13.52000,-6.41687,-2.50843,-0.90000,0.38833,0.30000,-0.72333,normal
13.54000,-7.20787,-3.00787,-0.39213,0.60000,0.50000,0.41084,normal
13.56000,-7.23034,-3.03034,-0.36966,0.60000,0.50000,0.48313,normal
13.58000,-7.25281,-3.05281,-0.34719,0.60000,0.50000,0.55542,normal
13.60000,-7.27528,-3.07528,-0.32472,0.60000,0.50000,0.62771,normal
13.62000,-7.29775,-3.09775,-0.30225,0.60000,0.50000,0.70000,normal
13.64000,-8.30685,-3.77123,0.35342,0.61125,0.81125,1.42250,normal
13.66000,-8.47123,-3.88082,0.43562,0.63625,0.83625,1.47250,normal
13.68000,-8.63562,-3.99041,0.51781,0.66125,0.86125,1.52250,normal
13.70000,-8.80000,-4.10000,0.60000,0.68625,0.88625,1.57250,normal
13.72000,-10.70375,-3.80375,0.50375,-0.10235,0.80000,2.20000,normal
13.74000,-10.72875,-3.82875,0.52875,-0.14941,0.80000,2.20000,normal
13.76000,-10.75375,-3.85375,0.55375,-0.19647,0.80000,2.20000,normal
13.78000,-10.77875,-3.87875,0.57875,-0.24353,0.80000,2.20000,normal
13.80000,-11.04000,-3.90000,0.51000,-0.29059,0.80000,2.20000,normal
13.82000,-12.70000,-4.42655,-0.12655,-0.59429,0.89714,1.99714,normal
13.84000,-12.70000,-4.47965,-0.17965,-0.55619,0.87810,1.97810,normal
13.86000,-12.70000,-4.53274,-0.23274,-0.51810,0.85905,1.95905,normal
13.88000,-12.70000,-4.58584,-0.28584,-0.48000,0.84000,1.94000,normal
13.90000,-12.70000,-4.63894,-0.33894,-0.44190,0.82095,1.92095,normal
13.92000,-12.70000,-4.69204,-0.39204,-0.40381,0.80190,1.90190,normal
13.94000,-15.41923,-4.97692,-1.47692,0.51667,0.57500,1.47500,normal
13.96000,-15.28462,-4.93846,-1.43846,0.55370,0.51944,1.41944,normal
13.98000,-15.15000,-4.90000,-1.40000,0.59074,0.46389,1.36389,normal
14.00000,-15.01538,-4.86154,-1.36154,0.62778,0.40833,1.30833,normal
14.02000,-14.88077,-4.82308,-1.32308,0.66481,0.35278,1.25278,normal
14.04000,-10.00000,-2.70000,-0.90000,0.80000,-0.10000,0.80000,normal
14.06000,-10.20506,-2.76203,-1.31899,0.68571,-0.72857,-1.74286,normal
14.08000,-10.07848,-2.71139,-1.34430,0.66190,-0.77619,-1.81429,normal
14.10000,-9.95190,-2.66076,-1.36962,0.63810,-0.82381,-1.88571,normal
14.12000,-9.82532,-2.61013,-1.39494,0.61429,-0.87143,-1.95714,normal
14.14000,-9.68889,-2.50000,-1.67222,0.22857,-1.08571,-2.47143,normal
14.16000,-9.46667,-2.50000,-1.61667,-0.45161,-1.20000,-2.70000,normal
14.18000,-9.24444,-2.50000,-1.56111,-0.51613,-1.20000,-2.70000,normal
14.20000,-9.02222,-2.50000,-1.50556,-0.58065,-1.20000,-2.70000,normal
14.22000,-7.05636,-3.00727,-1.28545,-0.08447,-0.19223,-2.08835,normal
14.24000,-6.94727,-3.02545,-1.24909,-0.00680,-0.15340,-2.03010,normal
14.26000,-6.83818,-3.04364,-1.21273,0.07087,-0.11456,-1.97184,normal
14.28000,-6.72909,-3.06182,-1.17636,0.14854,-0.07573,-1.91359,normal
14.30000,-6.62000,-3.08000,-1.14000,0.22621,-0.03689,-1.85534,normal
14.32000,-6.51091,-3.09818,-1.10364,0.70000,0.20000,-1.40000,normal
14.34000,-6.38500,-2.97000,-0.97000,1.05143,0.41714,-1.03143,normal
14.36000,-6.36500,-2.93000,-0.93000,1.10857,0.43619,-0.95524,normal
14.38000,-6.34500,-2.89000,-0.89000,1.16571,0.45524,-0.87905,normal
14.40000,-6.32500,-2.85000,-0.85000,1.22286,0.47429,-0.80286,normal
14.42000,-6.30500,-2.81000,-0.81000,1.28000,0.49333,-0.72667,normal
14.44000,-6.62211,-3.32947,-0.08526,1.70000,0.80000,0.60000,normal
14.46000,-6.68526,-3.41368,-0.04316,1.70000,0.82083,0.64167,normal
14.48000,-6.74842,-3.49789,-0.00105,1.70000,0.84167,0.68333,normal
14.50000,-6.81158,-3.58211,0.04105,1.70000,0.86250,0.72500,normal
14.52000,-6.87474,-3.66632,0.08316,1.70000,0.88333,0.76667,normal
14.54000,-7.90667,-4.60000,0.32000,1.66667,0.93333,1.03333,normal
14.56000,-7.92889,-4.60000,0.38667,1.53158,1.11579,1.41579,normal
14.58000,-7.95111,-4.60000,0.45333,1.58421,1.14211,1.44211,normal
14.60000,-7.97333,-4.60000,0.52000,1.63684,1.16842,1.46842,normal
14.62000,-7.99556,-4.60000,0.58667,1.68947,1.19474,1.49474,normal
14.64000,-11.05376,-4.71075,1.20000,2.20000,1.70000,1.80000,normal
14.66000,-11.16129,-4.73226,1.20000,2.20000,1.70000,1.80000,normal
14.68000,-11.26882,-4.75376,1.20000,2.20000,1.70000,1.80000,normal
14.70000,-11.37634,-4.77527,1.20000,2.20000,1.70000,1.80000,normal
14.72000,-11.48387,-4.79677,1.20000,2.20000,1.70000,1.80000,normal
14.74000,-11.92308,-4.10769,0.93077,1.21379,0.59310,0.79540,normal
14.76000,-11.70330,-4.12967,0.73297,1.35172,0.52414,0.74943,normal
14.78000,-11.48352,-4.15165,0.53516,1.48966,0.45517,0.70345,normal
14.80000,-11.26374,-4.17363,0.33736,1.62759,0.38621,0.65747,normal
14.82000,-11.04396,-4.19560,0.13956,1.76552,0.31724,0.61149,normal
14.84000,-9.49022,-2.29239,-1.30000,3.59684,0.10316,-0.30632,normal
14.86000,-9.46848,-2.05326,-1.30000,3.57579,0.12421,-0.34842,normal
14.88000,-9.44674,-1.81413,-1.30000,3.55474,0.14526,-0.39053,normal
14.90000,-9.42500,-1.57500,-1.30000,3.53368,0.16632,-0.43263,normal
14.92000,-9.40326,-1.33587,-1.30000,3.51263,0.18737,-0.47474,normal
14.94000,-7.99765,-4.38824,-2.69765,1.60000,0.21304,-0.97391,normal
14.96000,-7.97412,-4.27059,-2.67412,1.60000,0.30000,-0.80000,normal
14.98000,-7.95059,-4.15294,-2.65059,1.60000,0.30000,-0.73750,normal
15.00000,-7.92706,-4.03529,-2.62706,1.60000,0.30000,-0.67500,normal
15.02000,-7.90353,-3.91765,-2.60353,1.60000,0.30000,-0.61250,normal
15.04000,-7.74255,-3.13191,-2.51064,1.80000,0.80000,0.00000,normal
15.06000,-7.82766,-3.19574,-2.53191,1.77619,0.80000,0.00000,normal
15.08000,-7.91277,-3.25957,-2.55319,1.75238,0.80000,0.00000,normal
15.10000,-7.99787,-3.32340,-2.57447,1.72857,0.80000,0.00000,normal
15.12000,-8.08298,-3.38723,-2.59574,1.70476,0.80000,0.00000,normal
15.14000,-9.44124,-3.80000,-2.32062,1.60412,0.99588,0.20000,normal
15.16000,-9.52371,-3.80000,-2.36186,1.62474,0.97526,0.20000,normal
15.18000,-9.60619,-3.80000,-2.40309,1.64536,0.95464,0.20000,normal
15.20000,-9.68866,-3.80000,-2.44433,1.66598,0.93402,0.20000,normal
15.22000,-9.77113,-3.80000,-2.48557,1.68660,0.91340,0.20000,normal
15.24000,-10.10000,-3.90000,-2.00000,1.70000,0.50000,0.00000,normal
15.26000,-10.10000,-3.90000,-1.92771,1.72041,0.47959,-0.02041,normal
15.28000,-10.10000,-3.90000,-1.85542,1.74082,0.45918,-0.04082,normal
15.30000,-10.10000,-3.90000,-1.78313,1.76122,0.43878,-0.06122,normal
15.32000,-10.10000,-3.90000,-1.71084,1.78163,0.41837,-0.08163,normal
15.34000,-9.90000,-3.75000,-1.70000,1.70000,0.30000,-0.20000,normal
15.36000,-10.10127,-3.53924,-1.86076,1.80435,0.50435,-0.20000,normal
15.38000,-10.22785,-3.46329,-1.93671,1.83333,0.53333,-0.20000,normal
15.40000,-10.35443,-3.38734,-2.01266,1.86232,0.56232,-0.20000,normal
15.42000,-10.48101,-3.31139,-2.08861,1.89130,0.59130,-0.20000,normal
15.44000,-9.54839,-3.10000,-1.86559,1.70600,0.40000,-0.50000,normal
15.46000,-9.41935,-3.10000,-1.77957,1.72600,0.40000,-0.50000,normal
15.48000,-9.29032,-3.10000,-1.69355,1.74600,0.40000,-0.50000,normal
15.50000,-9.16129,-3.10000,-1.60753,1.76600,0.40000,-0.50000,normal
15.52000,-9.03226,-3.10000,-1.52151,1.78600,0.40000,-0.50000,normal
15.54000,-9.30000,-2.40000,-0.90000,1.55000,0.35000,-0.65000,normal
15.56000,-9.36667,-2.40000,-0.90000,1.33667,0.30000,-0.70000,normal
15.58000,-9.43333,-2.40000,-0.90000,1.27000,0.30000,-0.70000,normal
15.60000,-9.50000,-2.40000,-0.90000,1.20333,0.30000,-0.70000,normal
15.62000,-9.56667,-2.40000,-0.90000,1.13667,0.30000,-0.70000,normal
15.64000,-9.01047,-3.32093,-0.47907,-0.07981,0.20577,-0.39423,normal
15.66000,-9.08023,-3.46047,-0.33953,0.05481,0.24423,-0.35577,normal
15.68000,-9.15000,-3.60000,-0.20000,0.18942,0.28269,-0.31731,normal
15.70000,-9.21977,-3.73953,-0.06047,0.32404,0.32115,-0.27885,normal
15.72000,-9.28953,-3.87907,0.07907,0.45865,0.35962,-0.24038,normal
15.74000,-8.50000,-3.70000,2.40000,0.59327,0.39808,-0.20192,normal
15.76000,-8.94444,-3.25556,0.95556,0.50000,0.80000,0.10000,normal
15.78000,-8.99383,-3.20617,0.90617,0.40476,0.76825,0.10000,normal
15.80000,-9.04321,-3.15679,0.85679,0.30952,0.73651,0.10000,normal
15.82000,-9.09259,-3.10741,0.80741,0.21429,0.70476,0.10000,normal
15.84000,-7.82340,-4.28830,-1.00000,0.33093,-0.28969,0.61031,normal
15.86000,-7.86596,-4.26702,-1.00000,0.39278,-0.26907,0.63093,normal
15.88000,-7.90851,-4.24574,-1.00000,0.45464,-0.24845,0.65155,normal
15.90000,-7.95106,-4.22447,-1.00000,0.51649,-0.22784,0.67216,normal
15.92000,-7.99362,-4.20319,-1.00000,0.57835,-0.20722,0.69278,normal
15.94000,-9.44719,-3.40787,-0.02360,0.83333,0.30000,0.93333,normal
15.96000,-9.58202,-3.43034,-0.09101,0.75250,0.40000,0.87625,normal
15.98000,-9.71685,-3.45281,-0.15843,0.70250,0.40000,0.85125,normal
16.00000,-9.85169,-3.47528,-0.22584,0.65250,0.40000,0.82625,normal
16.02000,-9.98652,-3.49775,-0.29326,0.60250,0.40000,0.80125,normal
16.04000,-10.21354,-3.39479,-0.81354,-0.20877,0.18246,0.27368,normal
16.06000,-10.23437,-3.54062,-0.83437,-0.22632,0.14737,0.22105,normal
16.08000,-10.25521,-3.68646,-0.85521,-0.24386,0.11228,0.16842,normal
16.10000,-10.27604,-3.83229,-0.87604,-0.26140,0.07719,0.11579,normal
16.12000,-10.29688,-3.97812,-0.89687,-0.27895,0.04211,0.06316,normal
16.14000,-9.54286,-3.77143,-0.37143,-0.29649,0.00702,0.01053,normal
16.16000,-8.98514,-3.75541,-0.18514,-0.30000,-0.20000,-0.25000,normal
16.18000,-8.95811,-3.67432,-0.15811,0.04643,-0.07679,-0.27679,normal
16.20000,-8.93108,-3.59324,-0.13108,0.11786,-0.04107,-0.24107,normal
16.22000,-8.90405,-3.51216,-0.10405,0.18929,-0.00536,-0.20536,normal
16.24000,-9.34681,-3.75851,0.45851,0.59333,0.10000,0.09333,normal
16.26000,-9.43191,-3.86489,0.56489,0.70000,0.07975,0.20000,normal
16.28000,-9.51702,-3.97128,0.67128,0.70000,0.05443,0.20000,normal
16.30000,-9.60213,-4.07766,0.77766,0.70000,0.02911,0.20000,normal
16.32000,-9.68723,-4.18404,0.88404,0.70000,0.00380,0.20000,normal
16.34000,-10.20000,-3.90000,0.62316,0.28696,-0.30652,-0.51304,normal
16.36000,-10.20000,-3.90000,0.66526,0.24348,-0.32826,-0.55652,normal
16.38000,-10.20000,-3.90000,0.70737,0.20000,-0.35000,-0.60000,normal
16.40000,-10.20000,-3.90000,0.74947,0.15652,-0.37174,-0.64348,normal
16.42000,-10.20000,-3.90000,0.79158,0.11304,-0.39348,-0.68696,normal
16.44000,-9.50879,-6.32637,1.89670,0.51154,-1.10385,-1.30385,normal
16.46000,-9.53077,-6.39231,2.13846,0.56923,-1.12308,-1.32308,normal
16.48000,-9.55275,-6.45824,2.38022,0.62692,-1.14231,-1.34231,normal
16.50000,-9.57473,-6.52418,2.62198,0.68462,-1.16154,-1.36154,normal
16.52000,-9.59670,-6.59011,2.86374,0.74231,-1.18077,-1.38077,normal
16.54000,-8.18000,-7.38000,4.24000,0.80000,-1.20000,-1.40000,normal
16.56000,-7.83158,-7.06579,4.76579,0.87407,-1.34815,-1.47407,normal
16.58000,-7.72632,-7.01316,4.71316,1.31154,-1.80000,-1.70000,normal
16.60000,-7.62105,-6.96053,4.66053,1.38846,-1.80000,-1.70000,normal
16.62000,-7.51579,-6.90789,4.60789,1.46538,-1.80000,-1.70000,normal
16.64000,-5.04886,-5.96591,5.39432,2.01684,-2.40000,-1.69579,normal
16.66000,-4.84432,-5.82955,5.37159,2.10105,-2.40000,-1.67474,normal
16.68000,-4.63977,-5.69318,5.34886,2.18526,-2.40000,-1.65368,normal
16.70000,-4.43523,-5.55682,5.32614,2.26947,-2.40000,-1.63263,normal
16.72000,-4.23068,-5.42045,5.30341,2.35368,-2.40000,-1.61158,normal
16.74000,-3.00460,-4.84943,6.91839,2.50000,-2.10000,-0.99897,normal
16.76000,-3.02759,-4.59655,7.01034,2.50000,-2.10000,-0.97835,normal
16.78000,-3.05057,-4.34368,7.10230,2.50000,-2.10000,-0.95773,normal
16.80000,-3.07356,-4.09080,7.19425,2.50000,-2.10000,-0.93711,normal
16.82000,-3.09655,-3.83793,7.28621,2.50000,-2.10000,-0.91649,normal
16.84000,-2.37640,-3.47640,8.80000,2.40000,-1.90000,-0.70000,normal
16.86000,-2.30899,-3.40899,8.80000,2.17975,-1.65949,-0.37975,normal
16.88000,-2.24157,-3.34157,8.80000,2.15443,-1.60886,-0.35443,normal
16.90000,-2.17416,-3.27416,8.80000,2.12911,-1.55823,-0.32911,normal
16.92000,-2.10674,-3.20674,8.80000,2.10380,-1.50759,-0.30380,normal
16.94000,-1.21809,-0.82979,8.45319,1.78370,-0.68913,0.40543,normal
16.96000,-1.06915,-0.70213,8.36809,1.71848,-0.64565,0.42717,normal
16.98000,-0.92021,-0.57447,8.28298,1.65326,-0.60217,0.44891,normal
17.00000,-0.77128,-0.44681,8.19787,1.58804,-0.55870,0.47065,normal
17.02000,-0.62234,-0.31915,8.11277,1.52283,-0.51522,0.49239,normal
17.04000,-1.21556,-0.71556,6.69222,0.72000,0.49333,0.80000,normal
17.06000,-1.26000,-0.76000,6.67000,0.78667,0.47111,0.80000,normal
17.08000,-1.30444,-0.80444,6.64778,0.85333,0.44889,0.80000,normal
17.10000,-1.34889,-0.84889,6.62556,0.92000,0.42667,0.80000,normal
17.12000,-1.39333,-0.89333,6.60333,0.98667,0.40444,0.80000,normal
17.14000,-3.04386,-0.34737,9.10000,1.14737,0.34737,0.90000,normal
17.16000,-3.13158,-0.24211,9.10000,0.87900,0.80000,1.01400,normal
17.18000,-3.21930,-0.13684,9.10000,0.81900,0.80000,1.05400,normal
17.20000,-3.30702,-0.03158,9.10000,0.75900,0.80000,1.09400,normal
17.22000,-3.39474,0.07368,9.10000,0.69900,0.80000,1.13400,normal
17.24000,-3.48246,0.17895,9.10000,0.63900,0.80000,1.17400,normal
17.26000,-4.59870,0.75844,8.06494,0.18000,0.80000,1.27000,normal
17.28000,-4.57273,-0.07273,7.36364,-1.10690,1.01379,1.29310,normal
17.30000,-4.54675,-0.90390,6.66234,-1.14138,1.08276,1.25862,normal
17.32000,-4.52078,-1.73506,5.96104,-1.17586,1.15172,1.22414,normal
17.34000,-4.10000,0.90000,6.60000,0.88667,-0.29667,0.79333,normal
17.36000,-3.37907,1.31860,7.27442,0.79778,-0.27444,0.74889,normal
17.38000,-2.65814,1.73721,7.94884,0.70889,-0.25222,0.70444,normal
17.40000,-1.93721,2.15581,8.62326,0.62000,-0.23000,0.66000,normal
17.42000,-1.21628,2.57442,9.29767,0.53111,-0.20778,0.61556,normal
17.44000,-2.60000,3.08587,13.11413,1.40000,0.49196,1.29732,normal
17.46000,-2.60000,2.75978,13.44022,1.40000,0.43839,1.27946,normal
17.48000,-2.60000,2.43370,13.76630,1.40000,0.38482,1.26161,normal
17.50000,-2.60000,2.10761,14.09239,1.40000,0.33125,1.24375,normal
17.52000,-2.60000,1.78152,14.41848,1.40000,0.27768,1.22589,normal
17.54000,-2.74286,2.62857,9.18571,1.40000,0.22411,1.20804,normal
17.56000,-3.09268,2.77683,9.03780,0.00000,0.50000,0.45000,normal
17.58000,-3.19024,2.75244,8.86707,0.00000,0.54648,0.52676,normal
17.60000,-3.28780,2.72805,8.69634,0.00000,0.49014,0.55493,normal
17.62000,-3.38537,2.70366,8.52561,0.00000,0.43380,0.58310,normal
17.64000,-2.89016,2.50984,9.48033,0.00000,0.40000,0.73333,normal
17.66000,-2.79180,2.60820,9.28361,0.08958,0.20000,0.67917,normal
17.68000,-2.69344,2.70656,9.08689,0.04792,0.20000,0.59583,normal
17.70000,-2.56667,2.86667,8.80000,0.00625,0.20000,0.51250,normal
17.72000,-2.96379,2.50000,9.06379,0.20000,0.30000,0.40000,normal
17.74000,-2.91207,2.50000,9.01207,0.20000,0.30000,0.40000,normal
17.76000,-2.86034,2.50000,8.96034,0.20000,0.30000,0.40000,normal
17.78000,-2.80862,2.50000,8.90862,0.20000,0.30000,0.40000,normal
17.80000,-2.75690,2.50000,8.85690,0.20000,0.30000,0.40000,normal
17.82000,-2.70517,2.50000,8.80517,0.20000,0.30000,0.40000,normal
17.84000,-3.61096,3.02877,9.60411,-0.22239,0.30000,0.30000,normal
17.86000,-3.47397,2.91918,9.30274,-0.31194,0.30000,0.30000,normal
17.88000,-3.33699,2.80959,9.00137,-0.40149,0.30000,0.30000,normal
17.90000,-3.20000,2.70000,8.70000,-0.49104,0.30000,0.30000,normal
17.92000,-3.42881,2.75085,8.69831,0.00000,0.09576,0.39576,normal
17.94000,-3.31017,2.83559,8.52881,0.00000,0.07881,0.37881,normal
17.96000,-3.19153,2.92034,8.35932,0.00000,0.06186,0.36186,normal
17.98000,-3.07288,3.00508,8.18983,0.00000,0.04492,0.34492,normal
18.00000,-2.95424,3.08983,8.02034,0.00000,0.02797,0.32797,normal
18.02000,-2.83559,3.17458,7.85085,0.00000,0.01102,0.31102,normal
18.04000,-3.39419,2.20698,9.48953,0.20000,-0.20000,0.36667,normal
18.06000,-3.27791,2.34651,9.28023,0.18537,-0.22927,0.30000,normal
18.08000,-3.16163,2.48605,9.07093,0.16098,-0.27805,0.30000,normal
18.10000,-3.04535,2.62558,8.86163,0.13659,-0.32683,0.30000,normal
18.12000,-2.92907,2.76512,8.65233,0.11220,-0.37561,0.30000,normal
18.14000,-2.45909,3.68182,8.98182,0.50000,-0.50000,0.50000,normal
18.16000,-2.25455,3.59091,8.89091,0.30000,-0.70000,0.40000,normal
18.18000,-2.05000,3.50000,8.80000,0.30000,-0.70000,0.40000,normal
18.20000,-1.84545,3.40909,8.70909,0.30000,-0.70000,0.40000,normal
18.22000,-1.64091,3.31818,8.61818,0.30000,-0.70000,0.40000,normal
18.24000,-1.31705,3.20568,9.98864,-0.10000,-0.79881,0.50000,normal
18.26000,-1.38523,3.22841,9.94318,-0.10000,-0.77500,0.50000,normal
18.28000,-1.45341,3.25114,9.89773,-0.10000,-0.75119,0.50000,normal
18.30000,-1.52159,3.27386,9.85227,-0.10000,-0.72738,0.50000,normal
18.32000,-1.58977,3.29659,9.80682,-0.10000,-0.70357,0.50000,normal
18.34000,-0.94149,2.74149,9.78830,0.19897,-0.49897,0.70103,normal
18.36000,-0.83511,2.63511,9.76702,0.17835,-0.47835,0.72165,normal
18.38000,-0.72872,2.52872,9.74574,0.15773,-0.45773,0.74227,normal
18.40000,-0.62234,2.42234,9.72447,0.13711,-0.43711,0.76289,normal
18.42000,-0.51596,2.31596,9.70319,0.11649,-0.41649,0.78351,normal
18.44000,0.60000,0.30000,9.50000,-0.16000,-0.50000,0.83000,normal
18.46000,0.72743,-1.47080,14.44071,-0.60000,-0.50000,1.10000,normal
18.48000,0.86903,-1.77168,14.26372,-0.66316,-0.54211,1.05789,normal
18.50000,1.01062,-2.07257,14.08673,-0.72632,-0.58421,1.01579,normal
18.52000,1.15221,-2.37345,13.90973,-0.78947,-0.62632,0.97368,normal
18.54000,1.29381,-2.67434,13.73274,-0.85263,-0.66842,0.93158,normal
18.56000,1.60000,-3.60000,6.80000,-2.80000,-2.20000,-0.20000,normal
18.58000,3.80645,-2.50484,6.81290,-1.01231,-1.61231,-1.13538,normal
18.60000,4.12903,-3.24677,7.45806,-0.67385,-1.27385,-1.41231,normal
18.62000,4.45161,-3.98871,8.10323,-0.33538,-0.93538,-1.68923,normal
18.64000,2.55538,2.37385,8.61692,-2.42286,0.51714,-2.01143,normal
18.66000,2.74000,2.62000,8.34000,-2.53714,0.60286,-2.06857,normal
18.68000,2.92462,2.86615,8.06308,-2.65143,0.68857,-2.12571,normal
18.70000,3.00000,2.83750,7.90000,-2.76571,0.77429,-2.18286,normal
18.72000,1.44828,2.13448,8.55172,-0.69746,1.20254,-1.39237,normal
18.74000,1.06897,2.22069,8.43103,-0.68051,1.21949,-1.34153,normal
18.76000,0.68966,2.30690,8.31034,-0.66356,1.23644,-1.29068,normal
18.78000,0.31034,2.39310,8.18966,-0.64661,1.25339,-1.23983,normal
18.80000,-0.06897,2.47931,8.06897,-0.62966,1.27034,-1.18898,normal
18.82000,-0.44828,2.56552,7.94828,-0.61271,1.28729,-1.13814,normal
18.84000,-2.25000,1.35000,10.25000,-0.60000,1.20000,-1.10000,normal
18.86000,-3.27108,1.85181,9.96506,0.50769,1.23846,-0.26923,normal
18.88000,-3.03012,2.11687,9.50723,0.35385,1.13590,-0.21795,normal
18.90000,-2.78916,2.38193,9.04940,0.20000,1.03333,-0.16667,normal
18.92000,-2.54819,2.64699,8.59157,0.04615,0.93077,-0.11538,normal
18.94000,-2.12637,1.60879,8.93516,0.39529,0.59765,0.70235,normal
18.96000,-2.19231,1.63077,9.02308,0.34824,0.57412,0.72588,normal
18.98000,-2.25824,1.65275,9.11099,0.30118,0.55059,0.74941,normal
19.00000,-2.32418,1.67473,9.19890,0.25412,0.52706,0.77294,normal
19.02000,-2.39011,1.69670,9.28681,0.20706,0.50353,0.79647,normal
19.04000,-2.20000,0.46559,9.91398,0.22963,0.25370,0.98148,normal
19.06000,-2.20000,-0.80323,9.74194,0.48889,0.16111,0.94444,normal
19.08000,-2.20000,-2.07204,9.56989,0.74815,0.06852,0.90741,normal
19.10000,-2.20000,-3.34086,9.39785,1.00741,-0.02407,0.87037,normal
19.12000,-2.20000,-4.60968,9.22581,1.26667,-0.11667,0.83333,normal
19.14000,-0.93333,2.46000,12.37333,1.82000,-0.64000,1.00000,normal
19.16000,-1.37778,1.99333,12.28444,1.32532,-0.81266,1.87468,normal
19.18000,-1.82222,1.52667,12.19556,1.37595,-0.83797,1.82405,normal
19.20000,-2.26667,1.06000,12.10667,1.42658,-0.86329,1.77342,normal
19.22000,-2.71111,0.59333,12.01778,1.47722,-0.88861,1.72278,normal
19.24000,0.68667,2.35333,10.43333,0.29438,-0.20000,0.39438,normal
19.26000,0.64222,2.53111,10.21111,0.27191,-0.20000,0.37191,normal
19.28000,0.59778,2.70889,9.98889,0.24944,-0.20000,0.34944,normal
19.30000,0.55333,2.88667,9.76667,0.22697,-0.20000,0.32697,normal
19.32000,0.50889,3.06444,9.54444,0.20449,-0.20000,0.30449,normal
19.34000,1.35970,1.73433,9.29403,0.01343,0.01343,0.31343,normal
19.36000,1.27015,2.03284,9.50299,0.04328,0.04328,0.34328,normal
19.38000,1.18060,2.33134,9.71194,0.07313,0.07313,0.37313,normal
19.40000,0.90000,2.40000,9.90000,-0.00000,0.20000,0.40000,normal
19.42000,0.80000,2.22286,9.41143,0.01172,0.21172,0.30000,normal
19.44000,0.80000,2.25143,9.42571,0.02552,0.22552,0.30000,normal
19.46000,0.80000,2.28000,9.44000,0.03931,0.23931,0.30000,normal
19.48000,0.80000,2.30857,9.45429,0.05310,0.25310,0.30000,normal
19.50000,0.80000,2.33714,9.46857,0.06690,0.26690,0.30000,normal
19.52000,0.80000,2.36571,9.48286,0.08069,0.28069,0.30000,normal
19.54000,0.80000,2.39429,9.49714,0.09448,0.29448,0.30000,normal
19.56000,0.89143,2.28286,9.50000,0.19268,0.20000,0.30000,normal
19.58000,0.86286,2.22571,9.50000,0.16829,0.20000,0.30000,normal
19.60000,0.83429,2.16857,9.50000,0.14390,0.20000,0.30000,normal
19.62000,0.80571,2.11143,9.50000,0.11951,0.20000,0.30000,normal
19.64000,0.70000,2.70000,9.20000,0.10000,0.15556,0.34444,normal
19.66000,0.77931,2.44138,9.24138,0.11000,-0.20000,0.20000,normal
19.68000,0.75632,2.48736,9.28736,0.13500,-0.20000,0.20000,normal
19.70000,0.73333,2.53333,9.33333,0.16000,-0.20000,0.20000,normal
19.72000,0.71034,2.57931,9.37931,0.18500,-0.20000,0.20000,normal
19.74000,1.20444,2.49778,9.11111,0.19892,-0.60000,0.20000,normal
19.76000,1.24889,2.47556,9.22222,0.17742,-0.60000,0.20000,normal
19.78000,1.29333,2.45333,9.33333,0.15591,-0.60000,0.20000,normal
19.80000,1.33778,2.43111,9.44444,0.13441,-0.60000,0.20000,normal
19.82000,1.38222,2.40889,9.55556,0.11290,-0.60000,0.20000,normal
19.84000,1.90568,2.68864,9.12273,0.10102,-0.50102,0.40102,normal
19.86000,1.92841,2.64318,9.21364,0.12143,-0.52143,0.42143,normal
19.88000,1.95114,2.59773,9.30455,0.14184,-0.54184,0.44184,normal
19.90000,1.97386,2.55227,9.39545,0.16224,-0.56224,0.46224,normal
19.92000,1.99659,2.50682,9.48636,0.18265,-0.58265,0.48265,normal
19.94000,2.45000,2.22500,9.12500,0.20000,-0.50000,0.45000,normal
19.96000,2.56154,2.14103,9.17949,0.20000,-0.60704,0.70704,normal
19.98000,2.63846,2.19231,9.15385,0.20000,-0.63521,0.73521,normal
20.00000,2.71538,2.24359,9.12821,0.20000,-0.66338,0.76338,normal
20.02000,2.79231,2.29487,9.10256,0.20000,-0.69155,0.79155,normal
20.04000,3.42222,2.95556,8.83333,0.20722,-0.59278,0.49278,normal
20.06000,3.46263,2.87475,8.89394,0.22784,-0.57216,0.47216,normal
20.08000,3.50303,2.79394,8.95455,0.24845,-0.55155,0.45155,normal
20.10000,3.54343,2.71313,9.01515,0.26907,-0.53093,0.43093,normal
20.12000,3.58384,2.63232,9.07576,0.28969,-0.51031,0.41031,normal
20.14000,4.65977,1.96897,9.48276,0.40000,-0.20000,0.50000,normal
20.16000,4.49885,2.24483,9.41379,0.37778,0.05556,0.62222,normal
20.18000,4.33793,2.52069,9.34483,0.35309,0.00617,0.64691,normal
20.20000,4.17701,2.79655,9.27586,0.32840,-0.04321,0.67160,normal
20.22000,4.01609,3.07241,9.20690,0.30370,-0.09259,0.69630,normal
20.24000,2.52632,4.42105,6.45789,0.51081,0.62973,0.69009,normal
20.26000,2.21053,3.36842,6.56316,0.34865,0.68378,0.67207,normal
20.28000,1.89474,2.31579,6.66842,0.18649,0.73784,0.65405,normal
20.30000,1.57895,1.26316,6.77368,0.02432,0.79189,0.63604,normal
20.32000,1.26316,0.21053,6.87895,-0.13784,0.84595,0.61802,normal
20.34000,7.50000,-8.40000,4.10000,-0.30000,0.90000,0.60000,normal
20.36000,0.87105,-3.57895,6.19474,1.47067,-0.40000,-1.31333,normal
20.38000,1.68684,-3.26316,6.61579,1.17733,-0.40000,-1.44667,normal
20.40000,2.50263,-2.94737,7.03684,0.88400,-0.40000,-1.58000,normal
20.42000,3.31842,-2.63158,7.45789,0.59067,-0.40000,-1.71333,normal
20.44000,3.90349,0.20000,7.22442,-3.10000,-0.30000,-1.90000,normal
20.46000,3.92674,0.20000,7.38721,-2.60000,-0.27955,-2.02045,normal
20.48000,3.95000,0.20000,7.55000,-2.60000,-0.25682,-2.04318,normal
20.50000,3.97326,0.20000,7.71279,-2.60000,-0.23409,-2.06591,normal
20.52000,3.99651,0.20000,7.87558,-2.60000,-0.21136,-2.08864,normal
20.54000,3.09540,3.54943,8.69655,-1.59667,0.79667,-2.19667,normal
20.56000,3.07241,3.29655,9.17931,-1.57444,0.77444,-2.17444,normal
20.58000,3.04943,3.04368,9.66207,-1.55222,0.75222,-2.15222,normal
20.60000,3.02644,2.79080,10.14483,-1.53000,0.73000,-2.13000,normal
20.62000,3.00345,2.53793,10.62759,-1.50778,0.70778,-2.10778,normal
20.64000,2.85957,3.27660,10.72234,-1.46697,0.00550,-0.77798,normal
20.66000,2.60426,3.23404,11.12660,-1.35688,0.02385,-0.70459,normal
20.68000,2.34894,3.19149,11.53085,-1.24679,0.04220,-0.63119,normal
20.70000,2.09362,3.14894,11.93511,-1.13670,0.06055,-0.55780,normal
20.72000,1.83830,3.10638,12.33936,-1.02661,0.07890,-0.48440,normal
20.74000,-0.10000,1.90000,12.90000,-0.91651,0.09725,-0.41101,normal
20.76000,-0.02683,2.19268,12.75366,0.00423,0.20845,0.71268,normal
20.78000,0.04634,2.48537,12.60732,0.03239,0.26479,0.79718,normal
20.80000,0.11951,2.77805,12.46098,0.06056,0.32113,0.88169,normal
20.82000,0.19268,3.07073,12.31463,0.08873,0.37746,0.96620,normal
20.84000,-1.70562,-1.62360,13.02584,2.40222,0.39778,0.90444,normal
20.86000,-1.43596,0.30899,13.38539,2.42444,0.37556,0.94889,normal
20.88000,-1.16629,2.24157,13.74494,2.44667,0.35333,0.99333,normal
20.90000,-0.89663,4.17416,14.10449,2.46889,0.33111,1.03778,normal
20.92000,-0.62697,6.10674,14.46404,2.49111,0.30889,1.08222,normal
20.94000,-0.02045,0.30909,8.72500,0.50538,0.40000,0.69462,normal
20.96000,-0.08864,0.67273,8.47500,0.52688,0.40000,0.67312,normal
20.98000,-0.15682,1.03636,8.22500,0.54839,0.40000,0.65161,normal
21.00000,-0.22500,1.40000,7.97500,0.56989,0.40000,0.63011,normal
21.02000,-0.29318,1.76364,7.72500,0.59140,0.40000,0.60860,normal
21.04000,0.95393,1.54719,10.23371,0.87757,-0.11121,0.39626,normal
21.06000,1.13371,1.70449,10.34607,0.76542,-0.16729,0.37757,normal
21.08000,1.31348,1.86180,10.45843,0.65327,-0.22336,0.35888,normal
21.10000,1.49326,2.01910,10.57079,0.54112,-0.27944,0.34019,normal
21.12000,1.67303,2.17640,10.68315,0.42897,-0.33551,0.32150,normal
21.14000,0.60000,2.40000,9.00000,0.31682,-0.39159,0.30280,normal
21.16000,0.89722,1.76111,9.13889,0.02000,-0.82000,0.58000,normal
21.18000,1.09167,1.48333,9.41667,0.13934,-0.90000,0.48033,normal
21.20000,1.28611,1.20556,9.69444,0.20492,-0.90000,0.44754,normal
21.22000,1.48056,0.92778,9.97222,0.27049,-0.90000,0.41475,normal
21.24000,2.41630,1.61087,9.70543,0.39775,-0.80000,0.40225,normal
21.26000,2.48152,1.65435,9.72717,0.37528,-0.80000,0.42472,normal
21.28000,2.54674,1.69783,9.74891,0.35281,-0.80000,0.44719,normal
21.30000,2.61196,1.74130,9.77065,0.33034,-0.80000,0.46966,normal
21.32000,2.67717,1.78478,9.79239,0.30787,-0.80000,0.49213,normal
21.34000,3.21556,1.48444,9.08444,0.10000,-0.70000,0.80000,normal
21.36000,3.26000,1.44000,9.04000,0.10000,-0.70000,0.80000,normal
21.38000,3.30444,1.39556,8.99556,0.10000,-0.70000,0.80000,normal
21.40000,3.34889,1.35111,8.95111,0.10000,-0.70000,0.80000,normal
21.42000,3.39333,1.30667,8.90667,0.10000,-0.70000,0.80000,normal
21.44000,4.35319,0.96809,9.07872,0.40926,-1.30000,1.00926,normal
21.46000,4.45957,0.90426,9.03617,0.42778,-1.30000,1.02778,normal
21.48000,4.56596,0.84043,8.99362,0.44630,-1.30000,1.04630,normal
21.50000,4.67234,0.77660,8.95106,0.46481,-1.30000,1.06481,normal
21.52000,4.77872,0.71277,8.90851,0.48333,-1.30000,1.08333,normal
21.54000,5.92857,1.15714,8.64286,0.52000,-1.28000,1.12000,normal
21.56000,6.51795,1.91795,8.65897,0.38873,-0.74366,1.11127,normal
21.58000,6.41538,1.81538,8.60769,0.36056,-0.60282,1.13944,normal
21.60000,6.31282,1.71282,8.55641,0.33239,-0.46197,1.16761,normal
21.62000,6.21026,1.61026,8.50513,0.30423,-0.32113,1.19577,normal
21.64000,5.95441,1.22206,8.70588,0.31967,0.81967,0.60656,normal
21.66000,5.68971,0.89853,8.35294,0.41803,0.91803,0.63934,normal
21.68000,5.42500,0.57500,8.00000,0.51639,1.01639,0.67213,normal
21.70000,4.30000,2.10000,8.70000,0.90000,1.00000,0.70000,normal
21.72000,3.99915,0.65678,8.72712,0.89256,0.72645,0.96612,normal
21.74000,3.88051,0.60593,8.52373,1.00826,0.75950,1.04876,normal
21.76000,3.76186,0.55508,8.32034,1.12397,0.79256,1.13140,normal
21.78000,3.64322,0.50424,8.11695,1.23967,0.82562,1.21405,normal
21.80000,3.52458,0.45339,7.91356,1.35537,0.85868,1.29669,normal
21.82000,3.40593,0.40254,7.71017,1.47107,0.89174,1.37934,normal
21.84000,2.82500,2.73913,9.15870,1.71150,0.94690,1.79115,normal
21.86000,3.32500,2.82609,9.28913,1.53451,0.84071,1.77345,normal
21.88000,3.82500,2.91304,9.41957,1.35752,0.73451,1.75575,normal
21.90000,4.32500,3.00000,9.55000,1.18053,0.62832,1.73805,normal
21.92000,4.82500,3.08696,9.68043,1.00354,0.52212,1.72035,normal
21.94000,2.10000,0.26000,9.66000,0.82655,0.41593,1.70265,normal
21.96000,6.66216,-2.57568,9.20811,-1.30000,0.00000,2.50000,normal
21.98000,6.93243,-3.03514,8.72162,-2.94545,-0.43636,2.07273,normal
22.00000,7.20270,-3.49459,8.23514,-2.83636,-0.50909,2.21818,normal
22.02000,7.47297,-3.95405,7.74865,-2.72727,-0.58182,2.36364,normal
22.04000,9.41250,-9.35000,9.35000,2.05200,-0.62800,3.60000,normal
22.06000,9.10000,-9.93333,9.10000,2.43200,-0.44800,3.60000,normal
22.08000,8.78750,-10.51667,8.85000,2.81200,-0.26800,3.60000,normal
22.10000,8.47500,-11.10000,8.60000,3.19200,-0.08800,3.60000,normal
22.12000,8.16250,-11.68333,8.35000,3.57200,0.09200,3.60000,normal
22.14000,6.11628,3.10930,6.03256,-3.08889,-0.09293,0.48586,normal
22.16000,5.69767,2.15581,6.19535,-2.86667,0.04848,0.20303,normal
22.18000,5.27907,1.20233,6.35814,-2.64444,0.18990,-0.07980,normal
22.20000,4.86047,0.24884,6.52093,-2.42222,0.33131,-0.36263,normal
22.22000,4.44186,-0.70465,6.68372,-2.20000,0.47273,-0.64545,normal
22.24000,5.90000,0.39231,7.58462,-2.10000,0.45000,-1.00000,normal
22.26000,4.68974,0.48462,8.20000,-1.90000,2.24286,-0.54286,normal
22.28000,4.17692,0.71538,8.20000,-1.63810,2.40000,-0.58095,normal
22.30000,3.66410,0.94615,8.20000,-1.44762,2.40000,-0.67619,normal
22.32000,3.15128,1.17692,8.20000,-1.25714,2.40000,-0.77143,normal
22.34000,1.21429,1.10879,9.55934,0.00000,2.10000,-0.90000,normal
22.36000,1.50000,1.13077,9.20769,-0.08791,1.94615,-0.90000,normal
22.38000,1.78571,1.15275,8.85604,-0.17582,1.79231,-0.90000,normal
22.40000,2.07143,1.17473,8.50440,-0.26374,1.63846,-0.90000,normal
22.42000,2.35714,1.19670,8.15275,-0.35165,1.48462,-0.90000,normal
22.44000,2.42759,0.09540,6.28736,-0.50000,1.20000,-0.10000,normal
22.46000,2.56552,0.07241,6.72414,-0.37952,1.24819,-0.07590,normal
22.48000,2.70345,0.04943,7.16092,-0.25904,1.29639,-0.05181,normal
22.50000,2.84138,0.02644,7.59770,-0.13855,1.34458,-0.02771,normal
22.52000,2.97931,0.00345,8.03448,-0.01807,1.39277,-0.00361,normal
22.54000,-0.82340,-1.20638,9.58830,0.89000,1.19000,-0.01000,normal
22.56000,-0.86596,-1.03617,9.56702,0.87182,1.17182,-0.02818,normal
22.58000,-0.90851,-0.86596,9.54574,0.85364,1.15364,-0.04636,normal
22.60000,-0.95106,-0.69574,9.52447,0.83545,1.13545,-0.06455,normal
22.62000,-0.99362,-0.52553,9.50319,0.81727,1.11727,-0.08273,normal
22.64000,-4.86923,-1.27692,11.97692,0.76667,1.06667,-0.08333,normal
22.66000,-6.00395,0.65921,10.73816,0.59394,0.69091,0.50303,normal
22.68000,-5.60921,0.73816,10.92237,0.53333,0.60000,0.53333,normal
22.70000,-5.21447,0.81711,11.10658,0.47273,0.50909,0.56364,normal
22.72000,-4.81974,0.89605,11.29079,0.41212,0.41818,0.59394,normal
22.74000,-6.31818,0.86970,10.83131,0.35102,-0.22449,0.28776,normal
22.76000,-5.77273,1.11212,10.44747,0.26939,-0.26531,0.26735,normal
22.78000,-5.22727,1.35455,10.06364,0.18776,-0.30612,0.24694,normal
22.80000,-4.68182,1.59697,9.67980,0.10612,-0.34694,0.22653,normal
22.82000,-4.13636,1.83939,9.29596,0.02449,-0.38776,0.20612,normal
22.84000,-4.03778,2.48889,11.61111,0.89048,-1.09048,0.79048,normal
22.86000,-3.88222,1.71111,11.38889,0.79524,-0.99524,0.69524,normal
22.88000,-3.72667,0.93333,11.16667,0.70000,-0.90000,0.60000,normal
22.90000,-3.57111,0.15556,10.94444,0.60476,-0.80476,0.50476,normal
22.92000,-3.41556,-0.62222,10.72222,0.50952,-0.70952,0.40952,normal
22.94000,-0.67234,2.67447,9.88723,-0.10842,0.00842,0.00000,normal
22.96000,-0.45957,2.63191,9.86596,-0.15053,0.05053,0.00000,normal
22.98000,-0.24681,2.58936,9.84468,-0.19263,0.09263,0.00000,normal
23.00000,-0.03404,2.54681,9.82340,-0.23474,0.13474,0.00000,normal
23.02000,0.17872,2.50426,9.80213,-0.27684,0.17684,0.00000,normal
23.04000,-1.50930,0.05116,10.04186,-0.26154,0.44615,0.04615,normal
23.06000,-1.55581,0.30698,10.25116,0.40000,0.20000,0.20312,normal
23.08000,-1.60233,0.56279,10.46047,0.40000,0.20000,0.23438,normal
23.10000,-1.64884,0.81860,10.66977,0.40000,0.20000,0.26563,normal
23.12000,-1.69535,1.07442,10.87907,0.40000,0.20000,0.29688,normal
23.14000,-1.93871,0.46452,9.05161,0.12667,-0.40667,0.80667,normal
23.16000,-2.00323,0.57204,9.13763,0.21556,-0.42889,0.82889,normal
23.18000,-2.06774,0.67957,9.22366,0.30444,-0.45111,0.85111,normal
23.20000,-2.13226,0.78710,9.30968,0.39333,-0.47333,0.87333,normal
23.22000,-2.19677,0.89462,9.39570,0.48222,-0.49556,0.89556,normal
23.24000,-0.92553,1.66170,9.07447,0.41075,-0.80000,1.10000,normal
23.26000,-0.96809,1.59787,9.03191,0.45376,-0.80000,1.10000,normal
23.28000,-1.01064,1.53404,8.98936,0.49677,-0.80000,1.10000,normal
23.30000,-1.05319,1.47021,8.94681,0.53978,-0.80000,1.10000,normal
23.32000,-1.09574,1.40638,8.90426,0.58280,-0.80000,1.10000,normal
23.34000,0.51379,1.80690,9.24483,0.68824,-1.01765,1.32353,normal
23.36000,0.55977,1.82989,9.72759,0.64902,-1.07647,1.40196,normal
23.38000,0.60575,1.85287,10.21034,0.60980,-1.13529,1.48039,normal
23.40000,0.65172,1.87586,10.69310,0.57059,-1.19412,1.55882,normal
23.42000,0.69770,1.89885,11.17586,0.53137,-1.25294,1.63725,normal
23.44000,0.90000,3.60000,9.00000,0.74286,-1.08571,1.77143,normal
23.46000,1.10506,3.54051,8.89620,0.60000,-0.90000,1.37143,normal
23.48000,1.33291,3.36329,9.22532,0.60000,-0.90000,1.25714,normal
23.50000,1.56076,3.18608,9.55443,0.60000,-0.90000,1.14286,normal
23.52000,1.78861,3.00886,9.88354,0.60000,-0.90000,1.02857,normal
23.54000,2.12088,3.80989,8.88022,0.69880,0.30000,0.89759,normal
23.56000,1.94505,3.83187,8.83626,0.67470,0.30000,0.84940,normal
23.58000,1.76923,3.85385,8.79231,0.65060,0.30000,0.80120,normal
23.60000,1.59341,3.87582,8.74835,0.62651,0.30000,0.75301,normal
23.62000,1.41758,3.89780,8.70440,0.60241,0.30000,0.70482,normal
23.64000,2.53617,4.37447,9.17447,0.44947,0.72526,0.58737,normal
23.66000,2.42979,4.33191,9.13191,0.36526,0.76737,0.56632,normal
23.68000,2.32340,4.28936,9.08936,0.28105,0.80947,0.54526,normal
23.70000,2.21702,4.24681,9.04681,0.19684,0.85158,0.52421,normal
23.72000,2.11064,4.20426,9.00426,0.11263,0.89368,0.50316,normal
23.74000,1.61720,-5.70538,8.46344,0.23874,1.28108,0.43964,normal
23.76000,1.46667,-5.53333,8.03333,0.49099,1.06486,0.51171,normal
23.78000,1.31613,-5.36129,7.60323,0.74324,0.84865,0.58378,normal
23.80000,1.16559,-5.18925,7.17312,0.99550,0.63243,0.65586,normal
23.82000,1.01505,-5.01720,6.74301,1.24775,0.41622,0.72793,normal
23.84000,1.75000,-1.30000,8.35000,1.50000,0.20000,0.80000,normal
23.86000,1.83947,-1.56053,7.43421,-1.82424,-0.90909,-1.30909,normal
23.88000,2.18158,-1.21842,7.19737,-2.06667,-1.00000,-1.40000,normal
23.90000,2.52368,-0.87632,6.96053,-2.30909,-1.09091,-1.49091,normal
23.92000,2.86579,-0.53421,6.72368,-2.55152,-1.18182,-1.58182,normal
23.94000,2.86593,-0.37912,7.16703,-2.40625,0.10000,-2.40625,normal
23.96000,2.99780,-0.13736,7.10110,-2.46875,0.10000,-2.46875,normal
23.98000,3.12967,0.10440,7.03516,-2.53125,0.10000,-2.53125,normal
24.00000,3.26154,0.34615,6.96923,-2.59375,0.10000,-2.59375,normal
24.02000,3.39341,0.58791,6.90330,-2.65625,0.10000,-2.65625,normal
24.04000,1.69091,2.07614,8.08409,-2.40000,0.85000,-2.55000,normal
24.06000,2.23636,2.00795,8.03864,-2.33958,0.61979,-2.48021,normal
24.08000,2.78182,1.93977,7.99318,-2.38125,0.64063,-2.45937,normal
24.10000,3.32727,1.87159,7.94773,-2.42292,0.66146,-2.43854,normal
24.12000,3.87273,1.80341,7.90227,-2.46458,0.68229,-2.41771,normal
24.14000,0.10645,3.03548,9.17742,-0.60000,2.50000,-1.40000,normal
24.16000,-0.21613,2.92796,9.97312,-0.04800,1.97333,-1.13067,normal
24.18000,-0.53871,2.82043,10.76882,0.03200,2.24000,-1.02400,normal
24.20000,-0.86129,2.71290,11.56452,0.11200,2.50667,-0.91733,normal
24.22000,-1.18387,2.60538,12.36022,0.19200,2.77333,-0.81067,normal
24.24000,-8.59032,-0.46452,14.02903,1.30860,2.27419,-0.30000,normal
24.26000,-9.40753,-0.57204,13.57742,1.33011,2.20968,-0.30000,normal
24.28000,-10.22473,-0.67957,13.12581,1.35161,2.14516,-0.30000,normal
24.30000,-11.04194,-0.78710,12.67419,1.37312,2.08065,-0.30000,normal
24.32000,-11.85914,-0.89462,12.22258,1.39462,2.01613,-0.30000,normal
24.34000,-10.38000,1.06000,8.78000,1.04545,0.96591,0.12727,normal
24.36000,-10.33556,1.19333,8.73556,0.86364,0.85227,0.21818,normal
24.38000,-10.29111,1.32667,8.69111,0.68182,0.73864,0.30909,normal
24.40000,-10.24667,1.46000,8.64667,0.50000,0.62500,0.40000,normal
24.42000,-10.20222,1.59333,8.60222,0.31818,0.51136,0.49091,normal
24.44000,-5.64043,-2.54043,7.36170,0.83853,0.55596,0.38899,normal
24.46000,-5.87447,-1.77447,8.29787,0.96697,0.40917,0.35229,normal
24.48000,-6.10851,-1.00851,9.23404,1.09541,0.26239,0.31560,normal
24.50000,-6.34255,-0.24255,10.17021,1.22385,0.11560,0.27890,normal
24.52000,-6.57660,0.52340,11.10638,1.35229,-0.03119,0.24220,normal
24.54000,-4.14432,1.06364,5.35455,1.48073,-0.17798,0.20550,normal
24.56000,-3.98523,1.24545,6.08182,0.32857,-0.01429,0.07143,normal
24.58000,-3.82614,1.42727,6.80909,0.56234,-0.22208,0.20130,normal
24.60000,-3.66705,1.60909,7.53636,0.79610,-0.42987,0.33117,normal
24.62000,-3.50795,1.79091,8.26364,1.02987,-0.63766,0.46104,normal
24.64000,-1.43333,0.90175,8.74211,0.60598,-1.19402,0.11197,normal
24.66000,-1.76667,0.65614,8.84737,0.62308,-1.17692,0.14615,normal
24.68000,-2.10000,0.41053,8.95263,0.64017,-1.15983,0.18034,normal
24.70000,-2.43333,0.16491,9.05789,0.65726,-1.14274,0.21453,normal
24.72000,-2.76667,-0.08070,9.16316,0.67436,-1.12564,0.24872,normal
24.74000,-3.10000,-0.32632,9.26842,0.69145,-1.10855,0.28291,normal
24.76000,-1.04348,0.55217,8.51594,0.05000,-1.15000,1.00000,normal
24.78000,-1.21739,1.16087,8.97971,0.44394,-1.14242,1.12879,normal
24.80000,-1.39130,1.76957,9.44348,0.59545,-1.08182,1.15909,normal
24.82000,-1.56522,2.37826,9.90725,0.74697,-1.02121,1.18939,normal
24.84000,-0.71573,4.12360,10.78989,0.90000,-0.90000,1.60000,normal
24.86000,-0.76067,4.19101,10.47528,0.61724,-0.65862,1.55862,normal
24.88000,-0.80562,4.25843,10.16067,0.52529,-0.61264,1.51264,normal
24.90000,-0.85056,4.32584,9.84607,0.43333,-0.56667,1.46667,normal
24.92000,-0.89551,4.39326,9.53146,0.34138,-0.52069,1.42069,normal
24.94000,-0.09080,3.97931,8.20115,0.34706,-0.44706,1.00588,normal
24.96000,0.34598,3.49655,9.00575,0.38571,-0.57143,0.91429,normal
24.98000,0.78276,3.01379,9.81034,0.35974,-0.70130,0.94026,normal
25.00000,1.21954,2.53103,10.61494,0.33377,-0.83117,0.96623,normal
25.02000,1.65632,2.04828,11.41954,0.30779,-0.96104,0.99221,normal
25.04000,1.12697,3.48202,9.19101,-0.10000,0.11075,1.19462,normal
25.06000,1.19438,3.43708,9.16854,-0.10000,0.15376,1.17312,normal
25.08000,1.26180,3.39213,9.14607,-0.10000,0.19677,1.15161,normal
25.10000,1.32921,3.34719,9.12360,-0.10000,0.23978,1.13011,normal
25.12000,1.39663,3.30225,9.10112,-0.10000,0.28280,1.10860,normal
25.14000,1.45955,3.17079,8.19101,0.00538,0.10000,1.20538,normal
25.16000,1.36966,3.32809,8.39326,0.02688,0.10000,1.22688,normal
25.18000,1.27978,3.48539,8.59551,0.04839,0.10000,1.24839,normal
25.20000,1.18989,3.64270,8.79775,0.06989,0.10000,1.26989,normal
25.22000,1.10000,3.80000,9.00000,0.09140,0.10000,1.29140,normal
25.24000,1.69310,5.92759,9.44138,0.39550,0.11802,1.09550,normal
25.26000,1.00345,5.35287,8.91264,0.37748,0.19009,1.07748,normal
25.28000,0.31379,4.77816,8.38391,0.35946,0.26216,1.05946,normal
25.30000,-0.37586,4.20345,7.85517,0.34144,0.33423,1.04144,normal
25.32000,-1.06552,3.62874,7.32644,0.32342,0.40631,1.02342,normal
25.34000,4.26471,4.05882,8.62353,0.30541,0.47838,1.00541,normal
25.36000,2.72857,4.15143,8.20000,1.19167,-0.74167,0.88333,normal
25.38000,2.30000,3.78000,8.20000,0.75357,-0.37679,0.94643,normal
25.40000,1.87143,3.40857,8.20000,0.68214,-0.34107,1.01786,normal
25.42000,1.44286,3.03714,8.20000,0.61071,-0.30536,1.08929,normal
25.44000,4.07609,5.63261,8.67609,0.24505,-0.67802,0.90000,normal
25.46000,4.03261,5.32826,8.63261,0.13516,-0.63407,0.90000,normal
25.48000,3.98913,5.02391,8.58913,0.02527,-0.59011,0.90000,normal
25.50000,3.94565,4.71957,8.54565,-0.08462,-0.54615,0.90000,normal
25.52000,3.90217,4.41522,8.50217,-0.19451,-0.50220,0.90000,normal
25.54000,4.59032,8.77742,7.41935,0.82442,0.48837,0.14070,normal
25.56000,4.74086,6.23978,7.78495,0.52209,0.44186,0.30349,normal
25.58000,4.89140,3.70215,8.15054,0.21977,0.39535,0.46628,normal
25.60000,5.04194,1.16452,8.51613,-0.08256,0.34884,0.62907,normal
25.62000,5.19247,-1.37312,8.88172,-0.38488,0.30233,0.79186,normal
25.64000,2.53226,5.70000,7.14839,0.43208,0.87736,0.65660,normal
25.66000,2.91935,5.70000,7.72903,0.31887,0.83962,0.75094,normal
25.68000,3.30645,5.70000,8.30968,0.20566,0.80189,0.84528,normal
25.70000,3.69355,5.70000,8.89032,0.09245,0.76415,0.93962,normal
25.72000,4.08065,5.70000,9.47097,-0.02075,0.72642,1.03396,normal
25.74000,3.49268,3.40732,8.20488,0.24286,1.04286,0.58571,normal
25.76000,3.34634,3.55366,8.30244,0.80441,0.80441,0.60000,normal
25.78000,3.20000,3.70000,8.40000,0.83382,0.83382,0.60000,normal
25.80000,3.05366,3.84634,8.49756,0.86324,0.86324,0.60000,normal
25.82000,2.90732,3.99268,8.59512,0.89265,0.89265,0.60000,normal
25.84000,2.30455,8.63182,10.23182,0.79412,0.23824,1.11471,normal
25.86000,4.09242,4.48030,10.74697,0.73529,0.62059,1.26176,normal
25.88000,5.88030,0.32879,11.26212,0.67647,1.00294,1.40882,normal
25.90000,0.40000,-0.90000,8.20000,0.61765,1.38529,1.55588,normal
25.92000,5.24144,-6.83784,4.84324,1.63364,0.98131,3.57383,normal
25.94000,4.84505,-5.43243,4.95135,1.80187,0.88785,3.44299,normal
25.96000,4.44865,-4.02703,5.05946,1.97009,0.79439,3.31215,normal
25.98000,4.05225,-2.62162,5.16757,2.13832,0.70093,3.18131,normal
26.00000,3.65586,-1.21622,5.27568,2.30654,0.60748,3.05047,normal
26.02000,3.25946,0.18919,5.38378,2.47477,0.51402,2.91963,normal
26.04000,5.89158,5.51684,7.11263,0.04000,-0.40957,3.34348,normal
26.06000,6.18632,4.92737,6.67053,-0.36000,-0.27043,3.25652,normal
26.08000,6.48105,4.33789,6.22842,-0.76000,-0.13130,3.16957,normal
26.10000,6.77579,3.74842,5.78632,-1.16000,0.00783,3.08261,normal
26.12000,7.07053,3.15895,5.34421,-1.56000,0.14696,2.99565,normal
26.14000,7.72500,1.52500,5.05000,-1.96000,0.28609,2.90870,normal
26.16000,7.28356,6.26986,10.51644,-0.73333,1.13333,1.63333,normal
26.18000,7.25616,5.88630,10.54384,-1.68103,1.85862,1.28276,normal
26.20000,7.22877,5.50274,10.57123,-2.12931,1.92759,1.14483,normal
26.22000,7.20137,5.11918,10.59863,-2.57759,1.99655,1.00690,normal
26.24000,2.46170,-1.64043,8.94574,-1.23978,2.32258,-0.69140,normal
26.26000,2.24894,-1.08723,9.47766,-1.08925,2.12903,-0.66989,normal
26.28000,2.03617,-0.53404,10.00957,-0.93871,1.93548,-0.64839,normal
26.30000,1.82340,0.01915,10.54149,-0.78817,1.74194,-0.62688,normal
26.32000,1.61064,0.57234,11.07340,-0.63763,1.54839,-0.60538,normal
26.34000,0.95000,0.76000,12.43000,0.74138,1.41379,-0.05172,normal
26.36000,0.17222,1.33778,12.94111,0.87931,1.45977,0.10920,normal
26.38000,-0.60556,1.91556,13.45222,1.01724,1.50575,0.27011,normal
26.40000,-1.38333,2.49333,13.96333,1.15517,1.55172,0.43103,normal
26.42000,-2.16111,3.07111,14.47444,1.29310,1.59770,0.59195,normal
26.44000,0.97766,-2.07234,12.07979,0.03711,0.43711,0.20000,normal
26.46000,0.02021,-2.02979,12.35638,0.22268,0.62268,0.20000,normal
26.48000,-0.93723,-1.98723,12.63298,0.40825,0.80825,0.20000,normal
26.50000,-1.89468,-1.94468,12.90957,0.59381,0.99381,0.20000,normal
26.52000,-2.85213,-1.90213,13.18617,0.77938,1.17938,0.20000,normal
26.54000,0.88902,0.48049,6.69634,1.09091,0.85455,-0.11818,normal
26.56000,0.66951,0.09024,6.62317,0.31286,0.31286,-0.50429,normal
26.58000,0.45000,-0.30000,6.55000,0.39857,0.39857,-0.53286,normal
26.60000,0.23049,-0.69024,6.47683,0.48429,0.48429,-0.56143,normal
26.62000,0.01098,-1.08049,6.40366,0.57000,0.57000,-0.59000,normal
26.64000,-0.76023,-0.08068,6.34886,0.70889,1.17778,-0.90444,normal
26.66000,-0.64659,0.26023,5.91705,0.75333,1.06667,-0.92667,normal
26.68000,-0.53295,0.60114,5.48523,0.79778,0.95556,-0.94889,normal
26.70000,-0.41932,0.94205,5.05341,0.84222,0.84444,-0.97111,normal
26.72000,-0.30568,1.28295,4.62159,0.88667,0.73333,-0.99333,normal
26.74000,-2.35217,1.06957,7.73478,0.69216,0.07647,-0.69216,normal
26.76000,-1.98261,1.24348,7.82174,0.67255,0.01765,-0.67255,normal
26.78000,-1.61304,1.41739,7.90870,0.65294,-0.04118,-0.65294,normal
26.80000,-1.24348,1.59130,7.99565,0.63333,-0.10000,-0.63333,normal
26.82000,-0.87391,1.76522,8.08261,0.61373,-0.15882,-0.61373,normal
26.84000,-3.45000,2.71000,9.59000,0.28571,0.65714,-0.51429,normal
26.86000,-3.11667,2.95444,9.79000,0.54400,-0.07467,-0.08133,normal
26.88000,-2.78333,3.19889,9.99000,0.46400,-0.18133,-0.05467,normal
26.90000,-2.45000,3.44333,10.19000,0.38400,-0.28800,-0.02800,normal
26.92000,-2.11667,3.68778,10.39000,0.30400,-0.39467,-0.00133,normal
26.94000,-1.83085,2.17234,10.13085,-0.20000,-0.29318,-0.10682,normal
26.96000,-1.72447,2.12979,10.02447,-0.20000,-0.27045,-0.12955,normal
26.98000,-1.61809,2.08723,9.91809,-0.20000,-0.24773,-0.15227,normal
27.00000,-1.51170,2.04468,9.81170,-0.20000,-0.22500,-0.17500,normal
27.02000,-1.40532,2.00213,9.70532,-0.20000,-0.20227,-0.19773,normal
27.04000,-3.88936,3.82766,9.54894,-0.32062,0.30000,0.13093,normal
27.06000,-4.03830,4.04043,9.46383,-0.36186,0.30000,0.19278,normal
27.08000,-4.18723,4.25319,9.37872,-0.40309,0.30000,0.25464,normal
27.10000,-4.33617,4.46596,9.29362,-0.44433,0.30000,0.31649,normal
27.12000,-4.48511,4.67872,9.20851,-0.48557,0.30000,0.37835,normal
27.14000,-9.60345,9.69310,17.68276,0.97755,-1.34898,2.32347,normal
27.16000,-7.94828,7.67011,15.95862,0.48776,-1.14490,2.01735,normal
27.18000,-6.29310,5.64713,14.23448,-0.00204,-0.94082,1.71122,normal
27.20000,-4.63793,3.62414,12.51034,-0.49184,-0.73673,1.40510,normal
27.22000,-2.98276,1.60115,10.78621,-0.98163,-0.53265,1.09898,normal
27.24000,-0.31205,0.73855,9.73133,0.16364,0.02727,0.70000,normal
27.26000,-0.43253,1.12410,10.04458,0.60000,0.10000,0.68378,normal
27.28000,-0.55301,1.50964,10.35783,0.60000,0.10000,0.65676,normal
27.30000,-0.67349,1.89518,10.67108,0.60000,0.10000,0.62973,normal
27.32000,-0.79398,2.28072,10.98434,0.60000,0.10000,0.60270,normal
27.34000,-1.86129,2.11290,8.76774,0.30690,-0.40690,0.50000,normal
27.36000,-1.79677,2.13441,9.04731,0.32989,-0.42989,0.50000,normal
27.38000,-1.73226,2.15591,9.32688,0.35287,-0.45287,0.50000,normal
27.40000,-1.66774,2.17742,9.60645,0.37586,-0.47586,0.50000,normal
27.42000,-1.60323,2.19892,9.88602,0.39885,-0.49885,0.50000,normal
27.44000,0.20000,2.03711,8.96186,0.23232,-1.10000,0.62424,normal
27.46000,0.20000,2.09897,9.06495,0.31313,-1.10000,0.68485,normal
27.48000,0.20000,2.16082,9.16804,0.39394,-1.10000,0.74545,normal
27.50000,0.20000,2.22268,9.27113,0.47475,-1.10000,0.80606,normal
27.52000,0.20000,2.28454,9.37423,0.55556,-1.10000,0.86667,normal
27.54000,1.90000,2.10000,8.78090,0.20392,-1.09804,1.00392,normal
27.56000,1.90000,2.10000,8.96067,0.24314,-1.07843,1.04314,normal
27.58000,1.90000,2.10000,9.14045,0.28235,-1.05882,1.08235,normal
27.60000,1.90000,2.10000,9.32022,0.32157,-1.03922,1.12157,normal
27.62000,1.90000,2.10000,9.50000,0.36078,-1.01961,1.16078,normal
27.64000,3.28780,1.80000,9.98780,0.40000,-1.00000,1.20000,normal
27.66000,3.16585,1.80000,9.86585,0.11667,-1.03333,1.75000,normal
27.68000,3.04390,1.80000,9.74390,0.13016,-0.90952,1.83016,normal
27.70000,2.92195,1.80000,9.62195,0.16190,-0.81429,1.86190,normal
27.72000,2.80000,1.80000,9.50000,0.19365,-0.71905,1.89365,normal
27.74000,2.30108,5.13978,9.79355,0.76939,0.10000,1.31837,normal
27.76000,2.66667,4.66667,9.60000,0.70816,0.10000,1.15510,normal
27.78000,3.03226,4.19355,9.40645,0.64694,0.10000,0.99184,normal
27.80000,3.39785,3.72043,9.21290,0.58571,0.10000,0.82857,normal
27.82000,3.76344,3.24731,9.01935,0.52449,0.10000,0.66531,normal
27.84000,2.55556,1.26667,8.70000,-0.12326,1.11163,0.40581,normal
27.86000,2.26667,1.00000,8.70000,-0.21628,1.15814,0.42907,normal
27.88000,1.97778,0.73333,8.70000,-0.30930,1.20465,0.45233,normal
27.90000,1.68889,0.46667,8.70000,-0.40233,1.25116,0.47558,normal
27.92000,1.40000,0.20000,8.70000,-0.49535,1.29767,0.49884,normal
27.94000,0.85161,3.41935,6.39032,-0.87455,0.04364,0.75455,normal
27.96000,1.23871,2.06452,6.06774,-1.31091,0.15273,0.39091,normal
27.98000,1.62581,0.70968,5.74516,-1.74727,0.26182,0.02727,normal
28.00000,2.01290,-0.64516,5.42258,-2.18364,0.37091,-0.33636,normal
28.02000,2.40000,-2.00000,5.10000,-2.62000,0.48000,-0.70000,normal
28.04000,1.32346,-0.80247,8.39259,-3.05636,0.58909,-1.06364,normal
28.06000,1.79259,-0.85185,8.24444,1.07429,-0.09714,-1.60571,normal
28.08000,2.26173,-0.90123,8.09630,0.81714,-0.06857,-1.66286,normal
28.10000,2.73086,-0.95062,7.94815,0.56000,-0.04000,-1.72000,normal
28.12000,3.20000,-1.00000,7.80000,0.30286,-0.01143,-1.77714,normal
28.14000,1.31304,3.11304,11.52174,-0.60964,-0.49759,-1.50000,normal
28.16000,1.33478,3.63478,11.39130,-0.70602,-0.47349,-1.50000,normal
28.18000,1.35652,4.15652,11.26087,-0.80241,-0.44940,-1.50000,normal
28.20000,1.37826,4.67826,11.13043,-0.89880,-0.42530,-1.50000,normal
28.22000,1.40000,5.20000,11.00000,-0.99518,-0.40120,-1.50000,normal
28.24000,0.71702,3.85532,11.79681,-0.58876,0.00562,-1.47753,normal
28.26000,0.58936,3.94043,11.94574,-0.54382,0.02809,-1.38764,normal
28.28000,0.46170,4.02553,12.09468,-0.49888,0.05056,-1.29775,normal
28.30000,0.33404,4.11064,12.24362,-0.45393,0.07303,-1.20787,normal
28.32000,0.20638,4.19574,12.39255,-0.40899,0.09551,-1.11798,normal
28.34000,-1.52474,2.95052,12.40206,-0.90385,0.60769,-0.60000,normal
28.36000,-1.56598,2.86804,12.07216,-0.92308,0.64615,-0.60000,normal
28.38000,-1.60722,2.78557,11.74227,-0.94231,0.68462,-0.60000,normal
28.40000,-1.64845,2.70309,11.41237,-0.96154,0.72308,-0.60000,normal
28.42000,-1.68969,2.62062,11.08247,-0.98077,0.76154,-0.60000,normal
28.44000,-1.30000,0.80000,9.20000,-1.00000,0.80000,-0.60000,normal
28.46000,-1.94000,0.46000,10.50000,-0.20000,1.00000,-0.25000,normal
28.48000,-1.86000,0.54000,10.23333,-0.06441,1.00000,-0.13559,normal
28.50000,-1.78000,0.62000,9.96667,-0.13220,1.00000,-0.06780,normal
28.52000,-1.70000,0.70000,9.70000,-0.20000,1.00000,0.00000,normal
28.54000,-0.76383,1.52553,7.06383,0.07955,0.77614,0.92386,normal
28.56000,-0.99787,1.41915,7.29787,0.30682,0.70795,0.99205,normal
28.58000,-1.23191,1.31277,7.53191,0.53409,0.63977,1.06023,normal
28.60000,-1.46596,1.20638,7.76596,0.76136,0.57159,1.12841,normal
28.62000,-1.70000,1.10000,8.00000,0.98864,0.50341,1.19659,normal
28.64000,-1.84839,1.05914,9.01828,0.88837,-1.10581,1.38837,normal
28.66000,-1.46129,1.91935,8.73871,0.84186,-1.12907,1.34186,normal
28.68000,-1.07419,2.77957,8.45914,0.79535,-1.15233,1.29535,normal
28.70000,-0.68710,3.63978,8.17957,0.74884,-1.17558,1.24884,normal
28.72000,-0.30000,4.50000,7.90000,0.70233,-1.19884,1.20233,normal
28.74000,1.10430,2.56237,12.75806,1.13514,-1.90000,1.31622,normal
28.76000,0.80323,2.19677,12.69355,0.99099,-1.90000,1.35225,normal
28.78000,0.50215,1.83118,12.62903,0.84685,-1.90000,1.38829,normal
28.80000,0.20108,1.46559,12.56452,0.70270,-1.90000,1.42432,normal
28.82000,-0.10000,1.10000,12.50000,0.55856,-1.90000,1.46036,normal
28.84000,4.45904,0.33373,12.43012,0.41441,-1.90000,1.49640,normal
28.86000,4.04940,0.67108,11.73133,0.69104,-0.98806,1.50299,normal
28.88000,3.63976,1.00843,11.03253,0.60149,-0.86866,1.53284,normal
28.90000,3.23012,1.34578,10.33373,0.51194,-0.74925,1.56269,normal
28.92000,2.82048,1.68313,9.63494,0.42239,-0.62985,1.59254,normal
28.94000,3.40000,2.40441,10.11912,0.08696,0.53913,0.90000,normal
28.96000,3.40000,2.25735,10.14853,0.05797,0.62609,0.90000,normal
28.98000,3.40000,2.11029,10.17794,0.02899,0.71304,0.90000,normal
29.00000,3.06667,1.83333,9.33333,0.00000,0.80000,0.90000,normal
29.02000,2.72500,1.38750,9.00000,-0.69725,0.97431,0.87431,normal
29.04000,2.90357,1.79821,9.14286,-0.55046,0.93761,0.83761,normal
29.06000,3.08214,2.20893,9.28571,-0.40367,0.90092,0.80092,normal
29.08000,3.26071,2.61964,9.42857,-0.25688,0.86422,0.76422,normal
29.10000,3.43929,3.03036,9.57143,-0.11009,0.82752,0.72752,normal
29.12000,2.10000,2.20000,8.45000,-0.09832,0.59496,0.69832,normal
29.14000,1.77100,1.41400,7.99500,-0.08151,0.54454,0.68151,normal
29.16000,1.95100,1.53400,8.09500,-0.06471,0.49412,0.66471,normal
29.18000,2.13100,1.65400,8.19500,-0.04790,0.44370,0.64790,normal
29.20000,2.31100,1.77400,8.29500,-0.03109,0.39328,0.63109,normal
29.22000,2.49100,1.89400,8.39500,-0.01429,0.34286,0.61429,normal
29.24000,2.20000,2.00000,10.10000,-0.08182,0.24545,0.62727,normal
29.26000,1.92500,1.89000,9.68750,0.10000,-0.20000,0.70000,normal
29.28000,2.17500,1.99000,9.56250,0.27458,-0.40000,0.47458,normal
29.30000,2.42500,2.09000,9.43750,0.24068,-0.40000,0.44068,normal
29.32000,2.67500,2.19000,9.31250,0.20678,-0.40000,0.40678,normal
29.34000,2.65618,0.85618,10.41011,0.10000,-0.18140,0.20930,normal
29.36000,2.76854,0.96854,10.23034,0.10000,-0.13488,0.23256,normal
29.38000,2.88090,1.08090,10.05056,0.10000,-0.08837,0.25581,normal
29.40000,2.99326,1.19326,9.87079,0.10000,-0.04186,0.27907,normal
29.42000,3.05000,1.50000,9.35000,0.10000,0.10000,0.30000,normal
29.44000,3.00000,1.53333,9.35000,0.20000,0.20000,0.40000,normal
29.46000,3.00000,1.57500,9.28750,0.20000,0.20000,0.40000,normal
29.48000,3.00000,1.61667,9.22500,0.20000,0.20000,0.40000,normal
29.50000,3.00000,1.65833,9.16250,0.20000,0.20000,0.40000,normal
29.52000,3.00000,1.70000,9.10000,0.20000,0.20000,0.40000,normal
29.54000,2.72766,1.92766,9.11383,0.20000,0.20000,0.40000,normal
29.56000,2.77021,1.97021,9.13511,0.39000,0.29000,0.40000,normal
29.58000,2.81277,2.01277,9.15638,0.40000,0.30000,0.40000,normal
29.60000,2.85532,2.05532,9.17766,0.40000,0.30000,0.40000,normal
29.62000,2.89787,2.09787,9.19894,0.40000,0.30000,0.40000,normal
29.64000,2.81622,2.11622,9.10541,0.10517,0.30000,0.50000,normal
29.66000,2.87027,2.17027,9.12342,0.12241,0.30000,0.50000,normal
29.68000,2.92432,2.22432,9.14144,0.13966,0.30000,0.50000,normal
29.70000,2.97838,2.27838,9.15946,0.15690,0.30000,0.50000,normal
29.72000,3.03243,2.33243,9.17748,0.17414,0.30000,0.50000,normal
29.74000,3.08649,2.38649,9.19550,0.19138,0.30000,0.50000,normal
29.76000,2.43538,2.62154,9.32000,-0.23288,0.40000,0.38904,normal
29.78000,3.11231,1.72923,8.92000,-0.39726,0.40000,0.33425,normal
29.80000,3.78923,0.83692,8.52000,-0.56164,0.40000,0.27945,normal
29.82000,4.46615,-0.05538,8.12000,-0.72603,0.40000,0.22466,normal
29.84000,1.54545,3.64091,9.37159,0.19687,0.40000,0.20000,normal
29.86000,1.72727,3.00455,9.25795,0.17604,0.40000,0.20000,normal
29.88000,1.90909,2.36818,9.14432,0.15521,0.40000,0.20000,normal
29.90000,2.09091,1.73182,9.03068,0.13437,0.40000,0.20000,normal
29.92000,2.27273,1.09545,8.91705,0.11354,0.40000,0.20000,normal
29.94000,1.30125,1.90250,10.00000,0.30000,0.62308,0.10000,normal
29.96000,1.32625,1.95250,10.00000,0.30000,0.72857,0.10000,normal
29.98000,1.35125,2.00250,10.00000,0.30000,0.78571,0.10000,normal
30.00000,1.37625,2.05250,10.00000,0.30000,0.84286,0.10000,normal
30.02000,1.20000,2.23333,10.20000,0.30000,0.90000,0.10000,normal
30.04000,0.70000,2.34421,9.32947,0.20000,1.08990,0.20000,normal
30.06000,0.70000,2.40737,9.37158,0.20000,1.06970,0.20000,normal
30.08000,0.70000,2.47053,9.41368,0.20000,1.04949,0.20000,normal
30.10000,0.70000,2.53368,9.45579,0.20000,1.02929,0.20000,normal
30.12000,0.70000,2.59684,9.49789,0.20000,1.00909,0.20000,normal
30.14000,0.69545,3.79545,9.46818,0.19649,0.60000,0.10351,normal
30.16000,0.67727,3.77727,9.34091,0.17895,0.60000,0.12105,normal
30.18000,0.65909,3.75909,9.21364,0.16140,0.60000,0.13860,normal
30.20000,0.64091,3.74091,9.08636,0.14386,0.60000,0.15614,normal
30.22000,0.62273,3.72273,8.95909,0.12632,0.60000,0.17368,normal
30.24000,0.60455,3.70455,8.83182,0.10877,0.60000,0.19123,normal
30.26000,-0.56364,3.32424,8.61212,-0.00494,0.29506,0.29506,normal
30.28000,-0.38182,3.44545,8.67273,-0.02963,0.27037,0.27037,normal
30.30000,-0.20000,3.56667,8.73333,-0.05432,0.24568,0.24568,normal
30.32000,-0.01818,3.68788,8.79394,-0.07901,0.22099,0.22099,normal
30.34000,0.50000,3.00000,8.60000,-0.20000,0.30000,0.50000,normal
30.36000,-0.81316,2.64211,9.61053,-0.30000,0.10000,0.21000,normal
30.38000,-1.05000,2.80000,9.40000,-0.40000,0.26792,0.40000,normal
30.40000,-1.28684,2.95789,9.18947,-0.40000,0.23019,0.40000,normal
30.42000,-0.05000,2.40000,8.20000,-0.40000,0.10000,0.30000,normal
30.44000,0.35152,2.44848,7.88283,-0.10000,-0.02281,0.31140,normal
30.46000,0.41212,2.38788,7.86263,-0.10000,-0.05789,0.32895,normal
30.48000,0.47273,2.32727,7.84242,-0.10000,-0.09298,0.34649,normal
30.50000,0.53333,2.26667,7.82222,-0.10000,-0.12807,0.36404,normal
30.52000,0.59394,2.20606,7.80202,-0.10000,-0.16316,0.38158,normal
30.54000,-0.32000,3.36000,9.76000,-0.10000,-0.19825,0.39912,normal
30.56000,-0.86438,1.66712,10.47123,-0.21429,-0.58571,0.30000,normal
30.58000,-0.80959,2.07808,10.58082,-0.24286,-0.55714,0.30000,normal
30.60000,-0.75479,2.48904,10.69041,-0.27143,-0.52857,0.30000,normal
30.62000,-0.70000,2.90000,10.80000,-0.30000,-0.50000,0.30000,normal
30.64000,-0.35532,1.98936,10.04043,-0.10000,0.00891,0.09109,normal
30.66000,-0.29149,2.11702,9.95532,-0.10000,0.02871,0.07129,normal
30.68000,-0.22766,2.24468,9.87021,-0.10000,0.04851,0.05149,normal
30.70000,-0.16383,2.37234,9.78511,-0.10000,0.06832,0.03168,normal
30.72000,-0.10000,2.50000,9.70000,-0.10000,0.08812,0.01188,normal
30.74000,-0.20361,2.29277,9.61446,-0.10000,0.10000,0.00000,normal
30.76000,-0.22771,2.24458,9.71084,0.00000,0.20429,0.00000,normal
30.78000,-0.25181,2.19639,9.80723,0.00000,0.23286,0.00000,normal
30.80000,-0.27590,2.14819,9.90361,0.00000,0.26143,0.00000,normal
30.82000,-0.30000,2.10000,10.00000,0.00000,0.29000,0.00000,normal
30.84000,-0.72442,2.10000,10.18372,0.10000,0.40667,-0.00667,normal
30.86000,-0.79419,2.10000,10.13721,0.10000,0.42889,-0.02889,normal
30.88000,-0.86395,2.10000,10.09070,0.10000,0.45111,-0.05111,normal
30.90000,-0.93372,2.10000,10.04419,0.10000,0.47333,-0.07333,normal
30.92000,-1.10000,2.65000,9.60000,0.10000,0.49556,-0.09556,normal
30.94000,-1.45506,2.31124,9.48876,0.30000,0.50000,-0.10000,normal
30.96000,-1.36517,2.33371,9.46629,0.30000,0.50000,-0.10000,normal
30.98000,-1.27528,2.35618,9.44382,0.30000,0.50000,-0.10000,normal
31.00000,-1.18539,2.37865,9.42135,0.30000,0.50000,-0.10000,normal
31.02000,-1.00000,2.40000,9.50000,0.30000,0.50000,-0.10000,normal
31.04000,-1.58791,2.72747,8.90000,0.11000,0.39000,-0.01000,normal
31.06000,-1.56593,2.59560,8.90000,0.13000,0.37000,-0.03000,normal
31.08000,-1.54396,2.46374,8.90000,0.15000,0.35000,-0.05000,normal
31.10000,-1.52198,2.33187,8.90000,0.17000,0.33000,-0.07000,normal
31.12000,-1.50000,2.20000,8.90000,0.19000,0.31000,-0.09000,normal
31.14000,-0.99524,2.80476,8.79524,0.25000,0.05000,-0.05000,normal
31.16000,-0.97143,2.82857,8.77143,0.18824,0.10000,0.00000,normal
31.18000,-0.94762,2.85238,8.74762,0.15882,0.10000,0.00000,normal
31.20000,-0.92381,2.87619,8.72381,0.12941,0.10000,0.00000,normal
31.22000,-0.90000,2.90000,8.70000,0.10000,0.10000,0.00000,normal
31.24000,-1.52553,2.70000,8.55957,0.00957,0.10000,0.09043,normal
31.26000,-1.41915,2.70000,8.64468,0.03085,0.10000,0.06915,normal
31.28000,-1.31277,2.70000,8.72979,0.05213,0.10000,0.04787,normal
31.30000,-1.20638,2.70000,8.81489,0.07340,0.10000,0.02660,normal
31.32000,-1.10000,2.70000,8.90000,0.09468,0.10000,0.00532,normal
31.34000,-1.51895,2.62842,9.11895,0.00947,0.10000,0.00947,normal
31.36000,-1.56105,2.69158,9.16105,0.03053,0.10000,0.03053,normal
31.38000,-1.60316,2.75474,9.20316,0.05158,0.10000,0.05158,normal
31.40000,-1.64526,2.81789,9.24526,0.07263,0.10000,0.07263,normal
31.42000,-1.68737,2.88105,9.28737,0.09368,0.10000,0.09368,normal
31.44000,-1.43030,2.73030,9.02424,0.00000,0.20000,0.00000,normal
31.46000,-1.50606,2.80606,9.08485,0.00000,0.20000,0.00000,normal
31.48000,-1.58182,2.88182,9.14545,0.00000,0.20000,0.00000,normal
31.50000,-1.65758,2.95758,9.20606,0.00000,0.20000,0.00000,normal
31.52000,-1.73333,3.03333,9.26667,0.00000,0.20000,0.00000,normal
31.54000,-1.80909,3.10909,9.32727,0.00000,0.20000,0.00000,normal
31.56000,-1.88485,3.18485,9.38788,0.00000,0.20000,0.00000,normal
31.58000,-1.65000,2.95000,9.05000,-0.04000,0.20000,0.00000,normal
31.60000,-1.88000,1.67000,9.05000,-0.10476,0.49524,0.29286,normal
31.62000,-2.41333,1.97000,8.88333,-0.20000,0.40000,0.15000,normal
31.64000,-2.94667,2.27000,8.71667,-0.29524,0.30476,0.00714,normal
31.66000,-1.67333,2.36933,9.10000,-0.08734,0.08734,-0.08734,normal
31.68000,-1.94000,2.47600,9.10000,-0.06203,0.06203,-0.06203,normal
31.70000,-2.20667,2.58267,9.10000,-0.03671,0.03671,-0.03671,normal
31.72000,-2.47333,2.68933,9.10000,-0.01139,0.01139,-0.01139,normal
31.74000,-1.80588,2.82353,9.10588,0.10000,-0.29691,0.20309,normal
31.76000,-1.82941,2.91765,9.12941,0.10000,-0.27629,0.22371,normal
31.78000,-1.85294,3.01176,9.15294,0.10000,-0.25567,0.24433,normal
31.80000,-1.87647,3.10588,9.17647,0.10000,-0.23505,0.26495,normal
31.82000,-1.90000,3.20000,9.20000,0.10000,-0.21443,0.28557,normal
31.84000,-1.60000,2.70000,9.35909,0.00000,-0.10000,-0.10000,normal
31.86000,-1.60000,2.70000,9.26818,0.00000,-0.10000,-0.07727,normal
31.88000,-1.60000,2.70000,9.17727,0.00000,-0.10000,-0.05455,normal
31.90000,-1.60000,2.70000,9.08636,0.00000,-0.10000,-0.03182,normal
31.92000,-1.58000,2.72000,9.04000,0.00000,-0.10000,-0.00909,normal
31.94000,-1.90000,2.80814,9.10814,0.10000,0.00000,0.00000,normal
31.96000,-1.90000,2.83140,9.13140,0.10000,0.00000,0.00000,normal
31.98000,-1.90000,2.85465,9.15465,0.10000,0.00000,0.00000,normal
32.00000,-1.90000,2.87791,9.17791,0.10000,0.00000,0.00000,normal
32.02000,-1.90000,2.70000,9.15000,0.10000,0.00000,0.00000,normal
32.04000,-1.55056,2.68989,8.96966,0.20000,-0.10000,0.12000,normal
32.06000,-1.66292,2.66742,8.90225,0.20000,-0.10000,0.16444,normal
32.08000,-1.77528,2.64494,8.83483,0.20000,-0.10000,0.20889,normal
32.10000,-1.88764,2.62247,8.76742,0.20000,-0.10000,0.25333,normal
32.12000,-2.00000,2.60000,8.70000,0.20000,-0.10000,0.29778,normal
32.14000,-3.48172,0.26344,9.54624,0.78384,-0.11616,0.09596,normal
32.16000,-3.76129,0.82258,9.30968,0.70303,-0.19697,0.07576,normal
32.18000,-4.04086,1.38172,9.07312,0.62222,-0.27778,0.05556,normal
32.20000,-4.32043,1.94086,8.83656,0.54141,-0.35859,0.03535,normal
32.22000,-4.60000,2.50000,8.60000,0.46061,-0.43939,0.01515,normal
32.24000,-3.47294,1.49176,8.47059,-1.30000,-0.50000,0.00000,normal
32.26000,-3.04941,1.79765,8.70588,-0.85890,-0.90000,-0.67260,normal
32.28000,-2.62588,2.10353,8.94118,-0.77671,-0.90000,-0.61781,normal
32.30000,-2.20235,2.40941,9.17647,-0.69452,-0.90000,-0.56301,normal
32.32000,-1.80000,2.75000,9.65000,-0.61233,-0.90000,-0.50822,normal
32.34000,0.20000,2.76667,8.94444,-0.09195,-0.66782,-0.42414,normal
32.36000,0.00000,3.30000,9.23333,-0.06897,-0.57586,-0.49310,normal
32.38000,-0.20000,3.83333,9.52222,-0.04598,-0.48391,-0.56207,normal
32.40000,-0.40000,4.36667,9.81111,-0.02299,-0.39195,-0.63103,normal
32.42000,-0.60000,4.90000,10.10000,-0.00000,-0.30000,-0.70000,normal
32.44000,-1.08713,1.86436,9.38713,-0.01800,0.30900,-0.50900,normal
32.46000,-1.06733,1.96337,9.36733,-0.05800,0.32900,-0.52900,normal
32.48000,-1.04752,2.06238,9.34752,-0.09800,0.34900,-0.54900,normal
32.50000,-1.02772,2.16139,9.32772,-0.13800,0.36900,-0.56900,normal
32.52000,-1.00792,2.26040,9.30792,-0.17800,0.38900,-0.58900,normal
32.54000,-1.80847,1.34237,9.42542,-0.30000,0.69701,-0.29851,normal
32.56000,-1.84237,1.51186,9.52712,-0.30000,0.63731,-0.26866,normal
32.58000,-1.87627,1.68136,9.62881,-0.30000,0.57761,-0.23881,normal
32.60000,-1.40000,0.72000,9.02000,-0.30000,0.51791,-0.20896,normal
32.62000,-1.02264,0.48302,9.57547,-0.59903,0.40000,0.30097,normal
32.64000,-1.07925,0.69057,9.76415,-0.57961,0.40000,0.32039,normal
32.66000,-1.13585,0.89811,9.95283,-0.56019,0.40000,0.33981,normal
32.68000,-1.19245,1.10566,10.14151,-0.54078,0.40000,0.35922,normal
32.70000,-1.24906,1.31321,10.33019,-0.52136,0.40000,0.37864,normal
32.72000,-1.70000,2.00000,10.30000,-0.50194,0.40000,0.39806,normal
32.74000,-2.18710,-0.02581,9.33871,-0.84563,0.45922,0.51359,normal
32.76000,-2.16559,-0.06882,9.40323,-0.76796,0.40097,0.53301,normal
32.78000,-2.14409,-0.11183,9.46774,-0.69029,0.34272,0.55243,normal
32.80000,-2.12258,-0.15484,9.53226,-0.61262,0.28447,0.57184,normal
32.82000,-2.10108,-0.19785,9.59677,-0.53495,0.22621,0.59126,normal
32.84000,-2.37701,-0.08851,9.81724,-0.50000,0.20000,0.70000,normal
32.86000,-2.28506,-0.04253,9.88621,-0.50000,0.17619,0.70000,normal
32.88000,-2.19310,0.00345,9.95517,-0.50000,0.15238,0.70000,normal
32.90000,-2.10115,0.04943,10.02414,-0.50000,0.12857,0.70000,normal
32.92000,-2.00920,0.09540,10.09310,-0.50000,0.10476,0.70000,normal
32.94000,-1.00000,0.19000,9.81000,-0.60000,-0.07273,0.80000,normal
32.96000,-1.00000,0.16778,9.83222,-0.60000,-0.01212,0.80000,normal
32.98000,-1.00000,0.14556,9.85444,-0.60000,0.04848,0.80000,normal
33.00000,-1.00000,0.12333,9.87667,-0.60000,0.10909,0.80000,normal
33.02000,-1.00000,0.10111,9.89889,-0.60000,0.16970,0.80000,normal
33.04000,-1.51935,0.08710,10.00645,-0.33000,0.23000,0.80000,normal
33.06000,-1.61613,0.02258,10.03871,-0.30000,0.22500,0.67500,normal
33.08000,-1.71290,-0.04194,10.07097,-0.30000,0.25833,0.64167,normal
33.10000,-2.20000,-0.20000,10.10000,-0.30000,0.29167,0.60833,normal
