timestamp,accel_x,accel_y,accel_z,gyro_x,gyro_y,gyro_z,label
0.00000,1.70000,0.90000,10.10000,0.10000,0.10000,0.10000,normal
0.02000,0.31546,0.80000,10.24639,-0.11368,0.11368,0.10000,normal
0.04000,0.33608,0.80000,10.30825,-0.13474,0.13474,0.10000,normal
0.06000,0.35670,0.80000,10.37010,-0.15579,0.15579,0.10000,normal
0.08000,0.37732,0.80000,10.43196,-0.17684,0.17684,0.10000,normal
0.10000,0.39794,0.80000,10.49381,-0.19789,0.19789,0.10000,normal
0.12000,0.13830,0.94894,9.80000,0.09149,-0.10000,0.00000,normal
0.14000,0.20213,0.86383,9.80000,0.07021,-0.10000,0.00000,normal
0.16000,0.26596,0.77872,9.80000,0.04894,-0.10000,0.00000,normal
0.18000,0.32979,0.69362,9.80000,0.02766,-0.10000,0.00000,normal
0.20000,0.39362,0.60851,9.80000,0.00638,-0.10000,0.00000,normal
0.22000,0.08158,0.70000,9.60614,-0.10000,0.10000,-0.10000,normal
0.24000,0.02895,0.70000,9.62368,-0.10000,0.10000,-0.10000,normal
0.26000,-0.02368,0.70000,9.64123,-0.10000,0.10000,-0.10000,normal
0.28000,-0.07632,0.70000,9.65877,-0.10000,0.10000,-0.10000,normal
0.30000,-0.12895,0.70000,9.67632,-0.10000,0.10000,-0.10000,normal
0.32000,-0.18158,0.70000,9.69386,-0.10000,0.10000,-0.10000,normal
0.34000,-0.29670,1.09670,9.48352,-0.10000,0.10000,-0.10000,normal
0.36000,-0.27473,1.07473,9.37363,-0.20506,0.20000,0.00000,normal
0.38000,-0.25275,1.05275,9.26374,-0.25570,0.20000,0.00000,normal
0.40000,-0.23077,1.03077,9.15385,-0.30633,0.20000,0.00000,normal
0.42000,-0.20879,1.00879,9.04396,-0.35696,0.20000,0.00000,normal
0.44000,-2.00000,0.30000,7.20000,-0.45455,0.22727,0.00000,normal
0.46000,-2.09195,0.23103,7.17701,-1.82308,1.20769,0.20000,normal
0.48000,-2.18391,0.16207,7.15402,-1.90000,1.23333,0.20000,normal
0.50000,-2.27586,0.09310,7.13103,-1.97692,1.25897,0.20000,normal
0.52000,-2.36782,0.02414,7.10805,-2.05385,1.28462,0.20000,normal
0.54000,-3.83371,-3.60899,5.70674,-3.79140,2.00430,0.50430,normal
0.56000,-4.17079,-3.69888,5.77416,-3.70538,2.04731,0.54731,normal
0.58000,-4.50787,-3.78876,5.84157,-3.61935,2.09032,0.59032,normal
0.60000,-4.84494,-3.87865,5.90899,-3.53333,2.13333,0.63333,normal
0.62000,-5.18202,-3.96854,5.97640,-3.44731,2.17634,0.67634,normal
0.64000,-6.58191,-4.02979,5.93723,-1.79813,2.20187,1.60561,normal
0.66000,-6.81596,-4.11489,6.04362,-1.77944,2.22056,1.66168,normal
0.68000,-7.05000,-4.20000,6.15000,-1.76075,2.23925,1.71776,normal
0.70000,-7.28404,-4.28511,6.25638,-1.74206,2.25794,1.77383,normal
0.72000,-7.51809,-4.37021,6.36277,-1.72336,2.27664,1.82991,normal
0.74000,-8.49000,-4.67000,4.74000,-1.70467,2.29533,1.88598,normal
0.76000,-9.42500,-4.47187,4.74375,-1.60000,2.10000,2.10000,normal
0.78000,-9.67500,-4.44062,4.68125,-1.72500,2.00000,2.15000,normal
0.80000,-9.92500,-4.40938,4.61875,-1.78056,2.00000,2.26111,normal
0.82000,-12.71250,-4.91250,3.06875,-2.30000,1.79492,2.70000,normal
0.84000,-12.74821,-4.94821,2.97946,-2.30000,1.76102,2.70000,normal
0.86000,-12.78393,-4.98393,2.89018,-2.30000,1.72712,2.70000,normal
0.88000,-12.81964,-5.01964,2.80089,-2.30000,1.69322,2.70000,normal
0.90000,-12.85536,-5.05536,2.71161,-2.30000,1.65932,2.70000,normal
0.92000,-12.89107,-5.09107,2.62232,-2.30000,1.62542,2.70000,normal
0.94000,-12.74462,-5.59077,2.10000,-1.75000,0.95000,2.35000,normal
0.96000,-12.65231,-5.57538,2.10000,-1.56833,0.76833,2.13667,normal
0.98000,-12.56000,-5.56000,2.10000,-1.53500,0.73500,2.07000,normal
1.00000,-12.46769,-5.54462,2.10000,-1.50167,0.70167,2.00333,normal
1.02000,-12.37538,-5.52923,2.10000,-1.46833,0.66833,1.93667,normal
1.04000,-12.28308,-5.51385,2.10000,-1.43500,0.63500,1.87000,normal
1.06000,-11.60000,-5.40000,2.30000,-1.40167,0.60167,1.80333,normal
1.08000,-10.10877,-4.32281,2.05439,-1.20000,0.20000,0.10000,normal
1.10000,-9.96842,-4.35789,1.98421,-1.16970,0.16970,0.00909,normal
1.12000,-9.82807,-4.39298,1.91404,-1.13939,0.13939,-0.08182,normal
1.14000,-9.06875,-4.15625,1.60000,-1.10909,0.10909,-0.17273,normal
1.16000,-8.80000,-3.88919,1.60000,-0.82727,-0.07273,-0.40000,normal
1.18000,-8.80000,-3.86216,1.60000,-0.67460,-0.10000,-0.50000,normal
1.20000,-8.80000,-3.83514,1.60000,-0.64286,-0.10000,-0.50000,normal
1.22000,-8.80000,-3.80811,1.60000,-0.61111,-0.10000,-0.50000,normal
1.24000,-9.01474,-3.79263,1.40000,-0.19223,0.00000,-0.30000,normal
1.26000,-9.05684,-3.77158,1.40000,-0.17282,0.00000,-0.30000,normal
1.28000,-9.09895,-3.75053,1.40000,-0.15340,0.00000,-0.30000,normal
1.30000,-9.14105,-3.72947,1.40000,-0.13398,0.00000,-0.30000,normal
1.32000,-9.18316,-3.70842,1.40000,-0.11456,0.00000,-0.30000,normal
1.34000,-9.33333,-4.10000,1.93333,0.60000,0.10000,-0.20000,normal
1.36000,-9.48837,-4.05581,2.00000,1.27640,0.10000,-0.10000,normal
1.38000,-9.58140,-4.00930,2.00000,1.36629,0.10000,-0.10000,normal
1.40000,-9.67442,-3.96279,2.00000,1.45618,0.10000,-0.10000,normal
1.42000,-9.76744,-3.91628,2.00000,1.54607,0.10000,-0.10000,normal
1.44000,-11.22022,-1.49326,1.90449,0.39208,-0.50000,-0.50198,normal
1.46000,-11.42247,-1.42584,1.94944,0.23366,-0.50000,-0.54158,normal
1.48000,-11.62472,-1.35843,1.99438,0.07525,-0.50000,-0.58119,normal
1.50000,-11.82697,-1.29101,2.03933,-0.08317,-0.50000,-0.62079,normal
1.52000,-12.02921,-1.22360,2.08427,-0.24158,-0.50000,-0.66040,normal
1.54000,-13.48571,-2.24286,1.17143,-0.40000,-0.50000,-0.70000,normal
1.56000,-12.73000,-2.53500,0.98250,-1.47917,-0.80000,-1.00000,normal
1.58000,-12.63000,-2.58500,0.95750,-1.39583,-0.80000,-1.00000,normal
1.60000,-12.53000,-2.63500,0.93250,-1.31250,-0.80000,-1.00000,normal
1.62000,-12.43000,-2.68500,0.90750,-1.22917,-0.80000,-1.00000,normal
1.64000,-9.96989,-2.39247,1.02258,-0.39355,-0.80000,-0.89785,normal
1.66000,-9.88387,-2.37097,1.08710,-0.32903,-0.80000,-0.87634,normal
1.68000,-9.79785,-2.34946,1.15161,-0.26452,-0.80000,-0.85484,normal
1.70000,-9.71183,-2.32796,1.21613,-0.20000,-0.80000,-0.83333,normal
1.72000,-9.62581,-2.30645,1.28065,-0.13548,-0.80000,-0.81183,normal
1.74000,-8.69531,-1.70000,1.42344,-0.15000,-0.70000,-0.35000,normal
1.76000,-8.66406,-1.70000,1.57969,-0.23115,-0.66885,-0.23770,normal
1.78000,-8.63281,-1.70000,1.73594,-0.26393,-0.63607,-0.17213,normal
1.80000,-8.60156,-1.70000,1.89219,-0.29672,-0.60328,-0.10656,normal
1.82000,-8.08966,-1.63103,1.72069,-0.60000,-0.60000,0.30588,normal
1.84000,-8.07241,-1.68276,1.75517,-0.60000,-0.60000,0.32269,normal
1.86000,-8.05517,-1.73448,1.78966,-0.60000,-0.60000,0.33950,normal
1.88000,-8.03793,-1.78621,1.82414,-0.60000,-0.60000,0.35630,normal
1.90000,-8.02069,-1.83793,1.85862,-0.60000,-0.60000,0.37311,normal
1.92000,-8.00345,-1.88966,1.89310,-0.60000,-0.60000,0.38992,normal
1.94000,-7.49633,-2.19817,1.70367,-0.64444,-0.64444,0.40000,normal
1.96000,-7.45963,-2.17982,1.74037,-0.70000,-0.70000,0.40825,normal
1.98000,-7.42294,-2.16147,1.77706,-0.70000,-0.70000,0.42887,normal
2.00000,-7.38624,-2.14312,1.81376,-0.70000,-0.70000,0.44948,normal
2.02000,-7.34954,-2.12477,1.85046,-0.70000,-0.70000,0.47010,normal
2.04000,-7.31284,-2.10642,1.88716,-0.70000,-0.70000,0.49072,normal
2.06000,-7.10641,-2.31923,2.17436,-0.40000,-0.60000,0.70000,normal
2.08000,-7.13205,-2.39615,2.07179,-0.22394,-0.25211,0.92394,normal
2.10000,-7.15769,-2.47308,1.96923,-0.25211,-0.19577,0.95211,normal
2.12000,-7.18333,-2.55000,1.86667,-0.28028,-0.13944,0.98028,normal
2.14000,-7.50000,-2.80000,2.20000,-0.30000,0.60000,1.40000,normal
2.16000,-7.56977,-2.84651,2.20000,-0.32105,0.64211,1.42105,normal
2.18000,-7.63953,-2.89302,2.20000,-0.34211,0.68421,1.44211,normal
2.20000,-7.70930,-2.93953,2.20000,-0.36316,0.72632,1.46316,normal
2.22000,-7.77907,-2.98605,2.20000,-0.38421,0.76842,1.48421,normal
2.24000,-9.13763,-3.60753,2.43011,-0.40000,0.87143,1.42857,normal
2.26000,-9.24516,-3.62903,2.51613,0.03133,1.00000,1.30000,normal
2.28000,-9.35269,-3.65054,2.60215,0.07952,1.00000,1.30000,normal
2.30000,-9.46022,-3.67204,2.68817,0.12771,1.00000,1.30000,normal
2.32000,-9.56774,-3.69355,2.77419,0.17590,1.00000,1.30000,normal
2.34000,-11.21333,-3.50889,3.19556,0.30000,0.90000,1.20000,normal
2.36000,-11.28000,-3.55333,3.17333,-0.01765,0.68235,0.66471,normal
2.38000,-11.34667,-3.59778,3.15111,-0.04118,0.65882,0.61765,normal
2.40000,-11.41333,-3.64222,3.12889,-0.06471,0.63529,0.57059,normal
2.42000,-11.48000,-3.68667,3.10667,-0.08824,0.61176,0.52353,normal
2.44000,-12.10000,-4.10000,2.29385,-0.20000,0.50000,0.10000,normal
2.46000,-12.10000,-4.10000,2.26308,0.15484,0.37258,-0.22742,normal
2.48000,-12.10000,-4.10000,2.23231,0.21935,0.34032,-0.25968,normal
2.50000,-12.10000,-4.10000,2.20154,0.28387,0.30806,-0.29194,normal
2.52000,-11.15798,-3.28319,2.07479,1.09304,-0.10696,-0.90696,normal
2.54000,-11.07395,-3.24958,2.02437,1.07565,-0.12435,-0.92435,normal
2.56000,-10.98992,-3.21597,1.97395,1.05826,-0.14174,-0.94174,normal
2.58000,-10.90588,-3.18235,1.92353,1.04087,-0.15913,-0.95913,normal
2.60000,-10.82185,-3.14874,1.87311,1.02348,-0.17652,-0.97652,normal
2.62000,-10.73782,-3.11513,1.82269,1.00609,-0.19391,-0.99391,normal
2.64000,-10.80729,-3.10000,1.40000,0.90708,-0.40000,-1.50000,normal
2.66000,-10.82812,-3.10000,1.40000,0.92478,-0.40000,-1.50000,normal
2.68000,-10.84896,-3.10000,1.40000,0.94248,-0.40000,-1.50000,normal
2.70000,-10.86979,-3.10000,1.40000,0.96018,-0.40000,-1.50000,normal
2.72000,-10.89062,-3.10000,1.40000,0.97788,-0.40000,-1.50000,normal
2.74000,-10.90000,-2.70000,1.10000,0.99558,-0.40000,-1.50000,normal
2.76000,-9.65263,-2.37632,0.98816,0.70000,-0.60000,-1.35000,normal
2.78000,-9.54737,-2.32368,0.96184,0.57432,-0.62568,-1.30000,normal
2.80000,-9.44211,-2.27105,0.93553,0.54730,-0.65270,-1.30000,normal
2.82000,-9.33684,-2.21842,0.90921,0.52027,-0.67973,-1.30000,normal
2.84000,-6.39540,-2.60920,0.50000,0.30000,-0.70000,-1.30000,normal
2.86000,-6.34943,-2.70115,0.50000,-0.30000,-0.48214,-1.16429,normal
2.88000,-6.30345,-2.79310,0.50000,-0.30000,-0.45833,-1.11667,normal
2.90000,-6.25747,-2.88506,0.50000,-0.30000,-0.43452,-1.06905,normal
2.92000,-6.21149,-2.97701,0.50000,-0.30000,-0.41071,-1.02143,normal
2.94000,-6.70490,-3.40000,0.60000,0.90364,0.00364,-0.40000,normal
2.96000,-6.72451,-3.40000,0.60000,0.92182,0.02182,-0.40000,normal
2.98000,-6.74412,-3.40000,0.60000,0.94000,0.04000,-0.40000,normal
3.00000,-6.76373,-3.40000,0.60000,0.95818,0.05818,-0.40000,normal
3.02000,-6.78333,-3.40000,0.60000,0.97636,0.07636,-0.40000,normal
3.04000,-7.35000,-3.25000,0.70000,0.99455,0.09455,-0.40000,normal
3.06000,-8.00988,-3.10000,1.10988,0.76000,0.34000,-0.06000,normal
3.08000,-8.03457,-3.10000,1.13457,0.67910,0.40000,0.04179,normal
3.10000,-8.05926,-3.10000,1.15926,0.64925,0.40000,0.10149,normal
3.12000,-8.08395,-3.10000,1.18395,0.61940,0.40000,0.16119,normal
3.14000,-9.90645,-3.00000,1.60000,0.41667,0.58333,0.46667,normal
3.16000,-10.03548,-3.00000,1.60000,0.04839,0.62581,0.82581,normal
3.18000,-10.16452,-3.00000,1.60000,-0.01613,0.65806,0.85806,normal
3.20000,-10.29355,-3.00000,1.60000,-0.08065,0.69032,0.89032,normal
3.22000,-13.80000,-2.70714,1.68571,-0.51273,0.79364,1.50636,normal
3.24000,-13.80000,-2.72500,1.65000,-0.54909,0.77545,1.52455,normal
3.26000,-13.80000,-2.74286,1.61429,-0.58545,0.75727,1.54273,normal
3.28000,-13.80000,-2.76071,1.57857,-0.62182,0.73909,1.56091,normal
3.30000,-13.80000,-2.77857,1.54286,-0.65818,0.72091,1.57909,normal
3.32000,-13.80000,-2.79643,1.50714,-0.69455,0.70273,1.59727,normal
3.34000,-11.08365,-2.80000,2.86827,-0.71197,0.58803,1.58803,normal
3.36000,-10.87212,-2.80000,2.81058,-0.72906,0.57094,1.57094,normal
3.38000,-10.66058,-2.80000,2.75288,-0.74615,0.55385,1.55385,normal
3.40000,-10.44904,-2.80000,2.69519,-0.76325,0.53675,1.53675,normal
3.42000,-10.23750,-2.80000,2.63750,-0.78034,0.51966,1.51966,normal
3.44000,-9.92222,-3.13333,2.77778,-0.79744,0.50256,1.50256,normal
3.46000,-9.58571,-2.68571,2.45714,-0.54444,-0.01111,0.84444,normal
3.48000,-9.55974,-2.65974,2.37922,-0.64375,-0.32187,0.67813,normal
3.50000,-9.53377,-2.63377,2.30130,-0.70625,-0.35313,0.64687,normal
3.52000,-9.50779,-2.60779,2.22338,-0.76875,-0.38438,0.61562,normal
3.54000,-8.18125,-2.82500,2.20000,-1.60000,-0.60000,0.10000,normal
3.56000,-8.08750,-2.95000,2.20000,-1.66984,-0.60000,-0.16032,normal
3.58000,-7.99375,-3.07500,2.20000,-1.63810,-0.60000,-0.22381,normal
3.60000,-7.90000,-3.20000,2.20000,-1.60635,-0.60000,-0.28730,normal
3.62000,-7.23361,-3.10000,1.29160,-1.09076,-0.69076,-0.60000,normal
3.64000,-7.30084,-3.10000,1.27479,-1.07395,-0.67395,-0.60000,normal
3.66000,-7.36807,-3.10000,1.25798,-1.05714,-0.65714,-0.60000,normal
3.68000,-7.43529,-3.10000,1.24118,-1.04034,-0.64034,-0.60000,normal
3.70000,-7.50252,-3.10000,1.22437,-1.02353,-0.62353,-0.60000,normal
3.72000,-7.56975,-3.10000,1.20756,-1.00672,-0.60672,-0.60000,normal
3.74000,-7.40000,-3.48065,1.40645,-0.17742,-0.29435,-0.60000,normal
3.76000,-7.40000,-3.41613,1.42796,-0.11290,-0.27823,-0.60000,normal
3.78000,-7.40000,-3.35161,1.44946,-0.04839,-0.26210,-0.60000,normal
3.80000,-7.40000,-3.28710,1.47097,0.01613,-0.24597,-0.60000,normal
3.82000,-7.40000,-3.22258,1.49247,0.08065,-0.22984,-0.60000,normal
3.84000,-7.47143,-2.80000,1.60000,0.14516,-0.21371,-0.60000,normal
3.86000,-7.77273,-2.80000,1.94545,0.27500,-0.12500,-0.56250,normal
3.88000,-7.82698,-2.74603,2.05397,1.20400,0.40200,-0.29800,normal
3.90000,-7.85873,-2.68254,2.11746,1.28400,0.44200,-0.25800,normal
3.92000,-7.89048,-2.61905,2.18095,1.36400,0.48200,-0.21800,normal
3.94000,-8.51667,-1.71111,2.70000,1.45000,0.50000,0.00000,normal
3.96000,-8.58333,-1.75556,2.70000,1.13864,0.52045,0.10000,normal
3.98000,-8.65000,-1.80000,2.70000,1.07045,0.54318,0.10000,normal
4.00000,-8.71667,-1.84444,2.70000,1.00227,0.56591,0.10000,normal
4.02000,-8.78333,-1.88889,2.70000,0.93409,0.58864,0.10000,normal
4.04000,-10.15079,-2.49365,2.27460,0.50000,0.70000,0.20000,normal
4.06000,-10.40476,-2.46190,2.14762,0.63220,0.73220,0.23220,normal
4.08000,-10.65873,-2.43016,2.02063,0.66610,0.76610,0.26610,normal
4.10000,-11.60000,-2.30000,1.60000,0.70000,0.80000,0.30000,normal
4.12000,-13.13636,-2.45455,1.50000,0.50000,1.00000,0.71327,normal
4.14000,-13.39899,-2.51515,1.50000,0.50000,1.00000,0.73097,normal
4.16000,-13.66162,-2.57576,1.50000,0.50000,1.00000,0.74867,normal
4.18000,-13.92424,-2.63636,1.50000,0.50000,1.00000,0.76637,normal
4.20000,-14.18687,-2.69697,1.50000,0.50000,1.00000,0.78407,normal
4.22000,-13.28889,-3.67778,1.77778,0.60000,0.80000,0.90000,normal
4.24000,-11.34675,-3.47532,1.69610,0.99701,0.09701,0.38806,normal
4.26000,-10.90519,-3.31948,1.56623,0.96716,0.06716,0.26866,normal
4.28000,-10.46364,-3.16364,1.43636,0.93731,0.03731,0.14925,normal
4.30000,-10.02208,-3.00779,1.30649,0.90746,0.00746,0.02985,normal
4.32000,-10.78617,-2.50000,0.28617,-0.02903,-0.60968,-1.01935,normal
4.34000,-10.76489,-2.50000,0.26489,-0.09355,-0.63118,-1.06237,normal
4.36000,-10.74362,-2.50000,0.24362,-0.15806,-0.65269,-1.10538,normal
4.38000,-10.72234,-2.50000,0.22234,-0.22258,-0.67419,-1.14839,normal
4.40000,-10.70106,-2.50000,0.20106,-0.28710,-0.69570,-1.19140,normal
4.42000,-8.97802,-3.11099,-0.21099,-0.48105,-0.59053,-1.60000,normal
4.44000,-8.93407,-3.13297,-0.23297,-0.43895,-0.56947,-1.60000,normal
4.46000,-8.89011,-3.15495,-0.25495,-0.39684,-0.54842,-1.60000,normal
4.48000,-8.84615,-3.17692,-0.27692,-0.35474,-0.52737,-1.60000,normal
4.50000,-8.80220,-3.19890,-0.29890,-0.31263,-0.50632,-1.60000,normal
4.52000,-7.69091,-2.68182,-0.49091,0.50000,-0.30000,-1.39245,normal
4.54000,-7.66818,-2.63636,-0.46818,0.50000,-0.30000,-1.37358,normal
4.56000,-7.64545,-2.59091,-0.44545,0.50000,-0.30000,-1.35472,normal
4.58000,-7.62273,-2.54545,-0.42273,0.50000,-0.30000,-1.33585,normal
4.60000,-7.60000,-2.50000,-0.40000,0.50000,-0.30000,-1.31698,normal
4.62000,-7.30000,-2.49474,-0.40000,0.40000,-0.30000,-1.20000,normal
4.64000,-7.27895,-2.74211,-0.47895,0.30000,-0.09620,-0.79620,normal
4.66000,-7.25263,-2.79474,-0.45263,0.30000,-0.07089,-0.77089,normal
4.68000,-7.22632,-2.84737,-0.42632,0.30000,-0.04557,-0.74557,normal
4.70000,-7.20000,-2.90000,-0.40000,0.30000,-0.02025,-0.72025,normal
4.72000,-7.50090,-3.20090,-0.19910,0.40000,0.20000,-0.30000,normal
4.74000,-7.51892,-3.21892,-0.18108,0.51574,0.41574,0.13148,normal
4.76000,-7.53694,-3.23694,-0.16306,0.53426,0.43426,0.16852,normal
4.78000,-7.55495,-3.25495,-0.14505,0.55278,0.45278,0.20556,normal
4.80000,-7.57297,-3.27297,-0.12703,0.57130,0.47130,0.24259,normal
4.82000,-7.59099,-3.29099,-0.10901,0.58981,0.48981,0.27963,normal
4.84000,-8.30978,-3.70000,0.70978,1.00000,0.70000,0.80000,normal
4.86000,-8.37500,-3.70000,0.77500,1.11011,0.70000,1.01011,normal
4.88000,-8.44022,-3.70000,0.84022,1.12135,0.70000,1.02135,normal
4.90000,-8.50543,-3.70000,0.90543,1.13258,0.70000,1.03258,normal
4.92000,-8.57065,-3.70000,0.97065,1.14382,0.70000,1.04382,normal
4.94000,-9.90000,-2.75000,1.75000,1.15506,0.70000,1.05506,normal
4.96000,-10.41923,-2.74385,1.85846,1.16629,0.70000,1.06629,normal
4.98000,-10.65000,-2.79000,1.92000,1.17753,0.70000,1.07753,normal
5.00000,-10.88077,-2.83615,1.98154,1.18876,0.70000,1.08876,normal
5.02000,-11.11154,-2.88231,2.04308,1.20000,0.70000,1.10000,normal
5.04000,-11.34231,-2.92846,2.10462,0.65116,0.81628,1.31628,normal
5.06000,-11.57308,-2.97462,2.16615,0.51163,0.86279,1.36279,normal
5.08000,-12.50000,-3.76667,3.13333,-0.05000,0.50000,1.60000,normal
5.10000,-11.09231,-3.80000,3.73462,-0.10000,0.23704,1.33704,normal
5.12000,-10.86154,-3.80000,3.77308,-0.10000,0.16296,1.26296,normal
5.14000,-7.80000,-3.40000,2.40000,-0.20000,-0.30000,0.50000,normal
5.16000,-7.84337,-3.15904,1.87952,-0.18000,-0.40000,-0.14000,normal
5.18000,-8.01205,-3.11084,1.85542,-0.15647,-0.40000,-0.18706,normal
5.20000,-8.18072,-3.06265,1.83133,-0.13294,-0.40000,-0.23412,normal
5.22000,-8.34940,-3.01446,1.80723,-0.10941,-0.40000,-0.28118,normal
5.24000,-11.03226,-3.30753,2.08495,-0.29495,-0.60000,-0.60505,normal
5.26000,-10.83871,-3.32903,2.04194,-0.27475,-0.60000,-0.62525,normal
5.28000,-10.64516,-3.35054,1.99892,-0.25455,-0.60000,-0.64545,normal
5.30000,-10.45161,-3.37204,1.95591,-0.23434,-0.60000,-0.66566,normal
5.32000,-10.25806,-3.39355,1.91290,-0.21414,-0.60000,-0.68586,normal
5.34000,-8.50000,-3.30000,1.10000,0.52222,-0.30000,-1.01111,normal
5.36000,-8.60000,-3.23333,1.06667,0.74068,-0.30000,-1.10000,normal
5.38000,-8.70000,-3.16667,1.03333,0.80847,-0.30000,-1.10000,normal
5.40000,-8.80000,-3.10000,1.00000,0.87627,-0.30000,-1.10000,normal
5.42000,-8.49455,-2.31091,0.91091,0.79310,-0.09310,-1.10000,normal
5.44000,-8.47636,-2.34727,0.94727,0.77586,-0.07586,-1.10000,normal
5.46000,-8.45818,-2.38364,0.98364,0.75862,-0.05862,-1.10000,normal
5.48000,-8.44000,-2.42000,1.02000,0.74138,-0.04138,-1.10000,normal
5.50000,-8.42182,-2.45636,1.05636,0.72414,-0.02414,-1.10000,normal
5.52000,-8.40364,-2.49273,1.09273,0.70690,-0.00690,-1.10000,normal
5.54000,-7.80638,-2.80000,0.80000,0.80816,0.30816,-0.68367,normal
5.56000,-7.82766,-2.80000,0.80000,0.82857,0.32857,-0.64286,normal
5.58000,-7.84894,-2.80000,0.80000,0.84898,0.34898,-0.60204,normal
5.60000,-7.87021,-2.80000,0.80000,0.86939,0.36939,-0.56122,normal
5.62000,-7.89149,-2.80000,0.80000,0.88980,0.38980,-0.52041,normal
5.64000,-8.40000,-3.10606,1.80606,1.36667,0.80000,0.06667,normal
5.66000,-8.40000,-3.13636,1.83636,1.42432,0.82432,0.12432,normal
5.68000,-8.40000,-3.16667,1.86667,1.45135,0.85135,0.15135,normal
5.70000,-8.40000,-3.19697,1.89697,1.47838,0.87838,0.17838,normal
5.72000,-9.30000,-2.60000,2.00000,1.70000,0.90000,0.30000,normal
5.74000,-9.96364,-2.50000,2.04675,1.61739,0.90000,0.30000,normal
5.76000,-10.14545,-2.50000,2.09870,1.54182,0.90000,0.30000,normal
5.78000,-10.32727,-2.50000,2.15065,1.46909,0.90000,0.30000,normal
5.80000,-10.68000,-2.56000,2.26000,1.25000,0.90000,0.30000,normal
5.82000,-12.53125,-3.21563,2.50000,0.66893,0.78447,0.28447,normal
5.84000,-12.57292,-3.23646,2.50000,0.63010,0.76505,0.26505,normal
5.86000,-12.61458,-3.25729,2.50000,0.59126,0.74563,0.24563,normal
5.88000,-12.65625,-3.27813,2.50000,0.55243,0.72621,0.22621,normal
5.90000,-12.69792,-3.29896,2.50000,0.51359,0.70680,0.20680,normal
5.92000,-11.69076,-4.67815,2.50168,0.70789,0.29737,-0.10263,normal
5.94000,-11.52269,-4.64454,2.35042,0.76053,0.27982,-0.12018,normal
5.96000,-11.35462,-4.61092,2.19916,0.81316,0.26228,-0.13772,normal
5.98000,-11.18655,-4.57731,2.04790,0.86579,0.24474,-0.15526,normal
6.00000,-11.01849,-4.54370,1.89664,0.91842,0.22719,-0.17281,normal
6.02000,-10.85042,-4.51008,1.74538,0.97105,0.20965,-0.19035,normal
6.04000,-10.11731,-3.41731,1.89423,0.80000,-0.10164,-0.70000,normal
6.06000,-10.23269,-3.53269,1.85577,0.80000,-0.11803,-0.70000,normal
6.08000,-10.34808,-3.64808,1.81731,0.80000,-0.13443,-0.70000,normal
6.10000,-10.46346,-3.76346,1.77885,0.80000,-0.15082,-0.70000,normal
6.12000,-10.57885,-3.87885,1.74038,0.80000,-0.16721,-0.70000,normal
6.14000,-10.69423,-3.99423,1.70192,0.80000,-0.18361,-0.70000,normal
6.16000,-9.25000,-3.25000,0.60000,0.80000,-0.20000,-0.70000,normal
6.18000,-9.01857,-3.14571,0.57286,0.39833,-0.50000,-1.10167,normal
6.20000,-8.93286,-3.08857,0.54429,0.36500,-0.50000,-1.13500,normal
6.22000,-8.84714,-3.03143,0.51571,0.33167,-0.50000,-1.16833,normal
6.24000,-7.75000,-2.60000,0.33750,0.25000,-0.50000,-1.20000,normal
6.26000,-7.26250,-2.83750,0.31875,-0.20000,-0.28182,-1.28182,normal
6.28000,-7.21250,-2.88750,0.34375,-0.20000,-0.25584,-1.25584,normal
6.30000,-7.16250,-2.93750,0.36875,-0.20000,-0.22987,-1.22987,normal
6.32000,-7.11250,-2.98750,0.39375,-0.20000,-0.20390,-1.20390,normal
6.34000,-6.97895,-3.18947,0.20000,0.20849,0.10849,-0.48302,normal
6.36000,-6.93684,-3.16842,0.20000,0.22736,0.12736,-0.44528,normal
6.38000,-6.89474,-3.14737,0.20000,0.24623,0.14623,-0.40755,normal
6.40000,-6.85263,-3.12632,0.20000,0.26509,0.16509,-0.36981,normal
6.42000,-6.81053,-3.10526,0.20000,0.28396,0.18396,-0.33208,normal
6.44000,-7.40000,-3.30000,0.50000,0.40000,0.30000,0.10000,normal
6.46000,-7.47059,-3.32353,0.47647,0.40000,0.50000,0.33265,normal
6.48000,-7.54118,-3.34706,0.45294,0.40000,0.50000,0.37347,normal
6.50000,-7.61176,-3.37059,0.42941,0.40000,0.50000,0.41429,normal
6.52000,-7.68235,-3.39412,0.40588,0.40000,0.50000,0.45510,normal
6.54000,-8.03000,-3.30000,0.69000,0.40000,0.50000,0.49592,normal
6.56000,-8.46207,-3.52069,1.02069,0.32857,0.77143,0.87143,normal
6.58000,-8.56552,-3.55517,1.05517,0.30000,0.80000,0.94000,normal
6.60000,-8.66897,-3.58966,1.08966,0.30000,0.80000,0.98444,normal
6.62000,-11.07000,-3.79364,1.50636,0.60000,0.90000,1.50256,normal
6.64000,-11.27000,-3.77545,1.52455,0.60000,0.90000,1.51966,normal
6.66000,-11.47000,-3.75727,1.54273,0.60000,0.90000,1.53675,normal
6.68000,-11.67000,-3.73909,1.56091,0.60000,0.90000,1.55385,normal
6.70000,-11.87000,-3.72091,1.57909,0.60000,0.90000,1.57094,normal
6.72000,-12.07000,-3.70273,1.59727,0.60000,0.90000,1.58803,normal
6.74000,-13.50000,-3.40000,1.90000,0.29857,0.70000,1.59857,normal
6.76000,-13.76230,-3.40000,1.99836,0.27000,0.70000,1.57000,normal
6.78000,-14.02459,-3.40000,2.09672,0.24143,0.70000,1.54143,normal
6.80000,-14.28689,-3.40000,2.19508,0.21286,0.70000,1.51286,normal
6.82000,-9.60000,-2.68235,2.60588,-0.10891,-0.20297,0.49109,normal
6.84000,-9.60000,-2.61176,2.62941,-0.16832,-0.22277,0.43168,normal
6.86000,-9.60000,-2.54118,2.65294,-0.22772,-0.24257,0.37228,normal
6.88000,-9.60000,-2.47059,2.67647,-0.28713,-0.26238,0.31287,normal
6.90000,-9.60000,-2.40000,2.70000,-0.34653,-0.28218,0.25347,normal
6.92000,-10.50000,-2.60000,2.20000,-0.60000,-0.30000,-0.20000,normal
6.94000,-10.31414,-2.58283,2.06566,-1.00476,-0.70476,-0.70476,normal
6.96000,-10.21313,-2.56263,2.02525,-1.05238,-0.75238,-0.75238,normal
6.98000,-10.11212,-2.54242,1.98485,-1.10000,-0.80000,-0.80000,normal
7.00000,-10.01111,-2.52222,1.94444,-1.14762,-0.84762,-0.84762,normal
7.02000,-9.91010,-2.50202,1.90404,-1.19524,-0.89524,-0.89524,normal
7.04000,-8.75000,-2.61667,1.53333,-1.59315,-1.00000,-1.40685,normal
7.06000,-8.66667,-2.64444,1.58889,-1.56575,-1.00000,-1.43425,normal
7.08000,-8.58333,-2.67222,1.64444,-1.53836,-1.00000,-1.46164,normal
7.10000,-8.50000,-2.70000,1.70000,-1.51096,-1.00000,-1.48904,normal
7.12000,-6.78737,-2.59368,1.10000,-0.78947,-0.70000,-1.19474,normal
7.14000,-6.74526,-2.57263,1.10000,-0.74737,-0.70000,-1.17368,normal
7.16000,-6.70316,-2.55158,1.10000,-0.70526,-0.70000,-1.15263,normal
7.18000,-6.66105,-2.53053,1.10000,-0.66316,-0.70000,-1.13158,normal
7.20000,-6.61895,-2.50947,1.10000,-0.62105,-0.70000,-1.11053,normal
7.22000,-6.50476,-2.30000,1.50000,-0.40000,-0.30000,-0.49368,normal
7.24000,-6.52857,-2.30000,1.50000,-0.40000,-0.30000,-0.45158,normal
7.26000,-6.55238,-2.30000,1.50000,-0.40000,-0.30000,-0.40947,normal
7.28000,-6.57619,-2.30000,1.50000,-0.40000,-0.30000,-0.36737,normal
7.30000,-6.60000,-2.30000,1.50000,-0.40000,-0.30000,-0.32526,normal
7.32000,-8.11412,-2.97882,1.82824,-0.35833,-0.15833,0.02500,normal
7.34000,-8.16118,-2.90824,1.92235,-0.39677,0.10000,0.60323,normal
7.36000,-8.20824,-2.83765,2.01647,-0.33226,0.10000,0.66774,normal
7.38000,-8.25529,-2.76706,2.11059,-0.26774,0.10000,0.73226,normal
7.40000,-8.40000,-2.75000,2.15000,-0.20323,0.10000,0.79677,normal
7.42000,-8.84898,-2.71633,1.91633,0.10562,0.50000,1.40562,normal
7.44000,-8.91020,-2.73673,1.93673,0.12809,0.50000,1.42809,normal
7.46000,-8.97143,-2.75714,1.95714,0.15056,0.50000,1.45056,normal
7.48000,-9.03265,-2.77755,1.97755,0.17303,0.50000,1.47303,normal
7.50000,-9.09388,-2.79796,1.99796,0.19551,0.50000,1.49551,normal
7.52000,-10.65806,-2.61935,1.77097,-0.21720,0.60000,1.60000,normal
7.54000,-10.78710,-2.66237,1.70645,-0.26022,0.60000,1.60000,normal
7.56000,-10.91613,-2.70538,1.64194,-0.30323,0.60000,1.60000,normal
7.58000,-11.04516,-2.74839,1.57742,-0.34624,0.60000,1.60000,normal
7.60000,-11.17419,-2.79140,1.51290,-0.38925,0.60000,1.60000,normal
7.62000,-13.90000,-4.77079,2.02022,-0.06296,0.79259,1.70000,normal
7.64000,-13.90000,-4.92809,2.06517,0.02963,0.77407,1.70000,normal
7.66000,-13.90000,-5.08539,2.11011,0.12222,0.75556,1.70000,normal
7.68000,-13.90000,-5.24270,2.15506,0.21481,0.73704,1.70000,normal
7.70000,-13.90000,-5.40000,2.20000,0.30741,0.71852,1.70000,normal
7.72000,-12.00000,-5.26000,2.28000,0.40000,0.70000,1.70000,normal
7.74000,-10.32828,-4.35758,2.30000,1.30000,0.28723,0.27447,normal
7.76000,-10.36869,-4.29697,2.30000,1.30000,0.24468,0.18936,normal
7.78000,-10.40909,-4.23636,2.30000,1.30000,0.20213,0.10426,normal
7.80000,-10.44949,-4.17576,2.30000,1.30000,0.15957,0.01915,normal
7.82000,-10.48990,-4.11515,2.30000,1.30000,0.11702,-0.06596,normal
7.84000,-9.98495,-3.20000,1.32258,0.92000,-0.46000,-1.14000,normal
7.86000,-9.94194,-3.20000,1.38710,0.75955,-0.62022,-1.44045,normal
7.88000,-9.89892,-3.20000,1.45161,0.71461,-0.64270,-1.48539,normal
7.90000,-9.85591,-3.20000,1.51613,0.66966,-0.66517,-1.53034,normal
7.92000,-9.81290,-3.20000,1.58065,0.62472,-0.68764,-1.57528,normal
7.94000,-9.18095,-3.19048,0.69048,0.48293,-0.71707,-1.81707,normal
7.96000,-9.08571,-3.14286,0.64286,0.43415,-0.76585,-1.86585,normal
7.98000,-8.99048,-3.09524,0.59524,0.30000,-0.80000,-2.14444,normal
8.00000,-8.89524,-3.04762,0.54762,0.20000,-0.80000,-2.30000,normal
8.02000,-8.80000,-3.00000,0.50000,0.20000,-0.80000,-2.30000,normal
8.04000,-8.60000,-3.19167,0.30833,0.22857,-0.70000,-2.24286,normal
8.06000,-8.53049,-3.15366,0.27683,0.30000,-0.69367,-1.98734,normal
8.08000,-8.45732,-3.10488,0.25244,0.30000,-0.66835,-1.93671,normal
8.10000,-8.38415,-3.05610,0.22805,0.30000,-0.64304,-1.88608,normal
8.12000,-8.31098,-3.00732,0.20366,0.30000,-0.61772,-1.83544,normal
8.14000,-8.58864,-2.49318,0.49773,-0.20625,-0.59792,-1.39583,normal
8.16000,-8.47500,-2.42500,0.47500,-0.26875,-0.57708,-1.35417,normal
8.18000,-8.36136,-2.35682,0.45227,-0.33125,-0.55625,-1.31250,normal
8.20000,-8.24773,-2.28864,0.42955,-0.39375,-0.53542,-1.27083,normal
8.22000,-8.13409,-2.22045,0.40682,-0.45625,-0.51458,-1.22917,normal
8.24000,-7.30000,-3.60000,0.30000,-0.65000,-0.25000,-0.80000,normal
8.26000,-7.40169,-3.56610,0.36780,0.15185,0.15185,-0.19630,normal
8.28000,-7.50339,-3.53220,0.43559,0.22593,0.22593,-0.04815,normal
8.30000,-7.80000,-3.50000,0.55000,0.30000,0.30000,0.10000,normal
8.32000,-9.70769,-3.30000,1.13590,0.50000,0.71527,1.52290,normal
8.34000,-9.86154,-3.30000,1.18718,0.50000,0.74580,1.56870,normal
8.36000,-10.01538,-3.30000,1.23846,0.50000,0.77634,1.61450,normal
8.38000,-10.16923,-3.30000,1.28974,0.50000,0.80687,1.66031,normal
8.40000,-10.32308,-3.30000,1.34103,0.50000,0.83740,1.70611,normal
8.42000,-10.47692,-3.30000,1.39231,0.50000,0.86794,1.75191,normal
8.44000,-13.00000,-2.80000,1.03333,0.50000,0.89847,1.79771,normal
8.46000,-12.96835,-2.86582,1.13165,-0.07229,1.00000,2.55422,normal
8.48000,-12.76582,-2.96709,1.33418,-0.16867,1.00000,2.62651,normal
8.50000,-12.56329,-3.06835,1.53671,-0.26506,1.00000,2.69880,normal
8.52000,-12.36076,-3.16962,1.73924,-0.36145,1.00000,2.77108,normal
8.54000,-12.32985,-4.57015,3.56269,0.60000,0.90000,3.10000,normal
8.56000,-12.44925,-4.45075,3.41343,0.72308,0.83846,3.03846,normal
8.58000,-12.56866,-4.33134,3.26418,0.84615,0.77692,2.97692,normal
8.60000,-12.68806,-4.21194,3.11493,0.96923,0.71538,2.91538,normal
8.62000,-9.17931,-3.04138,2.43103,-0.70723,-0.40241,0.28554,normal
8.64000,-9.13333,-3.13333,2.50000,-0.77952,-0.42651,0.14096,normal
8.66000,-9.08736,-3.22529,2.56897,-0.85181,-0.45060,-0.00361,normal
8.68000,-9.04138,-3.31724,2.63793,-0.92410,-0.47470,-0.14819,normal
8.70000,-8.90000,-3.60000,2.60000,-0.99639,-0.49880,-0.29277,normal
8.72000,-8.21753,-3.75258,1.56495,-1.30000,-0.60000,-1.02807,normal
8.74000,-8.23814,-3.81443,1.52371,-1.30000,-0.60000,-1.06316,normal
8.76000,-8.25876,-3.87629,1.48247,-1.30000,-0.60000,-1.09825,normal
8.78000,-8.27938,-3.93814,1.44124,-1.30000,-0.60000,-1.13333,normal
8.80000,-8.30000,-4.00000,1.40000,-1.30000,-0.60000,-1.16842,normal
8.82000,-8.16364,-3.50909,1.30000,-1.20000,-0.60000,-1.40000,normal
8.84000,-8.21600,-3.36800,1.30000,-0.38478,-0.50000,-1.60000,normal
8.86000,-8.23600,-3.32800,1.30000,-0.34130,-0.50000,-1.60000,normal
8.88000,-8.25600,-3.28800,1.30000,-0.29783,-0.50000,-1.60000,normal
8.90000,-8.27600,-3.24800,1.30000,-0.25435,-0.50000,-1.60000,normal
8.92000,-8.29600,-3.20800,1.30000,-0.21087,-0.50000,-1.60000,normal
8.94000,-9.10000,-2.89053,1.09053,0.10316,-0.20000,-1.50000,normal
8.96000,-9.10000,-2.86947,1.06947,0.12421,-0.20000,-1.50000,normal
8.98000,-9.10000,-2.84842,1.04842,0.14526,-0.20000,-1.50000,normal
9.00000,-9.10000,-2.82737,1.02737,0.16632,-0.20000,-1.50000,normal
9.02000,-9.10000,-2.80632,1.00632,0.18737,-0.20000,-1.50000,normal
9.04000,-8.20000,-2.83956,0.91319,0.60000,0.30000,-1.10000,normal
9.06000,-8.20000,-2.97143,0.95714,0.64348,0.32174,-1.07826,normal
9.08000,-8.20000,-3.10330,1.00110,0.68696,0.34348,-1.05652,normal
9.10000,-8.20000,-3.23516,1.04505,0.73043,0.36522,-1.03478,normal
9.12000,-8.20000,-3.36703,1.08901,0.77391,0.38696,-1.01304,normal
9.14000,-7.39767,-3.50000,1.41163,1.80367,0.90367,-0.49817,normal
9.16000,-7.37442,-3.50000,1.52791,1.84037,0.94037,-0.47982,normal
9.18000,-7.35116,-3.50000,1.64419,1.87706,0.97706,-0.46147,normal
9.20000,-7.32791,-3.50000,1.76047,1.91376,1.01376,-0.44312,normal
9.22000,-7.30465,-3.50000,1.87674,1.95046,1.05046,-0.42477,normal
9.24000,-7.11176,-3.21765,1.99412,1.98716,1.08716,-0.40642,normal
9.26000,-7.80909,-3.23117,2.50000,2.10000,1.10000,-0.21538,normal
9.28000,-7.99091,-3.28312,2.50000,1.65775,1.30000,0.36338,normal
9.30000,-8.17273,-3.33506,2.50000,1.60141,1.30000,0.44789,normal
9.32000,-8.35455,-3.38701,2.50000,1.54507,1.30000,0.53239,normal
9.34000,-12.15902,-4.70656,2.00984,1.36667,1.30000,0.80000,normal
9.36000,-12.74918,-4.77213,2.10820,1.21961,1.51961,1.71961,normal
9.38000,-13.33934,-4.83770,2.20656,1.25882,1.55882,1.75882,normal
9.40000,-15.10000,-5.30000,2.50000,1.29804,1.59804,1.79804,normal
9.42000,-12.57982,-5.22661,2.64128,2.41165,0.88835,1.47670,normal
9.44000,-12.30459,-5.13486,2.56789,2.45049,0.84951,1.39903,normal
9.46000,-12.02936,-5.04312,2.49450,2.48932,0.81068,1.32136,normal
9.48000,-11.75413,-4.95138,2.42110,2.52816,0.77184,1.24369,normal
9.50000,-11.47890,-4.85963,2.34771,2.56699,0.73301,1.16602,normal
9.52000,-10.80000,-4.10000,2.20000,2.60000,0.30000,0.40000,normal
9.54000,-11.23544,-2.39241,1.41392,1.86452,-0.33871,-0.23871,normal
9.56000,-11.15949,-2.26582,1.31266,1.71398,-0.38172,-0.28172,normal
9.58000,-11.08354,-2.13924,1.21139,1.56344,-0.42473,-0.32473,normal
9.60000,-11.00759,-2.01266,1.11013,1.41290,-0.46774,-0.36774,normal
9.62000,-9.90000,-2.40000,0.95000,0.46000,-0.88000,-0.68000,normal
9.64000,-9.77738,-2.85833,1.00000,-0.92658,-1.10000,-1.10886,normal
9.66000,-9.75357,-3.02500,1.00000,-1.00253,-1.10000,-1.13418,normal
9.68000,-9.72976,-3.19167,1.00000,-1.07848,-1.10000,-1.15949,normal
9.70000,-9.70595,-3.35833,1.00000,-1.15443,-1.10000,-1.18481,normal
9.72000,-8.20000,-3.69643,-0.70714,-0.60000,-0.90000,-1.40000,normal
9.74000,-8.20000,-3.67262,-0.75476,-0.13250,-0.67750,-1.42250,normal
9.76000,-8.20000,-3.64881,-0.80238,-0.05750,-0.65250,-1.44750,normal
9.78000,-8.20000,-3.62500,-0.85000,0.01750,-0.62750,-1.47250,normal
9.80000,-8.20000,-3.60119,-0.89762,0.09250,-0.60250,-1.49750,normal
9.82000,-8.18667,-3.08667,-0.68667,0.90000,-0.29765,-1.39765,normal
9.84000,-8.16444,-3.06444,-0.66444,0.90000,-0.27412,-1.37412,normal
9.86000,-8.14222,-3.04222,-0.64222,0.90000,-0.25059,-1.35059,normal
9.88000,-8.12000,-3.02000,-0.62000,0.90000,-0.22706,-1.32706,normal
9.90000,-8.10000,-3.00000,-0.60000,0.90000,-0.20353,-1.30353,normal
9.92000,-7.57582,-3.02418,-0.58791,0.69271,0.11458,-0.99271,normal
9.94000,-7.53187,-3.06813,-0.56593,0.67188,0.15625,-0.97188,normal
9.96000,-7.48791,-3.11209,-0.54396,0.65104,0.19792,-0.95104,normal
9.98000,-7.44396,-3.15604,-0.52198,0.63021,0.23958,-0.93021,normal
10.00000,-7.40000,-3.20000,-0.50000,0.60938,0.28125,-0.90938,normal
10.02000,-7.51136,-3.60000,0.20379,0.70000,0.50000,-0.60000,normal
10.04000,-7.55682,-3.60000,0.21894,1.01301,0.80650,-0.19350,normal
10.06000,-7.60227,-3.60000,0.23409,1.04553,0.82276,-0.17724,normal
10.08000,-7.64773,-3.60000,0.24924,1.07805,0.83902,-0.16098,normal
10.10000,-7.69318,-3.60000,0.26439,1.11057,0.85528,-0.14472,normal
10.12000,-7.73864,-3.60000,0.27955,1.14309,0.87154,-0.12846,normal
10.14000,-7.78409,-3.60000,0.29470,1.17561,0.88780,-0.11220,normal
10.16000,-8.01408,-3.59296,1.62817,1.60000,1.10000,0.10000,normal
10.18000,-8.07042,-3.56479,1.74085,1.55833,1.12083,0.30000,normal
10.20000,-8.12676,-3.53662,1.85352,1.50278,1.14861,0.30000,normal
10.22000,-8.18310,-3.50845,1.96620,1.44722,1.17639,0.30000,normal
10.24000,-9.42857,-3.44286,2.60000,1.20000,1.20000,0.50000,normal
10.26000,-9.71930,-3.34035,2.60000,0.76119,1.00000,0.61940,normal
10.28000,-9.85965,-3.27018,2.60000,0.70149,1.00000,0.64925,normal
10.30000,-10.00000,-3.20000,2.60000,0.64179,1.00000,0.67910,normal
10.32000,-12.81364,-2.91364,2.38636,-0.03333,0.78889,0.71111,normal
10.34000,-12.85909,-2.95909,2.34091,-0.33200,0.68400,0.80000,normal
10.36000,-12.90455,-3.00455,2.29545,-0.38533,0.65733,0.80000,normal
10.38000,-12.95000,-3.05000,2.25000,-0.43867,0.63067,0.80000,normal
10.40000,-12.99545,-3.09545,2.20455,-0.49200,0.60400,0.80000,normal
10.42000,-14.05088,-3.70000,2.20000,-0.47886,0.47886,1.00000,normal
10.44000,-13.75263,-3.70000,2.20000,-0.44634,0.44634,1.00000,normal
10.46000,-13.45439,-3.70000,2.20000,-0.41382,0.41382,1.00000,normal
10.48000,-13.15614,-3.70000,2.20000,-0.38130,0.38130,1.00000,normal
10.50000,-12.85789,-3.70000,2.20000,-0.34878,0.34878,1.00000,normal
10.52000,-12.55965,-3.70000,2.20000,-0.31626,0.31626,1.00000,normal
10.54000,-8.71778,-3.29111,2.48667,0.00211,-0.10105,0.39789,normal
10.56000,-8.80667,-3.24667,2.42000,0.04421,-0.12211,0.35579,normal
10.58000,-8.89556,-3.20222,2.35333,0.08632,-0.14316,0.31368,normal
10.60000,-8.98444,-3.15778,2.28667,0.12842,-0.16421,0.27158,normal
10.62000,-9.07333,-3.11333,2.22000,0.17053,-0.18526,0.22947,normal
10.64000,-9.65000,-2.15000,1.25000,-0.05000,-0.80000,-0.25000,normal
10.66000,-9.55476,-2.07738,1.22262,-0.53673,-1.00000,-0.53673,normal
10.68000,-9.50714,-2.05357,1.24643,-0.57755,-1.00000,-0.57755,normal
10.70000,-9.45952,-2.02976,1.27024,-0.61837,-1.00000,-0.61837,normal
10.72000,-9.41190,-2.00595,1.29405,-0.65918,-1.00000,-0.65918,normal
10.74000,-9.40000,-1.60000,1.50000,-0.70000,-1.00000,-0.70000,normal
10.76000,-9.26517,-1.66742,1.29775,-1.04615,-1.10000,-1.24615,normal
10.78000,-9.13034,-1.73483,1.09551,-1.11970,-1.13939,-1.30000,normal
10.80000,-8.99551,-1.80225,0.89326,-1.15000,-1.20000,-1.30000,normal
10.82000,-8.86067,-1.86966,0.69101,-1.18030,-1.26061,-1.30000,normal
10.84000,-6.70235,-2.20353,2.00000,-1.58000,-1.34000,-0.92000,normal
10.86000,-6.74941,-2.27412,2.00000,-1.56047,-1.04070,-0.88023,normal
10.88000,-6.79647,-2.34471,2.00000,-1.51395,-0.97093,-0.85698,normal
10.90000,-6.84353,-2.41529,2.00000,-1.46744,-0.90116,-0.83372,normal
10.92000,-6.89059,-2.48588,2.00000,-1.42093,-0.83140,-0.81047,normal
10.94000,-7.00000,-2.40000,1.39219,0.00455,0.10455,0.00455,normal
10.96000,-7.00000,-2.40000,1.36094,0.03485,0.13485,0.03485,normal
10.98000,-7.00000,-2.40000,1.32969,0.06515,0.16515,0.06515,normal
11.00000,-7.00000,-2.42000,1.30000,0.09545,0.19545,0.09545,normal
11.02000,-8.22419,-3.52419,1.70000,0.50547,0.60000,0.81094,normal
11.04000,-8.27258,-3.57258,1.70000,0.52109,0.60000,0.84219,normal
11.06000,-8.32097,-3.62097,1.70000,0.53672,0.60000,0.87344,normal
11.08000,-8.36935,-3.66935,1.70000,0.55234,0.60000,0.90469,normal
11.10000,-8.41774,-3.71774,1.70000,0.56797,0.60000,0.93594,normal
11.12000,-8.46613,-3.76613,1.70000,0.58359,0.60000,0.96719,normal
11.14000,-8.40000,-3.76000,2.32000,0.59922,0.60000,0.99844,normal
11.16000,-8.45316,-3.70000,2.53544,0.79103,0.70897,1.00000,normal
11.18000,-8.52911,-3.70000,2.58608,0.76538,0.73462,1.00000,normal
11.20000,-8.60506,-3.70000,2.63671,0.73974,0.76026,1.00000,normal
11.22000,-8.68101,-3.70000,2.68734,0.71410,0.78590,1.00000,normal
11.24000,-10.49655,-3.90000,2.49310,0.29884,0.80000,1.00000,normal
11.26000,-10.47356,-3.90000,2.44713,0.27558,0.80000,1.00000,normal
11.28000,-10.45057,-3.90000,2.40115,0.25233,0.80000,1.00000,normal
11.30000,-10.42759,-3.90000,2.35517,0.22907,0.80000,1.00000,normal
11.32000,-10.40460,-3.90000,2.30920,0.20581,0.80000,1.00000,normal
11.34000,-13.56056,-4.81268,2.11268,0.52051,0.58974,1.07949,normal
11.36000,-13.25070,-4.84085,2.14085,0.57179,0.56410,1.02821,normal
11.38000,-12.94085,-4.86901,2.16901,0.62308,0.53846,0.97692,normal
11.40000,-12.63099,-4.89718,2.19718,0.67436,0.51282,0.92564,normal
11.42000,-11.35765,-4.20000,2.18353,1.40444,0.29111,-0.41333,normal
11.44000,-11.52235,-4.20000,2.13647,1.42667,0.24667,-0.48000,normal
11.46000,-11.68706,-4.20000,2.08941,1.44889,0.20222,-0.54667,normal
11.48000,-11.85176,-4.20000,2.04235,1.47111,0.15778,-0.61333,normal
11.50000,-12.10000,-3.50000,1.80000,1.49333,0.11333,-0.68000,normal
11.52000,-10.16559,-2.80000,1.60860,1.24444,-0.43333,-1.15556,normal
11.54000,-10.07957,-2.80000,1.63011,1.11529,-0.52118,-1.26353,normal
11.56000,-9.99355,-2.80000,1.65161,1.02118,-0.54471,-1.33412,normal
11.58000,-9.90753,-2.80000,1.67312,0.92706,-0.56824,-1.40471,normal
11.60000,-9.82151,-2.80000,1.69462,0.83294,-0.59176,-1.47529,normal
11.62000,-8.57558,-2.90814,0.77558,0.19634,-0.80000,-2.10366,normal
11.64000,-8.50581,-2.93140,0.70581,0.17195,-0.80000,-2.12805,normal
11.66000,-8.43605,-2.95465,0.63605,0.14756,-0.80000,-2.15244,normal
11.68000,-8.36628,-2.97791,0.56628,0.12317,-0.80000,-2.17683,normal
11.70000,-8.10000,-3.30000,0.40000,0.10000,-0.80000,-2.20000,normal
11.72000,-7.46250,-3.20000,0.28750,0.31167,-0.60000,-1.97667,normal
11.74000,-7.41250,-3.20000,0.27083,0.32833,-0.60000,-1.94333,normal
11.76000,-7.36250,-3.20000,0.25417,0.34500,-0.60000,-1.91000,normal
11.78000,-7.31250,-3.20000,0.23750,0.36167,-0.60000,-1.87667,normal
11.80000,-7.26250,-3.20000,0.22083,0.37833,-0.60000,-1.84333,normal
11.82000,-7.21250,-3.20000,0.20417,0.39500,-0.60000,-1.81000,normal
11.84000,-7.10947,-3.60947,0.19053,0.50000,-0.19712,-0.89423,normal
11.86000,-7.13053,-3.63053,0.16947,0.50000,-0.17788,-0.85577,normal
11.88000,-7.15158,-3.65158,0.14842,0.50000,-0.15865,-0.81731,normal
11.90000,-7.17263,-3.67263,0.12737,0.50000,-0.13942,-0.77885,normal
11.92000,-7.19368,-3.69368,0.10632,0.50000,-0.12019,-0.74038,normal
11.94000,-7.40000,-3.84286,0.34286,0.50000,-0.10096,-0.70192,normal
11.96000,-7.81818,-4.01688,0.83377,0.50000,0.40100,0.20200,normal
11.98000,-8.00000,-4.04286,0.88571,0.50000,0.42100,0.24200,normal
12.00000,-8.18182,-4.06883,0.93766,0.50000,0.44100,0.28200,normal
12.02000,-8.36364,-4.09481,0.98961,0.50000,0.46100,0.32200,normal
12.04000,-9.54000,-4.24000,1.12000,0.50000,0.48100,0.36200,normal
12.06000,-9.88286,-4.29714,1.29143,0.60000,0.60000,0.70000,normal
12.08000,-11.28219,-3.61781,1.40000,0.42405,0.80000,1.41899,normal
12.10000,-11.39178,-3.50822,1.40000,0.32278,0.80000,1.44430,normal
12.12000,-11.50137,-3.39863,1.40000,0.22152,0.80000,1.46962,normal
12.14000,-11.80000,-3.40000,1.80000,0.12025,0.80000,1.49494,normal
12.16000,-10.70000,-3.17917,3.07917,-0.31774,0.88226,1.60000,normal
12.18000,-10.70000,-3.13750,3.03750,-0.35000,0.85000,1.60000,normal
12.20000,-11.10000,-3.10000,2.90000,-0.38226,0.81774,1.60000,normal
12.22000,-10.54454,-2.38151,3.08151,-0.60357,0.09643,0.99821,normal
12.24000,-10.44370,-2.34790,3.04790,-0.63929,0.06071,0.98036,normal
12.26000,-10.34286,-2.31429,3.01429,-0.67500,0.02500,0.96250,normal
12.28000,-10.24202,-2.28067,2.98067,-0.71071,-0.01071,0.94464,normal
12.30000,-10.14118,-2.24706,2.94706,-0.74643,-0.04643,0.92679,normal
12.32000,-10.04034,-2.21345,2.91345,-0.78214,-0.08214,0.90893,normal
12.34000,-8.27778,-2.81667,2.79444,-1.00000,-0.20000,0.70000,normal
12.36000,-8.18889,-2.88333,2.77222,-1.73678,-0.61839,0.28161,normal
12.38000,-8.10000,-2.95000,2.75000,-1.78276,-0.64138,0.25862,normal
12.40000,-8.01111,-3.01667,2.72778,-1.82874,-0.66437,0.23563,normal
12.42000,-7.92222,-3.08333,2.70556,-1.87471,-0.68736,0.21264,normal
12.44000,-7.30000,-3.99310,1.88966,-1.70000,-0.70000,0.00000,normal
12.46000,-7.30000,-3.94713,1.82069,-1.33494,-0.60000,0.00000,normal
12.48000,-7.30000,-3.90115,1.75172,-1.26265,-0.60000,0.00000,normal
12.50000,-7.30000,-3.85517,1.68276,-1.19036,-0.60000,0.00000,normal
12.52000,-7.30000,-3.80920,1.61379,-1.11807,-0.60000,0.00000,normal
12.54000,-7.69043,-3.70000,1.49043,-0.80000,-0.40000,-0.10000,normal
12.56000,-7.66915,-3.70000,1.46915,-0.80000,-0.40000,-0.10000,normal
12.58000,-7.64787,-3.70000,1.44787,-0.80000,-0.40000,-0.10000,normal
12.60000,-7.62660,-3.70000,1.42660,-0.80000,-0.40000,-0.10000,normal
12.62000,-7.60532,-3.70000,1.40532,-0.80000,-0.40000,-0.10000,normal
12.64000,-7.60000,-4.10000,1.47273,-0.80000,-0.35000,-0.10000,normal
12.66000,-7.62000,-4.12000,1.44000,-0.47067,-0.08533,0.00000,normal
12.68000,-7.64500,-4.14500,1.49000,-0.41733,-0.05867,0.00000,normal
12.70000,-7.67000,-4.17000,1.54000,-0.36400,-0.03200,0.00000,normal
12.72000,-7.69500,-4.19500,1.59000,-0.31067,-0.00533,0.00000,normal
12.74000,-9.04301,-4.41075,2.01075,0.10000,0.30575,0.20000,normal
12.76000,-9.12903,-4.43226,2.03226,0.10000,0.32874,0.20000,normal
12.78000,-9.21505,-4.45376,2.05376,0.10000,0.35172,0.20000,normal
12.80000,-9.30108,-4.47527,2.07527,0.10000,0.37471,0.20000,normal
12.82000,-9.38710,-4.49677,2.09677,0.10000,0.39770,0.20000,normal
12.84000,-10.41831,-4.93380,2.00000,0.62121,0.61061,0.21061,normal
12.86000,-10.61549,-4.99014,2.00000,0.68182,0.64091,0.24091,normal
12.88000,-10.81268,-5.04648,2.00000,0.74242,0.67121,0.27121,normal
12.90000,-12.10000,-5.20000,2.00000,0.90000,0.75000,0.35000,normal
12.92000,-11.67255,-4.98039,2.10000,1.09000,0.50000,0.28500,normal
12.94000,-11.50261,-4.95425,2.10000,1.06778,0.50000,0.25167,normal
12.96000,-11.33268,-4.92810,2.10000,1.04556,0.50000,0.21833,normal
12.98000,-11.16275,-4.90196,2.10000,1.02333,0.50000,0.18500,normal
13.00000,-10.99281,-4.87582,2.10000,1.00111,0.50000,0.15167,normal
13.02000,-10.82288,-4.84967,2.10000,0.97889,0.50000,0.11833,normal
13.04000,-10.65294,-4.82353,2.10000,0.95667,0.50000,0.08500,normal
13.06000,-9.70000,-5.20000,2.10000,0.93444,0.50000,0.05167,normal
13.08000,-10.31724,-5.08276,1.82184,0.91222,0.50000,0.01833,normal
13.10000,-10.45517,-4.94483,1.72989,1.40714,0.27857,-0.81429,normal
13.12000,-10.59310,-4.80690,1.63793,1.44286,0.17143,-0.88571,normal
13.14000,-10.73103,-4.66897,1.54598,1.47857,0.06429,-0.95714,normal
13.16000,-9.09733,-3.90267,0.69467,1.17143,-0.14286,-1.14286,normal
13.18000,-9.07067,-3.92933,0.64133,0.61094,-0.30000,-1.30000,normal
13.20000,-9.04400,-3.95600,0.58800,0.64219,-0.30000,-1.30000,normal
13.22000,-9.01733,-3.98267,0.53467,0.67344,-0.30000,-1.30000,normal
13.24000,-8.51667,-4.00000,0.31667,1.00000,-0.30000,-1.30000,normal
13.26000,-8.38070,-3.80000,0.27018,0.90000,-0.30000,-1.30000,normal
13.28000,-8.24035,-3.80000,0.23509,0.90000,-0.30000,-1.30000,normal
13.30000,-8.10000,-3.80000,0.20000,0.90000,-0.30000,-1.30000,normal
13.32000,-7.27805,-4.20732,0.10000,0.70000,0.00000,-1.09565,normal
13.34000,-7.20488,-4.23171,0.10000,0.70000,0.00000,-1.07391,normal
13.36000,-7.13171,-4.25610,0.10000,0.70000,0.00000,-1.05217,normal
13.38000,-7.05854,-4.28049,0.10000,0.70000,0.00000,-1.03043,normal
13.40000,-6.70000,-4.50000,0.40000,0.70000,0.00000,-1.00870,normal
13.42000,-6.70000,-4.82727,0.50909,0.50000,0.20989,-0.79011,normal
13.44000,-6.70000,-4.89545,0.53182,0.50000,0.23187,-0.76813,normal
13.46000,-6.70000,-4.96364,0.55455,0.50000,0.25385,-0.74615,normal
13.48000,-6.70000,-5.03182,0.57727,0.50000,0.27582,-0.72418,normal
13.50000,-6.70000,-5.10000,0.60000,0.50000,0.29780,-0.70220,normal
13.52000,-6.80000,-5.70000,1.51333,0.70000,0.60000,-0.40000,normal
13.54000,-6.80000,-5.70000,1.53556,0.70000,0.60000,-0.40000,normal
13.56000,-6.80000,-5.70000,1.55778,0.70000,0.60000,-0.40000,normal
13.58000,-6.80000,-5.70000,1.58000,0.70000,0.60000,-0.40000,normal
13.60000,-6.90000,-5.90000,1.60000,0.70000,0.60000,-0.40000,normal
13.62000,-7.31034,-6.81034,2.52069,0.40968,0.80000,-0.20000,normal
13.64000,-7.33333,-6.83333,2.56667,0.43118,0.80000,-0.20000,normal
13.66000,-7.35632,-6.85632,2.61264,0.45269,0.80000,-0.20000,normal
13.68000,-7.37931,-6.87931,2.65862,0.47419,0.80000,-0.20000,normal
13.70000,-7.50000,-7.10000,2.80000,0.49570,0.80000,-0.20000,normal
13.72000,-7.52105,-7.62105,2.98947,0.60000,0.80000,-0.10000,normal
13.74000,-7.56316,-7.66316,2.96842,0.60000,0.80000,-0.10000,normal
13.76000,-7.60526,-7.70526,2.94737,0.60000,0.80000,-0.10000,normal
13.78000,-7.64737,-7.74737,2.92632,0.60000,0.80000,-0.10000,normal
13.80000,-7.68947,-7.78947,2.90526,0.60000,0.80000,-0.10000,normal
13.82000,-9.10000,-8.20000,2.90000,0.80000,0.94286,-0.05714,normal
13.84000,-9.12532,-8.25063,2.92532,0.90000,1.10597,0.11194,normal
13.86000,-9.15063,-8.30127,2.95063,0.90000,1.13582,0.17164,normal
13.88000,-9.17595,-8.35190,2.97595,0.90000,1.16567,0.23134,normal
13.90000,-9.05000,-8.35000,2.85000,0.90000,1.19552,0.29104,normal
13.92000,-7.70000,-7.27462,2.08308,1.51085,1.30000,-0.01085,normal
13.94000,-7.70000,-7.22846,2.05231,1.54186,1.30000,-0.04186,normal
13.96000,-7.70000,-7.18231,2.02154,1.57287,1.30000,-0.07287,normal
13.98000,-7.70000,-7.13615,1.99077,1.60388,1.30000,-0.10388,normal
14.00000,-7.70000,-7.09000,1.96000,1.63488,1.30000,-0.13488,normal
14.02000,-7.70000,-7.04385,1.92923,1.66589,1.30000,-0.16589,normal
14.04000,-7.70000,-6.80000,1.80000,1.69690,1.30000,-0.19690,normal
14.06000,-7.78554,-5.52771,1.91446,2.50909,1.19091,-0.50000,normal
14.08000,-7.76145,-5.40723,1.93855,2.53182,1.16818,-0.50000,normal
14.10000,-7.73735,-5.28675,1.96265,2.55455,1.14545,-0.50000,normal
14.12000,-7.71325,-5.16627,1.98675,2.57727,1.12273,-0.50000,normal
14.14000,-7.45000,-4.20000,1.55000,2.60000,1.10000,-0.50000,normal
14.16000,-7.16364,-4.28182,1.38182,1.38675,0.18675,-0.30000,normal
14.18000,-7.11169,-4.25584,1.35584,1.36265,0.16265,-0.30000,normal
14.20000,-7.05974,-4.22987,1.32987,1.33855,0.13855,-0.30000,normal
14.22000,-7.00779,-4.20390,1.30390,1.31446,0.11446,-0.30000,normal
14.24000,-6.90000,-4.80471,1.50235,0.96000,0.00000,-0.30000,normal
14.26000,-6.90000,-4.85176,1.52588,0.81818,0.11818,-0.30000,normal
14.28000,-6.90000,-4.89882,1.54941,0.84416,0.14416,-0.30000,normal
14.30000,-6.90000,-4.94588,1.57294,0.87013,0.17013,-0.30000,normal
14.32000,-6.90000,-4.99294,1.59647,0.89610,0.19610,-0.30000,normal
14.34000,-6.80000,-4.82222,2.02222,0.89565,0.40000,-0.30000,normal
14.36000,-6.80000,-4.86263,2.06263,0.87391,0.40000,-0.30000,normal
14.38000,-6.80000,-4.90303,2.10303,0.85217,0.40000,-0.30000,normal
14.40000,-6.80000,-4.94343,2.14343,0.83043,0.40000,-0.30000,normal
14.42000,-6.80000,-4.98384,2.18384,0.80870,0.40000,-0.30000,normal
14.44000,-7.10000,-5.61348,2.60674,1.00000,0.70612,-0.30612,normal
14.46000,-7.10000,-5.65843,2.62921,1.00000,0.72653,-0.32653,normal
14.48000,-7.10000,-5.70337,2.65169,1.00000,0.74694,-0.34694,normal
14.50000,-7.10000,-5.74831,2.67416,1.00000,0.76735,-0.36735,normal
14.52000,-7.10000,-5.79326,2.69663,1.00000,0.78776,-0.38776,normal
14.54000,-7.00484,-6.29516,3.00000,1.10233,0.90000,-0.70233,normal
14.56000,-7.03710,-6.26290,3.00000,1.12558,0.90000,-0.72558,normal
14.58000,-7.06935,-6.23065,3.00000,1.14884,0.90000,-0.74884,normal
14.60000,-7.10000,-6.20370,3.00741,1.17209,0.90000,-0.77209,normal
14.62000,-7.10000,-6.27778,3.15556,1.19535,0.90000,-0.79535,normal
14.64000,-6.57033,-5.90989,3.07033,1.14286,0.90000,-0.80000,normal
14.66000,-6.50440,-5.93187,3.00440,0.88313,0.90000,-1.00000,normal
14.68000,-6.43846,-5.95385,2.93846,0.85904,0.90000,-1.00000,normal
14.70000,-6.37253,-5.97582,2.87253,0.83494,0.90000,-1.00000,normal
14.72000,-6.30659,-5.99780,2.80659,0.81084,0.90000,-1.00000,normal
14.74000,-6.41319,-6.83297,2.59341,1.20510,1.20510,-1.10510,normal
14.76000,-6.45714,-6.94286,2.57143,1.22551,1.22551,-1.12551,normal
14.78000,-6.50110,-7.05275,2.54945,1.24592,1.24592,-1.14592,normal
14.80000,-6.54505,-7.16264,2.52747,1.26633,1.26633,-1.16633,normal
14.82000,-6.58901,-7.27253,2.50549,1.28673,1.28673,-1.18673,normal
14.84000,-9.40353,-9.49412,2.90353,2.20000,1.50000,-1.30000,normal
14.86000,-9.47412,-9.37647,2.97412,3.30000,1.35161,-1.54839,normal
14.88000,-9.54471,-9.25882,3.04471,3.30000,1.28710,-1.61290,normal
14.90000,-9.61529,-9.14118,3.11529,3.30000,1.22258,-1.67742,normal
14.92000,-9.68588,-9.02353,3.18588,3.30000,1.15806,-1.74194,normal
14.94000,-6.65165,-6.53077,2.90879,2.55000,0.85000,-2.25000,normal
14.96000,-6.40989,-6.68462,2.95275,1.71818,0.61818,-2.68182,normal
14.98000,-6.16813,-6.83846,2.99670,1.74091,0.64091,-2.65909,normal
15.00000,-5.92637,-6.99231,3.04066,1.76364,0.66364,-2.63636,normal
15.02000,-5.68462,-7.14615,3.08462,1.78636,0.68636,-2.61364,normal
15.04000,-3.19080,-6.51609,4.81609,2.39615,0.40192,-2.30000,normal
15.06000,-3.09885,-6.67701,4.97701,2.35769,0.42115,-2.30000,normal
15.08000,-3.00690,-6.83793,5.13793,2.31923,0.44038,-2.30000,normal
15.10000,-2.91494,-6.99885,5.29885,2.28077,0.45962,-2.30000,normal
15.12000,-2.82299,-7.15977,5.45977,2.24231,0.47885,-2.30000,normal
15.14000,-2.85000,-7.55000,6.00000,2.20385,0.49808,-2.30000,normal
15.16000,-1.32821,-5.88205,7.20000,2.20000,-0.01111,-1.97778,normal
15.18000,-1.22564,-5.85641,7.20000,2.20000,-0.03889,-1.92222,normal
15.20000,-1.12308,-5.83077,7.20000,2.20000,-0.06667,-1.86667,normal
15.22000,-1.02051,-5.80513,7.20000,2.20000,-0.09444,-1.81111,normal
15.24000,-0.31176,-3.65294,7.47059,2.30000,-0.10000,-1.10000,normal
15.26000,-0.13529,-3.35882,7.41176,2.24286,-0.10000,-1.04286,normal
15.28000,0.04118,-3.06471,7.35294,2.18571,-0.10000,-0.98571,normal
15.30000,0.15000,-2.50000,7.05000,2.12857,-0.10000,-0.92857,normal
15.32000,-3.08780,-2.10610,9.91463,2.57882,0.39647,0.20353,normal
15.34000,-3.03902,-2.13049,9.57317,2.43765,0.37294,0.22706,normal
15.36000,-2.99024,-2.15488,9.23171,2.29647,0.34941,0.25059,normal
15.38000,-2.94146,-2.17927,8.89024,2.15529,0.32588,0.27412,normal
15.40000,-2.70000,-2.40000,6.90000,2.01412,0.30235,0.29765,normal
15.42000,-3.60625,-2.13125,8.43750,1.71023,0.41023,0.71023,normal
15.44000,-3.83542,-1.94375,8.47917,1.73295,0.43295,0.73295,normal
15.46000,-4.06458,-1.75625,8.52083,1.75568,0.45568,0.75568,normal
15.48000,-4.29375,-1.56875,8.56250,1.77841,0.47841,0.77841,normal
15.50000,-3.80000,-0.20000,7.80000,1.80000,0.48750,0.81250,normal
15.52000,-5.07500,0.43750,8.78750,0.69633,0.90000,1.10000,normal
15.54000,-5.17500,0.35417,8.77083,0.65963,0.90000,1.10000,normal
15.56000,-5.27500,0.27083,8.75417,0.62294,0.90000,1.10000,normal
15.58000,-5.37500,0.18750,8.73750,0.58624,0.90000,1.10000,normal
15.60000,-5.47500,0.10417,8.72083,0.54954,0.90000,1.10000,normal
15.62000,-5.57500,0.02083,8.70417,0.51284,0.90000,1.10000,normal
15.64000,-5.62308,-0.96154,7.49231,-0.07059,0.80000,0.60000,normal
15.66000,-5.68901,-0.85165,7.75604,0.02745,0.80000,0.60000,normal
15.68000,-5.75495,-0.74176,8.01978,0.12549,0.80000,0.60000,normal
15.70000,-5.82088,-0.63187,8.28352,0.22353,0.80000,0.60000,normal
15.72000,-5.88681,-0.52198,8.54725,0.32157,0.80000,0.60000,normal
15.74000,-5.71000,1.13000,9.68000,0.72857,0.67143,0.50000,normal
15.76000,-5.10941,0.86706,8.85176,-0.27692,0.40769,0.50000,normal
15.78000,-4.89765,0.60824,8.68706,-0.35672,0.40000,0.50000,normal
15.80000,-4.68588,0.34941,8.52235,-0.41642,0.40000,0.50000,normal
15.82000,-4.47412,0.09059,8.35765,-0.47612,0.40000,0.50000,normal
15.84000,-5.88090,1.68427,9.45281,-0.31538,0.40000,0.50000,normal
15.86000,-6.15056,0.96517,9.29551,-0.43500,0.40000,0.50000,normal
15.88000,-6.42022,0.24607,9.13820,-0.48500,0.40000,0.50000,normal
15.90000,-6.68989,-0.47303,8.98090,-0.53500,0.40000,0.50000,normal
15.92000,-6.95955,-1.19213,8.82360,-0.58500,0.40000,0.50000,normal
15.94000,-4.16235,-0.27176,8.66235,-0.49111,0.30000,0.60000,normal
15.96000,-4.06824,-0.20118,8.56824,-0.46889,0.30000,0.60000,normal
15.98000,-3.97412,-0.13059,8.47412,-0.44667,0.30000,0.60000,normal
16.00000,-3.88000,-0.06000,8.38000,-0.42444,0.30000,0.60000,normal
16.02000,-3.40000,0.20000,7.80000,-0.40222,0.30000,0.60000,normal
16.04000,-4.72174,1.40000,8.03478,0.21429,0.31429,0.60000,normal
16.06000,-4.92464,1.40000,8.09275,0.23810,0.33810,0.60000,normal
16.08000,-5.12754,1.40000,8.15072,0.26190,0.36190,0.60000,normal
16.10000,-6.21579,1.31579,8.40526,0.28571,0.38571,0.60000,normal
16.12000,-6.50220,1.60000,8.49780,0.35714,0.40000,0.60000,normal
16.14000,-6.52418,1.60000,8.47582,0.40769,0.50000,0.60000,normal
16.16000,-6.54615,1.60000,8.45385,0.37246,0.50000,0.57246,normal
16.18000,-6.56813,1.60000,8.43187,0.34348,0.50000,0.54348,normal
16.20000,-6.59011,1.60000,8.40989,0.31449,0.50000,0.51449,normal
16.22000,-5.09512,1.20488,7.30000,0.30000,0.40000,0.30000,normal
16.24000,-5.07073,1.22927,7.30000,0.30000,0.40000,0.30000,normal
16.26000,-5.04634,1.25366,7.30000,0.30000,0.40000,0.30000,normal
16.28000,-5.02195,1.27805,7.30000,0.30000,0.40000,0.30000,normal
16.30000,-4.70000,1.90000,7.30000,0.30000,0.40000,0.30000,normal
16.32000,-5.37798,0.91101,6.98899,-0.30000,0.50000,0.29238,normal
16.34000,-5.34128,0.92936,6.97064,-0.30000,0.50000,0.27333,normal
16.36000,-5.30459,0.94771,6.95229,-0.30000,0.50000,0.25429,normal
16.38000,-5.26789,0.96606,6.93394,-0.30000,0.50000,0.23524,normal
16.40000,-5.23119,0.98440,6.91560,-0.30000,0.50000,0.21619,normal
16.42000,-5.40000,1.20000,6.70000,-0.40000,0.70000,0.10000,normal
16.44000,-5.70000,1.56800,7.22267,-0.42000,0.60000,0.08000,normal
16.46000,-5.70000,1.64800,7.24933,-0.44353,0.60000,0.05647,normal
16.48000,-5.70000,1.72800,7.27600,-0.46706,0.60000,0.03294,normal
16.50000,-5.70000,1.10000,6.90000,-0.49059,0.60000,0.00941,normal
16.52000,-6.40000,1.00000,6.69029,-0.10000,0.40000,0.20000,normal
16.54000,-6.40000,1.00000,6.65146,0.01619,0.28381,0.10000,normal
16.56000,-6.40000,1.00000,6.61262,0.03524,0.26476,0.10000,normal
16.58000,-6.40000,1.00000,6.57379,0.05429,0.24571,0.10000,normal
16.60000,-6.40000,1.00000,6.53495,0.07333,0.22667,0.10000,normal
16.62000,-6.10000,1.10000,7.10000,0.09238,0.20762,0.10000,normal
16.64000,-7.27812,-0.94687,6.05833,-0.08105,0.10000,-0.40000,normal
16.66000,-7.21562,-0.50937,6.22500,-0.01789,0.10000,-0.40000,normal
16.68000,-7.15312,-0.07187,6.39167,0.04526,0.10000,-0.40000,normal
16.70000,-7.09062,0.36563,6.55833,0.10842,0.10000,-0.40000,normal
16.72000,-7.02813,0.80312,6.72500,0.17158,0.10000,-0.40000,normal
16.74000,-4.96190,0.97460,7.28730,0.25000,-0.10000,-0.40000,normal
16.76000,-4.77143,0.84762,7.22381,0.23871,-0.10000,-0.36935,normal
16.78000,-4.58095,0.72063,7.16032,0.17419,-0.10000,-0.33710,normal
16.80000,-4.50000,1.20000,7.40000,0.10968,-0.10000,-0.30484,normal
16.82000,-5.61290,0.15484,7.03548,-1.30000,-0.20776,-0.28448,normal
16.84000,-5.76344,-0.03871,6.94946,-1.30000,-0.22500,-0.25000,normal
16.86000,-5.91398,-0.23226,6.86344,-1.30000,-0.24224,-0.21552,normal
16.88000,-6.06452,-0.42581,6.77742,-1.30000,-0.25948,-0.18103,normal
16.90000,-7.40000,-1.80000,6.10000,-1.30000,-0.27672,-0.14655,normal
16.92000,-6.94545,-0.25455,6.55455,-1.30000,-0.29397,-0.11207,normal
16.94000,-8.61075,0.17527,5.79785,-0.52500,-0.46250,-0.30000,normal
16.96000,-9.21290,0.39032,6.07742,0.31463,-0.38537,-0.30000,normal
16.98000,-9.81505,0.60538,6.35699,0.33902,-0.36098,-0.30000,normal
17.00000,-10.41720,0.82043,6.63656,0.36341,-0.33659,-0.30000,normal
17.02000,-11.01935,1.03548,6.91613,0.38780,-0.31220,-0.30000,normal
17.04000,-7.85657,0.62424,6.02828,-0.38812,-0.19109,-0.39703,normal
17.06000,-8.13939,0.74545,6.16970,-0.30891,-0.13168,-0.37723,normal
17.08000,-8.42222,0.86667,6.31111,-0.22970,-0.07228,-0.35743,normal
17.10000,-8.70505,0.98788,6.45253,-0.15050,-0.01287,-0.33762,normal
17.12000,-8.98788,1.10909,6.59394,-0.07129,0.04653,-0.31782,normal
17.14000,-8.70000,1.10000,8.85000,0.15000,0.20000,-0.15000,normal
17.16000,-6.87037,0.35185,6.78889,-0.20000,0.10000,-0.02121,normal
17.18000,-6.83333,0.16667,6.90000,-0.20000,0.10000,-0.05152,normal
17.20000,-6.60000,-0.60000,7.70000,-0.20000,0.10000,-0.08182,normal
17.22000,-5.92586,-1.34828,6.65172,-0.09810,0.30000,0.00000,normal
17.24000,-5.96034,-1.27931,6.72069,-0.06000,0.30000,0.00000,normal
17.26000,-5.99483,-1.21034,6.78966,-0.02190,0.30000,0.00000,normal
17.28000,-6.02931,-1.14138,6.85862,0.01619,0.30000,0.00000,normal
17.30000,-6.06379,-1.07241,6.92759,0.05429,0.30000,0.00000,normal
17.32000,-6.09828,-1.00345,6.99655,0.09238,0.30000,0.00000,normal
17.34000,-6.42128,-0.21702,7.25745,0.25000,0.20000,-0.10000,normal
17.36000,-6.46383,-0.45106,7.17234,0.17841,0.17841,-0.10000,normal
17.38000,-6.50638,-0.68511,7.08723,0.15568,0.15568,-0.10000,normal
17.40000,-6.54894,-0.91915,7.00213,0.13295,0.13295,-0.10000,normal
17.42000,-6.59149,-1.15319,6.91702,0.11023,0.11023,-0.10000,normal
17.44000,-5.67727,-0.82273,7.52841,0.10000,-0.10000,0.10000,normal
17.46000,-5.58636,-0.91364,7.64205,0.07727,-0.10000,0.10000,normal
17.48000,-5.49545,-1.00455,7.75568,0.05455,-0.10000,0.10000,normal
17.50000,-5.40455,-1.09545,7.86932,0.03182,-0.10000,0.10000,normal
17.52000,-5.31364,-1.18636,7.98295,0.00909,-0.10000,0.10000,normal
17.54000,-5.90682,-0.95000,7.16136,0.09891,-0.20109,0.30000,normal
17.56000,-5.92955,-0.45000,7.36591,0.07717,-0.22283,0.30000,normal
17.58000,-5.95227,0.05000,7.57045,0.05543,-0.24457,0.30000,normal
17.60000,-5.97500,0.55000,7.77500,0.03370,-0.26630,0.30000,normal
17.62000,-5.99773,1.05000,7.97955,0.01196,-0.28804,0.30000,normal
17.64000,-5.30000,-0.02500,7.39643,-0.25000,-0.30000,0.35000,normal
17.66000,-5.30000,-0.19167,7.37262,-0.02308,-0.30000,0.30000,normal
17.68000,-5.30000,-0.35833,7.34881,-0.04872,-0.30000,0.30000,normal
17.70000,-5.30000,-0.52500,7.32500,-0.07436,-0.30000,0.30000,normal
17.72000,-5.30000,-0.69167,7.30119,-0.10000,-0.30000,0.30000,normal
17.74000,-4.62708,-0.42917,7.80000,-0.18980,-0.41020,0.20000,normal
17.76000,-4.52292,-0.47083,7.80000,-0.16939,-0.43061,0.20000,normal
17.78000,-4.41875,-0.51250,7.80000,-0.14898,-0.45102,0.20000,normal
17.80000,-4.31458,-0.55417,7.80000,-0.12857,-0.47143,0.20000,normal
17.82000,-4.21042,-0.59583,7.80000,-0.10816,-0.49184,0.20000,normal
17.84000,-10.33235,-0.43824,6.67500,0.72113,-0.02113,0.30000,normal
17.86000,-10.39118,-0.14412,7.17500,0.80563,-0.10563,0.30000,normal
17.88000,-10.45000,0.15000,7.67500,0.89014,-0.19014,0.30000,normal
17.90000,-7.00000,2.30000,7.40000,0.97465,-0.27465,0.30000,normal
17.92000,-9.47727,3.51909,9.03091,1.16066,0.20000,0.39508,normal
17.94000,-9.20455,4.22818,9.32182,1.02951,0.20000,0.37869,normal
17.96000,-8.93182,4.93727,9.61273,0.89836,0.20000,0.36230,normal
17.98000,-8.65909,5.64636,9.90364,0.76721,0.20000,0.34590,normal
18.00000,-8.38636,6.35545,10.19455,0.63607,0.20000,0.32951,normal
18.02000,-8.11364,7.06455,10.48545,0.50492,0.20000,0.31311,normal
18.04000,-6.22836,1.25224,7.61194,-0.25000,0.30000,0.15000,normal
18.06000,-6.04925,1.13284,7.64179,-0.17031,0.27031,0.10000,normal
18.08000,-5.87015,1.01343,7.67164,-0.13906,0.23906,0.10000,normal
18.10000,-5.40000,1.05000,7.60000,-0.10781,0.20781,0.10000,normal
18.12000,-4.82727,-1.42273,6.95455,-0.23636,0.20000,0.17273,normal
18.14000,-4.87273,-1.12727,7.04545,-0.07733,0.17733,0.20000,normal
18.16000,-4.91818,-0.83182,7.13636,-0.05067,0.15067,0.20000,normal
18.18000,-4.96364,-0.53636,7.22727,-0.02400,0.12400,0.20000,normal
18.20000,-5.40000,0.55000,7.65000,0.06667,0.10000,0.20000,normal
18.22000,-5.46860,0.85124,7.71570,0.17311,0.10000,0.18655,normal
18.24000,-5.43554,1.11570,7.73223,0.13950,0.10000,0.16975,normal
18.26000,-5.40248,1.38017,7.74876,0.10588,0.10000,0.15294,normal
18.28000,-5.36942,1.64463,7.76529,0.07227,0.10000,0.13613,normal
18.30000,-5.33636,1.90909,7.78182,0.03866,0.10000,0.11933,normal
18.32000,-5.30331,2.17355,7.79835,0.00504,0.10000,0.10252,normal
18.34000,-5.43750,0.80000,7.28750,-0.18929,-0.10000,-0.10000,normal
18.36000,-5.33333,0.80000,7.26667,-0.17143,-0.10000,-0.10000,normal
18.38000,-5.22917,0.80000,7.24583,-0.15357,-0.10000,-0.10000,normal
18.40000,-5.12500,0.80000,7.22500,-0.13571,-0.10000,-0.10000,normal
18.42000,-5.02083,0.80000,7.20417,-0.11786,-0.10000,-0.10000,normal
18.44000,-4.71000,-0.61000,6.79000,-0.10000,-0.10000,-0.10000,normal
18.46000,-5.35844,-0.54156,6.97792,-0.03333,-0.23333,-0.30000,normal
18.48000,-5.43636,-0.46364,7.08182,0.20000,-0.17656,-0.30000,normal
18.50000,-5.51429,-0.38571,7.18571,0.20000,-0.14531,-0.30000,normal
18.52000,-5.59221,-0.30779,7.28961,0.20000,-0.11406,-0.30000,normal
18.54000,-4.94925,0.96418,7.83284,0.48571,-0.10000,-0.30000,normal
18.56000,-5.03881,1.26269,7.89254,0.53962,-0.13019,-0.20000,normal
18.58000,-5.12836,1.56119,7.95224,0.46415,-0.16792,-0.20000,normal
18.60000,-5.45000,2.15000,8.45000,0.15000,-0.25000,-0.20000,normal
18.62000,-6.14407,2.48559,7.98559,-0.51000,-0.30000,-0.19000,normal
18.64000,-6.31356,2.46864,7.96864,-0.52818,-0.30000,-0.17182,normal
18.66000,-6.48305,2.45169,7.95169,-0.54636,-0.30000,-0.15364,normal
18.68000,-6.65254,2.43475,7.93475,-0.56455,-0.30000,-0.13545,normal
18.70000,-6.82203,2.41780,7.91780,-0.58273,-0.30000,-0.11727,normal
18.72000,-6.99153,2.40085,7.90085,-0.65000,-0.25000,-0.15000,normal
18.74000,-8.81237,2.04227,9.65567,-0.32857,-0.10000,0.00000,normal
18.76000,-8.54433,1.95979,9.44948,-0.36429,-0.10000,0.00000,normal
18.78000,-8.27629,1.87732,9.24330,-0.40000,-0.10000,0.00000,normal
18.80000,-8.00825,1.79485,9.03711,-0.43571,-0.10000,0.00000,normal
18.82000,-7.74021,1.71237,8.83093,-0.47143,-0.10000,0.00000,normal
18.84000,-12.26786,1.52619,11.58810,-0.58000,-0.26000,-0.08000,normal
18.86000,-11.62500,2.05000,11.35000,0.00000,0.10000,-0.10000,normal
18.88000,-10.98214,2.57381,11.11190,0.44545,0.11818,0.27273,normal
18.90000,-10.33929,3.09762,10.87381,0.38485,0.02727,0.24242,normal
18.92000,-9.69643,3.62143,10.63571,0.32424,-0.06364,0.21212,normal
18.94000,-5.27955,-1.43864,7.76136,-0.57826,-0.10543,0.10000,normal
18.96000,-5.21136,-1.23409,7.96591,-0.49130,-0.12717,0.10000,normal
18.98000,-5.14318,-1.02955,8.17045,-0.40435,-0.14891,0.10000,normal
19.00000,-5.07500,-0.82500,8.37500,-0.31739,-0.17065,0.10000,normal
19.02000,-5.00682,-0.62045,8.57955,-0.23043,-0.19239,0.10000,normal
19.04000,-5.00787,-1.13933,8.26067,-1.00000,-0.30000,0.40000,normal
19.06000,-5.03034,-1.25169,8.14831,-1.00000,-0.30000,0.40000,normal
19.08000,-5.05281,-1.36404,8.03596,-1.00000,-0.30000,0.40000,normal
19.10000,-5.07528,-1.47640,7.92360,-1.00000,-0.30000,0.40000,normal
19.12000,-5.09775,-1.58876,7.81124,-1.00000,-0.30000,0.40000,normal
19.14000,-4.88387,-1.35968,7.74839,-0.18800,-0.50400,0.39600,normal
19.16000,-4.81935,-1.19839,7.94194,-0.10800,-0.53067,0.36933,normal
19.18000,-4.75484,-1.03710,8.13548,-0.02800,-0.55733,0.34267,normal
19.20000,-4.52000,-0.93000,8.36000,0.05200,-0.58400,0.31600,normal
19.22000,-3.51071,-1.50357,8.71071,0.14545,-0.74545,0.30000,normal
19.24000,-3.53452,-1.28929,8.73452,0.41667,-0.90000,0.20000,normal
19.26000,-3.55833,-1.07500,8.75833,0.44697,-0.90000,0.20000,normal
19.28000,-3.58214,-0.86071,8.78214,0.47727,-0.90000,0.20000,normal
19.30000,-2.80000,-1.60000,8.00000,0.42500,-0.90000,0.17500,normal
19.32000,-2.21895,-1.42421,8.43789,0.51667,-0.90000,0.11667,normal
19.34000,-2.24000,-1.34000,8.48000,0.53627,-0.90000,0.13627,normal
19.36000,-2.26105,-1.25579,8.52211,0.55588,-0.90000,0.15588,normal
19.38000,-2.28211,-1.17158,8.56421,0.57549,-0.90000,0.17549,normal
19.40000,-2.40000,-0.00000,9.50000,0.59510,-0.90000,0.19510,normal
19.42000,-2.16735,-0.33469,9.28571,0.30000,-0.79022,0.10000,normal
19.44000,-2.12653,-0.25306,9.14286,0.30000,-0.76848,0.10000,normal
19.46000,-2.08571,-0.17143,9.00000,0.30000,-0.74674,0.10000,normal
19.48000,-2.04490,-0.08980,8.85714,0.30000,-0.72500,0.10000,normal
19.50000,-2.00408,-0.00816,8.71429,0.30000,-0.70326,0.10000,normal
19.52000,-3.63750,1.18750,11.08750,0.32222,0.20000,0.50000,normal
19.54000,-3.52386,0.98295,10.70114,0.39630,0.20000,0.50000,normal
19.56000,-3.41023,0.77841,10.31477,0.47037,0.20000,0.50000,normal
19.58000,-3.29659,0.57386,9.92841,0.54444,0.20000,0.50000,normal
19.60000,-2.79200,2.22400,8.47600,0.61852,0.20000,0.50000,normal
19.62000,-2.71200,0.46400,8.23600,0.69259,0.20000,0.50000,normal
19.64000,-5.47714,4.11857,13.52143,1.17778,0.73333,0.45556,normal
19.66000,-5.13429,4.14714,13.09286,0.32414,0.70000,0.60000,normal
19.68000,-4.79143,4.17571,12.66429,0.11724,0.70000,0.60000,normal
19.70000,-2.30000,1.10000,7.80000,-0.08966,0.70000,0.60000,normal
19.72000,-2.48602,0.24086,7.46559,0.41383,0.55851,0.40000,normal
19.74000,-2.59355,0.54194,7.42258,0.43511,0.49468,0.40000,normal
19.76000,-2.70108,0.84301,7.37957,0.45638,0.43085,0.40000,normal
19.78000,-2.80860,1.14409,7.33656,0.47766,0.36702,0.40000,normal
19.80000,-2.42000,1.90000,7.72000,0.49894,0.30319,0.40000,normal
19.82000,-0.95714,1.84286,7.70000,0.17609,0.11196,0.57609,normal
19.84000,-0.89121,1.44725,7.85385,0.13261,0.13370,0.53261,normal
19.86000,-0.82527,1.05165,8.00769,0.08913,0.15543,0.48913,normal
19.88000,-0.75934,0.65604,8.16154,0.04565,0.17717,0.44565,normal
19.90000,-0.60000,3.80000,8.00000,0.00217,0.19891,0.40217,normal
19.92000,0.16889,-1.23889,6.97444,-1.55408,1.01122,-0.05510,normal
19.94000,-0.18667,-0.68333,7.39667,-1.28878,1.03163,0.02653,normal
19.96000,-0.54222,-0.12778,7.81889,-1.02347,1.05204,0.10816,normal
19.98000,-0.89778,0.42778,8.24111,-0.75816,1.07245,0.18980,normal
20.00000,-1.55455,2.04545,8.90000,-0.49286,1.09286,0.27143,normal
20.02000,-7.68091,1.33818,10.41091,0.20000,1.30000,1.10000,normal
20.04000,-7.62636,1.44727,10.15636,-0.67248,1.31376,1.84495,normal
20.06000,-7.57182,1.55636,9.90182,-0.63578,1.33211,1.77156,normal
20.08000,-7.51727,1.66545,9.64727,-0.59908,1.35046,1.69817,normal
20.10000,-7.46273,1.77455,9.39273,-0.56239,1.36881,1.62477,normal
20.12000,-7.40818,1.88364,9.13818,-0.52569,1.38716,1.55138,normal
20.14000,-6.20000,4.30000,8.70000,-0.05000,1.30000,1.20000,normal
20.16000,-6.05882,4.27647,8.27647,-0.20920,1.27816,1.32184,normal
20.18000,-5.91765,4.25294,7.85294,-0.32414,1.25517,1.34483,normal
20.20000,-5.77647,4.22941,7.42941,-0.43908,1.23218,1.36782,normal
20.22000,-5.63529,4.20588,7.00588,-0.55402,1.20920,1.39080,normal
20.24000,-4.20000,1.68571,5.40000,-1.06667,0.43333,0.83333,normal
20.26000,-4.20000,1.97143,5.40000,-1.27571,0.17571,0.60000,normal
20.28000,-4.20000,2.25714,5.40000,-1.24714,0.14714,0.60000,normal
20.30000,-4.48333,2.68333,4.90000,-1.21857,0.11857,0.60000,normal
20.32000,-12.02100,3.00100,4.41700,-0.90000,0.32857,0.85714,normal
20.34000,-12.44100,3.02100,4.75700,-1.07647,0.57647,0.73529,normal
20.36000,-12.86100,3.04100,5.09700,-1.14235,0.57882,0.63647,normal
20.38000,-13.28100,3.06100,5.43700,-1.18941,0.55529,0.56588,normal
20.40000,-13.70100,3.08100,5.77700,-1.23647,0.53176,0.49529,normal
20.42000,-13.15000,1.95000,6.85000,-1.28353,0.50824,0.42471,normal
20.44000,-7.19333,3.77667,7.13889,-1.10000,0.31837,0.50918,normal
20.46000,-7.46000,3.71000,7.25000,-1.10000,0.35918,0.52959,normal
20.48000,-7.72667,3.64333,7.36111,-1.10000,0.40000,0.55000,normal
20.50000,-7.99333,3.57667,7.47222,-1.10000,0.44082,0.57041,normal
20.52000,-8.26000,3.51000,7.58333,-1.10000,0.48163,0.59082,normal
20.54000,-6.60000,1.16552,7.97126,-1.30000,0.50000,0.80000,normal
20.56000,-6.60000,1.02759,7.85632,-1.22683,0.47561,0.82439,normal
20.58000,-6.60000,0.88966,7.74138,-1.15366,0.45122,0.84878,normal
20.60000,-6.60000,0.75172,7.62644,-1.08049,0.42683,0.87317,normal
20.62000,-6.60000,0.61379,7.51149,-1.00732,0.40244,0.89756,normal
20.64000,-7.67097,0.83548,4.70645,-0.79375,0.30313,0.90000,normal
20.66000,-7.80000,0.90000,4.90000,-0.75208,0.32396,0.90000,normal
20.68000,-7.92903,0.96452,5.09355,-0.71042,0.34479,0.90000,normal
20.70000,-8.05806,1.02903,5.28710,-0.66875,0.36562,0.90000,normal
20.72000,-8.18710,1.09355,5.48065,-0.62708,0.38646,0.90000,normal
20.74000,-8.30120,0.77952,5.59880,-0.52400,0.59200,0.66800,normal
20.76000,-8.32530,0.36988,5.57470,-0.76400,0.51200,0.34800,normal
20.78000,-8.34940,-0.03976,5.55060,-0.97288,0.47119,0.30000,normal
20.80000,-8.37349,-0.44940,5.52651,-1.17627,0.43729,0.30000,normal
20.82000,-8.39759,-0.85904,5.50241,-1.37966,0.40339,0.30000,normal
20.84000,-7.00000,1.07826,6.16522,-0.71618,-0.28382,0.11618,normal
20.86000,-7.00000,0.87536,6.10725,-0.74559,-0.25441,0.14559,normal
20.88000,-7.00000,0.67246,6.04928,-0.77500,-0.22500,0.17500,normal
20.90000,-7.30000,-0.30000,6.60000,-0.20000,-0.20000,0.30000,normal
20.92000,-7.17391,1.23696,6.90761,0.28222,-0.20000,0.31778,normal
20.94000,-7.26087,1.28043,6.79891,0.26000,-0.20000,0.34000,normal
20.96000,-7.34783,1.32391,6.69022,0.23778,-0.20000,0.36222,normal
20.98000,-7.43478,1.36739,6.58152,0.21556,-0.20000,0.38444,normal
21.00000,-7.10000,0.90000,6.70000,0.52000,-0.10000,0.48000,normal
21.02000,-6.83770,1.16230,6.79836,0.57594,-0.08797,0.41203,normal
21.04000,-6.57541,1.42459,6.89672,0.54586,-0.07293,0.42707,normal
21.06000,-6.31311,1.68689,6.99508,0.51579,-0.05789,0.44211,normal
21.08000,-6.05082,1.94918,7.09344,0.48571,-0.04286,0.45714,normal
21.10000,-5.78852,2.21148,7.19180,0.45564,-0.02782,0.47218,normal
21.12000,-5.52623,2.47377,7.29016,0.42556,-0.01278,0.48722,normal
21.14000,-6.46667,1.16667,7.13333,-0.30000,0.20000,0.40000,normal
21.16000,-6.87556,1.11889,6.44889,-0.59615,0.10385,0.50000,normal
21.18000,-6.96444,1.14111,6.27111,-0.57051,0.12949,0.50000,normal
21.20000,-7.05333,1.16333,6.09333,-0.54487,0.15513,0.50000,normal
21.22000,-7.14222,1.18556,5.91556,-0.51923,0.18077,0.50000,normal
21.24000,-6.50000,2.10000,7.40000,-0.30000,0.20000,0.40000,normal
21.26000,-6.45309,1.24691,7.52346,-0.30000,0.20000,0.40000,normal
21.28000,-6.40370,1.29630,7.54815,-0.30000,0.20000,0.40000,normal
21.30000,-6.35432,1.34568,7.57284,-0.30000,0.20000,0.40000,normal
21.32000,-6.30494,1.39506,7.59753,-0.30000,0.20000,0.40000,normal
21.34000,-6.20714,0.80476,7.00476,-0.20000,-0.00235,0.10000,normal
21.36000,-6.27857,0.85238,7.05238,-0.20000,-0.02588,0.10000,normal
21.38000,-6.35000,0.90000,7.10000,-0.20000,-0.04941,0.10000,normal
21.40000,-6.42143,0.94762,7.14762,-0.20000,-0.07294,0.10000,normal
21.42000,-6.49286,0.99524,7.19524,-0.20000,-0.09647,0.10000,normal
21.44000,-5.41912,1.71912,6.70000,0.60000,-0.10000,0.00000,normal
21.46000,-5.27206,1.57206,6.70000,0.60000,-0.10000,0.00000,normal
21.48000,-5.12500,1.42500,6.70000,0.60000,-0.10000,0.00000,normal
21.50000,-4.97647,3.70000,7.21176,0.60000,-0.10000,0.00000,normal
21.52000,-4.60000,2.10000,7.20079,0.09412,-0.06471,0.10000,normal
21.54000,-4.60000,2.10000,7.21667,-0.21091,-0.10000,-0.00545,normal
21.56000,-4.60000,2.10000,7.23254,-0.24727,-0.10000,-0.02364,normal
21.58000,-4.60000,2.10000,7.24841,-0.28364,-0.10000,-0.04182,normal
21.60000,-4.60000,2.10000,7.26429,-0.32000,-0.10000,-0.06000,normal
21.62000,-4.60000,2.10000,7.28016,-0.35636,-0.10000,-0.07818,normal
21.64000,-4.60000,2.10000,7.29603,-0.39273,-0.10000,-0.09636,normal
21.66000,-5.17333,-0.85333,6.28667,-0.87470,-0.10000,-0.40843,normal
21.68000,-5.52000,-0.56000,6.26000,-0.80241,-0.10000,-0.43253,normal
21.70000,-5.86667,-0.26667,6.23333,-0.73012,-0.10000,-0.45663,normal
21.72000,-6.21333,0.02667,6.20667,-0.65783,-0.10000,-0.48072,normal
21.74000,-4.60000,1.05000,8.00000,-0.08000,-0.28000,-0.50000,normal
21.76000,-4.85641,0.97821,8.04359,0.46818,-0.51061,-0.50000,normal
21.78000,-4.80513,0.95256,8.09487,0.37727,-0.54091,-0.50000,normal
21.80000,-4.75385,0.92692,8.14615,0.28636,-0.57121,-0.50000,normal
21.82000,-4.70256,0.90128,8.19744,0.16667,-0.60000,-0.50000,normal
21.84000,-6.46526,1.17368,6.44105,-0.21143,-0.57714,-0.61143,normal
21.86000,-6.84421,1.27895,6.35684,-0.23048,-0.53905,-0.63048,normal
21.88000,-7.22316,1.38421,6.27263,-0.24952,-0.50095,-0.64952,normal
21.90000,-7.60211,1.48947,6.18842,-0.26857,-0.46286,-0.66857,normal
21.92000,-7.98105,1.59474,6.10421,-0.28762,-0.42476,-0.68762,normal
21.94000,-8.88780,2.98049,10.15610,-0.10000,-0.10000,-0.50000,normal
21.96000,-8.64390,2.59024,9.27805,-0.40000,-0.41892,-0.28378,normal
21.98000,-8.40000,2.20000,8.40000,-0.40000,-0.28378,-0.25676,normal
22.00000,-8.15610,1.80976,7.52195,-0.40000,-0.14865,-0.22973,normal
22.02000,-7.91220,1.41951,6.64390,-0.40000,-0.01351,-0.20270,normal
22.04000,-7.58723,1.12553,7.61277,-0.19307,0.20693,-0.20000,normal
22.06000,-7.56596,1.16809,7.63404,-0.17327,0.22673,-0.20000,normal
22.08000,-7.54468,1.21064,7.65532,-0.15347,0.24653,-0.20000,normal
22.10000,-7.52340,1.25319,7.67660,-0.13366,0.26634,-0.20000,normal
22.12000,-7.50213,1.29574,7.69787,-0.11386,0.28614,-0.20000,normal
22.14000,-4.90000,-0.40000,7.90000,-0.25000,0.40000,-0.10000,normal
22.16000,-4.93509,-0.40000,7.82982,-0.20000,0.50000,0.00000,normal
22.18000,-4.97018,-0.40000,7.75965,-0.20000,0.50000,0.00000,normal
22.20000,-5.00000,-0.75000,7.05000,-0.25000,0.50000,0.00000,normal
22.22000,-5.86198,-0.56281,7.10000,-0.10794,0.40000,0.20000,normal
22.24000,-5.94463,-0.51322,7.10000,-0.12381,0.40000,0.20000,normal
22.26000,-6.02727,-0.46364,7.10000,-0.13968,0.40000,0.20000,normal
22.28000,-6.10992,-0.41405,7.10000,-0.15556,0.40000,0.20000,normal
22.30000,-6.19256,-0.36446,7.10000,-0.17143,0.40000,0.20000,normal
22.32000,-6.27521,-0.31488,7.10000,-0.18730,0.40000,0.20000,normal
22.34000,-6.75000,-0.47500,7.22500,-0.16000,0.36000,0.20000,normal
22.36000,-6.70769,0.40769,7.29231,0.10000,0.20000,0.30000,normal
22.38000,-6.60513,0.30513,7.06154,0.04366,0.17183,0.30000,normal
22.40000,-6.50256,0.20256,6.83077,-0.01268,0.14366,0.30000,normal
22.42000,-6.40000,0.10000,6.60000,-0.06901,0.11549,0.30000,normal
22.44000,-5.82055,-0.60000,6.80822,0.00000,-0.10000,0.20000,normal
22.46000,-5.95753,-0.60000,6.86301,0.05429,-0.10000,0.20000,normal
22.48000,-6.09452,-0.60000,6.91781,0.11143,-0.10000,0.20000,normal
22.50000,-6.23151,-0.60000,6.97260,0.16857,-0.10000,0.20000,normal
22.52000,-4.80000,-0.00375,7.00000,0.19310,-0.30000,0.20000,normal
22.54000,-4.80000,-0.02875,7.00000,0.17011,-0.30000,0.20000,normal
22.56000,-4.80000,-0.05375,7.00000,0.14713,-0.30000,0.20000,normal
22.58000,-4.80000,-0.07875,7.00000,0.12414,-0.30000,0.20000,normal
22.60000,-4.90000,0.30000,7.40000,0.10115,-0.30000,0.20000,normal
22.62000,-6.47979,-0.27340,5.94574,0.10818,-0.49727,0.20273,normal
22.64000,-6.92660,-0.12447,5.88191,0.16273,-0.47909,0.22091,normal
22.66000,-7.37340,0.02447,5.81809,0.21727,-0.46091,0.23909,normal
22.68000,-7.82021,0.17340,5.75426,0.27182,-0.44273,0.25727,normal
22.70000,-8.46087,0.32609,5.79130,0.32636,-0.42455,0.27545,normal
22.72000,-10.20000,0.50000,6.40000,0.38091,-0.40636,0.29364,normal
22.74000,-6.69062,3.90156,8.05937,0.88571,-0.02857,0.48571,normal
22.76000,-6.37812,3.62031,7.37187,0.36226,-0.48113,0.56226,normal
22.78000,-6.06562,3.33906,6.68437,0.28679,-0.44340,0.48679,normal
22.80000,-6.80000,3.50000,7.35000,0.21132,-0.40566,0.41132,normal
22.82000,-8.91250,4.92500,10.36250,0.64737,0.60000,0.31053,normal
22.84000,-8.57159,4.97045,10.29432,0.54211,0.60000,0.33158,normal
22.86000,-8.23068,5.01591,10.22614,0.43684,0.60000,0.35263,normal
22.88000,-7.88977,5.06136,10.15795,0.33158,0.60000,0.37368,normal
22.90000,-6.70000,4.61250,9.57500,0.22632,0.60000,0.39474,normal
22.92000,-4.37907,1.05814,6.05814,-0.39448,0.49448,0.39448,normal
22.94000,-4.33256,0.96512,5.96512,-0.38221,0.48221,0.38221,normal
22.96000,-4.28605,0.87209,5.87209,-0.36994,0.46994,0.36994,normal
22.98000,-4.23953,0.77907,5.77907,-0.35767,0.45767,0.35767,normal
23.00000,-4.40000,0.60000,5.80000,-0.34540,0.44540,0.34540,normal
23.02000,-4.74539,1.12057,6.50000,-0.33313,0.43313,0.33313,normal
23.04000,-4.80213,1.02128,6.50000,-0.32086,0.42086,0.32086,normal
23.06000,-4.85887,0.92199,6.50000,-0.30859,0.40859,0.30859,normal
23.08000,-4.91560,0.82270,6.50000,-0.36000,0.40000,0.10000,normal
23.10000,-4.97234,0.72340,6.50000,-0.40000,0.37302,0.20000,normal
23.12000,-5.02908,0.62411,6.50000,-0.40000,0.34127,0.20000,normal
23.14000,-5.08582,0.52482,6.50000,-0.40000,0.30952,0.20000,normal
23.16000,-5.52353,1.75294,6.97647,-0.33636,0.23636,0.13636,normal
23.18000,-5.58235,1.63529,6.91765,-0.51176,-0.01176,-0.21176,normal
23.20000,-5.64118,1.51765,6.85882,-0.55098,-0.05098,-0.25098,normal
23.22000,-5.70000,1.40000,6.80000,-0.59020,-0.09020,-0.29020,normal
23.24000,-6.22609,0.30000,7.28696,-0.48906,-0.21094,-0.40000,normal
23.26000,-6.28406,0.30000,7.25797,-0.45781,-0.24219,-0.40000,normal
23.28000,-6.34203,0.30000,7.22899,-0.42656,-0.27344,-0.40000,normal
23.30000,-6.40000,0.30000,7.20000,-0.17500,-0.32500,-0.40000,normal
23.32000,-6.55678,1.02881,7.65678,-0.11145,-0.50000,-0.50000,normal
23.34000,-6.50593,1.06271,7.60593,-0.12672,-0.50000,-0.50000,normal
23.36000,-6.45508,1.09661,7.55508,-0.14198,-0.50000,-0.50000,normal
23.38000,-6.40424,1.13051,7.50424,-0.15725,-0.50000,-0.50000,normal
23.40000,-6.35339,1.16441,7.45339,-0.17252,-0.50000,-0.50000,normal
23.42000,-6.30254,1.19831,7.40254,-0.18779,-0.50000,-0.50000,normal
23.44000,-10.61758,2.10549,8.38462,-0.40000,-0.20000,-0.50000,normal
23.46000,-10.66154,2.36923,8.84615,-0.13864,0.06136,-0.26136,normal
23.48000,-10.70549,2.63297,9.30769,-0.18409,0.01591,-0.21591,normal
23.50000,-10.74945,2.89670,9.76923,-0.22955,-0.02955,-0.17045,normal
23.52000,-10.79341,3.16044,10.23077,-0.27500,-0.07500,-0.12500,normal
23.54000,-9.47931,1.08276,9.21379,-0.80000,0.30000,-0.20000,normal
23.56000,-9.34138,0.96782,9.30575,-0.66585,0.40000,0.02195,normal
23.58000,-9.20345,0.85287,9.39770,-0.73902,0.40000,0.04634,normal
23.60000,-9.06552,0.73793,9.48966,-0.81220,0.40000,0.07073,normal
23.62000,-8.92759,0.62299,9.58161,-0.88537,0.40000,0.09512,normal
23.64000,-5.54396,-1.56703,6.06593,-0.78901,0.41099,0.08901,normal
23.66000,-5.63187,-1.50110,6.19780,-0.76703,0.43297,0.06703,normal
23.68000,-5.71978,-1.43516,6.32967,-0.74505,0.45495,0.04505,normal
23.70000,-5.80769,-1.36923,6.46154,-0.72308,0.47692,0.02308,normal
23.72000,-5.89560,-1.30330,6.59341,-0.70110,0.49890,0.00110,normal
23.74000,-7.20000,-2.14848,6.23939,-1.48017,0.29008,0.30000,normal
23.76000,-7.20000,-2.22929,6.13838,-1.44711,0.27355,0.30000,normal
23.78000,-7.20000,-2.31010,6.03737,-1.41405,0.25702,0.30000,normal
23.80000,-7.20000,-2.39091,5.93636,-1.38099,0.24050,0.30000,normal
23.82000,-7.20000,-2.47172,5.83535,-1.34793,0.22397,0.30000,normal
23.84000,-6.23333,-2.51111,5.84444,-1.31488,0.20744,0.30000,normal
23.86000,-6.10000,-2.20000,5.95833,-1.00909,-0.16364,0.23636,normal
23.88000,-6.10000,-1.80000,6.19167,-0.62692,-0.30000,0.30000,normal
23.90000,-6.10000,-1.40000,6.42500,-0.66538,-0.30000,0.30000,normal
23.92000,-6.26000,-1.80000,6.58000,-0.80000,-0.40000,0.40000,normal
23.94000,-8.47826,-0.98696,6.36522,-0.67945,-0.60000,0.15890,normal
23.96000,-8.44928,-0.43623,6.45217,-0.65205,-0.60000,0.10411,normal
23.98000,-8.42029,0.11449,6.53913,-0.62466,-0.60000,0.04932,normal
24.00000,-5.78571,-4.51429,6.85714,0.00000,-0.70000,0.60000,normal
24.02000,-6.15532,-1.17660,8.95957,0.55545,-0.68636,0.78636,normal
24.04000,-6.47447,-0.77234,9.53404,0.71909,-0.77727,0.87727,normal
24.06000,-6.79362,-0.36809,10.10851,0.88273,-0.86818,0.96818,normal
24.08000,-7.11277,0.03617,10.68298,1.04636,-0.95909,1.05909,normal
24.10000,-7.40000,2.70000,10.50000,1.21000,-1.05000,1.15000,normal
24.12000,-7.41111,-0.68889,7.87778,-0.20000,-0.70000,1.40000,normal
24.14000,-7.23333,-0.86667,7.83333,-0.08161,-0.58161,1.38161,normal
24.16000,-7.05556,-1.04444,7.78889,-0.05862,-0.55862,1.35862,normal
24.18000,-6.87778,-1.22222,7.74444,-0.03563,-0.53563,1.33563,normal
24.20000,-6.70000,-1.40000,7.70000,-0.01264,-0.51264,1.31264,normal
24.22000,-6.14615,-0.89135,5.60577,0.50000,-0.40000,0.95000,normal
24.24000,-6.45385,-0.83365,5.64423,0.59451,-0.28352,0.90000,normal
24.26000,-6.76154,-0.77596,5.68269,0.57253,-0.21758,0.90000,normal
24.28000,-7.06923,-0.71827,5.72115,0.55055,-0.15165,0.90000,normal
24.30000,-7.37692,-0.66058,5.75962,0.52857,-0.08571,0.90000,normal
24.32000,-7.68462,-0.60288,5.79808,0.50659,-0.01978,0.90000,normal
24.34000,-5.96308,0.33692,8.06308,-0.51690,0.40845,0.79155,normal
24.36000,-5.87077,0.42923,7.97077,-0.57324,0.43662,0.76338,normal
24.38000,-5.77846,0.52154,7.87846,-0.62958,0.46479,0.73521,normal
24.40000,-5.10000,0.20000,7.60000,-0.68592,0.49296,0.70704,normal
24.42000,-4.29259,-0.07778,8.48519,-0.30000,0.20000,0.60000,normal
24.44000,-4.27407,-0.02222,8.44815,-0.30000,0.20000,0.60000,normal
24.46000,-4.25556,0.03333,8.41111,-0.30000,0.20000,0.60000,normal
24.48000,-4.23704,0.08889,8.37407,-0.30000,0.20000,0.60000,normal
24.50000,-4.21852,0.14444,8.33704,-0.30000,0.20000,0.60000,normal
24.52000,-4.20000,0.20000,8.30000,-0.30000,0.20000,0.60000,normal
24.54000,-5.03093,-0.79897,8.00000,-0.65429,-0.11143,0.61143,normal
24.56000,-5.07216,-0.53093,8.00000,-0.57810,-0.13048,0.63048,normal
24.58000,-5.11340,-0.26289,8.00000,-0.50190,-0.14952,0.64952,normal
24.60000,-5.15464,0.00515,8.00000,-0.42571,-0.16857,0.66857,normal
24.62000,-5.19588,0.27320,8.00000,-0.34952,-0.18762,0.68762,normal
24.64000,-6.30000,-0.20000,7.90000,-0.10000,-0.23000,0.50000,normal
24.66000,-6.30000,0.12099,7.90000,-0.39701,-0.30000,0.40000,normal
24.68000,-6.30000,0.44198,7.90000,-0.33731,-0.30000,0.40000,normal
24.70000,-6.30000,0.76296,7.90000,-0.27761,-0.30000,0.40000,normal
24.72000,-6.30000,1.08395,7.90000,-0.21791,-0.30000,0.40000,normal
24.74000,-5.80968,0.32581,8.37419,-0.50851,-0.40000,0.39149,normal
24.76000,-5.65914,0.36882,8.33118,-0.52979,-0.40000,0.37021,normal
24.78000,-5.50860,0.41183,8.28817,-0.55106,-0.40000,0.34894,normal
24.80000,-5.35806,0.45484,8.24516,-0.57234,-0.40000,0.32766,normal
24.82000,-5.20753,0.49785,8.20215,-0.59362,-0.40000,0.30638,normal
24.84000,-4.18791,-0.74066,10.27363,-0.10510,-0.70000,0.30000,normal
24.86000,-4.40769,-1.09231,10.20769,-0.12551,-0.70000,0.30000,normal
24.88000,-4.62747,-1.44396,10.14176,-0.14592,-0.70000,0.30000,normal
24.90000,-4.84725,-1.79560,10.07582,-0.16633,-0.70000,0.30000,normal
24.92000,-5.06703,-2.14725,10.00989,-0.18673,-0.70000,0.30000,normal
24.94000,-3.94242,-0.90000,7.72727,-0.13333,-0.90000,0.26667,normal
24.96000,-4.42727,-0.90000,7.18182,0.98400,-0.67200,0.52800,normal
24.98000,-4.91212,-0.90000,6.63636,1.10400,-0.63200,0.56800,normal
25.00000,-6.65000,3.65000,6.50000,1.24000,-0.44000,0.64000,normal
25.02000,-4.84696,5.21565,8.08435,1.38000,-0.28000,0.66000,normal
25.04000,-4.89913,5.23304,8.06696,1.49429,-0.39429,0.60286,normal
25.06000,-4.95130,5.25043,8.04957,0.91304,-0.27826,0.32174,normal
25.08000,-5.00348,5.26783,8.03217,0.79710,-0.24928,0.35072,normal
25.10000,-5.05565,5.28522,8.01478,0.68116,-0.22029,0.37971,normal
25.12000,-6.30000,3.80000,7.90000,0.07500,0.16250,0.60000,normal
25.14000,-6.40526,3.66842,7.97895,-0.23288,0.51644,0.48356,normal
25.16000,-6.51053,3.53684,8.05789,-0.28767,0.54384,0.45616,normal
25.18000,-6.61579,3.40526,8.13684,-0.34247,0.57123,0.42877,normal
25.20000,-4.55000,2.90000,8.95000,-0.39726,0.59863,0.40137,normal
25.22000,-4.25050,1.54554,8.98119,-1.68842,0.78842,0.40000,normal
25.24000,-4.30990,1.01089,8.72376,-1.66737,0.76737,0.40000,normal
25.26000,-4.36931,0.47624,8.46634,-1.64632,0.74632,0.40000,normal
25.28000,-4.42871,-0.05842,8.20891,-1.62526,0.72526,0.40000,normal
25.30000,-4.48812,-0.59307,7.95149,-1.60421,0.70421,0.40000,normal
25.32000,-6.37674,-1.31860,7.41163,-0.28512,0.19256,0.30000,normal
25.34000,-6.33023,-1.15581,7.43488,-0.25207,0.17603,0.30000,normal
25.36000,-6.28372,-0.99302,7.45814,-0.21901,0.15950,0.30000,normal
25.38000,-6.23721,-0.83023,7.48140,-0.18595,0.14298,0.30000,normal
25.40000,-6.11765,-0.67647,7.58235,-0.15289,0.12645,0.30000,normal
25.42000,-5.70588,-0.55882,7.99412,-0.11983,0.10992,0.30000,normal
25.44000,-4.89697,0.83333,8.72727,-0.03333,0.03333,0.43333,normal
25.46000,-4.86667,1.16667,9.00000,0.30000,-0.20000,0.51818,normal
25.48000,-4.83636,1.50000,9.27273,0.30000,-0.20000,0.55455,normal
25.50000,-4.80606,1.83333,9.54545,0.30000,-0.20000,0.59091,normal
25.52000,-4.02118,1.50000,8.07882,-0.20732,0.00732,0.40732,normal
25.54000,-4.06824,1.50000,8.03176,-0.23171,0.03171,0.43171,normal
25.56000,-4.11529,1.50000,7.98471,-0.25610,0.05610,0.45610,normal
25.58000,-4.16235,1.50000,7.93765,-0.28049,0.08049,0.48049,normal
25.60000,-4.65000,1.05000,8.25000,-0.28750,0.21250,0.51250,normal
25.62000,-4.77660,0.87234,8.23830,-0.10000,0.30000,0.70000,normal
25.64000,-4.86170,1.06383,8.28085,-0.10000,0.30000,0.70000,normal
25.66000,-4.94681,1.25532,8.32340,-0.10000,0.30000,0.70000,normal
25.68000,-5.03191,1.44681,8.36596,-0.10000,0.30000,0.70000,normal
25.70000,-6.70000,1.00000,7.50000,-0.10000,0.30000,0.70000,normal
25.72000,-6.78252,1.49515,7.61748,-0.10000,0.30000,0.70000,normal
25.74000,-6.76311,1.37864,7.63689,-0.20000,0.40000,0.70000,normal
25.76000,-6.74369,1.26214,7.65631,-0.20000,0.40000,0.70000,normal
25.78000,-6.72427,1.14563,7.67573,-0.20000,0.40000,0.70000,normal
25.80000,-6.70485,1.02913,7.69515,-0.20000,0.40000,0.70000,normal
25.82000,-3.36372,2.12124,8.84336,-0.20000,0.30000,0.60000,normal
25.84000,-3.52301,2.17434,8.70177,-0.21667,0.21667,0.60000,normal
25.86000,-3.68230,2.22743,8.56018,-0.23627,0.23627,0.60000,normal
25.88000,-3.84159,2.28053,8.41858,-0.25588,0.25588,0.60000,normal
25.90000,-4.00088,2.33363,8.27699,-0.27549,0.27549,0.60000,normal
25.92000,-4.16018,2.38673,8.13540,-0.29510,0.29510,0.60000,normal
25.94000,-7.01765,1.58235,7.95588,-0.59223,0.40000,0.50000,normal
25.96000,-7.05686,1.54314,7.85784,-0.57282,0.40000,0.50000,normal
25.98000,-7.09608,1.50392,7.75980,-0.55340,0.40000,0.50000,normal
26.00000,-7.13529,1.46471,7.66176,-0.53398,0.40000,0.50000,normal
26.02000,-7.17451,1.42549,7.56373,-0.51456,0.40000,0.50000,normal
26.04000,-5.00000,0.50000,7.90000,-0.20000,0.25000,0.40000,normal
26.06000,-4.40886,1.91392,8.23165,0.35455,0.20000,0.10000,normal
26.08000,-4.30759,2.04051,8.15570,0.26364,0.20000,0.10000,normal
26.10000,-4.20633,2.16709,8.07975,0.17273,0.20000,0.10000,normal
26.12000,-4.10506,2.29367,8.00380,0.08182,0.20000,0.10000,normal
26.14000,-4.18889,0.05556,7.31111,-0.17143,0.18571,0.11429,normal
26.16000,-4.64416,0.31039,7.63247,0.19692,0.19692,0.09692,normal
26.18000,-4.69610,0.44026,7.78831,0.16615,0.16615,0.06615,normal
26.20000,-4.74805,0.57013,7.94416,0.13538,0.13538,0.03538,normal
26.22000,-4.80000,0.70000,8.10000,0.10462,0.10462,0.00462,normal
26.24000,-4.49091,0.84545,7.70000,0.01127,-0.10000,0.00000,normal
26.26000,-4.67273,0.93636,7.70000,0.03944,-0.10000,0.00000,normal
26.28000,-4.85455,1.02727,7.70000,0.06761,-0.10000,0.00000,normal
26.30000,-4.70000,1.25000,7.45000,0.09577,-0.10000,0.00000,normal
26.32000,-4.21136,1.05909,7.41591,-0.19383,-0.20000,-0.10617,normal
26.34000,-4.37045,1.28636,7.43864,-0.16914,-0.20000,-0.13086,normal
26.36000,-4.52955,1.51364,7.46136,-0.14444,-0.20000,-0.15556,normal
26.38000,-4.68864,1.74091,7.48409,-0.11975,-0.20000,-0.18025,normal
26.40000,-4.60000,1.55000,7.85000,-0.10000,-0.20000,-0.20000,normal
26.42000,-4.40000,1.32128,7.94043,-0.08416,-0.20000,-0.18416,normal
26.44000,-4.40000,1.44894,7.98298,-0.06436,-0.20000,-0.16436,normal
26.46000,-4.40000,1.57660,8.02553,-0.04455,-0.20000,-0.14455,normal
26.48000,-4.40000,1.70426,8.06809,-0.02475,-0.20000,-0.12475,normal
26.50000,-4.46154,1.51538,8.02308,-0.00495,-0.20000,-0.10495,normal
26.52000,-4.81059,0.47882,7.67412,-0.70000,-0.10000,-0.30000,normal
26.54000,-4.83412,0.43176,7.83882,-0.46250,-0.01250,-0.38750,normal
26.56000,-4.85765,0.38471,8.00353,-0.36875,-0.04375,-0.35625,normal
26.58000,-4.88118,0.33765,8.16824,-0.27500,-0.07500,-0.32500,normal
26.60000,-4.70000,0.90000,8.30000,-0.10000,-0.20000,-0.35000,normal
26.62000,-5.11356,0.70000,7.43898,-0.08860,-0.07719,-0.40000,normal
26.64000,-5.35085,0.70000,7.37119,-0.07105,-0.04211,-0.40000,normal
26.66000,-5.58814,0.70000,7.30339,-0.05351,-0.00702,-0.40000,normal
26.68000,-5.82542,0.70000,7.23559,-0.03596,0.02807,-0.40000,normal
26.70000,-6.06271,0.70000,7.16780,-0.01842,0.06316,-0.40000,normal
26.72000,-6.30000,0.70000,7.10000,-0.00088,0.09825,-0.40000,normal
26.74000,-7.71700,1.98700,8.28800,0.12500,0.23750,-0.11250,normal
26.76000,-7.89700,1.96700,7.80800,0.16346,0.29519,-0.13173,normal
26.78000,-8.07700,1.94700,7.32800,0.20192,0.35288,-0.15096,normal
26.80000,-8.25700,1.92700,6.84800,0.24038,0.41058,-0.17019,normal
26.82000,-8.43700,1.90700,6.36800,0.27885,0.46827,-0.18942,normal
26.84000,-6.87831,0.91807,8.00361,0.01429,0.62857,0.15714,normal
26.86000,-6.73373,1.03855,8.02771,-0.16897,0.70000,0.21034,normal
26.88000,-6.58916,1.15904,8.05181,-0.10000,0.70000,0.23333,normal
26.90000,-6.44458,1.27952,8.07590,-0.03103,0.70000,0.25632,normal
26.92000,-6.30000,1.40000,8.10000,0.03793,0.70000,0.27931,normal
26.94000,-5.80000,1.95000,7.45000,0.10000,0.50000,0.20000,normal
26.96000,-6.68205,0.46154,6.14103,-0.49444,0.59722,0.20000,normal
26.98000,-6.78462,0.53846,6.19231,-0.43889,0.56944,0.20000,normal
27.00000,-6.88718,0.61538,6.24359,-0.38333,0.54167,0.20000,normal
27.02000,-6.98974,0.69231,6.29487,-0.32778,0.51389,0.20000,normal
27.04000,-7.08851,0.62299,6.19425,-0.30000,0.19592,0.30000,normal
27.06000,-7.04253,0.71494,6.17126,-0.30000,0.17551,0.30000,normal
27.08000,-6.99655,0.80690,6.14828,-0.30000,0.15510,0.30000,normal
27.10000,-6.95057,0.89885,6.12529,-0.30000,0.13469,0.30000,normal
27.12000,-6.90460,0.99080,6.10230,-0.30000,0.11429,0.30000,normal
27.14000,-6.10000,0.60000,6.61724,-0.30000,-0.10225,0.30112,normal
27.16000,-6.10000,0.60000,6.68621,-0.30000,-0.14719,0.32360,normal
27.18000,-6.10000,0.60000,6.75517,-0.30000,-0.19213,0.34607,normal
27.20000,-6.10000,0.60000,6.82414,-0.30000,-0.23708,0.36854,normal
27.22000,-6.10000,0.60000,6.89310,-0.30000,-0.28202,0.39101,normal
27.24000,-6.32857,-0.37143,7.08571,-0.19481,-0.61039,0.39481,normal
27.26000,-6.38571,-0.11429,7.25714,-0.16883,-0.66234,0.36883,normal
27.28000,-6.44286,0.14286,7.42857,-0.14286,-0.71429,0.34286,normal
27.30000,-6.50000,0.40000,7.60000,-0.11688,-0.76623,0.31688,normal
27.32000,-4.24800,0.79200,7.27333,-0.06111,-0.83889,0.30000,normal
27.34000,-4.72800,0.71200,7.00667,-0.19123,-0.77368,0.00877,normal
27.36000,-5.20800,0.63200,6.74000,-0.15614,-0.66842,0.04386,normal
27.38000,-5.68800,0.55200,6.47333,-0.12105,-0.56316,0.07895,normal
27.40000,-8.29175,3.11443,9.07732,0.50000,-0.40000,0.20000,normal
27.42000,-8.20928,3.25876,8.85052,1.20000,-0.61900,0.40000,normal
27.44000,-8.12680,3.40309,8.62371,1.20000,-0.63900,0.40000,normal
27.46000,-8.04433,3.54742,8.39691,1.20000,-0.65900,0.40000,normal
27.48000,-7.96186,3.69175,8.17010,1.20000,-0.67900,0.40000,normal
27.50000,-8.68571,2.58571,7.50000,1.20000,-0.69900,0.40000,normal
27.52000,-5.55889,4.62778,8.81444,0.36591,0.12273,0.01136,normal
27.54000,-5.80333,4.51667,8.83667,0.29773,0.16818,0.03409,normal
27.56000,-6.04778,4.40556,8.85889,0.22955,0.21364,0.05682,normal
27.58000,-6.29222,4.29444,8.88111,0.16136,0.25909,0.07955,normal
27.60000,-6.15000,4.25000,9.65000,0.40000,0.40000,0.30000,normal
27.62000,-4.44839,1.65914,7.61398,-0.57581,0.48790,0.28790,normal
27.64000,-4.38387,1.35806,7.50645,-0.54355,0.47177,0.27177,normal
27.66000,-4.31935,1.05699,7.39892,-0.51129,0.45565,0.25565,normal
27.68000,-4.25484,0.75591,7.29140,-0.47903,0.43952,0.23952,normal
27.70000,-4.16250,0.70000,7.22500,-0.44677,0.42339,0.22339,normal
27.72000,-3.91250,2.03333,7.39167,-0.41452,0.40726,0.20726,normal
27.74000,-4.23871,1.55161,6.67097,-0.08182,0.30000,0.21818,normal
27.76000,-4.36774,1.39032,6.57419,-0.12727,0.20000,0.20000,normal
27.78000,-4.49677,1.22903,6.47742,-0.16364,0.20000,0.20000,normal
27.80000,-4.90000,1.35000,7.20000,-0.20000,0.20000,0.20000,normal
27.82000,-5.41848,2.32609,7.52609,0.08495,-0.11505,-0.10000,normal
27.84000,-5.44022,2.23913,7.43913,0.06344,-0.13656,-0.10000,normal
27.86000,-5.46196,2.15217,7.35217,0.04194,-0.15806,-0.10000,normal
27.88000,-5.48370,2.06522,7.26522,0.02043,-0.17957,-0.10000,normal
27.90000,-5.90000,1.20000,7.40000,-0.05000,-0.25000,-0.20000,normal
27.92000,-5.84175,3.12913,6.80000,-0.00726,-0.50726,-0.29274,normal
27.94000,-5.76408,3.16796,6.80000,-0.02339,-0.52339,-0.27661,normal
27.96000,-5.68641,3.20680,6.80000,-0.03952,-0.53952,-0.26048,normal
27.98000,-5.60874,3.24563,6.80000,-0.05565,-0.55565,-0.24435,normal
28.00000,-5.53107,3.28447,6.80000,-0.07177,-0.57177,-0.22823,normal
28.02000,-7.17170,3.99528,9.14245,-0.08790,-0.58790,-0.21210,normal
28.04000,-7.05849,3.97642,9.31226,-0.35556,-0.60000,-0.17778,normal
28.06000,-6.94528,3.95755,9.48208,-0.30000,-0.93797,0.13797,normal
28.08000,-6.83208,3.93868,9.65189,-0.30000,-1.01392,0.21392,normal
28.10000,-6.71887,3.91981,9.82170,-0.30000,-1.08987,0.28987,normal
28.12000,-6.60566,3.90094,9.99151,-0.30000,-1.16582,0.36582,normal
28.14000,-5.33258,1.48090,10.07416,-0.37097,-1.30645,0.43548,normal
28.16000,-5.10787,1.75056,10.32135,-0.50000,-1.50000,0.50000,normal
28.18000,-4.88315,2.02022,10.56854,-0.25882,-1.45882,0.47941,normal
28.20000,-4.65843,2.28989,10.81573,-0.20000,-1.40000,0.45000,normal
28.22000,-4.43371,2.55955,11.06292,-0.14118,-1.34118,0.42059,normal
28.24000,-2.70000,1.50000,9.70000,-0.40000,-0.30000,0.30000,normal
28.26000,-2.70000,1.52381,9.89048,-0.05663,-0.07831,0.20000,normal
28.28000,-2.70000,1.54762,10.08095,-0.00843,-0.05422,0.20000,normal
28.30000,-2.70000,1.57143,10.27143,0.03976,-0.03012,0.20000,normal
28.32000,-2.70000,1.59524,10.46190,0.08795,-0.00602,0.20000,normal
28.34000,-1.95056,0.73034,9.25955,-0.39216,0.30000,0.30392,normal
28.36000,-2.06292,0.79775,9.16966,-0.35294,0.30000,0.32353,normal
28.38000,-2.17528,0.86517,9.07978,-0.31373,0.30000,0.34314,normal
28.40000,-2.28764,0.93258,8.98989,-0.27451,0.30000,0.36275,normal
28.42000,-2.40000,1.00000,8.90000,-0.23529,0.30000,0.38235,normal
28.44000,-2.99167,0.58333,8.16667,-0.11429,0.20000,0.38571,normal
28.46000,-2.25897,1.20513,8.65897,0.25714,0.01429,0.40000,normal
28.48000,-2.20769,1.46154,8.60769,0.24000,0.03000,0.40000,normal
28.50000,-2.15641,1.71795,8.55641,0.17333,0.06333,0.40000,normal
28.52000,-2.10513,1.97436,8.50513,0.10667,0.09667,0.40000,normal
28.54000,-3.55106,2.15319,9.18936,0.38750,0.28750,0.51250,normal
28.56000,-3.63617,2.40851,9.33830,0.36667,0.26667,0.53333,normal
28.58000,-3.72128,2.66383,9.48723,0.34583,0.24583,0.55417,normal
28.60000,-3.80638,2.91915,9.63617,0.32500,0.22500,0.57500,normal
28.62000,-3.89149,3.17447,9.78511,0.30417,0.20417,0.59583,normal
28.64000,-3.33191,2.14681,8.74255,0.02000,-0.00667,0.70667,normal
28.66000,-3.39574,2.04043,8.82766,0.08667,-0.02889,0.72889,normal
28.68000,-3.45957,1.93404,8.91277,0.15333,-0.05111,0.75111,normal
28.70000,-3.52340,1.82766,8.99787,0.22000,-0.07333,0.77333,normal
28.72000,-3.58723,1.72128,9.08298,0.28667,-0.09556,0.79556,normal
28.74000,-2.96966,2.04944,9.00000,-0.30000,-0.30000,1.10000,normal
28.76000,-2.90225,1.93708,9.00000,-0.30000,-0.30000,1.10000,normal
28.78000,-2.83483,1.82472,9.00000,-0.30000,-0.30000,1.10000,normal
28.80000,-2.76742,1.71236,9.00000,-0.30000,-0.30000,1.10000,normal
28.82000,-2.70000,1.60000,9.00000,-0.30000,-0.30000,1.10000,normal
28.84000,-2.22308,1.96923,8.62308,-0.30000,-0.30000,1.10000,normal
28.86000,-1.97901,2.82099,8.96790,-0.20000,-0.60000,1.50000,normal
28.88000,-1.95432,2.84568,9.16543,-0.20000,-0.60000,1.50000,normal
28.90000,-1.92963,2.87037,9.36296,-0.20000,-0.60000,1.50000,normal
28.92000,-1.90494,2.89506,9.56049,-0.20000,-0.60000,1.50000,normal
28.94000,-0.80698,2.50698,8.93721,0.39444,-1.10000,1.28889,normal
28.96000,-0.83023,2.53023,8.72791,0.37222,-1.10000,1.24444,normal
28.98000,-0.85349,2.55349,8.51860,0.35000,-1.10000,1.20000,normal
29.00000,-0.87674,2.57674,8.30930,0.32778,-1.10000,1.15556,normal
29.02000,-0.90000,2.60000,8.10000,0.30556,-1.10000,1.11111,normal
29.04000,-0.24531,5.55937,13.34687,0.31765,-0.07647,1.17647,normal
29.06000,0.09844,5.24687,12.78437,0.11176,-0.01765,1.11765,normal
29.08000,0.44219,4.93437,12.22187,-0.09412,0.04118,1.05882,normal
29.10000,2.03333,2.33333,7.96667,-0.30000,0.10000,1.00000,normal
29.12000,0.49663,5.98427,11.25169,0.71165,1.28738,0.48738,normal
29.14000,0.09213,6.09663,11.45393,0.57573,1.26796,0.46796,normal
29.16000,-0.31236,6.20899,11.65618,0.43981,1.24854,0.44854,normal
29.18000,-0.71685,6.32135,11.85843,0.30388,1.22913,0.42913,normal
29.20000,-0.77778,4.63333,10.12222,0.16796,1.20971,0.40971,normal
29.22000,-0.60941,3.18118,7.46706,-0.59000,1.01000,0.39000,normal
29.24000,-0.65647,3.08706,7.30235,-0.60000,0.97683,0.40000,normal
29.26000,-0.70353,2.99294,7.13765,-0.60000,0.95244,0.40000,normal
29.28000,-0.75059,2.89882,6.97294,-0.60000,0.92805,0.40000,normal
29.30000,-0.79765,2.80471,6.80824,-0.60000,0.90366,0.40000,normal
29.32000,-1.05714,3.19286,8.15357,-0.40000,0.39375,0.60000,normal
29.34000,-0.98571,3.01429,8.24286,-0.40000,0.37589,0.60000,normal
29.36000,-0.91429,2.83571,8.33214,-0.40000,0.35804,0.60000,normal
29.38000,-0.84286,2.65714,8.42143,-0.40000,0.34018,0.60000,normal
29.40000,-0.77143,2.47857,8.51071,-0.40000,0.32232,0.60000,normal
29.42000,-0.70000,2.30000,8.60000,-0.40000,0.30446,0.60000,normal
29.44000,-0.73711,3.75361,9.90000,-0.20000,0.20000,0.39091,normal
29.46000,-0.81959,3.65052,9.90000,-0.20000,0.20000,0.37071,normal
29.48000,-0.90206,3.54742,9.90000,-0.20000,0.20000,0.35051,normal
29.50000,-0.98454,3.44433,9.90000,-0.20000,0.20000,0.33030,normal
29.52000,-1.06701,3.34124,9.90000,-0.20000,0.20000,0.31010,normal
29.54000,-0.80723,3.10361,9.11446,0.10000,0.10000,0.10204,normal
29.56000,-0.85542,3.12771,9.21084,0.10000,0.10000,0.12245,normal
29.58000,-0.90361,3.15181,9.30723,0.10000,0.10000,0.14286,normal
29.60000,-0.95181,3.17590,9.40361,0.10000,0.10000,0.16327,normal
29.62000,-1.00000,3.20000,9.50000,0.10000,0.10000,0.18367,normal
29.64000,-0.94444,3.02222,8.74444,0.03333,0.03333,0.20000,normal
29.66000,-0.87805,2.95610,8.67805,-0.20658,-0.10000,0.20658,normal
29.68000,-0.85366,2.90732,8.65366,-0.23289,-0.10000,0.23289,normal
29.70000,-0.82927,2.85854,8.62927,-0.25921,-0.10000,0.25921,normal
29.72000,-0.80488,2.80976,8.60488,-0.28553,-0.10000,0.28553,normal
29.74000,-0.37273,2.96364,9.00909,-0.20361,-0.30361,0.40000,normal
29.76000,-0.30455,2.87273,9.03182,-0.22771,-0.32771,0.40000,normal
29.78000,-0.23636,2.78182,9.05455,-0.25181,-0.35181,0.40000,normal
29.80000,-0.16818,2.69091,9.07727,-0.27590,-0.37590,0.40000,normal
29.82000,-0.10000,2.60000,9.10000,-0.30000,-0.40000,0.40000,normal
29.84000,-0.30538,3.32903,10.91505,-0.42474,-0.38351,0.50000,normal
29.86000,-0.45591,2.94194,10.93656,-0.48660,-0.34227,0.50000,normal
29.88000,-0.60645,2.55484,10.95806,-0.54845,-0.30103,0.50000,normal
29.90000,-0.75699,2.16774,10.97957,-0.61031,-0.25979,0.50000,normal
29.92000,-0.55000,2.15000,10.75000,-0.67216,-0.21856,0.50000,normal
29.94000,0.19149,1.32766,8.75532,-0.63333,-0.40000,0.33333,normal
29.96000,-0.10638,0.79574,8.69149,-0.70000,-0.45333,0.24667,normal
29.98000,-0.40426,0.26383,8.62766,-0.71304,-0.47391,0.17391,normal
30.00000,-0.70213,-0.26809,8.56383,-0.75652,-0.38696,0.08696,normal
30.02000,-1.00000,-0.80000,8.50000,-0.80000,-0.30000,0.00000,normal
30.04000,0.08526,0.12632,7.48842,-1.20000,0.20000,-1.00000,normal
30.06000,0.06421,0.02105,7.61474,-1.26186,0.26186,-1.04124,normal
30.08000,0.04316,-0.08421,7.74105,-1.32371,0.32371,-1.08247,normal
30.10000,0.02211,-0.18947,7.86737,-1.38557,0.38557,-1.12371,normal
30.12000,0.00105,-0.29474,7.99368,-1.44742,0.44742,-1.16495,normal
30.14000,0.50000,-1.30000,5.90000,-1.80000,0.72500,-1.35000,normal
30.16000,-1.73333,-2.93333,7.16667,-2.16600,2.15200,-1.39600,normal
30.18000,-2.24314,-2.26667,7.59804,-1.80600,2.23200,-1.23600,normal
30.20000,-3.05000,-0.15000,7.05000,-1.30000,2.55000,-0.80000,normal
30.22000,-3.09444,-1.02333,6.61333,-2.13488,3.03256,-0.53488,normal
30.24000,-3.20556,-1.75667,6.74667,-2.04186,3.07907,-0.44186,normal
30.26000,-3.31667,-2.49000,6.88000,-1.94884,3.12558,-0.34884,normal
30.28000,-3.42778,-3.22333,7.01333,-1.85581,3.17209,-0.25581,normal
30.30000,-6.59794,-1.31856,7.27320,-1.20000,2.70000,0.35000,normal
30.32000,-6.57732,-1.50412,7.00515,-1.40153,2.60000,0.40000,normal
30.34000,-6.55670,-1.68969,6.73711,-1.50840,2.60000,0.40000,normal
30.36000,-6.53608,-1.87526,6.46907,-1.61527,2.60000,0.40000,normal
30.38000,-6.51546,-2.06082,6.20103,-1.72214,2.60000,0.40000,normal
30.40000,-6.52857,-2.45714,5.91429,-1.82901,2.60000,0.40000,normal
30.42000,-6.64286,-3.48571,5.57143,-1.93588,2.60000,0.40000,normal
30.44000,-10.07342,-3.20380,6.55063,-2.00000,2.66667,0.66667,normal
30.46000,-9.89620,-3.22911,6.22152,-1.39091,2.19697,1.20606,normal
30.48000,-9.71899,-3.25443,5.89241,-1.30000,2.16667,1.26667,normal
30.50000,-9.54177,-3.27975,5.56329,-1.20909,2.13636,1.32727,normal
30.52000,-9.57778,-3.25556,4.94444,-1.11818,2.10606,1.38788,normal
30.54000,-10.94687,-3.48438,4.60000,-0.94839,1.67419,1.70000,normal
30.56000,-11.04063,-3.45312,4.60000,-0.81935,1.60968,1.70000,normal
30.58000,-11.13438,-3.42187,4.60000,-0.69032,1.54516,1.70000,normal
30.60000,-11.70000,-2.75000,3.45000,-0.40077,0.89923,1.40000,normal
30.62000,-12.11633,-2.70000,3.31939,-0.41615,0.88385,1.40000,normal
30.64000,-12.23878,-2.70000,3.33980,-0.43154,0.86846,1.40000,normal
30.66000,-12.36122,-2.70000,3.36020,-0.44692,0.85308,1.40000,normal
30.68000,-12.48367,-2.70000,3.38061,-0.46231,0.83769,1.40000,normal
30.70000,-12.40000,-2.70000,3.60000,-0.47769,0.82231,1.40000,normal
30.72000,-9.45882,-2.50000,3.38627,-0.49308,0.80692,1.40000,normal
30.74000,-9.40000,-2.50000,3.36667,-0.55556,0.24444,0.76667,normal
30.76000,-9.34118,-2.50000,3.34706,-0.82192,0.10000,0.35616,normal
30.78000,-9.28235,-2.50000,3.32745,-0.84932,0.10000,0.30137,normal
30.80000,-9.22353,-2.50000,3.30784,-0.87671,0.10000,0.24658,normal
30.82000,-9.18000,-2.58000,3.14000,-0.90000,0.07692,0.13077,normal
30.84000,-9.02817,-2.67606,3.05211,-0.65455,-0.07273,-0.20000,normal
30.86000,-8.94366,-2.64789,2.99577,-0.44074,-0.22963,-0.20000,normal
30.88000,-8.85915,-2.61972,2.93944,-0.36667,-0.26667,-0.20000,normal
30.90000,-8.54000,-1.84000,3.00000,0.00000,-0.30000,-0.10000,normal
30.92000,-8.75217,-1.91739,2.71739,-0.20000,-0.20000,-0.01319,normal
30.94000,-8.81739,-1.93913,2.73913,-0.20000,-0.20000,-0.03516,normal
30.96000,-8.88261,-1.96087,2.76087,-0.20000,-0.20000,-0.05714,normal
30.98000,-8.94783,-1.98261,2.78261,-0.20000,-0.20000,-0.07912,normal
31.00000,-9.80000,-2.30000,2.50000,-0.25000,-0.20000,-0.10000,normal
31.02000,-9.92632,-1.98684,2.21316,-0.10000,-0.31069,-0.31069,normal
31.04000,-9.96140,-1.96930,2.23070,-0.10000,-0.32595,-0.32595,normal
31.06000,-9.99649,-1.95175,2.24825,-0.10000,-0.34122,-0.34122,normal
31.08000,-10.03158,-1.93421,2.26579,-0.10000,-0.35649,-0.35649,normal
31.10000,-10.06667,-1.91667,2.28333,-0.10000,-0.37176,-0.37176,normal
31.12000,-10.20000,-1.90000,2.30000,-0.10000,-0.38702,-0.38702,normal
31.14000,-9.45556,-2.30000,1.93333,-0.30000,-0.30000,-0.50000,normal
31.16000,-9.29157,-2.30000,1.85663,-0.45952,-0.30000,-0.62024,normal
31.18000,-9.17108,-2.30000,1.80843,-0.41190,-0.30000,-0.64405,normal
31.20000,-9.05060,-2.30000,1.76024,-0.36429,-0.30000,-0.66786,normal
31.22000,-8.93012,-2.30000,1.71205,-0.31667,-0.30000,-0.69167,normal
31.24000,-9.10000,-1.98372,2.10814,0.50118,0.00000,-0.49882,normal
31.26000,-9.10000,-1.93721,2.13140,0.52471,0.00000,-0.47529,normal
31.28000,-9.10000,-1.89070,2.15465,0.54824,0.00000,-0.45176,normal
31.30000,-9.10000,-1.84419,2.17791,0.57176,0.00000,-0.42824,normal
31.32000,-9.05000,-1.75000,2.25000,0.59529,0.00000,-0.40471,normal
31.34000,-9.12045,-2.02045,2.68977,0.27978,0.10000,0.10000,normal
31.36000,-9.16591,-2.06591,2.66705,0.23483,0.10000,0.10000,normal
31.38000,-9.21136,-2.11136,2.64432,0.18989,0.10000,0.10000,normal
31.40000,-9.25682,-2.15682,2.62159,0.14494,0.10000,0.10000,normal
31.42000,-9.25000,-2.25000,2.60000,0.10000,0.10000,0.10000,normal
31.44000,-9.20000,-2.70000,2.70000,0.01373,0.10000,0.10000,normal
31.46000,-9.20000,-2.70000,2.70000,0.03333,0.10000,0.10000,normal
31.48000,-9.20000,-2.70000,2.70000,0.05294,0.10000,0.10000,normal
31.50000,-9.20000,-2.70000,2.70000,0.07255,0.10000,0.10000,normal
31.52000,-9.15000,-2.70000,2.70000,0.09216,0.10000,0.10000,normal
31.54000,-9.00000,-2.69294,2.60000,0.15294,0.10000,0.20000,normal
31.56000,-9.00000,-2.66941,2.60000,0.10000,0.00000,0.20000,normal
31.58000,-9.00000,-2.64588,2.60000,0.10000,0.00000,0.20000,normal
31.60000,-9.00000,-2.62235,2.60000,0.10000,0.00000,0.20000,normal
31.62000,-9.00000,-2.60000,2.55000,0.10000,0.00000,0.20000,normal
31.64000,-9.20000,-2.80000,2.41209,0.00000,0.00000,0.10000,normal
31.66000,-9.20000,-2.80000,2.43407,0.00000,0.00000,0.10000,normal
31.68000,-9.20000,-2.80000,2.45604,0.00000,0.00000,0.10000,normal
31.70000,-9.20000,-2.80000,2.47802,0.00000,0.00000,0.10000,normal
31.72000,-9.20000,-2.80000,2.50000,0.00000,0.00000,0.10000,normal
31.74000,-9.10000,-2.70000,2.30000,0.01398,0.00000,0.00000,normal
31.76000,-9.10000,-2.70000,2.30000,0.03548,0.00000,0.00000,normal
31.78000,-9.10000,-2.70000,2.30000,0.05699,0.00000,0.00000,normal
31.80000,-9.10000,-2.70000,2.30000,0.07849,0.00000,0.00000,normal
31.82000,-9.05000,-2.65000,2.35000,0.10000,0.00000,0.00000,normal
31.84000,-9.21522,-2.50000,2.31522,0.08716,0.10000,0.00000,normal
31.86000,-9.23696,-2.50000,2.33696,0.06881,0.10000,0.00000,normal
31.88000,-9.25870,-2.50000,2.35870,0.05046,0.10000,0.00000,normal
31.90000,-9.28043,-2.50000,2.38043,0.03211,0.10000,0.00000,normal
31.92000,-9.30000,-2.50000,2.38182,0.01376,0.10000,0.00000,normal
31.94000,-9.40000,-2.40000,2.40000,0.00000,0.10000,0.00000,normal
31.96000,-9.40000,-2.40000,2.40000,0.00000,0.00000,0.00000,normal
31.98000,-9.40000,-2.40000,2.40000,0.00000,0.00000,0.00000,normal
32.00000,-9.40000,-2.40000,2.40000,0.00000,0.00000,0.00000,normal
32.02000,-9.40000,-2.40000,2.40000,0.00000,0.00000,0.00000,normal
32.04000,-9.28876,-2.30000,2.50000,0.00000,0.00000,-0.09495,normal
32.06000,-9.26629,-2.30000,2.50000,0.00000,0.00000,-0.07475,normal
32.08000,-9.24382,-2.30000,2.50000,0.00000,0.00000,-0.05455,normal
32.10000,-9.22135,-2.30000,2.50000,0.00000,0.00000,-0.03434,normal
32.12000,-9.20000,-2.35000,2.50000,0.00000,0.00000,-0.01414,normal
32.14000,-9.30000,-2.60123,2.50000,0.00000,0.00000,0.00000,normal
32.16000,-9.30000,-2.62593,2.50000,0.00000,0.00000,0.00000,normal
32.18000,-9.30000,-2.65062,2.50000,0.00000,0.00000,0.00000,normal
32.20000,-9.30000,-2.67531,2.50000,0.00000,0.00000,0.00000,normal
32.22000,-9.30000,-2.70000,2.50000,0.00000,0.00000,0.00000,normal
32.24000,-9.51111,-3.22222,2.93333,0.20703,-0.10703,-0.20000,normal
32.26000,-9.52821,-3.25641,2.98462,0.22266,-0.12266,-0.20000,normal
32.28000,-9.54530,-3.29060,3.03590,0.23828,-0.13828,-0.20000,normal
32.30000,-9.56239,-3.32479,3.08718,0.25391,-0.15391,-0.20000,normal
32.32000,-9.57949,-3.35897,3.13846,0.26953,-0.16953,-0.20000,normal
32.34000,-9.59658,-3.39316,3.18974,0.28516,-0.18516,-0.20000,normal
32.36000,-9.95000,-3.50000,3.85000,0.30833,-0.20833,-0.20833,normal
32.38000,-9.85455,-3.70909,4.27273,0.22222,-0.55556,-0.47778,normal
32.40000,-9.92273,-3.84545,4.36364,0.07778,-0.72222,-0.72222,normal
32.42000,-9.99091,-3.98182,4.45455,0.05000,-0.75000,-0.75000,normal
32.44000,-10.05909,-4.11818,4.54545,0.02222,-0.77778,-0.77778,normal
32.46000,-10.20000,-4.90000,5.30000,0.90000,-1.20000,-1.10000,normal
32.48000,-9.87143,-5.29286,5.60000,1.18421,-1.62807,-1.20000,normal
32.50000,-9.72857,-5.50714,5.60000,1.28947,-1.66316,-1.20000,normal
32.52000,-9.50000,-6.55000,5.40000,1.39474,-1.69825,-1.20000,normal
32.54000,-8.67143,-4.65714,6.55714,2.17308,-2.12692,-1.20000,normal
32.56000,-8.62747,-4.59121,6.49121,2.13462,-2.16538,-1.20000,normal
32.58000,-8.58352,-4.52527,6.42527,2.09615,-2.20385,-1.20000,normal
32.60000,-8.53956,-4.45934,6.35934,2.05769,-2.24231,-1.20000,normal
32.62000,-7.60000,-3.50000,6.00000,2.01923,-2.28077,-1.20000,normal
32.64000,-4.88421,-3.00000,6.11579,2.49674,-2.49674,-0.99674,normal
32.66000,-4.86316,-3.00000,6.13684,2.47500,-2.47500,-0.97500,normal
32.68000,-4.84211,-3.00000,6.15789,2.45326,-2.45326,-0.95326,normal
32.70000,-4.82105,-3.00000,6.17895,2.43152,-2.43152,-0.93152,normal
32.72000,-4.80000,-3.00000,6.20000,2.40978,-2.40978,-0.90978,normal
32.74000,-2.18810,-0.39405,6.85357,2.56923,-2.31538,-0.73077,normal
32.76000,-2.14048,-0.37024,7.06786,1.77162,-2.07162,-0.49054,normal
32.78000,-2.09286,-0.34643,7.28214,1.69054,-1.99054,-0.46351,normal
32.80000,-2.04524,-0.32262,7.49643,1.60946,-1.90946,-0.43649,normal
32.82000,-2.06667,-0.36667,7.75000,1.52838,-1.82838,-0.40946,normal
32.84000,-1.46854,0.53146,8.36854,1.00000,-1.20000,-0.30000,normal
32.86000,-1.37865,0.62135,8.27865,0.95122,-1.15122,-0.30000,normal
32.88000,-1.28876,0.71124,8.18876,0.90244,-1.10244,-0.30000,normal
32.90000,-1.19888,0.80112,8.09888,0.85366,-1.05366,-0.30000,normal
32.92000,-1.10899,0.89101,8.00899,0.80488,-1.00488,-0.30000,normal
32.94000,-1.47624,1.60000,9.05941,0.38868,-0.58868,-0.30000,normal
32.96000,-1.43663,1.60000,9.15842,0.35094,-0.55094,-0.30000,normal
32.98000,-1.39703,1.60000,9.25743,0.31321,-0.51321,-0.30000,normal
33.00000,-1.35743,1.60000,9.35644,0.27547,-0.47547,-0.30000,normal
33.02000,-1.31782,1.60000,9.45545,0.23774,-0.43774,-0.30000,normal
33.04000,-1.04545,0.96364,10.41818,0.20000,-0.40000,-0.30000,normal
33.06000,-0.94690,1.07345,10.54690,0.15238,-0.35238,-0.25238,normal
33.08000,-0.87611,1.03805,10.47611,0.10476,-0.30476,-0.20476,normal
33.10000,-0.80531,1.00265,10.40531,0.30000,-0.41818,0.08182,normal
33.12000,-0.73451,0.96726,10.33451,0.30000,-0.44416,0.05584,normal
33.14000,-0.66372,0.93186,10.26372,0.30000,-0.47013,0.02987,normal
33.16000,0.10000,0.30000,9.90000,0.30000,-0.49610,0.00390,normal
33.18000,0.32222,0.43889,10.50556,0.40000,-0.62037,-0.12037,normal
33.20000,0.61852,0.62407,10.24630,0.40000,-0.65741,-0.15741,normal
33.22000,1.00000,0.75000,9.80000,0.40000,-0.69444,-0.19444,normal
33.24000,1.11222,0.96111,8.86333,0.30761,-0.50000,-0.30000,normal
33.26000,1.13444,1.07222,8.79667,0.32935,-0.50000,-0.30000,normal
33.28000,1.15667,1.18333,8.73000,0.35109,-0.50000,-0.30000,normal
33.30000,1.17889,1.29444,8.66333,0.37283,-0.50000,-0.30000,normal
33.32000,1.20000,1.55000,8.50000,0.39457,-0.50000,-0.30000,normal
33.34000,0.90000,1.38977,9.42045,0.20673,-0.10000,-0.30000,normal
33.36000,0.90000,1.36705,9.46591,0.22596,-0.10000,-0.30000,normal
33.38000,0.90000,1.34432,9.51136,0.24519,-0.10000,-0.30000,normal
33.40000,0.90000,1.32159,9.55682,0.26442,-0.10000,-0.30000,normal
33.42000,0.85000,1.45000,9.50000,0.28365,-0.10000,-0.30000,normal
33.44000,0.70000,1.46667,9.96667,0.20000,0.00000,-0.20000,normal
33.46000,0.84533,1.40933,9.95467,0.09524,0.09524,-0.10000,normal
33.48000,0.89867,1.30267,9.90133,0.06349,0.06349,-0.10000,normal
33.50000,0.95200,1.19600,9.84800,0.03175,0.03175,-0.10000,normal
33.52000,1.00000,1.20000,9.80000,0.00000,0.00000,-0.10000,normal
33.54000,1.10000,1.83978,9.76989,-0.10000,0.00000,-0.08889,normal
33.56000,1.10000,1.75376,9.72688,-0.10000,0.00000,-0.06667,normal
33.58000,1.10000,1.66774,9.68387,-0.10000,0.00000,-0.04444,normal
33.60000,1.10000,1.58172,9.64086,-0.10000,0.00000,-0.02222,normal
33.62000,1.00000,1.50000,9.80000,-0.10000,0.00000,-0.00000,normal
33.64000,0.85484,1.46989,9.51505,0.00000,-0.00968,0.00000,normal
33.66000,0.79032,1.42688,9.53656,0.00000,-0.03118,0.00000,normal
33.68000,0.72581,1.38387,9.55806,0.00000,-0.05269,0.00000,normal
33.70000,0.66129,1.34086,9.57957,0.00000,-0.07419,0.00000,normal
33.72000,0.80000,1.20000,9.65000,0.00000,-0.09570,0.00000,normal
33.74000,0.98000,1.62000,9.61000,0.10000,0.00000,-0.10000,normal
33.76000,0.93556,1.66444,9.63222,0.10000,0.00000,-0.10000,normal
33.78000,0.89111,1.70889,9.65444,0.10000,0.00000,-0.10000,normal
33.80000,0.84667,1.75333,9.67667,0.10000,0.00000,-0.10000,normal
33.82000,0.80222,1.79778,9.69889,0.10000,0.00000,-0.10000,normal
33.84000,1.07143,1.92857,9.74286,0.10000,0.00000,-0.10000,normal
