timestamp,accel_x,accel_y,accel_z,gyro_x,gyro_y,gyro_z,label
0.00000,0.70000,3.30000,10.30000,0.00000,0.20000,0.30000,normal
0.02000,0.16087,3.38261,9.24130,-0.07021,0.07021,0.10000,normal
0.04000,0.07391,3.12174,9.11087,-0.02766,0.02766,0.10000,normal
0.06000,0.20000,3.20000,9.20000,0.00000,0.00000,0.00000,normal
0.08000,0.43478,2.86522,9.30000,0.00000,0.00000,0.00000,normal
0.10000,0.47826,2.82174,9.30000,0.00000,0.00000,0.00000,normal
0.12000,0.52174,2.77826,9.30000,0.00000,0.00000,0.00000,normal
0.14000,0.56522,2.73478,9.30000,0.00000,0.00000,0.00000,normal
0.16000,0.31429,2.87143,9.24286,0.10000,0.00000,0.00000,normal
0.18000,0.01348,3.18652,9.30000,0.00000,0.00000,0.00000,normal
0.20000,0.03596,3.16404,9.30000,0.00000,0.00000,0.00000,normal
0.22000,0.05843,3.14157,9.30000,0.00000,0.00000,0.00000,normal
0.24000,0.08090,3.11910,9.30000,0.00000,0.00000,0.00000,normal
0.26000,0.00000,3.20000,9.10000,0.00000,0.00000,0.00000,normal
0.28000,0.00909,3.20000,9.19091,0.00000,0.00000,0.00000,normal
0.30000,0.03939,3.20000,9.16061,0.00000,0.00000,0.00000,normal
0.32000,0.06970,3.20000,9.13030,0.00000,0.00000,0.00000,normal
0.34000,0.10000,3.20000,9.10000,0.00000,0.00000,0.00000,normal
0.36000,0.00000,3.11261,9.21261,0.00000,0.00000,0.00000,normal
0.38000,0.00000,3.13063,9.23063,0.00000,0.00000,0.00000,normal
0.40000,0.00000,3.14865,9.24865,0.00000,0.00000,0.00000,normal
0.42000,0.00000,3.16667,9.26667,0.00000,0.00000,0.00000,normal
0.44000,0.00000,3.18468,9.28468,0.00000,0.00000,0.00000,normal
0.46000,0.00000,3.25000,9.30000,0.00000,0.00000,0.00000,normal
0.48000,-0.02603,3.17397,9.30000,0.00000,0.00000,0.00000,normal
0.50000,-0.05342,3.14658,9.30000,0.00000,0.00000,0.00000,normal
0.52000,-0.08082,3.11918,9.30000,0.00000,0.00000,0.00000,normal
0.54000,0.06667,3.23333,9.30000,0.00000,0.00000,0.00000,normal
0.56000,0.00000,3.20000,9.10000,-0.10000,0.00000,0.00000,normal
0.58000,0.00000,3.20000,9.10000,-0.10000,0.00000,0.00000,normal
0.60000,0.00000,3.20000,9.10000,-0.10000,0.00000,0.00000,normal
0.62000,0.00000,3.20000,9.10000,-0.10000,0.00000,0.00000,normal
0.64000,0.00000,3.20000,9.10000,-0.10000,0.00000,0.00000,normal
0.66000,0.05000,3.00000,9.10000,-0.10000,0.00000,0.00000,normal
0.68000,0.08041,3.03918,9.10000,-0.10000,0.00787,0.10000,normal
0.70000,0.05979,3.08041,9.10000,-0.10000,0.03034,0.10000,normal
0.72000,0.03918,3.12165,9.10000,-0.10000,0.05281,0.10000,normal
0.74000,0.01856,3.16289,9.10000,-0.10000,0.07528,0.10000,normal
0.76000,-0.10000,3.10000,9.20000,-0.10000,0.09775,0.10000,normal
0.78000,-0.11538,3.44615,8.98462,-0.21099,0.10000,0.11099,normal
0.80000,-0.13736,3.51209,8.96264,-0.23297,0.10000,0.13297,normal
0.82000,-0.15934,3.57802,8.94066,-0.25495,0.10000,0.15495,normal
0.84000,-0.18132,3.64396,8.91868,-0.27692,0.10000,0.17692,normal
0.86000,-0.65000,3.65000,8.40000,-0.29890,0.10000,0.19890,normal
0.88000,-0.70000,3.87670,6.66117,-1.01649,0.31649,0.70825,normal
0.90000,-0.70000,3.81845,6.56408,-1.05773,0.35773,0.72887,normal
0.92000,-0.70000,3.76019,6.46699,-1.09897,0.39897,0.74948,normal
0.94000,-0.70000,3.70194,6.36990,-1.14021,0.44021,0.77010,normal
0.96000,-0.70000,3.64369,6.27282,-1.18144,0.48144,0.79072,normal
0.98000,-1.40000,2.90000,5.80000,-2.92637,1.40879,1.41319,normal
1.00000,-1.55584,2.77013,5.72208,-3.05824,1.45275,1.47912,normal
1.02000,-1.71169,2.64026,5.64416,-3.19011,1.49670,1.54505,normal
1.04000,-1.86753,2.51039,5.56623,-3.32198,1.54066,1.61099,normal
1.06000,-2.90000,0.60000,4.30000,-3.45385,1.58462,1.67692,normal
1.08000,-4.62278,-1.11772,2.98987,-4.24286,2.24286,2.34286,normal
1.10000,-4.85063,-1.29494,2.88861,-4.32000,2.52000,2.76000,normal
1.12000,-5.07848,-1.47215,2.78734,-4.34857,2.54857,2.84571,normal
1.14000,-5.30633,-1.64937,2.68608,-4.37714,2.57714,2.93143,normal
1.16000,-6.94000,-2.06000,1.84000,-4.98000,2.92000,3.54000,normal
1.18000,-11.44667,-2.70111,0.25667,-6.08140,3.11628,3.93256,normal
1.20000,-11.98000,-2.85667,0.19000,-6.19767,3.13953,3.97907,normal
1.22000,-12.51333,-3.01222,0.12333,-6.31395,3.16279,4.02558,normal
1.24000,-13.04667,-3.16778,0.05667,-6.43023,3.18605,4.07209,normal
1.26000,-19.10000,-5.90000,0.00000,-3.48421,1.59386,4.69035,normal
1.28000,-20.92128,-13.89149,1.28830,-3.16842,1.47105,4.49737,normal
1.30000,-20.24043,-15.76383,1.86277,-2.85263,1.34825,4.30439,normal
1.32000,-19.55957,-17.63617,2.43723,-2.53684,1.22544,4.11140,normal
1.34000,-18.87872,-19.50851,3.01170,-2.22105,1.10263,3.91842,normal
1.36000,-17.70000,-19.77368,2.47368,-1.90526,0.97982,3.72544,normal
1.38000,-9.90000,3.50000,2.90000,-1.81124,1.09551,0.09888,normal
1.40000,-10.14605,-3.23553,1.11053,-2.03596,1.00562,0.07640,normal
1.42000,-10.43553,-3.63026,1.00526,-2.26067,0.91573,0.05393,normal
1.44000,-10.72500,-4.02500,0.90000,-2.48539,0.82584,0.03146,normal
1.46000,-11.10000,-4.95000,0.35000,-2.71011,0.73596,0.00899,normal
1.48000,-8.89231,-7.88718,-1.69359,-4.10000,-0.80000,0.00000,normal
1.50000,-8.73846,-7.63077,-1.56538,-2.99429,-0.87429,0.00000,normal
1.52000,-8.58462,-7.37436,-1.43718,-2.76571,-0.84571,0.00000,normal
1.54000,-8.43077,-7.11795,-1.30897,-2.53714,-0.81714,0.00000,normal
1.56000,-8.80000,-6.50000,0.10000,-0.10000,-0.25000,-0.15000,normal
1.58000,-8.80000,-6.81053,1.21789,0.27234,-0.04574,-0.10000,normal
1.60000,-8.80000,-6.70526,1.23895,0.35745,0.01809,-0.10000,normal
1.62000,-8.80000,-6.60000,1.26000,0.44255,0.08191,-0.10000,normal
1.64000,-8.80000,-6.49474,1.28105,0.52766,0.14574,-0.10000,normal
1.66000,-8.90000,-5.60000,1.10000,1.26000,0.54000,-0.14000,normal
1.68000,-10.02697,-5.15955,0.07303,1.96897,0.70000,-0.41724,normal
1.70000,-10.07191,-5.09213,0.02809,2.06092,0.70000,-0.44023,normal
1.72000,-10.11685,-5.02472,-0.01685,2.15287,0.70000,-0.46322,normal
1.74000,-10.16180,-4.95730,-0.06180,2.24483,0.70000,-0.48621,normal
1.76000,-10.30000,-3.80000,0.10000,2.80000,0.30000,-0.75000,normal
1.78000,-10.51828,-2.57204,0.47312,2.78318,-0.05047,-0.81682,normal
1.80000,-10.53978,-2.42151,0.55914,2.76449,-0.10654,-0.83551,normal
1.82000,-10.56129,-2.27097,0.64516,2.74579,-0.16262,-0.85421,normal
1.84000,-10.58280,-2.12043,0.73118,2.72710,-0.21869,-0.87290,normal
1.86000,-10.64211,-1.85263,0.86316,2.70841,-0.27477,-0.89159,normal
1.88000,-12.50000,-0.50000,1.40000,2.10000,-0.60000,-1.10000,normal
1.90000,-12.06098,-0.57317,1.52195,0.23377,-1.08312,-1.24156,normal
1.92000,-11.62195,-0.64634,1.64390,0.02597,-1.18701,-1.29351,normal
1.94000,-11.18293,-0.71951,1.76585,-0.18182,-1.29091,-1.34545,normal
1.96000,-10.74390,-0.79268,1.88780,-0.38961,-1.39481,-1.39740,normal
1.98000,-9.11905,-2.33810,0.23810,-1.87303,-1.17303,-1.57303,normal
2.00000,-9.16667,-2.43333,0.33333,-1.82809,-1.12809,-1.52809,normal
2.02000,-9.21429,-2.52857,0.42857,-1.78315,-1.08315,-1.48315,normal
2.04000,-9.26190,-2.62381,0.52381,-1.73820,-1.03820,-1.43820,normal
2.06000,-8.20000,-3.10000,1.40000,-1.05000,-0.95000,-1.00000,normal
2.08000,-6.77391,-3.16087,1.48696,-0.46800,-0.56800,-0.05200,normal
2.10000,-6.73043,-3.09565,1.46522,-0.42800,-0.52800,0.00800,normal
2.12000,-6.68696,-3.03043,1.44348,-0.38800,-0.48800,0.06800,normal
2.14000,-6.64348,-2.96522,1.42174,-0.34800,-0.44800,0.12800,normal
2.16000,-6.60000,-2.90000,1.40000,-0.30800,-0.40800,0.18800,normal
2.18000,-7.41461,-2.72921,1.11461,0.00000,0.30506,0.90506,normal
2.20000,-7.43708,-2.77416,1.13708,0.00000,0.33038,0.93038,normal
2.22000,-7.45955,-2.81910,1.15955,0.00000,0.35570,0.95570,normal
2.24000,-7.48202,-2.86404,1.18202,0.00000,0.38101,0.98101,normal
2.26000,-7.56000,-2.92000,1.34000,-0.03571,0.43571,1.03571,normal
2.28000,-7.14468,-2.72553,2.88511,-0.35000,0.40000,0.90000,normal
2.30000,-7.20851,-2.61915,2.86383,-0.51667,0.40000,0.90000,normal
2.32000,-7.27234,-2.51277,2.84255,-0.68333,0.40000,0.90000,normal
2.34000,-7.33617,-2.40638,2.82128,-0.85000,0.40000,0.90000,normal
2.36000,-7.40000,-2.30000,2.80000,-1.70000,0.30000,0.70000,normal
2.38000,-7.91222,-5.33889,1.12444,-0.27442,0.10000,0.50000,normal
2.40000,-7.93444,-5.22778,1.16889,-0.06512,0.10000,0.50000,normal
2.42000,-7.95667,-5.11667,1.21333,0.14419,0.10000,0.50000,normal
2.44000,-7.97889,-5.00556,1.25778,0.35349,0.10000,0.50000,normal
2.46000,-8.05000,-4.65000,1.35000,1.56667,0.40000,0.60000,normal
2.48000,-8.91563,-3.30000,1.91563,1.37000,0.40000,0.58500,normal
2.50000,-8.93646,-3.30000,1.93646,1.33000,0.40000,0.56500,normal
2.52000,-8.95729,-3.30000,1.95729,1.29000,0.40000,0.54500,normal
2.54000,-8.97813,-3.30000,1.97813,1.25000,0.40000,0.52500,normal
2.56000,-8.99896,-3.30000,1.99896,1.21000,0.40000,0.50500,normal
2.58000,-14.64286,-4.31905,1.70000,0.30641,0.69359,0.40000,normal
2.60000,-14.85714,-4.41429,1.70000,0.33205,0.66795,0.40000,normal
2.62000,-15.07143,-4.50952,1.70000,0.35769,0.64231,0.40000,normal
2.64000,-15.28571,-4.60476,1.70000,0.38333,0.61667,0.40000,normal
2.66000,-15.50000,-4.70000,1.70000,-0.20000,0.30000,-0.30000,normal
2.68000,-10.04348,-2.65217,0.49565,-0.20000,0.34211,-0.32105,normal
2.70000,-11.34783,-2.71739,0.36522,-0.20000,0.38421,-0.34211,normal
2.72000,-12.65217,-2.78261,0.23478,-0.20000,0.42632,-0.36316,normal
2.74000,-13.95652,-2.84783,0.10435,-0.20000,0.46842,-0.38421,normal
2.76000,-13.10000,-3.60000,1.40000,-0.30000,-0.75000,-0.50000,normal
2.78000,-11.20522,-3.56348,0.80000,-0.88487,-0.73025,-0.63025,normal
2.80000,-10.92696,-3.51130,0.80000,-0.86807,-0.76387,-0.66387,normal
2.82000,-10.64870,-3.45913,0.80000,-0.85126,-0.79748,-0.69748,normal
2.84000,-10.37043,-3.40696,0.80000,-0.83445,-0.83109,-0.73109,normal
2.86000,-10.09217,-3.35478,0.80000,-0.81765,-0.86471,-0.76471,normal
2.88000,-9.81391,-3.30261,0.80000,-0.80084,-0.89832,-0.79832,normal
2.90000,-7.03043,-3.22319,0.32319,-0.87209,-0.30000,-0.78605,normal
2.92000,-6.85652,-3.28116,0.38116,-0.82558,-0.30000,-0.76279,normal
2.94000,-6.68261,-3.33913,0.43913,-0.77907,-0.30000,-0.73953,normal
2.96000,-6.50870,-3.39710,0.49710,-0.73256,-0.30000,-0.71628,normal
2.98000,-6.58235,-3.81765,0.86471,0.04000,0.10000,-0.28000,normal
3.00000,-6.35714,-3.43571,1.20000,0.90926,0.20000,0.10926,normal
3.02000,-6.30000,-3.35000,1.20000,0.94630,0.20000,0.14630,normal
3.04000,-6.24286,-3.26429,1.20000,0.98333,0.20000,0.18333,normal
3.06000,-6.70000,-2.20000,1.50000,0.54343,0.08586,0.09293,normal
3.08000,-6.76250,-2.07500,1.58333,0.38182,0.04545,0.07273,normal
3.10000,-6.82500,-1.95000,1.66667,0.22020,0.00505,0.05253,normal
3.12000,-6.88750,-1.82500,1.75000,0.05859,-0.03535,0.03232,normal
3.14000,-6.95000,-1.70000,1.83333,-0.10303,-0.07576,0.01212,normal
3.16000,-6.90000,-3.15000,0.65000,-0.60000,-0.20000,-0.10000,normal
3.18000,-7.53656,-3.39140,0.96344,-0.56552,-0.08276,0.01724,normal
3.20000,-7.57957,-3.49892,0.92043,-0.51954,-0.05977,0.04023,normal
3.22000,-7.62258,-3.60645,0.87742,-0.47356,-0.03678,0.06322,normal
3.24000,-7.66559,-3.71398,0.83441,-0.42759,-0.01379,0.08621,normal
3.26000,-12.40000,-4.40000,0.40000,0.30577,0.48654,1.19808,normal
3.28000,-18.16739,-5.70000,-0.24457,0.36346,0.35192,1.17885,normal
3.30000,-17.77609,-5.70000,-0.17935,0.42115,0.21731,1.15962,normal
3.32000,-17.38478,-5.70000,-0.11413,0.47885,0.08269,1.14038,normal
3.34000,-16.99348,-5.70000,-0.04891,0.53654,-0.05192,1.12115,normal
3.36000,-11.90000,-3.50000,0.70000,0.59423,-0.18654,1.10192,normal
3.38000,-15.05854,-2.68537,1.10976,0.80000,0.94000,0.22000,normal
3.40000,-14.25366,-2.63659,1.47561,0.82254,0.76479,0.03239,normal
3.42000,-13.44878,-2.58780,1.84146,0.85070,0.59577,-0.05211,normal
3.44000,-12.64390,-2.53902,2.20732,0.87887,0.42676,-0.13662,normal
3.46000,-8.64000,-2.22000,3.58000,-0.13333,0.23333,-0.53333,normal
3.48000,-8.78222,-2.51556,2.56889,-0.46552,0.13103,-0.48276,normal
3.50000,-8.47111,-2.53778,2.52444,-0.41954,0.03908,-0.45977,normal
3.52000,-8.16000,-2.56000,2.48000,-0.37356,-0.05287,-0.43678,normal
3.54000,-7.84889,-2.58222,2.43556,-0.32759,-0.14483,-0.41379,normal
3.56000,-4.95000,-1.75000,1.75000,1.30000,-0.60000,0.40000,normal
3.58000,-4.85000,-1.42500,1.65000,1.42714,-0.39143,0.60000,normal
3.60000,-5.14412,-1.33676,1.70882,1.45571,-0.27714,0.60000,normal
3.62000,-5.43824,-1.24853,1.76765,1.48429,-0.16286,0.60000,normal
3.64000,-8.00000,-0.15000,3.50000,-1.00000,0.40000,0.40000,normal
3.66000,-8.42500,-2.28036,2.25536,-1.08333,0.41667,0.38333,normal
3.68000,-8.67500,-2.36964,2.09464,-1.16667,0.43333,0.36667,normal
3.70000,-8.92500,-2.45893,1.93393,-1.25000,0.45000,0.35000,normal
3.72000,-9.17500,-2.54821,1.77321,-1.33333,0.46667,0.33333,normal
3.74000,-9.42500,-2.63750,1.61250,-1.41667,0.48333,0.31667,normal
3.76000,-9.36000,-3.90000,0.98000,-1.50000,0.50000,0.30000,normal
3.78000,-9.02692,-4.24038,0.77308,-0.96465,-0.10000,-0.10000,normal
3.80000,-9.06538,-4.29808,0.73462,-0.86364,-0.10000,-0.10000,normal
3.82000,-9.10385,-4.35577,0.69615,-0.76263,-0.10000,-0.10000,normal
3.84000,-9.14231,-4.41346,0.65769,-0.66162,-0.10000,-0.10000,normal
3.86000,-9.18077,-4.47115,0.61923,-0.56061,-0.10000,-0.10000,normal
3.88000,-9.20000,-3.10000,1.45000,0.10000,0.49770,-0.29885,normal
3.90000,-13.17791,-3.89884,1.41977,0.10000,0.45172,-0.27586,normal
3.92000,-13.38721,-4.01512,1.44302,0.10000,0.40575,-0.25287,normal
3.94000,-13.59651,-4.13140,1.46628,0.10000,0.35977,-0.22989,normal
3.96000,-13.80581,-4.24767,1.48953,0.10000,0.31379,-0.20690,normal
3.98000,-15.13418,-3.30000,-0.08101,0.40000,0.01905,-0.10000,normal
4.00000,-15.36203,-3.30000,0.04557,0.40000,0.06667,-0.10000,normal
4.02000,-15.58987,-3.30000,0.17215,0.40000,0.11429,-0.10000,normal
4.04000,-15.81772,-3.30000,0.29873,0.40000,0.16190,-0.10000,normal
4.06000,-10.15000,-2.40000,1.55000,-0.10000,-0.50000,-0.40000,normal
4.08000,-7.92283,-2.11848,1.50000,-0.53019,-0.51509,-0.63019,normal
4.10000,-7.59674,-2.14022,1.50000,-0.56792,-0.53396,-0.66792,normal
4.12000,-7.27065,-2.16196,1.50000,-0.60566,-0.55283,-0.70566,normal
4.14000,-6.94457,-2.18370,1.50000,-0.64340,-0.57170,-0.74340,normal
4.16000,-6.32500,-2.20000,1.50000,-0.68113,-0.59057,-0.78113,normal
4.18000,-5.77978,-2.71011,1.20000,-0.80000,-0.41111,-0.90000,normal
4.20000,-5.73483,-2.73258,1.20000,-0.55942,-0.32029,-0.75942,normal
4.22000,-5.68989,-2.75506,1.20000,-0.50145,-0.34928,-0.70145,normal
4.24000,-5.64494,-2.77753,1.20000,-0.44348,-0.37826,-0.64348,normal
4.26000,-5.60000,-2.80000,1.20000,0.00000,-0.40000,0.00000,normal
4.28000,-6.65333,-2.76889,1.11556,0.06739,-0.50000,0.11630,normal
4.30000,-6.58667,-2.72444,1.13778,0.02391,-0.50000,0.13804,normal
4.32000,-6.52000,-2.68000,1.16000,-0.01957,-0.50000,0.15978,normal
4.34000,-6.45333,-2.63556,1.18222,-0.06304,-0.50000,0.18152,normal
4.36000,-6.45714,-2.54286,1.02857,-0.70000,-0.30000,0.40000,normal
4.38000,-7.11364,-2.94091,1.10000,-1.01910,-0.18090,0.41910,normal
4.40000,-7.13636,-3.00909,1.10000,-1.04157,-0.15843,0.44157,normal
4.42000,-7.15909,-3.07727,1.10000,-1.06404,-0.13596,0.46404,normal
4.44000,-7.18182,-3.14545,1.10000,-1.08652,-0.11348,0.48652,normal
4.46000,-8.85000,-4.25000,0.95000,-0.70000,0.60000,0.80000,normal
4.48000,-13.62151,-5.09140,0.71828,-0.13200,1.00000,1.11700,normal
4.50000,-14.35269,-5.19892,0.73978,-0.05200,1.00000,1.13700,normal
4.52000,-15.08387,-5.30645,0.76129,0.02800,1.00000,1.15700,normal
4.54000,-15.81505,-5.41398,0.78280,0.10800,1.00000,1.17700,normal
4.56000,-17.15556,-5.58889,0.88889,0.18800,1.00000,1.19700,normal
4.58000,-14.98837,-2.97674,1.77674,0.60000,0.30000,1.20000,normal
4.60000,-14.96512,-2.93023,1.73023,0.80000,0.46250,0.36250,normal
4.62000,-14.94186,-2.88372,1.68372,0.80000,0.36875,0.26875,normal
4.64000,-14.91860,-2.83721,1.63721,0.80000,0.27500,0.17500,normal
4.66000,-13.70000,-2.40000,2.06667,0.41250,-0.03750,-0.17500,normal
4.68000,-8.96854,-1.82921,3.25618,-0.74337,-0.31446,-0.38554,normal
4.70000,-8.76629,-1.87416,3.18876,-0.81566,-0.33855,-0.36145,normal
4.72000,-8.56404,-1.91910,3.12135,-0.88795,-0.36265,-0.33735,normal
4.74000,-8.36180,-1.96404,3.05393,-0.96024,-0.38675,-0.31325,normal
4.76000,-6.75000,-3.20000,2.20000,-0.43333,-0.46667,0.16667,normal
4.78000,-5.90426,-3.68085,2.08085,-0.23077,-0.48269,0.20000,normal
4.80000,-5.79787,-3.65957,2.05957,-0.15385,-0.46346,0.20000,normal
4.82000,-5.69149,-3.63830,2.03830,-0.07692,-0.44423,0.20000,normal
4.84000,-5.58511,-3.61702,2.01702,0.00000,-0.42500,0.20000,normal
4.86000,-4.85000,-2.75000,2.05000,0.07692,-0.40577,0.20000,normal
4.88000,-4.55620,-2.15620,2.51570,0.57798,-0.07798,-0.29266,normal
4.90000,-4.62231,-2.22231,2.41653,0.52294,-0.02294,-0.27431,normal
4.92000,-4.68843,-2.28843,2.31736,0.46789,0.03211,-0.25596,normal
4.94000,-4.75455,-2.35455,2.21818,0.41284,0.08716,-0.23761,normal
4.96000,-4.82066,-2.42066,2.11901,0.35780,0.14220,-0.21927,normal
4.98000,-4.88678,-2.48678,2.01983,0.30275,0.19725,-0.20092,normal
5.00000,-10.03538,-3.48769,1.42462,0.78429,0.10000,-0.10000,normal
5.02000,-10.37385,-3.45692,1.48615,0.75571,0.10000,-0.10000,normal
5.04000,-10.71231,-3.42615,1.54769,0.72714,0.10000,-0.10000,normal
5.06000,-10.25000,-2.90000,1.95000,0.65000,-0.05000,-0.15000,normal
5.08000,-10.46667,-2.64444,1.58889,-0.03107,0.10000,-0.41553,normal
5.10000,-10.60000,-2.73333,1.56667,-0.06990,0.10000,-0.43495,normal
5.12000,-10.73333,-2.82222,1.54444,-0.10874,0.10000,-0.45437,normal
5.14000,-10.86667,-2.91111,1.52222,-0.14757,0.10000,-0.47379,normal
5.16000,-11.00000,-3.00000,1.50000,-0.18641,0.10000,-0.49320,normal
5.18000,-12.29231,-4.19744,1.59487,-0.07766,0.19255,-0.10000,normal
5.20000,-12.21538,-4.17179,1.54359,-0.01383,0.17128,-0.10000,normal
5.22000,-12.13846,-4.14615,1.49231,0.05000,0.15000,-0.10000,normal
5.24000,-12.06154,-4.12051,1.44103,0.11383,0.12872,-0.10000,normal
5.26000,-13.85000,-3.95000,1.30000,0.17766,0.10745,-0.10000,normal
5.28000,-10.00698,-3.00000,1.88837,0.37439,-0.28293,-0.10000,normal
5.30000,-9.82093,-3.00000,1.86512,0.30122,-0.23415,-0.10000,normal
5.32000,-9.63488,-3.00000,1.84186,0.22805,-0.18537,-0.10000,normal
5.34000,-9.44884,-3.00000,1.81860,0.15488,-0.13659,-0.10000,normal
5.36000,-6.50000,-2.80000,2.55000,-0.30000,-0.20000,-0.30000,normal
5.38000,-5.66458,-3.18229,2.46458,-0.38137,-0.10000,-0.28137,normal
5.40000,-5.62292,-3.16146,2.42292,-0.36176,-0.10000,-0.26176,normal
5.42000,-5.58125,-3.14062,2.38125,-0.34216,-0.10000,-0.24216,normal
5.44000,-5.53958,-3.11979,2.33958,-0.32255,-0.10000,-0.22255,normal
5.46000,-5.30000,-3.10000,2.10000,-0.30294,-0.10000,-0.20294,normal
5.48000,-6.73086,-3.30000,1.28765,0.20000,-0.21163,0.01163,normal
5.50000,-6.85432,-3.30000,1.23827,0.20000,-0.23488,0.03488,normal
5.52000,-6.97778,-3.30000,1.18889,0.20000,-0.25814,0.05814,normal
5.54000,-7.10123,-3.30000,1.13951,0.20000,-0.28140,0.08140,normal
5.56000,-7.00000,-3.30000,0.90000,-0.20000,-0.50000,0.20000,normal
5.58000,-6.31910,-4.17303,1.52697,-0.31714,-0.13143,0.21714,normal
5.60000,-6.65618,-4.28539,1.41461,-0.33619,-0.05524,0.23619,normal
5.62000,-6.99326,-4.39775,1.30225,-0.35524,0.02095,0.25524,normal
5.64000,-7.33034,-4.51011,1.18989,-0.37429,0.09714,0.27429,normal
5.66000,-8.90625,-6.01875,0.80625,-0.39333,0.17333,0.29333,normal
5.68000,-13.26329,-6.59747,0.69494,0.52500,0.60000,0.30000,normal
5.70000,-13.89620,-6.57215,0.64430,0.96471,0.93235,0.30000,normal
5.72000,-14.52911,-6.54684,0.59367,1.08235,0.99118,0.30000,normal
5.74000,-15.16203,-6.52152,0.54304,1.20000,1.05000,0.30000,normal
5.76000,-15.90000,-6.05000,0.70000,1.54000,0.98000,0.30000,normal
5.78000,-14.43448,-3.20000,1.91379,1.63229,0.67292,-0.32708,normal
5.80000,-14.15862,-3.20000,1.93678,1.52813,0.63125,-0.36875,normal
5.82000,-13.88276,-3.20000,1.95977,1.42396,0.58958,-0.41042,normal
5.84000,-13.60690,-3.20000,1.98276,1.31979,0.54792,-0.45208,normal
5.86000,-11.32727,-2.99091,2.33636,1.21563,0.50625,-0.49375,normal
5.88000,-10.43721,-2.90000,1.71163,0.40824,-0.02471,-0.50000,normal
5.90000,-10.11163,-2.90000,1.73488,0.43176,-0.09529,-0.50000,normal
5.92000,-9.78605,-2.90000,1.75814,0.45529,-0.16588,-0.50000,normal
5.94000,-9.46047,-2.90000,1.78140,0.47882,-0.23647,-0.50000,normal
5.96000,-6.00000,-2.65000,2.60000,0.50000,-0.40000,-0.50000,normal
5.98000,-4.63820,-2.32472,2.46292,0.30000,0.20000,-0.71402,normal
6.00000,-4.52584,-2.36966,2.39551,0.30000,0.20000,-0.73271,normal
6.02000,-4.41348,-2.41461,2.32809,0.30000,0.20000,-0.75140,normal
6.04000,-4.30112,-2.45955,2.26067,0.30000,0.20000,-0.77009,normal
6.06000,-3.86667,-2.90000,1.93333,0.30000,0.20000,-0.78879,normal
6.08000,-4.80000,-3.90000,1.10000,0.65000,0.60000,-0.57500,normal
6.10000,-5.64400,-3.87600,1.07600,1.52951,0.52951,-0.37049,normal
6.12000,-5.80400,-3.84933,1.04933,1.59508,0.59508,-0.30492,normal
6.14000,-5.96400,-3.82267,1.02267,1.66066,0.66066,-0.23934,normal
6.16000,-9.10000,-3.60000,0.60000,1.88571,0.67143,-0.05714,normal
6.18000,-9.50326,-3.23696,1.70000,1.78333,0.70000,0.10000,normal
6.20000,-9.74239,-3.28043,1.70000,1.73571,0.70000,0.10000,normal
6.22000,-9.98152,-3.32391,1.70000,1.68810,0.70000,0.10000,normal
6.24000,-10.22065,-3.36739,1.70000,1.64048,0.70000,0.10000,normal
6.26000,-11.40000,-3.86000,1.10000,1.30000,0.60000,0.00000,normal
6.28000,-16.27333,-4.42667,0.06000,1.00000,0.67732,0.00000,normal
6.30000,-16.56222,-4.47111,-0.00667,1.00000,0.53299,0.00000,normal
6.32000,-16.85111,-4.51556,-0.07333,1.00000,0.38866,0.00000,normal
6.34000,-17.14000,-4.56000,-0.14000,1.00000,0.24433,0.00000,normal
6.36000,-15.26667,-4.33333,0.33333,1.00000,0.10000,0.00000,normal
6.38000,-11.50714,-3.56429,1.53571,1.01386,0.77228,-0.38614,normal
6.40000,-11.74524,-3.70714,1.39286,1.03366,0.73267,-0.36634,normal
6.42000,-11.98333,-3.85000,1.25000,1.05347,0.69307,-0.34653,normal
6.44000,-12.22143,-3.99286,1.10714,1.07327,0.65347,-0.32673,normal
6.46000,-11.28000,-4.31000,1.32000,1.09307,0.61386,-0.30693,normal
6.48000,-8.99481,-3.90519,1.59740,1.10000,0.50000,0.10000,normal
6.50000,-8.94286,-3.95714,1.57143,1.10000,0.50000,0.30000,normal
6.52000,-8.89091,-4.00909,1.54545,1.10000,0.50000,0.30000,normal
6.54000,-8.83896,-4.06104,1.51948,1.10000,0.50000,0.30000,normal
6.56000,-7.30000,-4.10000,1.50000,1.40000,0.50000,0.20000,normal
6.58000,-7.06129,-3.76129,1.36129,1.50000,0.40000,0.00000,normal
6.60000,-7.01828,-3.71828,1.31828,1.50000,0.40000,0.00000,normal
6.62000,-6.97527,-3.67527,1.27527,1.50000,0.40000,0.00000,normal
6.64000,-6.93226,-3.63226,1.23226,1.50000,0.40000,0.00000,normal
6.66000,-7.25000,-3.62500,1.15000,1.50000,0.40000,0.00000,normal
6.68000,-9.06593,-4.01099,0.78901,1.28444,0.38444,0.10000,normal
6.70000,-9.19780,-4.03297,0.76703,1.26222,0.36222,0.10000,normal
6.72000,-9.32967,-4.05495,0.74505,1.24000,0.34000,0.10000,normal
6.74000,-9.46154,-4.07692,0.72308,1.21778,0.31778,0.10000,normal
6.76000,-9.59341,-4.09890,0.70110,0.95000,0.20000,0.05000,normal
6.78000,-10.12826,-4.52826,0.21413,0.88772,0.30000,-0.01228,normal
6.80000,-10.17174,-4.57174,0.23587,0.87018,0.30000,-0.02982,normal
6.82000,-10.21522,-4.61522,0.25761,0.85263,0.30000,-0.04737,normal
6.84000,-10.25870,-4.65870,0.27935,0.83509,0.30000,-0.06491,normal
6.86000,-10.27727,-4.69545,0.31818,0.81754,0.30000,-0.08246,normal
6.88000,-9.82273,-4.60455,0.68182,0.80000,0.30000,-0.10000,normal
6.90000,-9.07692,-3.90000,0.96923,1.00000,0.30000,-0.20000,normal
6.92000,-9.23077,-3.90000,0.90769,0.86667,0.43333,-0.30000,normal
6.94000,-9.38462,-3.90000,0.84615,0.82745,0.47255,-0.30000,normal
6.96000,-10.40000,-4.10000,0.50000,0.62000,0.50000,-0.30000,normal
6.98000,-8.40220,-4.01648,1.01648,0.41818,0.10000,-0.41818,normal
7.00000,-8.13846,-4.03846,1.03846,0.44091,0.10000,-0.44091,normal
7.02000,-7.87473,-4.06044,1.06044,0.46364,0.10000,-0.46364,normal
7.04000,-7.61099,-4.08242,1.08242,0.48636,0.10000,-0.48636,normal
7.06000,-10.60000,-5.20000,0.40000,1.43750,0.93750,-0.50000,normal
7.08000,-10.74516,-4.84516,0.72688,2.34327,0.78558,-0.40000,normal
7.10000,-10.68065,-4.78065,0.64086,2.40096,0.76635,-0.40000,normal
7.12000,-10.61613,-4.71613,0.55484,2.45865,0.74712,-0.40000,normal
7.14000,-10.55161,-4.65161,0.46882,2.51635,0.72788,-0.40000,normal
7.16000,-10.10000,-2.60000,0.80000,2.57404,0.70865,-0.40000,normal
7.18000,-9.56250,-2.95625,0.34375,2.48824,0.29412,-0.80588,normal
7.20000,-9.52083,-3.01875,0.28125,2.44118,0.27059,-0.82941,normal
7.22000,-9.47917,-3.08125,0.21875,2.39412,0.24706,-0.85294,normal
7.24000,-9.43750,-3.14375,0.15625,2.34706,0.22353,-0.87647,normal
7.26000,-9.20000,-3.10000,0.10000,2.30000,0.20000,-0.90000,normal
7.28000,-8.88736,-3.03793,0.30000,1.99342,0.20658,-0.80000,normal
7.30000,-8.86437,-3.10690,0.30000,1.96711,0.23289,-0.80000,normal
7.32000,-8.84138,-3.17586,0.30000,1.94079,0.25921,-0.80000,normal
7.34000,-8.81839,-3.24483,0.30000,1.91447,0.28553,-0.80000,normal
7.36000,-8.45000,-3.30000,0.20000,1.90000,0.30000,-0.55000,normal
7.38000,-8.31848,-3.00000,0.21848,1.78023,0.30000,-0.50000,normal
7.40000,-8.34022,-3.00000,0.24022,1.75698,0.30000,-0.50000,normal
7.42000,-8.36196,-3.00000,0.26196,1.73372,0.30000,-0.50000,normal
7.44000,-8.38370,-3.00000,0.28370,1.71047,0.30000,-0.50000,normal
7.46000,-9.20714,-3.20102,0.60000,1.19633,0.40000,-0.40000,normal
7.48000,-9.35000,-3.22143,0.60000,1.17798,0.40000,-0.40000,normal
7.50000,-9.49286,-3.24184,0.60000,1.15963,0.40000,-0.40000,normal
7.52000,-9.63571,-3.26224,0.60000,1.14128,0.40000,-0.40000,normal
7.54000,-9.77857,-3.28265,0.60000,1.12294,0.40000,-0.40000,normal
7.56000,-10.43333,-3.36667,0.56667,1.10459,0.40000,-0.40000,normal
7.58000,-12.70690,-3.37241,0.75517,0.79342,0.37368,-0.40658,normal
7.60000,-12.38506,-3.32644,0.84713,0.76711,0.26842,-0.43289,normal
7.62000,-12.06322,-3.28046,0.93908,0.74079,0.16316,-0.45921,normal
7.64000,-11.74138,-3.23448,1.03103,0.71447,0.05789,-0.48553,normal
7.66000,-8.00000,-2.80000,0.80000,0.56667,0.70000,-0.46667,normal
7.68000,-9.51613,-3.23871,0.57742,0.75510,0.68163,-0.34490,normal
7.70000,-9.64516,-3.28172,0.66344,0.81633,0.66122,-0.28367,normal
7.72000,-9.77419,-3.32473,0.74946,0.87755,0.64082,-0.22245,normal
7.74000,-9.90323,-3.36774,0.83548,0.93878,0.62041,-0.16122,normal
7.76000,-9.68000,-3.50000,1.66000,1.00000,0.60000,-0.10000,normal
7.78000,-8.61765,-3.27647,1.50000,1.00000,0.60000,0.58632,normal
7.80000,-8.45294,-3.22941,1.50000,1.00000,0.60000,0.56526,normal
7.82000,-8.28824,-3.18235,1.50000,1.00000,0.60000,0.54421,normal
7.84000,-8.12353,-3.13529,1.50000,1.00000,0.60000,0.52316,normal
7.86000,-7.50000,-3.00000,1.40000,1.00000,0.60000,0.50211,normal
7.88000,-9.33415,-3.40000,1.30000,0.88737,0.57474,0.50000,normal
7.90000,-9.43171,-3.40000,1.30000,0.86632,0.53263,0.50000,normal
7.92000,-9.52927,-3.40000,1.30000,0.84526,0.49053,0.50000,normal
7.94000,-9.62683,-3.40000,1.30000,0.82421,0.44842,0.50000,normal
7.96000,-9.10000,-3.50000,1.50000,0.80316,0.40632,0.50000,normal
7.98000,-9.00000,-3.40000,1.50000,0.37674,0.20000,0.37674,normal
8.00000,-9.00000,-3.40000,1.50000,0.33023,0.20000,0.33023,normal
8.02000,-9.00000,-3.40000,1.50000,0.29079,0.20000,0.29079,normal
8.04000,-9.00000,-3.40000,1.50000,0.26447,0.20000,0.26447,normal
8.06000,-9.00000,-3.40000,1.50000,0.23816,0.20000,0.23816,normal
8.08000,-9.00000,-3.40000,1.50000,0.21184,0.20000,0.21184,normal
8.10000,-9.05000,-3.65000,1.00000,0.10000,0.09273,0.10000,normal
8.12000,-9.30000,-3.63519,1.07037,0.10000,0.05636,0.10000,normal
8.14000,-9.30000,-3.67222,1.14444,0.10000,0.02000,0.10000,normal
8.16000,-10.00000,-3.80000,0.90000,0.00000,0.00316,-0.10316,normal
8.18000,-10.51368,-3.78105,0.96211,0.00000,0.02421,-0.12421,normal
8.20000,-10.64000,-3.76000,0.92000,0.00000,0.04526,-0.14526,normal
8.22000,-10.76632,-3.73895,0.87789,0.00000,0.06632,-0.16632,normal
8.24000,-10.89263,-3.71789,0.83579,0.00000,0.08737,-0.18737,normal
8.26000,-11.90000,-3.30000,0.70000,-0.34286,-0.44286,-0.54286,normal
8.28000,-8.28132,-2.63736,1.48132,-0.60000,-0.21489,-0.71702,normal
8.30000,-8.25934,-2.68132,1.45934,-0.60000,-0.10851,-0.73830,normal
8.32000,-8.23736,-2.72527,1.43736,-0.60000,-0.00213,-0.75957,normal
8.34000,-8.21538,-2.76923,1.41538,-0.60000,0.10426,-0.78085,normal
8.36000,-11.10000,-3.50000,0.96667,-0.50000,0.30000,-0.80000,normal
8.38000,-10.15333,-3.34500,1.53667,0.40204,0.00000,-0.50000,normal
8.40000,-9.88667,-3.24500,1.60333,0.44286,0.00000,-0.50000,normal
8.42000,-9.62000,-3.14500,1.67000,0.48367,0.00000,-0.50000,normal
8.44000,-8.10087,-2.00000,1.70000,0.68793,0.10000,-0.49397,normal
8.46000,-8.11826,-2.00000,1.70000,0.65345,0.10000,-0.47672,normal
8.48000,-8.13565,-2.00000,1.70000,0.61897,0.10000,-0.45948,normal
8.50000,-8.15304,-2.00000,1.70000,0.58448,0.10000,-0.44224,normal
8.52000,-8.17043,-2.00000,1.70000,0.55000,0.10000,-0.42500,normal
8.54000,-8.18783,-2.00000,1.70000,0.51552,0.10000,-0.40776,normal
8.56000,-7.20000,-2.50000,1.60000,0.10000,0.00000,-0.29789,normal
8.58000,-7.11667,-2.54167,1.57917,0.10000,0.00000,-0.27684,normal
8.60000,-7.03333,-2.58333,1.55833,0.10000,0.00000,-0.25579,normal
8.62000,-6.95000,-2.62500,1.53750,0.10000,0.00000,-0.23474,normal
8.64000,-6.86667,-2.66667,1.51667,0.10000,0.00000,-0.21368,normal
8.66000,-6.30000,-2.50000,1.80000,0.72000,0.20000,-0.20000,normal
8.68000,-7.54835,-1.98352,1.91648,1.00000,0.40000,-0.08558,normal
8.70000,-7.74615,-1.96154,1.93846,1.00000,0.40000,-0.06635,normal
8.72000,-7.94396,-1.93956,1.96044,1.00000,0.40000,-0.04712,normal
8.74000,-8.14176,-1.91758,1.98242,1.00000,0.40000,-0.02788,normal
8.76000,-8.30000,-2.00000,2.10000,1.00000,0.40000,-0.00865,normal
8.78000,-8.90000,-2.30000,1.80000,0.58571,0.14286,0.10000,normal
8.80000,-9.16667,-2.40667,1.74667,0.26667,0.21667,0.21667,normal
8.82000,-9.43333,-2.51333,1.69333,0.21111,0.24444,0.24444,normal
8.84000,-9.70000,-2.62000,1.64000,0.15556,0.27222,0.27222,normal
8.86000,-9.78333,-3.11667,1.68333,0.10000,0.30000,0.30000,normal
8.88000,-11.30952,-3.30952,1.59048,0.10000,0.18636,0.50000,normal
8.90000,-11.33333,-3.33333,1.56667,0.10000,0.16364,0.50000,normal
8.92000,-11.35714,-3.35714,1.54286,0.10000,0.14091,0.50000,normal
8.94000,-11.38095,-3.38095,1.51905,0.10000,0.11818,0.50000,normal
8.96000,-12.46667,-3.46667,1.56667,0.10000,0.30000,0.50000,normal
8.98000,-13.53182,-3.88864,0.02955,0.30000,0.05758,0.30000,normal
9.00000,-14.35000,-4.02500,0.07500,0.30741,0.33704,0.30741,normal
9.02000,-15.16818,-4.16136,0.12045,0.34444,0.52222,0.34444,normal
9.04000,-15.98636,-4.29773,0.16591,0.38148,0.70741,0.38148,normal
9.06000,-10.10000,-2.60000,1.20000,0.28889,-0.49722,-0.01111,normal
9.08000,-7.57312,-1.99785,1.20215,0.21481,-0.47870,-0.08519,normal
9.10000,-7.22903,-1.89032,1.30968,0.14074,-0.46019,-0.15926,normal
9.12000,-6.88495,-1.78280,1.41720,0.06667,-0.44167,-0.23333,normal
9.14000,-6.54086,-1.67527,1.52473,-0.00741,-0.42315,-0.30741,normal
9.16000,-6.21429,-1.51429,1.68571,-0.08148,-0.40463,-0.38148,normal
9.18000,-6.28929,-2.84286,1.28929,-0.70000,-0.10000,-0.70000,normal
9.20000,-6.26548,-2.93810,1.26548,-0.61892,-0.10000,-0.64595,normal
9.22000,-6.24167,-3.03333,1.24167,-0.53784,-0.10000,-0.59189,normal
9.24000,-6.21786,-3.12857,1.21786,-0.45676,-0.10000,-0.53784,normal
9.26000,-7.50000,-3.10000,1.70000,0.40000,-0.10000,-0.15000,normal
9.28000,-7.96667,-2.63333,1.68333,0.58140,-0.25581,0.00000,normal
9.30000,-7.92222,-2.54444,1.66111,0.55814,-0.32558,0.00000,normal
9.32000,-7.87778,-2.45556,1.63889,0.53488,-0.39535,0.00000,normal
9.34000,-7.83333,-2.36667,1.61667,0.51163,-0.46512,0.00000,normal
9.36000,-7.40000,-1.50000,1.10000,-0.91429,-0.40000,-0.27143,normal
9.38000,-8.12021,-2.00106,1.16064,-1.02045,-0.40000,-0.27955,normal
9.40000,-8.14149,-2.10745,1.22447,-1.04318,-0.40000,-0.25682,normal
9.42000,-8.16277,-2.21383,1.28830,-1.06591,-0.40000,-0.23409,normal
9.44000,-8.18404,-2.32021,1.35213,-1.08864,-0.40000,-0.21136,normal
9.46000,-9.30000,-3.80000,1.30000,-0.39135,0.50865,0.50577,normal
9.48000,-11.63438,-4.15937,0.64062,-0.33365,0.56635,0.54423,normal
9.50000,-12.19687,-4.22187,0.57813,-0.27596,0.62404,0.58269,normal
9.52000,-12.75937,-4.28437,0.51563,-0.21827,0.68173,0.62115,normal
9.54000,-13.32188,-4.34688,0.45312,-0.16058,0.73942,0.65962,normal
9.56000,-14.46000,-4.52000,0.43000,-0.10288,0.79712,0.69808,normal
9.58000,-11.92892,-4.02289,2.78072,1.20513,0.69487,0.59231,normal
9.60000,-12.00120,-3.83012,2.73253,1.25641,0.64359,0.51538,normal
9.62000,-12.07349,-3.63735,2.68434,1.30769,0.59231,0.43846,normal
9.64000,-12.14578,-3.44458,2.63614,1.35897,0.54103,0.36154,normal
9.66000,-10.65000,-1.75000,2.15000,0.40000,0.20000,-0.40000,normal
9.68000,-10.71932,-1.47045,2.53295,-0.10227,-0.26136,-0.50000,normal
9.70000,-10.28750,-1.42500,2.73750,-0.21591,-0.32955,-0.50000,normal
9.72000,-9.85568,-1.37955,2.94205,-0.32955,-0.39773,-0.50000,normal
9.74000,-9.42386,-1.33409,3.14659,-0.44318,-0.46591,-0.50000,normal
9.76000,-6.90000,-1.90000,2.20000,-1.50000,-0.50000,-0.50000,normal
9.78000,-6.49681,-2.44043,1.84043,-1.10865,-0.71827,-0.50000,normal
9.80000,-6.17766,-2.48298,1.88298,-1.01250,-0.73750,-0.50000,normal
9.82000,-5.85851,-2.52553,1.92553,-0.91635,-0.75673,-0.50000,normal
9.84000,-5.53936,-2.56809,1.96809,-0.82019,-0.77596,-0.50000,normal
9.86000,-6.80000,-2.10000,1.70000,-0.72404,-0.79519,-0.50000,normal
9.88000,-7.65699,-2.88172,1.84086,-0.69439,-0.09720,-0.09439,normal
9.90000,-7.50645,-2.96774,1.88387,-0.65701,-0.07850,-0.05701,normal
9.92000,-7.35591,-3.05376,1.92688,-0.61963,-0.05981,-0.01963,normal
9.94000,-7.20538,-3.13978,1.96989,-0.58224,-0.04112,0.01776,normal
9.96000,-9.28000,-3.84000,1.62000,-0.54486,-0.02243,0.05514,normal
9.98000,-8.81758,-3.60000,1.68242,-0.50748,-0.00374,0.09252,normal
10.00000,-8.83956,-3.60000,1.66044,0.24545,0.30000,0.61515,normal
10.02000,-8.86154,-3.60000,1.63846,0.33636,0.30000,0.64545,normal
10.04000,-8.88352,-3.60000,1.61648,0.42727,0.30000,0.67576,normal
10.06000,-9.11429,-3.52857,1.45714,0.57500,0.55000,0.60000,normal
10.08000,-14.66421,-4.36842,1.55474,0.61348,0.87303,0.60000,normal
10.10000,-14.91684,-4.47368,1.63895,0.63596,0.82809,0.60000,normal
10.12000,-15.16947,-4.57895,1.72316,0.65843,0.78315,0.60000,normal
10.14000,-15.42211,-4.68421,1.80737,0.68090,0.73820,0.60000,normal
10.16000,-15.67474,-4.78947,1.89158,0.95000,0.20000,0.45000,normal
10.18000,-15.00455,-1.88182,0.38182,0.03725,0.18431,-0.13137,normal
10.20000,-14.84545,-2.01818,0.51818,-0.04118,0.16471,-0.17059,normal
10.22000,-14.68636,-2.15455,0.65455,-0.11961,0.14510,-0.20980,normal
10.24000,-14.52727,-2.29091,0.79091,-0.19804,0.12549,-0.24902,normal
10.26000,-10.63333,-2.76667,1.46667,-0.27647,0.10588,-0.28824,normal
10.28000,-8.03448,-3.69080,1.41839,-1.57108,-0.40964,-0.50000,normal
10.30000,-7.62069,-3.66782,1.46437,-1.49880,-0.43373,-0.50000,normal
10.32000,-7.20690,-3.64483,1.51034,-1.42651,-0.45783,-0.50000,normal
10.34000,-6.79310,-3.62184,1.55632,-1.35422,-0.48193,-0.50000,normal
10.36000,-5.80000,-3.65000,1.55000,0.00000,0.00000,-0.20000,normal
10.38000,-5.30000,-3.26818,1.20000,0.46000,0.00000,-0.08000,normal
10.40000,-5.30000,-3.22273,1.20000,0.52316,0.00000,-0.05895,normal
10.42000,-5.30000,-3.17727,1.20000,0.58632,0.00000,-0.03789,normal
10.44000,-5.30000,-3.13182,1.20000,0.64947,0.00000,-0.01684,normal
10.46000,-6.12000,-2.64000,1.04000,0.80000,-0.05000,0.10000,normal
10.48000,-8.31494,-2.70000,0.90000,0.35000,-0.03333,0.20000,normal
10.50000,-8.33793,-2.70000,0.90000,0.27857,-0.08095,0.20000,normal
10.52000,-8.36092,-2.70000,0.90000,0.20714,-0.12857,0.20000,normal
10.54000,-8.38391,-2.70000,0.90000,0.13571,-0.17619,0.20000,normal
10.56000,-8.10000,-3.40000,0.95000,-0.69216,-0.19216,0.00000,normal
10.58000,-8.24301,-3.54086,0.97957,-0.65294,-0.15294,0.00000,normal
10.60000,-8.39355,-3.58387,0.95806,-0.61373,-0.11373,0.00000,normal
10.62000,-8.54409,-3.62688,0.93656,-0.57451,-0.07451,0.00000,normal
10.64000,-8.69462,-3.66989,0.91505,-0.53529,-0.03529,0.00000,normal
10.66000,-13.26667,-4.37778,0.37778,-0.43333,0.20000,0.00000,normal
10.68000,-15.01176,-4.04824,0.61647,0.20000,0.37297,0.40000,normal
10.70000,-14.30588,-3.95412,0.82824,0.20000,0.23784,0.40000,normal
10.72000,-13.60000,-3.86000,1.04000,0.20000,0.10270,0.40000,normal
10.74000,-12.89412,-3.76588,1.25176,0.20000,-0.03243,0.40000,normal
10.76000,-13.10000,-3.50000,1.25000,0.20000,0.30000,0.00000,normal
10.78000,-12.69785,-3.47957,1.44086,0.22299,0.27701,0.00000,normal
10.80000,-12.59032,-3.45806,1.48387,0.24598,0.25402,0.00000,normal
10.82000,-12.48280,-3.43656,1.52688,0.26897,0.23103,0.00000,normal
10.84000,-12.37527,-3.41505,1.56989,0.29195,0.20805,0.00000,normal
10.86000,-8.99070,-2.39845,2.60078,0.11538,0.03077,-0.08462,normal
10.88000,-8.80465,-2.36744,2.61628,-0.12500,-0.20000,-0.30000,normal
10.90000,-8.61860,-2.33643,2.63178,-0.15833,-0.20000,-0.30000,normal
10.92000,-8.43256,-2.30543,2.64729,-0.19167,-0.20000,-0.30000,normal
10.94000,-8.24651,-2.27442,2.66279,-0.22500,-0.20000,-0.30000,normal
10.96000,-8.06047,-2.24341,2.67829,-0.25833,-0.20000,-0.30000,normal
10.98000,-7.87442,-2.21240,2.69380,-0.29167,-0.20000,-0.30000,normal
11.00000,-6.83651,-2.78730,1.60000,-0.28806,-0.31194,-0.20597,normal
11.02000,-6.51905,-2.72381,1.60000,-0.22836,-0.37164,-0.23582,normal
11.04000,-6.20159,-2.66032,1.60000,-0.16866,-0.43134,-0.26567,normal
11.06000,-4.70000,-2.30000,2.30000,-0.10896,-0.49104,-0.29552,normal
11.08000,-7.48750,-2.93125,1.30625,-0.03846,0.30000,-0.26923,normal
11.10000,-7.83750,-3.05625,1.33125,0.13385,0.28308,-0.18308,normal
11.12000,-8.18750,-3.18125,1.35625,0.19538,0.25231,-0.15231,normal
11.14000,-8.53750,-3.30625,1.38125,0.25692,0.22154,-0.12154,normal
11.16000,-9.40000,-3.10000,1.80000,0.70000,0.10000,0.20000,normal
11.18000,-9.45165,-2.88352,1.83297,0.68020,0.11980,0.20000,normal
11.20000,-9.25385,-2.86154,1.87692,0.66040,0.13960,0.20000,normal
11.22000,-9.05604,-2.83956,1.92088,0.64059,0.15941,0.20000,normal
11.24000,-8.85824,-2.81758,1.96484,0.62079,0.17921,0.20000,normal
11.26000,-8.61111,-2.75556,1.86667,0.60099,0.19901,0.20000,normal
11.28000,-14.37108,-4.21928,1.22892,0.63095,0.35357,0.48452,normal
11.30000,-14.29880,-4.26747,1.30120,0.67857,0.28214,0.46071,normal
11.32000,-14.22651,-4.31566,1.37349,0.72619,0.21071,0.43690,normal
11.34000,-14.15422,-4.36386,1.44578,0.77381,0.13929,0.41310,normal
11.36000,-14.40000,-3.10000,-0.05000,0.50000,0.30000,0.10000,normal
11.38000,-16.28000,-3.04000,0.08000,0.46262,0.13178,0.06262,normal
11.40000,-16.15368,-3.08211,0.26947,0.42523,-0.03645,0.02523,normal
11.42000,-16.02737,-3.12421,0.45895,0.38785,-0.20467,-0.01215,normal
11.44000,-15.90105,-3.16632,0.64842,0.35047,-0.37290,-0.04953,normal
11.46000,-10.70909,-2.84545,1.66364,0.31308,-0.54112,-0.08692,normal
11.48000,-8.25750,-2.50000,1.10500,-0.90000,-0.40000,-0.40000,normal
11.50000,-7.83250,-2.50000,1.15500,-1.02533,-0.57467,-0.50000,normal
11.52000,-7.40750,-2.50000,1.20500,-1.05200,-0.54800,-0.50000,normal
11.54000,-6.98250,-2.50000,1.25500,-1.07867,-0.52133,-0.50000,normal
11.56000,-6.05000,-3.05000,1.15000,-0.80000,-0.20000,-0.40000,normal
11.58000,-5.21011,-3.40000,1.38202,-0.24333,-0.30000,-0.16222,normal
11.60000,-5.09775,-3.40000,1.35955,-0.17667,-0.30000,-0.11778,normal
11.62000,-4.98539,-3.40000,1.33708,-0.11000,-0.30000,-0.07333,normal
11.64000,-4.87303,-3.40000,1.31461,-0.04333,-0.30000,-0.02889,normal
11.66000,-5.66667,-2.95000,0.75000,0.30000,-0.10000,0.10000,normal
11.68000,-7.13556,-2.96444,0.78222,0.27889,-0.12111,0.12111,normal
11.70000,-7.18000,-2.92000,0.76000,0.25667,-0.14333,0.14333,normal
11.72000,-7.22444,-2.87556,0.73778,0.23444,-0.16556,0.16556,normal
11.74000,-7.26889,-2.83111,0.71556,0.21222,-0.18778,0.18778,normal
11.76000,-8.70000,-3.40000,0.60000,-0.60000,-0.10000,0.20000,normal
11.78000,-8.69574,-3.63830,0.90000,-0.58304,-0.08304,0.18304,normal
11.80000,-8.80213,-3.68085,0.90000,-0.56518,-0.06518,0.16518,normal
11.82000,-8.90851,-3.72340,0.90000,-0.54732,-0.04732,0.14732,normal
11.84000,-9.01489,-3.76596,0.90000,-0.52946,-0.02946,0.12946,normal
11.86000,-9.64118,-3.84706,0.85294,-0.51161,-0.01161,0.11161,normal
11.88000,-16.04286,-4.30000,0.64286,-0.25000,0.60000,0.25000,normal
11.90000,-14.71196,-3.98913,1.81087,0.31446,0.38554,0.39518,normal
11.92000,-14.25543,-3.85870,1.94130,0.38675,0.31325,0.37108,normal
11.94000,-13.79891,-3.72826,2.07174,0.45904,0.24096,0.34699,normal
11.96000,-13.34239,-3.59783,2.20217,0.53133,0.16867,0.32289,normal
11.98000,-12.86364,-3.22727,2.16364,0.60000,0.15000,0.25000,normal
12.00000,-13.31429,-2.27143,1.68571,0.23824,0.13824,0.00000,normal
12.02000,-12.67937,-2.20794,1.87619,0.15000,0.05000,0.00000,normal
12.04000,-12.04444,-2.14444,2.06667,0.06176,-0.03824,0.00000,normal
12.06000,-8.05000,-2.35000,2.45000,-0.70000,-0.20000,-0.10000,normal
12.08000,-6.93258,-2.63371,2.26629,-0.70000,-0.20000,-0.08039,normal
12.10000,-6.84270,-2.67865,2.22135,-0.70000,-0.20000,-0.06078,normal
12.12000,-6.75281,-2.72360,2.17640,-0.70000,-0.20000,-0.04118,normal
12.14000,-6.66292,-2.76854,2.13146,-0.70000,-0.20000,-0.02157,normal
12.16000,-5.83333,-2.80000,1.86667,-0.70000,-0.20000,-0.00196,normal
12.18000,-5.41573,-2.88315,1.61685,-0.37037,-0.20000,0.00000,normal
12.20000,-5.30337,-2.86067,1.63933,-0.32099,-0.20000,0.00000,normal
12.22000,-5.19101,-2.83820,1.66180,-0.27160,-0.20000,0.00000,normal
12.24000,-5.07865,-2.81573,1.68427,-0.22222,-0.20000,0.00000,normal
12.26000,-9.05000,-3.55000,1.40000,0.00000,-0.20000,-0.10000,normal
12.28000,-9.70000,-3.68000,1.60000,0.42045,0.65909,0.20000,normal
12.30000,-9.48947,-3.65895,1.70526,0.46591,0.56818,0.20000,normal
12.32000,-9.27895,-3.63789,1.81053,0.51136,0.47727,0.20000,normal
12.34000,-9.06842,-3.61684,1.91579,0.55682,0.38636,0.20000,normal
12.36000,-8.20000,-3.10000,1.80000,0.75000,0.15000,0.20000,normal
12.38000,-9.45161,-2.85161,1.16129,0.77471,0.28736,0.08736,normal
12.40000,-9.53763,-2.93763,1.09677,0.72874,0.26437,0.06437,normal
12.42000,-9.62366,-3.02366,1.03226,0.68276,0.24138,0.04138,normal
12.44000,-9.70968,-3.10968,0.96774,0.63678,0.21839,0.01839,normal
12.46000,-9.79570,-3.19570,0.90323,0.50000,0.60000,0.20000,normal
12.48000,-14.57586,-4.94023,1.14023,0.83542,0.18229,0.28229,normal
12.50000,-14.23103,-4.84828,1.04828,0.87708,0.16146,0.26146,normal
12.52000,-13.88621,-4.75632,0.95632,0.91875,0.14062,0.24062,normal
12.54000,-13.54138,-4.66437,0.86437,0.96042,0.11979,0.21979,normal
12.56000,-14.70000,-2.64000,0.28000,1.10000,-0.15000,0.05000,normal
12.58000,-15.07391,-2.76087,0.55652,0.47692,-0.41538,-0.71538,normal
12.60000,-14.37826,-2.71739,0.73043,0.40000,-0.46667,-0.76667,normal
12.62000,-13.68261,-2.67391,0.90435,0.32308,-0.51795,-0.81795,normal
12.64000,-12.98696,-2.63043,1.07826,0.24615,-0.56923,-0.86923,normal
12.66000,-8.33333,-2.50000,1.20000,-0.79894,-0.59894,-0.99894,normal
12.68000,-7.14565,-2.33913,1.40000,-0.77766,-0.57766,-0.97766,normal
12.70000,-6.86304,-2.38261,1.40000,-0.75638,-0.55638,-0.95638,normal
12.72000,-6.58043,-2.42609,1.40000,-0.73511,-0.53511,-0.93511,normal
12.74000,-6.29783,-2.46957,1.40000,-0.71383,-0.51383,-0.91383,normal
12.76000,-5.50000,-2.80000,1.15000,-0.10000,-0.20000,-0.50000,normal
12.78000,-5.76444,-2.98222,1.35333,0.31977,-0.20000,-0.16047,normal
12.80000,-5.72000,-2.96000,1.42000,0.34302,-0.20000,-0.11395,normal
12.82000,-5.67556,-2.93778,1.48667,0.36628,-0.20000,-0.06744,normal
12.84000,-5.63111,-2.91556,1.55333,0.38953,-0.20000,-0.02093,normal
12.86000,-7.10000,-2.30000,1.20000,0.45000,-0.15000,0.25000,normal
12.88000,-7.19804,-2.33922,1.21961,-0.14118,-0.11373,0.41373,normal
12.90000,-7.29608,-2.37843,1.23922,-0.20000,-0.13333,0.43333,normal
12.92000,-7.39412,-2.41765,1.25882,-0.25882,-0.15294,0.45294,normal
12.94000,-7.49216,-2.45686,1.27843,-0.31765,-0.17255,0.47255,normal
12.96000,-7.59020,-2.49608,1.29804,-0.37647,-0.19216,0.49216,normal
12.98000,-7.70267,-3.70267,1.60133,-0.90000,-0.10000,0.40000,normal
13.00000,-7.75600,-3.75600,1.62800,-0.78500,0.04500,0.40000,normal
13.02000,-7.80933,-3.80933,1.65467,-0.75167,0.14500,0.40000,normal
13.04000,-7.86267,-3.86267,1.68133,-0.71833,0.24500,0.40000,normal
13.06000,-16.60000,-5.80000,0.60000,-0.20000,0.10000,0.80000,normal
13.08000,-16.71522,-5.62391,1.17609,-0.06087,-0.19783,0.72174,normal
13.10000,-15.95435,-5.42826,1.37174,-0.01739,-0.30652,0.63478,normal
13.12000,-15.19348,-5.23261,1.56739,0.02609,-0.41522,0.54783,normal
13.14000,-14.43261,-5.03696,1.76304,0.06957,-0.52391,0.46087,normal
13.16000,-10.30000,-4.10000,2.40000,0.40000,-0.40000,-0.10000,normal
13.18000,-14.14149,-4.13617,1.05532,0.35789,-0.40000,-0.12105,normal
13.20000,-13.39681,-4.05106,1.39574,0.31579,-0.40000,-0.14211,normal
13.22000,-12.65213,-3.96596,1.73617,0.27368,-0.40000,-0.16316,normal
13.24000,-11.90745,-3.88085,2.07660,0.23158,-0.40000,-0.18421,normal
13.26000,-10.50000,-3.60000,2.80000,0.00000,-0.30000,-0.30000,normal
13.28000,-6.30000,-2.81591,2.53636,-0.10000,-0.28632,-0.40000,normal
13.30000,-6.30000,-2.83864,2.44545,-0.10000,-0.26526,-0.40000,normal
13.32000,-6.30000,-2.86136,2.35455,-0.10000,-0.24421,-0.40000,normal
13.34000,-6.30000,-2.88409,2.26364,-0.10000,-0.22316,-0.40000,normal
13.36000,-5.90000,-2.90000,2.15000,-0.10000,-0.20211,-0.40000,normal
13.38000,-3.91750,-2.70000,1.68250,0.00769,-0.58462,-0.40000,normal
13.40000,-3.96750,-2.70000,1.63250,0.03333,-0.53333,-0.40000,normal
13.42000,-4.01750,-2.70000,1.58250,0.05897,-0.48205,-0.40000,normal
13.44000,-4.06750,-2.70000,1.53250,0.08462,-0.43077,-0.40000,normal
13.46000,-7.00000,-3.46000,1.50000,0.30000,0.40417,-0.09583,normal
13.48000,-8.44792,-3.73542,1.20000,0.30000,0.44583,-0.05417,normal
13.50000,-8.73958,-3.77708,1.20000,0.30000,0.48750,-0.01250,normal
13.52000,-9.03125,-3.81875,1.20000,0.30000,0.52917,0.02917,normal
13.54000,-9.32292,-3.86042,1.20000,0.30000,0.57083,0.07083,normal
13.56000,-9.35000,-3.90000,1.40000,0.60000,0.22000,0.20000,normal
13.58000,-9.52826,-3.84565,1.20870,0.71798,0.61798,0.18202,normal
13.60000,-9.85435,-3.91087,1.07826,0.74045,0.64045,0.15955,normal
13.62000,-10.18043,-3.97609,0.94783,0.76292,0.66292,0.13708,normal
13.64000,-10.50652,-4.04130,0.81739,0.78539,0.68539,0.11461,normal
13.66000,-15.40000,-4.55000,1.40000,1.26667,0.00000,0.23333,normal
13.68000,-11.16000,-3.08222,1.88667,1.14466,0.05534,0.18155,normal
13.70000,-11.36000,-3.06000,1.62000,1.08641,0.11359,0.16214,normal
13.72000,-11.56000,-3.03778,1.35333,1.02816,0.17184,0.14272,normal
13.74000,-11.76000,-3.01556,1.08667,0.96990,0.23010,0.12330,normal
13.76000,-15.60000,-3.26000,0.72000,0.91165,0.28835,0.10388,normal
13.78000,-8.37436,-3.08077,2.46795,0.18873,-0.49155,-0.09718,normal
13.80000,-8.27179,-3.00385,2.33974,0.07606,-0.40704,-0.06901,normal
13.82000,-8.16923,-2.92692,2.21154,-0.03662,-0.32254,-0.04085,normal
13.84000,-8.06667,-2.85000,2.08333,-0.14930,-0.23803,-0.01268,normal
13.86000,-6.40000,-4.10000,2.10000,-0.20000,0.10000,-0.10000,normal
13.88000,-6.33548,-4.10000,2.12151,0.04884,0.20000,0.03256,normal
13.90000,-6.27097,-4.10000,2.14301,0.11860,0.20000,0.07907,normal
13.92000,-6.20645,-4.10000,2.16452,0.18837,0.20000,0.12558,normal
13.94000,-6.14194,-4.10000,2.18602,0.25814,0.20000,0.17209,normal
13.96000,-5.18000,-3.66000,1.56000,1.00000,0.10000,0.40000,normal
13.98000,-6.88889,-3.38111,1.20000,1.12045,0.27955,0.27955,normal
14.00000,-7.11111,-3.35889,1.20000,1.14318,0.25682,0.25682,normal
14.02000,-7.33333,-3.33667,1.20000,1.16591,0.23409,0.23409,normal
14.04000,-7.55556,-3.31444,1.20000,1.18864,0.21136,0.21136,normal
14.06000,-8.50000,-3.20000,1.80000,0.20000,0.00000,-0.20000,normal
14.08000,-9.04130,-3.36196,1.73804,0.17895,0.00000,-0.22105,normal
14.10000,-9.08478,-3.42717,1.67283,0.15789,0.00000,-0.24211,normal
14.12000,-9.12826,-3.49239,1.60761,0.13684,0.00000,-0.26316,normal
14.14000,-9.17174,-3.55761,1.54239,0.11579,0.00000,-0.28421,normal
14.16000,-9.55000,-3.88000,1.29000,0.03333,0.13333,-0.26667,normal
14.18000,-13.30920,-5.03218,0.63218,0.73797,0.53797,0.01266,normal
14.20000,-13.60805,-5.07816,0.67816,0.81392,0.61392,0.03797,normal
14.22000,-13.90690,-5.12414,0.72414,0.88987,0.68987,0.06329,normal
14.24000,-14.20575,-5.17011,0.77011,0.96582,0.76582,0.08861,normal
14.26000,-12.70000,-3.80000,1.50000,1.82500,0.65000,-0.25000,normal
14.28000,-12.80753,-3.69247,1.37097,1.77841,0.61364,-0.34318,normal
14.30000,-12.91505,-3.58495,1.24194,1.75568,0.52273,-0.38864,normal
14.32000,-13.02258,-3.47742,1.11290,1.73295,0.43182,-0.43409,normal
14.34000,-13.13011,-3.36989,0.98387,1.71023,0.34091,-0.47955,normal
14.36000,-8.50000,-2.20000,2.00000,0.80000,0.15000,-0.85000,normal
14.38000,-8.19892,-2.24301,2.04301,0.26222,-0.08111,-0.90000,normal
14.40000,-7.89785,-2.28602,2.08602,0.21778,-0.05889,-0.90000,normal
14.42000,-7.59677,-2.32903,2.12903,0.17333,-0.03667,-0.90000,normal
14.44000,-7.29570,-2.37204,2.17204,0.12889,-0.01444,-0.90000,normal
14.46000,-5.70000,-3.46667,0.83333,1.00370,0.40093,-0.50000,normal
14.48000,-5.95217,-3.60000,0.48261,1.07778,0.41944,-0.50000,normal
14.50000,-6.01739,-3.60000,0.46087,1.15185,0.43796,-0.50000,normal
14.52000,-6.08261,-3.60000,0.43913,1.22593,0.45648,-0.50000,normal
14.54000,-6.14783,-3.60000,0.41739,1.30000,0.47500,-0.50000,normal
14.56000,-6.06667,-3.55556,0.57778,1.37407,0.49352,-0.50000,normal
14.58000,-7.02400,-3.10000,0.60000,1.90000,0.50000,-0.40000,normal
14.60000,-7.26400,-3.10000,0.60000,2.21475,0.98525,-0.18525,normal
14.62000,-7.50400,-3.10000,0.60000,2.24754,0.95246,-0.15246,normal
14.64000,-7.74400,-3.10000,0.60000,2.28033,0.91967,-0.11967,normal
14.66000,-7.40000,-2.88000,1.18000,2.04000,0.86000,-0.14000,normal
14.68000,-9.05053,-2.91789,0.58211,1.98043,0.88043,-0.10000,normal
14.70000,-9.34526,-2.93895,0.56105,1.95870,0.85870,-0.10000,normal
14.72000,-9.64000,-2.96000,0.54000,1.93696,0.83696,-0.10000,normal
14.74000,-9.93474,-2.98105,0.51895,1.91522,0.81522,-0.10000,normal
14.76000,-10.60000,-3.00000,0.90000,1.20000,1.15000,-0.15000,normal
14.78000,-13.32360,-3.70112,0.18315,1.23519,1.40000,-0.08241,normal
14.80000,-14.15506,-3.83596,0.16067,1.27222,1.40000,-0.06389,normal
14.82000,-14.98652,-3.97079,0.13820,1.30926,1.40000,-0.04537,normal
14.84000,-15.81798,-4.10562,0.11573,1.34630,1.40000,-0.02685,normal
14.86000,-16.81538,-5.08462,1.10000,1.38333,1.40000,-0.00833,normal
14.88000,-11.36341,-3.64146,0.38049,1.99359,0.32564,-0.00641,normal
14.90000,-11.02195,-3.49512,0.33171,1.96795,0.42821,-0.03205,normal
14.92000,-10.68049,-3.34878,0.28293,1.94231,0.53077,-0.05769,normal
14.94000,-10.33902,-3.20244,0.23415,1.91667,0.63333,-0.08333,normal
14.96000,-11.30000,-3.55000,0.60000,2.00000,0.20000,-0.10000,normal
14.98000,-9.49438,-3.80000,1.10000,2.00000,0.17802,-0.12198,normal
15.00000,-9.11236,-3.80000,1.10000,2.00000,0.15604,-0.14396,normal
15.02000,-8.73034,-3.80000,1.10000,2.00000,0.13407,-0.16593,normal
15.04000,-8.34831,-3.80000,1.10000,2.00000,0.11209,-0.18791,normal
15.06000,-7.05000,-2.90000,0.20000,1.80000,0.40430,-0.40000,normal
15.08000,-7.15870,-3.17826,0.21957,1.80000,0.42581,-0.40000,normal
15.10000,-7.22391,-3.26522,0.24130,1.80000,0.44731,-0.40000,normal
15.12000,-7.28913,-3.35217,0.26304,1.80000,0.46882,-0.40000,normal
15.14000,-7.35435,-3.43913,0.28478,1.80000,0.49032,-0.40000,normal
15.16000,-10.85000,-4.55000,-0.40000,2.00000,0.70000,0.30000,normal
15.18000,-11.03804,-4.62065,-0.35870,2.03810,0.68095,0.31905,normal
15.20000,-10.97283,-4.64239,-0.31522,2.07619,0.66190,0.33810,normal
15.22000,-10.90761,-4.66413,-0.27174,2.11429,0.64286,0.35714,normal
15.24000,-10.84239,-4.68587,-0.22826,2.15238,0.62381,0.37619,normal
15.26000,-10.48333,-4.80000,-0.15000,2.19048,0.60476,0.39524,normal
15.28000,-10.18750,-4.16250,-0.29375,2.80000,0.48889,-0.12222,normal
15.30000,-10.13750,-4.01250,-0.26875,2.80000,0.46420,-0.17160,normal
15.32000,-10.08750,-3.86250,-0.24375,2.80000,0.43951,-0.22099,normal
15.34000,-10.03750,-3.71250,-0.21875,2.80000,0.41481,-0.27037,normal
15.36000,-10.30000,-2.80000,-0.10000,2.21429,-0.04286,-0.94286,normal
15.38000,-10.02444,-2.56222,0.41889,1.60556,-0.23778,-1.11889,normal
15.40000,-9.93556,-2.51778,0.44111,1.49444,-0.28222,-1.14111,normal
15.42000,-9.84667,-2.47333,0.46333,1.38333,-0.32667,-1.16333,normal
15.44000,-9.75778,-2.42889,0.48556,1.27222,-0.37111,-1.18556,normal
15.46000,-10.30000,-2.80000,-0.40000,-0.40000,-0.40000,-1.60000,normal
15.48000,-10.19247,-2.86452,-0.40000,-0.54318,-0.40000,-1.62159,normal
15.50000,-10.08495,-2.92903,-0.40000,-0.58864,-0.40000,-1.64432,normal
15.52000,-9.97742,-2.99355,-0.40000,-0.63409,-0.40000,-1.66705,normal
15.54000,-9.86989,-3.05806,-0.40000,-0.67955,-0.40000,-1.68977,normal
15.56000,-8.30000,-4.00000,0.90000,0.00000,0.50000,-1.30000,normal
15.58000,-8.28319,-4.01681,0.95042,0.06061,0.54545,-1.26970,normal
15.60000,-8.26639,-4.03361,1.00084,0.12121,0.59091,-1.23939,normal
15.62000,-8.24958,-4.05042,1.05126,0.18182,0.63636,-1.20909,normal
15.64000,-8.23277,-4.06723,1.10168,0.24242,0.68182,-1.17879,normal
15.66000,-8.21597,-4.08403,1.15210,0.30303,0.72727,-1.14848,normal
15.68000,-8.35000,-4.20000,1.35000,0.36364,0.77273,-1.11818,normal
15.70000,-9.58571,-6.05714,0.72857,0.90909,1.20000,-0.57273,normal
15.72000,-9.70556,-5.93472,0.52917,1.28571,1.14857,-0.56857,normal
15.74000,-9.59444,-5.74028,0.44583,1.42857,1.06286,-0.68286,normal
15.76000,-9.48333,-5.54583,0.36250,1.57143,0.97714,-0.79714,normal
15.78000,-9.10000,-6.96667,0.63333,1.76667,0.76667,-1.16667,normal
15.80000,-7.20000,-9.71667,5.05000,1.50000,-0.41250,-2.50000,normal
15.82000,-7.20000,-9.74697,4.95909,1.50000,-0.44821,-2.50000,normal
15.84000,-7.20000,-9.77727,4.86818,1.50000,-0.48393,-2.50000,normal
15.86000,-5.80000,-9.70000,5.30000,1.50000,-0.62857,-2.60000,normal
15.88000,-5.64783,-9.59130,5.30000,1.46709,-0.81646,-2.60000,normal
15.90000,-5.49565,-9.48261,5.30000,1.41646,-0.84177,-2.60000,normal
15.92000,-5.34348,-9.37391,5.30000,1.36582,-0.86709,-2.60000,normal
15.94000,-5.19130,-9.26522,5.30000,1.31519,-0.89241,-2.60000,normal
15.96000,-2.79381,-8.37835,5.19381,0.70000,-0.99327,-2.49327,normal
15.98000,-2.75258,-8.23402,5.15258,0.70000,-0.97404,-2.47404,normal
16.00000,-2.71134,-8.08969,5.11134,0.70000,-0.95481,-2.45481,normal
16.02000,-2.67010,-7.94536,5.07010,0.70000,-0.93558,-2.43558,normal
16.04000,-2.62887,-7.80103,5.02887,0.70000,-0.91635,-2.41635,normal
16.06000,-1.61000,-6.81000,5.16000,0.74286,-0.90000,-2.31429,normal
16.08000,-0.91333,-6.84667,5.37333,0.40390,-0.39610,-1.49221,normal
16.10000,-0.93556,-6.75778,5.32889,0.42987,-0.37013,-1.44026,normal
16.12000,-0.95778,-6.66889,5.28444,0.45584,-0.34416,-1.38831,normal
16.14000,-0.98000,-6.58000,5.24000,0.48182,-0.31818,-1.33636,normal
16.16000,-0.80000,-6.10000,5.10000,0.30000,-0.40000,-0.90000,normal
16.18000,-0.68295,-6.81705,4.93409,0.25876,-0.42062,-0.87938,normal
16.20000,-0.66023,-6.83977,4.97955,0.21753,-0.44124,-0.85876,normal
16.22000,-0.63750,-6.86250,5.02500,0.17629,-0.46186,-0.83814,normal
16.24000,-0.61477,-6.88523,5.07045,0.13505,-0.48247,-0.81753,normal
16.26000,-0.39000,-7.18000,5.17000,0.04000,-0.44000,-0.74000,normal
16.28000,-0.64235,-6.55647,4.95765,-0.64756,-0.28415,-0.28415,normal
16.30000,-0.71294,-6.65059,4.88706,-0.72073,-0.25976,-0.25976,normal
16.32000,-0.78353,-6.74471,4.81647,-0.79390,-0.23537,-0.23537,normal
16.34000,-0.85412,-6.83882,4.74588,-0.86707,-0.21098,-0.21098,normal
16.36000,-2.80000,-7.50000,5.10000,-0.75714,-0.10000,0.18571,normal
16.38000,-3.33763,-7.09140,5.78817,-0.45957,-0.25957,1.00000,normal
16.40000,-3.87527,-6.68280,6.47634,-0.54468,-0.34468,1.00000,normal
16.42000,-4.41290,-6.27419,7.16452,-0.62979,-0.42979,1.00000,normal
16.44000,-4.95054,-5.86559,7.85269,-0.71489,-0.51489,1.00000,normal
16.46000,-2.97500,-7.29167,5.73333,-0.80000,-0.60000,1.00000,normal
16.48000,-1.01220,-8.71098,3.71098,-0.05000,-0.10000,0.75000,normal
16.50000,-0.81707,-8.73537,3.73537,0.20704,-0.23380,0.88028,normal
16.52000,-0.62195,-8.75976,3.75976,0.31972,-0.37465,0.96479,normal
16.54000,-0.42683,-8.78415,3.78415,0.43239,-0.51549,1.04930,normal
16.56000,2.50000,-9.10000,4.30000,2.00101,0.00404,0.79899,normal
16.58000,1.84545,-8.72727,4.25455,2.02121,0.08485,0.77879,normal
16.60000,1.77727,-8.38636,4.57273,2.04141,0.16566,0.75859,normal
16.62000,1.70909,-8.04545,4.89091,2.06162,0.24646,0.73838,normal
16.64000,1.64091,-7.70455,5.20909,2.08182,0.32727,0.71818,normal
16.66000,0.23333,-8.10000,5.66667,2.30000,0.50000,0.75000,normal
16.68000,-0.75595,-8.62976,11.14524,1.90106,0.20000,0.70957,normal
16.70000,-0.49405,-8.32024,9.95476,1.66702,0.20000,0.60319,normal
16.72000,-0.23214,-8.01071,8.76429,1.43298,0.20000,0.49681,normal
16.74000,0.02976,-7.70119,7.57381,1.19894,0.20000,0.39043,normal
16.76000,0.30000,-5.20000,8.00000,1.85000,0.00000,0.35000,normal
16.78000,0.41798,-4.92809,8.18202,1.10000,-0.12679,-0.01339,normal
16.80000,0.44045,-4.83820,8.15955,1.10000,-0.16250,-0.03125,normal
16.82000,0.46292,-4.74831,8.13708,1.10000,-0.19821,-0.04911,normal
16.84000,0.48539,-4.65843,8.11461,1.10000,-0.23393,-0.06696,normal
16.86000,0.56774,-4.64516,8.21290,1.10000,-0.26964,-0.08482,normal
16.88000,0.76129,-4.77419,8.53548,0.99231,-0.39231,-0.20769,normal
16.90000,0.23437,-4.61250,7.03906,0.85263,-0.39123,-0.41754,normal
16.92000,0.29688,-5.36250,8.38281,1.06316,-0.35614,-0.48772,normal
16.94000,0.35938,-6.11250,9.72656,1.27368,-0.32105,-0.55789,normal
16.96000,0.28000,-5.34000,10.04000,0.30400,-0.70000,-0.69400,normal
16.98000,1.21053,-5.64632,9.55368,0.34400,-0.70000,-0.63400,normal
17.00000,1.10526,-5.58316,9.61684,0.38400,-0.70000,-0.57400,normal
17.02000,1.00000,-5.52000,9.68000,0.42400,-0.70000,-0.51400,normal
17.04000,0.89474,-5.45684,9.74316,0.46400,-0.70000,-0.45400,normal
17.06000,0.95000,-5.45000,8.65000,0.50000,-0.50000,-0.46667,normal
17.08000,1.30833,-3.94762,8.61786,0.62308,-0.03846,-0.08462,normal
17.10000,1.14167,-3.85238,8.83214,0.51319,0.04945,-0.06264,normal
17.12000,0.97500,-3.75714,9.04643,0.40330,0.13736,-0.04066,normal
17.14000,0.80833,-3.66190,9.26071,0.29341,0.22527,-0.01868,normal
17.16000,-0.80000,-2.90000,6.80000,-0.70000,0.80000,0.10000,normal
17.18000,-0.75699,-2.90000,7.03656,0.60000,0.58690,0.00000,normal
17.20000,-0.71398,-2.90000,7.27312,0.60000,0.56310,0.00000,normal
17.22000,-0.67097,-2.90000,7.50968,0.60000,0.53929,0.00000,normal
17.24000,-0.62796,-2.90000,7.74624,0.60000,0.51548,0.00000,normal
17.26000,-2.88617,-3.80426,8.39255,0.34545,0.50000,0.06364,normal
17.28000,-2.60957,-3.88936,8.24362,-0.10000,-0.14177,0.08608,normal
17.30000,-2.33298,-3.97447,8.09468,-0.10000,-0.21772,0.06076,normal
17.32000,-2.05638,-4.05957,7.94574,-0.10000,-0.29367,0.03544,normal
17.34000,-1.77979,-4.14468,7.79681,-0.10000,-0.36962,0.01013,normal
17.36000,-1.02043,-3.10430,9.11183,0.19770,-0.49770,0.10000,normal
17.38000,-1.42903,-3.19032,9.34839,0.15172,-0.45172,0.10000,normal
17.40000,-1.83763,-3.27634,9.58495,0.10575,-0.40575,0.10000,normal
17.42000,-2.24624,-3.36237,9.82151,0.05977,-0.35977,0.10000,normal
17.44000,-2.65484,-3.44839,10.05806,0.01379,-0.31379,0.10000,normal
17.46000,0.99700,-4.27600,9.46400,-0.10000,-0.90000,0.00000,normal
17.48000,0.97700,-4.11600,9.22400,-0.15769,-0.91923,0.00000,normal
17.50000,0.95700,-3.95600,8.98400,-0.21538,-0.93846,0.00000,normal
17.52000,0.93700,-3.79600,8.74400,-0.27308,-0.95769,0.00000,normal
17.54000,0.91700,-3.63600,8.50400,-0.33077,-0.97692,0.00000,normal
17.56000,2.20000,-5.40000,8.60000,-0.38846,-0.99615,0.00000,normal
17.58000,1.30787,-5.52809,8.84607,0.31053,-0.42105,0.21053,normal
17.60000,1.44270,-5.43820,8.77865,0.33684,-0.47368,0.23684,normal
17.62000,1.57753,-5.34831,8.71124,0.36316,-0.52632,0.26316,normal
17.64000,1.71236,-5.25843,8.64382,0.38947,-0.57895,0.28947,normal
17.66000,0.99474,-4.78947,10.29263,-0.25000,0.60000,0.85000,normal
17.68000,0.88947,-4.57895,10.14526,-0.32021,0.55957,0.87979,normal
17.70000,0.78421,-4.36842,9.99789,-0.34149,0.51702,0.85851,normal
17.72000,0.67895,-4.15789,9.85053,-0.36277,0.47447,0.83723,normal
17.74000,0.57368,-3.94737,9.70316,-0.38404,0.43191,0.81596,normal
17.76000,0.60000,-5.30000,9.00000,0.10000,0.40000,0.50000,normal
17.78000,-0.25934,-4.36154,9.56154,-0.24368,0.37816,0.50000,normal
17.80000,-0.32527,-4.20769,9.40769,-0.28966,0.35517,0.50000,normal
17.82000,-0.39121,-4.05385,9.25385,-0.33563,0.33218,0.50000,normal
17.84000,-0.45714,-3.90000,9.10000,-0.38161,0.30920,0.50000,normal
17.86000,0.69574,-4.29681,7.90638,0.10000,0.20000,0.30000,normal
17.88000,0.61064,-4.23298,8.03404,0.58817,0.28817,0.10000,normal
17.90000,0.52553,-4.16915,8.16170,0.56667,0.26667,0.10000,normal
17.92000,0.44043,-4.10532,8.28936,0.54516,0.24516,0.10000,normal
17.94000,0.35532,-4.04149,8.41702,0.52366,0.22366,0.10000,normal
17.96000,0.22222,-3.78889,8.25556,0.50215,0.20215,0.10000,normal
17.98000,0.37471,-4.11494,8.15977,0.70500,-0.50500,-0.30500,normal
18.00000,0.48966,-4.13793,8.25172,0.73000,-0.53000,-0.33000,normal
18.02000,0.60460,-4.16092,8.34368,0.75500,-0.55500,-0.35500,normal
18.04000,0.71954,-4.18391,8.43563,0.78000,-0.58000,-0.38000,normal
18.06000,1.14286,-4.65714,9.14286,1.50000,-0.30000,-0.30000,normal
18.08000,-1.18736,-4.26552,9.71609,2.86552,-0.68621,-0.41724,normal
18.10000,-1.02644,-3.64483,9.73908,2.81954,-0.80115,-0.44023,normal
18.12000,-0.86552,-3.02414,9.76207,2.77356,-0.91609,-0.46322,normal
18.14000,-0.70460,-2.40345,9.78506,2.72759,-1.03103,-0.48621,normal
18.16000,2.10000,-1.50000,9.40000,0.70000,0.10000,-0.03333,normal
18.18000,1.44889,-1.03778,10.37000,0.08095,0.77619,0.11905,normal
18.20000,1.27111,-1.08222,10.57000,0.05714,0.87143,0.14286,normal
18.22000,1.09333,-1.12667,10.77000,0.03333,0.96667,0.16667,normal
18.24000,0.91556,-1.17111,10.97000,0.00952,1.06190,0.19048,normal
18.26000,2.99149,-2.09681,9.49681,0.10741,0.60000,-0.10000,normal
18.28000,2.82128,-2.03298,9.43298,0.14444,0.60000,-0.10000,normal
18.30000,2.65106,-1.96915,9.36915,0.18148,0.60000,-0.10000,normal
18.32000,2.48085,-1.90532,9.30532,0.21852,0.60000,-0.10000,normal
18.34000,2.31064,-1.84149,9.24149,0.25556,0.60000,-0.10000,normal
18.36000,0.82857,-2.10000,9.74286,0.29259,0.60000,-0.10000,normal
18.38000,-0.24545,-2.97403,9.63247,-0.43333,0.33333,-0.10000,normal
18.40000,-0.42727,-2.87013,9.76234,-0.44769,0.27385,-0.07385,normal
18.42000,-0.60909,-2.76623,9.89221,-0.38615,0.24308,-0.04308,normal
18.44000,-0.79091,-2.66234,10.02208,-0.32462,0.21231,-0.01231,normal
18.46000,0.59681,-1.89574,8.10532,-0.20000,-0.70000,0.00000,normal
18.48000,0.53298,-1.81064,8.21170,-0.17889,-0.67889,0.00000,normal
18.50000,0.46915,-1.72553,8.31809,-0.15667,-0.65667,0.00000,normal
18.52000,0.40532,-1.64043,8.42447,-0.13444,-0.63444,0.00000,normal
18.54000,0.34149,-1.55532,8.53085,-0.11222,-0.61222,0.00000,normal
18.56000,-0.46667,-1.70000,9.50000,-0.01429,-0.78571,0.18571,normal
18.58000,-0.06000,-1.98000,9.94000,-0.11977,-1.00000,0.20000,normal
18.60000,-0.01556,-1.84667,9.87333,-0.14302,-1.00000,0.20000,normal
18.62000,0.02889,-1.71333,9.80667,-0.16628,-1.00000,0.20000,normal
18.64000,0.07333,-1.58000,9.74000,-0.18953,-1.00000,0.20000,normal
18.66000,0.60000,-2.30000,9.30000,0.09615,-0.60000,0.49615,normal
18.68000,0.79149,-2.34255,9.53404,0.07692,-0.60000,0.47692,normal
18.70000,0.98298,-2.38511,9.76809,0.05769,-0.60000,0.45769,normal
18.72000,1.17447,-2.42766,10.00213,0.03846,-0.60000,0.43846,normal
18.74000,1.36596,-2.47021,10.23617,0.01923,-0.60000,0.41923,normal
18.76000,0.58000,-2.84000,12.28000,0.00000,-0.60000,0.40000,normal
18.78000,0.67683,-1.58902,8.13537,-0.35455,0.67273,1.03636,normal
18.80000,0.84756,-1.56463,7.76951,-0.45152,0.55152,0.95152,normal
18.82000,1.01829,-1.54024,7.40366,-0.39091,0.49091,0.89091,normal
18.84000,1.18902,-1.51585,7.03780,-0.33030,0.43030,0.83030,normal
18.86000,0.70000,-1.15000,8.80000,-0.01429,0.32857,0.65714,normal
18.88000,0.27912,-0.76264,8.45385,0.47619,0.88810,0.61190,normal
18.90000,0.25714,-0.82857,8.30000,0.42857,0.86429,0.63571,normal
18.92000,0.23516,-0.89451,8.14615,0.38095,0.84048,0.65952,normal
18.94000,0.21319,-0.96044,7.99231,0.33333,0.81667,0.68333,normal
18.96000,-0.75000,-1.98333,9.60000,0.40000,0.60000,0.60000,normal
18.98000,-1.48276,-1.43448,9.70345,0.48022,0.52088,0.48022,normal
19.00000,-1.45977,-1.48046,9.84138,0.45824,0.43297,0.45824,normal
19.02000,-1.43678,-1.52644,9.97931,0.43626,0.34505,0.43626,normal
19.04000,-1.41379,-1.57241,10.11724,0.41429,0.25714,0.41429,normal
19.06000,-0.15000,-2.00000,9.55000,0.46667,-0.46667,0.03333,normal
19.08000,0.60000,-1.63636,9.57273,0.50000,-0.50000,-0.01919,normal
19.10000,0.60000,-1.43182,9.66364,0.50000,-0.50000,-0.03939,normal
19.12000,0.60000,-1.22727,9.75455,0.50000,-0.50000,-0.05960,normal
19.14000,0.60000,-1.02273,9.84545,0.50000,-0.50000,-0.07980,normal
19.16000,0.60000,-0.95000,10.05000,0.50000,-0.50000,-0.10000,normal
19.18000,-0.30000,-1.82222,11.85556,-0.51558,0.09221,0.19221,normal
19.20000,-0.52222,-1.64938,11.75679,-0.56753,0.06623,0.16623,normal
19.22000,-0.74444,-1.47654,11.65802,-0.61948,0.04026,0.14026,normal
19.24000,-0.96667,-1.30370,11.55926,-0.67143,0.01429,0.11429,normal
19.26000,1.08925,-3.00323,11.71075,-1.30449,0.79775,0.30000,normal
19.28000,0.87419,-3.06774,11.92581,-1.34944,0.77528,0.30000,normal
19.30000,0.65914,-3.13226,12.14086,-1.39438,0.75281,0.30000,normal
19.32000,0.44409,-3.19677,12.35591,-1.43933,0.73034,0.30000,normal
19.34000,0.22903,-3.26129,12.57097,-1.48427,0.70787,0.30000,normal
19.36000,0.79362,-4.57872,7.91064,0.26129,0.59355,0.08065,normal
19.38000,0.72979,-4.36596,8.01702,0.13226,0.57204,0.01613,normal
19.40000,0.66596,-4.15319,8.12340,0.00323,0.55054,-0.04839,normal
19.42000,0.60213,-3.94043,8.22979,-0.12581,0.52903,-0.11290,normal
19.44000,0.53830,-3.72766,8.33617,-0.25484,0.50753,-0.17742,normal
19.46000,-0.98750,-3.39792,7.68750,-1.00081,-0.20081,-0.39919,normal
19.48000,-0.86250,-3.37708,7.56250,-1.01694,-0.21694,-0.38306,normal
19.50000,-0.73750,-3.35625,7.43750,-1.03306,-0.23306,-0.36694,normal
19.52000,-0.61250,-3.33542,7.31250,-1.04919,-0.24919,-0.35081,normal
19.54000,-0.48750,-3.31458,7.18750,-1.06532,-0.26532,-0.33468,normal
19.56000,-0.32000,-3.70000,6.98000,-1.08145,-0.28145,-0.31855,normal
19.58000,-1.20000,-2.90000,6.70000,-1.09758,-0.29758,-0.30242,normal
19.60000,-1.55833,-0.71806,7.75417,-0.20577,-0.70577,0.07692,normal
19.62000,-1.72500,-1.57917,8.33750,-0.24423,-0.74423,-0.07692,normal
19.64000,-1.89167,-2.44028,8.92083,-0.28269,-0.78269,-0.23077,normal
19.66000,-0.40000,-4.00000,10.00000,0.10000,-0.80000,0.30000,normal
19.68000,-0.48696,-3.97826,10.00000,0.07778,-0.75556,0.30000,normal
19.70000,-0.57391,-3.95652,10.00000,0.05556,-0.71111,0.30000,normal
19.72000,-0.66087,-3.93478,10.00000,0.03333,-0.66667,0.30000,normal
19.74000,-0.74783,-3.91304,10.00000,0.01111,-0.62222,0.30000,normal
19.76000,1.00000,-3.60000,8.90000,0.40000,0.10000,0.40000,normal
19.78000,1.34000,-3.74000,9.16000,0.46186,0.18247,0.44124,normal
19.80000,1.27333,-4.00667,9.33778,0.52371,0.26495,0.48247,normal
19.82000,1.20667,-4.27333,9.51556,0.58557,0.34742,0.52371,normal
19.84000,1.14000,-4.54000,9.69333,0.64742,0.42990,0.56495,normal
19.86000,2.00106,-3.50106,7.39787,0.40000,0.70000,0.70000,normal
19.88000,2.02234,-3.52234,7.35532,-0.48276,0.53448,0.58276,normal
19.90000,2.04362,-3.54362,7.31277,-0.45977,0.58046,0.55977,normal
19.92000,2.06489,-3.56489,7.27021,-0.43678,0.62644,0.53678,normal
19.94000,2.08617,-3.58617,7.22766,-0.41379,0.67241,0.51379,normal
19.96000,-0.25000,-2.25000,8.15000,-1.89158,0.89579,0.70632,normal
19.98000,-1.89101,-4.42921,8.92921,-1.80737,0.85368,0.76947,normal
20.00000,-2.11573,-4.69888,9.19888,-1.72316,0.81158,0.83263,normal
20.02000,-2.34045,-4.96854,9.46854,-1.63895,0.76947,0.89579,normal
20.04000,-2.56517,-5.23820,9.73820,-1.55474,0.72737,0.95895,normal
20.06000,-3.48571,-5.07143,7.77143,-0.20000,-0.40000,0.10000,normal
20.08000,-0.13103,-5.90000,6.73793,-0.11398,-0.35699,0.03548,normal
20.10000,-0.03908,-5.90000,6.92184,-0.02796,-0.31398,-0.02903,normal
20.12000,0.05287,-5.90000,7.10575,0.05806,-0.27097,-0.09355,normal
20.14000,0.14483,-5.90000,7.28966,0.14409,-0.22796,-0.15806,normal
20.16000,-0.82857,-4.82857,8.58571,0.40000,-0.20000,-0.35000,normal
20.18000,-0.46703,-6.09890,8.46703,0.30000,-0.51717,-0.50000,normal
20.20000,-0.42308,-6.23077,8.42308,0.30000,-0.53737,-0.50000,normal
20.22000,-0.37912,-6.36264,8.37912,0.30000,-0.55758,-0.50000,normal
20.24000,-0.33516,-6.49451,8.33516,0.30000,-0.57778,-0.50000,normal
20.26000,0.15000,-5.15000,9.30000,0.30000,-0.59798,-0.50000,normal
20.28000,0.61000,-5.21000,9.64000,-0.00694,-0.38611,-0.39306,normal
20.30000,0.63500,-5.48500,9.49000,-0.03472,-0.33056,-0.36528,normal
20.32000,0.66000,-5.76000,9.34000,-0.06250,-0.27500,-0.33750,normal
20.34000,0.68500,-6.03500,9.19000,-0.09028,-0.21944,-0.30972,normal
20.36000,-0.29785,-4.89677,10.28495,0.60000,0.40000,-0.20000,normal
20.38000,-0.25484,-4.83226,9.98387,-0.00112,0.70000,-0.10000,normal
20.40000,-0.21183,-4.76774,9.68280,-0.11348,0.70000,-0.10000,normal
20.42000,-0.16882,-4.70323,9.38172,-0.22584,0.70000,-0.10000,normal
20.44000,-0.12581,-4.63871,9.08065,-0.33820,0.70000,-0.10000,normal
20.46000,-0.10000,-3.90000,7.70000,0.55000,0.75000,-0.30000,normal
20.48000,-0.84000,-3.40000,8.54000,0.53667,0.80000,-0.30000,normal
20.50000,-0.99556,-3.40000,8.58444,0.47000,0.80000,-0.30000,normal
20.52000,-1.15111,-3.40000,8.62889,0.40333,0.80000,-0.30000,normal
20.54000,-1.30667,-3.40000,8.67333,0.33667,0.80000,-0.30000,normal
20.56000,-1.50000,-5.25000,6.95000,0.70000,0.10000,-0.30000,normal
20.58000,-1.82500,-4.72500,7.21875,0.73704,0.04444,-0.31852,normal
20.60000,-1.74167,-4.64167,7.23958,0.77407,-0.01111,-0.33704,normal
20.62000,-1.65833,-4.55833,7.26042,0.81111,-0.06667,-0.35556,normal
20.64000,-1.57500,-4.47500,7.28125,0.84815,-0.12222,-0.37407,normal
20.66000,-0.70000,-3.70000,7.90000,0.88519,-0.17778,-0.39259,normal
20.68000,-1.60000,-2.88684,8.91316,0.97500,-0.60000,-0.28333,normal
20.70000,-1.60000,-2.83421,8.96579,1.07794,-0.64412,-0.20000,normal
20.72000,-1.60000,-2.78158,9.01842,1.04853,-0.70294,-0.20000,normal
20.74000,-1.60000,-2.72895,9.07105,1.01912,-0.76176,-0.20000,normal
20.76000,-1.00000,-2.62500,10.15000,0.19775,-0.80000,-0.09888,normal
20.78000,-0.86629,-2.38090,10.05730,0.15281,-0.80000,-0.07640,normal
20.80000,-0.70899,-2.35843,10.12472,0.10787,-0.80000,-0.05393,normal
20.82000,-0.55169,-2.33596,10.19213,0.06292,-0.80000,-0.03146,normal
20.84000,-0.39438,-2.31348,10.25955,0.01798,-0.80000,-0.00899,normal
20.86000,1.20435,-3.29783,9.50326,0.49659,-0.59545,0.10000,normal
20.88000,1.29130,-3.25435,9.56848,0.42841,-0.50455,0.10000,normal
20.90000,1.37826,-3.21087,9.63370,0.36023,-0.41364,0.10000,normal
20.92000,1.46522,-3.16739,9.69891,0.29205,-0.32273,0.10000,normal
20.94000,1.55217,-3.12391,9.76413,0.22386,-0.23182,0.10000,normal
20.96000,0.10426,-2.70213,11.07021,-0.40619,0.49381,0.69588,normal
20.98000,0.14681,-2.72340,10.77234,-0.46804,0.43196,0.65464,normal
21.00000,0.18936,-2.74468,10.47447,-0.52990,0.37010,0.61340,normal
21.02000,0.23191,-2.76596,10.17660,-0.59175,0.30825,0.57216,normal
21.04000,0.27447,-2.78723,9.87872,-0.65361,0.24639,0.53093,normal
21.06000,0.62222,-3.45556,8.83333,0.34000,0.44000,0.22000,normal
21.08000,-0.36588,-2.90235,9.75294,0.15926,0.57284,0.31358,normal
21.10000,-0.46000,-2.62000,9.40000,0.08519,0.52346,0.33827,normal
21.12000,-0.55412,-2.33765,9.04706,0.01111,0.47407,0.36296,normal
21.14000,-0.64824,-2.05529,8.69412,-0.06296,0.42469,0.38765,normal
21.16000,-0.50000,-2.00000,8.50000,0.49694,0.19082,0.10000,normal
21.18000,-0.47889,-2.41000,8.26333,0.47653,0.12959,0.10000,normal
21.20000,-0.45667,-2.21000,8.33000,0.45612,0.06837,0.10000,normal
21.22000,-0.43444,-2.01000,8.39667,0.43571,0.00714,0.10000,normal
21.24000,-0.41222,-1.81000,8.46333,0.41531,-0.05408,0.10000,normal
21.26000,0.50000,-1.90000,8.20000,0.30000,-0.35000,-0.15000,normal
21.28000,0.70000,-2.30000,9.13953,0.37882,-0.47882,-0.20000,normal
21.30000,0.70000,-2.30000,9.32558,0.35529,-0.45529,-0.20000,normal
21.32000,0.70000,-2.30000,9.51163,0.33176,-0.43176,-0.20000,normal
21.34000,0.70000,-2.30000,9.69767,0.30824,-0.40824,-0.20000,normal
21.36000,1.40426,-2.61277,10.70426,-0.09352,-0.59352,-0.30648,normal
21.38000,1.44681,-2.74043,10.74681,-0.07500,-0.57500,-0.32500,normal
21.40000,1.48936,-2.86809,10.78936,-0.05648,-0.55648,-0.34352,normal
21.42000,1.53191,-2.99574,10.83191,-0.03796,-0.53796,-0.36204,normal
21.44000,1.57447,-3.12340,10.87447,-0.01944,-0.51944,-0.38056,normal
21.46000,1.62000,-3.20000,11.20000,-0.00093,-0.50093,-0.39907,normal
21.48000,1.75761,-2.68587,10.77065,0.00556,-0.10556,-0.40000,normal
21.50000,1.69239,-2.66413,10.87935,-0.32083,0.20417,-0.27917,normal
21.52000,1.62717,-2.64239,10.98804,-0.34861,0.34306,-0.25139,normal
21.54000,1.56196,-2.62065,11.09674,-0.37639,0.48194,-0.22361,normal
21.56000,1.20000,-3.05000,11.25000,-0.46000,0.72000,-0.14000,normal
21.58000,0.88675,-1.73012,7.84217,-0.22073,0.43171,-0.40000,normal
21.60000,1.03133,-1.94699,7.74578,-0.09878,0.48049,-0.40000,normal
21.62000,1.17590,-2.16386,7.64940,0.02317,0.52927,-0.40000,normal
21.64000,1.32048,-2.38072,7.55301,0.14512,0.57805,-0.40000,normal
21.66000,-0.50000,-1.90000,8.80000,0.09773,0.39886,-0.19886,normal
21.68000,-0.54396,-2.03187,8.86593,0.05227,0.37614,-0.17614,normal
21.70000,-0.58791,-2.16374,8.93187,0.00682,0.35341,-0.15341,normal
21.72000,-0.63187,-2.29560,8.99780,-0.03864,0.33068,-0.13068,normal
21.74000,-0.67582,-2.42747,9.06374,-0.08409,0.30795,-0.10795,normal
21.76000,-0.59355,-2.21075,8.60215,0.30631,-0.51261,-0.00631,normal
21.78000,-0.52903,-2.31828,8.62366,0.32432,-0.54865,-0.02432,normal
21.80000,-0.46452,-2.42581,8.64516,0.34234,-0.58468,-0.04234,normal
21.82000,-0.40000,-2.53333,8.66667,0.36036,-0.62072,-0.06036,normal
21.84000,-0.33548,-2.64086,8.68817,0.37838,-0.65676,-0.07838,normal
21.86000,-0.21000,-2.79000,8.61000,0.39640,-0.69279,-0.09640,normal
21.88000,1.88101,-3.57975,6.62532,0.80625,-0.69167,-0.19792,normal
21.90000,1.80506,-3.09873,6.72658,0.86875,-0.60833,-0.17708,normal
21.92000,1.72911,-2.61772,6.82785,0.93125,-0.52500,-0.15625,normal
21.94000,1.65316,-2.13671,6.92911,0.99375,-0.44167,-0.13542,normal
21.96000,1.53077,-1.73077,7.23077,1.05625,-0.35833,-0.11458,normal
21.98000,1.30000,-1.50000,8.00000,0.60000,0.70000,0.20000,normal
22.00000,-0.95672,0.60000,11.00299,0.51618,0.82794,0.32794,normal
22.02000,-1.16567,0.60000,11.54030,0.42794,0.85735,0.35735,normal
22.04000,-1.37463,0.60000,12.07761,0.33971,0.88676,0.38676,normal
22.06000,-1.30000,-0.90000,8.20000,-1.30000,1.20000,0.90000,normal
22.08000,-1.14615,-0.81209,7.89231,-1.14375,1.38125,1.11875,normal
22.10000,-0.99231,-0.72418,7.58462,-1.08125,1.36042,1.13958,normal
22.12000,-0.83846,-0.63626,7.27692,-1.01875,1.33958,1.16042,normal
22.14000,-0.68462,-0.54835,6.96923,-0.95625,1.31875,1.18125,normal
22.16000,-4.58925,-1.38495,9.39355,-0.87143,1.27143,1.22857,normal
22.18000,-4.48172,-1.23441,9.32903,-0.71299,1.83506,1.10000,normal
22.20000,-4.37419,-1.08387,9.26452,-0.73896,1.70519,1.10000,normal
22.22000,-4.26667,-0.93333,9.20000,-0.76494,1.57532,1.10000,normal
22.24000,-4.15914,-0.78280,9.13548,-0.79091,1.44545,1.10000,normal
22.26000,-3.71935,-4.75484,8.49355,-1.84286,1.02857,0.94286,normal
22.28000,-3.91290,-4.30323,8.42903,-0.70250,1.08375,0.81625,normal
22.30000,-4.10645,-3.85161,8.36452,-0.55250,1.05875,0.84125,normal
22.32000,-4.30000,-3.40000,8.30000,-0.40250,1.03375,0.86625,normal
22.34000,-4.49355,-2.94839,8.23548,-0.25250,1.00875,0.89125,normal
22.36000,-3.12581,-5.28280,5.90430,-1.36957,0.30761,0.20000,normal
22.38000,-3.38387,-5.11075,5.94731,-1.28261,0.32935,0.20000,normal
22.40000,-3.64194,-4.93871,5.99032,-1.19565,0.35109,0.20000,normal
22.42000,-3.90000,-4.76667,6.03333,-1.10870,0.37283,0.20000,normal
22.44000,-4.15806,-4.59462,6.07634,-1.02174,0.39457,0.20000,normal
22.46000,-4.11667,-3.54167,7.23750,-0.69231,0.10769,0.50769,normal
22.48000,-4.20000,-3.75000,7.42500,-0.65385,0.14615,0.54615,normal
22.50000,-4.28333,-3.95833,7.61250,-0.61538,0.18462,0.58462,normal
22.52000,-4.36667,-4.16667,7.80000,-0.57692,0.22308,0.62308,normal
22.54000,-4.45000,-4.37500,7.98750,-0.53846,0.26154,0.66154,normal
22.56000,-7.80000,-2.60000,9.70000,-0.50000,0.30000,0.70000,normal
22.58000,-4.44000,-4.42000,6.08000,-0.12533,-0.86800,0.10000,normal
22.60000,-4.04000,-4.77556,6.05778,0.06133,-0.78800,0.10000,normal
22.62000,-3.64000,-5.13111,6.03556,0.24800,-0.70800,0.10000,normal
22.64000,-3.24000,-5.48667,6.01333,0.43467,-0.62800,0.10000,normal
22.66000,-2.59570,-3.70323,8.09677,-0.41304,-0.59783,-0.09565,normal
22.68000,-2.50968,-3.76774,8.03226,-0.54348,-0.57609,-0.05217,normal
22.70000,-2.42366,-3.83226,7.96774,-0.67391,-0.55435,-0.00870,normal
22.72000,-2.33763,-3.89677,7.90323,-0.80435,-0.53261,0.03478,normal
22.74000,-2.25161,-3.96129,7.83871,-0.93478,-0.51087,0.07826,normal
22.76000,-3.12000,-4.18000,7.22000,-1.30000,-0.10000,0.90000,normal
22.78000,-3.52667,-4.29000,7.40556,-1.23407,-0.10000,1.09780,normal
22.80000,-3.66000,-4.49000,7.51667,-1.16813,-0.10000,1.29560,normal
22.82000,-3.79333,-4.69000,7.62778,-1.10220,-0.10000,1.49341,normal
22.84000,-3.92667,-4.89000,7.73889,-1.03626,-0.10000,1.69121,normal
22.86000,-4.45000,-5.80000,7.45000,-1.40000,0.20000,1.40000,normal
22.88000,-3.17727,-7.34727,8.23727,-1.38305,0.11525,1.34915,normal
22.90000,-3.99545,-6.76545,7.85545,-1.36610,0.03051,1.29831,normal
22.92000,-4.81364,-6.18364,7.47364,-1.34915,-0.05424,1.24746,normal
22.94000,-5.63182,-5.60182,7.09182,-1.33220,-0.13898,1.19661,normal
22.96000,-6.45000,-5.02000,6.71000,-1.31525,-0.22373,1.14576,normal
22.98000,-6.97273,-3.18182,8.38182,-1.50000,-0.10000,1.10000,normal
23.00000,-5.73077,-3.96923,7.18462,-0.90000,-0.60893,1.09107,normal
23.02000,-5.79231,-3.90769,7.15385,-0.90000,-0.64464,1.05536,normal
23.04000,-5.85385,-3.84615,7.12308,-0.90000,-0.68036,1.01964,normal
23.06000,-4.10000,-5.20000,7.90000,-0.69684,-0.80000,0.70000,normal
23.08000,-3.61910,-6.12135,8.04045,-0.67579,-0.80000,0.70000,normal
23.10000,-3.52921,-6.25618,8.08539,-0.65474,-0.80000,0.70000,normal
23.12000,-3.43933,-6.39101,8.13034,-0.63368,-0.80000,0.70000,normal
23.14000,-3.34944,-6.52584,8.17528,-0.61263,-0.80000,0.70000,normal
23.16000,-3.91667,-6.25000,7.61667,-0.69780,-0.80000,0.80000,normal
23.18000,-3.93864,-6.66477,6.70341,-0.67582,-0.80000,0.80000,normal
23.20000,-3.98409,-6.50568,6.58977,-0.65385,-0.80000,0.80000,normal
23.22000,-4.02955,-6.34659,6.47614,-0.63187,-0.80000,0.80000,normal
23.24000,-4.07500,-6.18750,6.36250,-0.60989,-0.80000,0.80000,normal
23.26000,-5.40000,-5.10000,7.10000,-0.40000,-0.57321,0.82143,normal
23.28000,-6.47692,-4.72637,7.10000,-0.40000,-0.48393,0.89286,normal
23.30000,-7.55385,-4.35275,7.10000,-0.40000,-0.39464,0.96429,normal
23.32000,-8.63077,-3.97912,7.10000,-0.40000,-0.30536,1.03571,normal
23.34000,-9.70769,-3.60549,7.10000,-0.40000,-0.21607,1.10714,normal
23.36000,-4.75294,-4.66471,5.50000,-0.40000,-0.12679,1.17857,normal
23.38000,-5.52027,-4.07973,6.67568,0.10000,-0.64545,1.38182,normal
23.40000,-5.65541,-3.94459,6.51351,0.01818,-0.50000,1.37273,normal
23.42000,-5.79054,-3.80946,6.35135,-0.07273,-0.50000,1.34242,normal
23.44000,-5.92568,-3.67432,6.18919,-0.16364,-0.50000,1.31212,normal
23.46000,-4.99239,-5.89674,6.70543,-0.20206,-0.80206,1.50000,normal
23.48000,-4.84022,-5.83152,6.81413,-0.22268,-0.82268,1.50000,normal
23.50000,-4.68804,-5.76630,6.92283,-0.24330,-0.84330,1.50000,normal
23.52000,-4.53587,-5.70109,7.03152,-0.26392,-0.86392,1.50000,normal
23.54000,-4.38370,-5.63587,7.14022,-0.28454,-0.88454,1.50000,normal
23.56000,-3.86667,-5.73333,7.80000,-1.30000,-0.90000,1.30000,normal
23.58000,-5.31628,-5.56977,7.91860,-1.34186,-0.62093,1.07907,normal
23.60000,-5.33953,-5.38372,7.80233,-1.38837,-0.64419,1.05581,normal
23.62000,-5.36279,-5.19767,7.68605,-1.43488,-0.66744,1.03256,normal
23.64000,-5.38605,-5.01163,7.56977,-1.48140,-0.69070,1.00930,normal
23.66000,-4.59022,-4.12500,6.88696,-1.62162,-1.10000,0.78919,normal
23.68000,-4.39457,-4.62500,6.62609,-1.69369,-1.10000,0.75315,normal
23.70000,-4.19891,-5.12500,6.36522,-1.76577,-1.10000,0.71712,normal
23.72000,-4.00326,-5.62500,6.10435,-1.83784,-1.10000,0.68108,normal
23.74000,-3.80761,-6.12500,5.84348,-1.90991,-1.10000,0.64505,normal
23.76000,-2.77500,-5.75000,5.90833,-1.98198,-1.10000,0.60901,normal
23.78000,-2.71279,-6.92558,6.41279,-1.64286,-1.32143,0.40000,normal
23.80000,-2.73605,-6.97209,6.43605,-1.40000,-1.17576,0.20000,normal
23.82000,-2.75930,-7.01860,6.45930,-1.40000,-1.14545,0.20000,normal
23.84000,-2.78256,-7.06512,6.48256,-1.40000,-1.11515,0.20000,normal
23.86000,-2.50000,-7.40000,6.30000,-2.06667,-1.20000,-0.06667,normal
23.88000,-2.31556,-8.02667,5.77333,-2.12135,-1.22135,-0.14270,normal
23.90000,-2.22667,-8.16000,5.64000,-2.14382,-1.24382,-0.18764,normal
23.92000,-2.13778,-8.29333,5.50667,-2.16629,-1.26629,-0.23258,normal
23.94000,-2.04889,-8.42667,5.37333,-2.18876,-1.28876,-0.27753,normal
23.96000,-2.70000,-10.40000,4.20000,-1.70000,-1.03333,-0.63333,normal
23.98000,-2.73667,-7.67667,4.92333,-0.94048,-1.16190,-0.77976,normal
24.00000,-2.67000,-6.81000,5.79000,-0.98810,-1.35238,-0.75595,normal
24.02000,-2.60333,-5.94333,6.65667,-1.03571,-1.54286,-0.73214,normal
24.04000,-2.53667,-5.07667,7.52333,-1.08333,-1.73333,-0.70833,normal
24.06000,-3.64359,-15.74017,6.06752,-0.58790,-2.10000,-0.29758,normal
24.08000,-3.07949,-15.14188,5.74274,-0.50726,-2.10000,-0.28145,normal
24.10000,-2.51538,-14.54359,5.41795,-0.42661,-2.10000,-0.26532,normal
24.12000,-1.95128,-13.94530,5.09316,-0.34597,-2.10000,-0.24919,normal
24.14000,-1.38718,-13.34701,4.76838,-0.26532,-2.10000,-0.23306,normal
24.16000,-0.82308,-12.74872,4.44359,-0.18468,-2.10000,-0.21694,normal
24.18000,0.72500,-11.05000,3.82500,-0.10403,-2.10000,-0.20081,normal
24.20000,1.37377,-11.62787,2.94426,1.80000,-0.70000,-0.20000,normal
24.22000,1.30820,-10.44754,3.30492,1.76552,-0.73448,-0.09655,normal
24.24000,1.24262,-9.26721,3.66557,1.73103,-0.76897,0.00690,normal
24.26000,1.00000,-9.00000,4.80000,1.40000,-0.80000,0.20000,normal
24.28000,0.69506,-5.82346,5.40000,2.73000,-1.23500,0.31750,normal
24.30000,0.86790,-5.50247,5.40000,2.63000,-1.28500,0.34250,normal
24.32000,1.04074,-5.18148,5.40000,2.53000,-1.33500,0.36750,normal
24.34000,1.21358,-4.86049,5.40000,2.43000,-1.38500,0.39250,normal
24.36000,0.28571,-5.16429,5.62143,1.50000,-0.99158,0.60842,normal
24.38000,0.24490,-5.06224,5.68265,1.50000,-0.97053,0.62947,normal
24.40000,0.20408,-4.96020,5.74388,1.50000,-0.94947,0.65053,normal
24.42000,0.16327,-4.85816,5.80510,1.50000,-0.92842,0.67158,normal
24.44000,0.12245,-4.75612,5.86633,1.50000,-0.90737,0.69263,normal
24.46000,0.28065,-5.12366,6.23656,1.15727,-0.66818,1.05727,normal
24.48000,0.08710,-5.36022,6.60215,1.32091,-0.57727,1.22091,normal
24.50000,-0.10645,-5.59677,6.96774,1.48455,-0.48636,1.38455,normal
24.52000,-0.30000,-5.83333,7.33333,1.64818,-0.39545,1.54818,normal
24.54000,-0.49355,-6.06989,7.69892,1.81182,-0.30455,1.71182,normal
24.56000,-3.48000,-6.86000,10.78000,1.97545,-0.21364,1.87545,normal
24.58000,0.00769,-7.11026,7.96282,0.50000,-0.38000,1.22000,normal
24.60000,0.31538,-6.85385,8.14231,0.94138,-0.25862,1.27931,normal
24.62000,0.62308,-6.59744,8.32179,1.01034,-0.18966,1.24483,normal
24.64000,0.93077,-6.34103,8.50128,1.07931,-0.12069,1.21034,normal
24.66000,-0.82151,-3.78495,10.09140,0.57200,1.10700,1.70000,normal
24.68000,-1.03656,-3.63441,10.00538,0.49200,1.12700,1.70000,normal
24.70000,-1.25161,-3.48387,9.91935,0.41200,1.14700,1.70000,normal
24.72000,-1.46667,-3.33333,9.83333,0.33200,1.16700,1.70000,normal
24.74000,-1.68172,-3.18280,9.74731,0.25200,1.18700,1.70000,normal
24.76000,-2.10000,-3.70000,8.60000,0.59899,2.09899,1.79899,normal
24.78000,-2.06782,-4.68621,11.55517,0.57879,2.07879,1.77879,normal
24.80000,-2.52759,-5.16897,11.62414,0.55859,2.05859,1.75859,normal
24.82000,-2.98736,-5.65172,11.69310,0.53838,2.03838,1.73838,normal
24.84000,-3.44713,-6.13448,11.76207,0.51818,2.01818,1.71818,normal
24.86000,-2.95699,-3.18817,8.35484,0.20000,1.80000,1.50000,normal
24.88000,-2.52688,-4.06989,7.90323,-0.47143,-0.51169,1.01169,normal
24.90000,-2.09677,-4.95161,7.45161,-0.18571,-0.53766,1.03766,normal
24.92000,-1.66667,-5.83333,7.00000,0.10000,-0.56364,1.06364,normal
24.94000,-1.23656,-6.71505,6.54839,0.38571,-0.58961,1.08961,normal
24.96000,0.11413,-5.39783,9.58696,-1.40215,-1.10430,-0.10215,normal
24.98000,0.39674,-5.35435,9.32609,-1.42366,-1.14731,-0.12366,normal
25.00000,0.67935,-5.31087,9.06522,-1.44516,-1.19032,-0.14516,normal
25.02000,0.96196,-5.26739,8.80435,-1.46667,-1.23333,-0.16667,normal
25.04000,1.24457,-5.22391,8.54348,-1.48817,-1.27634,-0.18817,normal
25.06000,0.30000,-3.40000,9.50000,-0.05000,-1.15000,-0.70000,normal
25.08000,-0.23217,-3.14957,10.44957,-0.01727,-1.20000,-0.73455,normal
25.10000,-0.37130,-3.20174,10.50174,-0.03545,-1.20000,-0.77091,normal
25.12000,-0.51043,-3.25391,10.55391,-0.05364,-1.20000,-0.80727,normal
25.14000,-0.64957,-3.30609,10.60609,-0.07182,-1.20000,-0.84364,normal
25.16000,-0.78870,-3.35826,10.65826,-0.09000,-1.20000,-0.88000,normal
25.18000,-1.30000,-4.25000,10.25000,0.26667,-1.60000,-1.26667,normal
25.20000,0.09429,-4.19714,10.07286,0.34615,-1.60000,-1.32308,normal
25.22000,0.32286,-4.31143,10.15857,0.39744,-1.60000,-1.34872,normal
25.24000,0.55143,-4.42571,10.24429,0.44872,-1.60000,-1.37436,normal
25.26000,1.70909,-4.10000,11.73636,0.50000,-1.60000,-1.40000,normal
25.28000,0.45385,-4.72308,10.71538,-0.36364,-0.33636,-0.84545,normal
25.30000,0.35128,-4.77436,10.30513,-0.33390,-0.18814,-0.82203,normal
25.32000,0.24872,-4.82564,9.89487,-0.23220,-0.32373,-0.85593,normal
25.34000,0.14615,-4.87692,9.48462,-0.13051,-0.45932,-0.88983,normal
25.36000,2.08144,-3.61959,8.25670,0.20000,-0.47732,-0.97732,normal
25.38000,2.01959,-3.35155,8.11237,0.20000,-0.43608,-0.93608,normal
25.40000,1.95773,-3.08351,7.96804,0.20000,-0.39485,-0.89485,normal
25.42000,1.89588,-2.81546,7.82371,0.20000,-0.35361,-0.85361,normal
25.44000,1.83402,-2.54742,7.67938,0.20000,-0.31237,-0.81237,normal
25.46000,-1.01596,-2.67447,7.00319,0.00000,0.30000,-0.40000,normal
25.48000,-1.12234,-2.50426,7.02447,0.12135,0.35730,-0.37865,normal
25.50000,-1.22872,-2.33404,7.04574,0.14382,0.31236,-0.35618,normal
25.52000,-1.33511,-2.16383,7.06702,0.16629,0.26742,-0.33371,normal
25.54000,-1.44149,-1.99362,7.08830,0.18876,0.22247,-0.31124,normal
25.56000,-1.55000,-3.50000,6.75000,-0.79223,0.10000,0.20388,normal
25.58000,-2.06333,-3.37889,6.28889,-0.75340,0.10000,0.22330,normal
25.60000,-2.13000,-3.35667,6.06667,-0.71456,0.10000,0.24272,normal
25.62000,-2.19667,-3.33444,5.84444,-0.67573,0.10000,0.26214,normal
25.64000,-2.26333,-3.31222,5.62222,-0.63689,0.10000,0.28155,normal
25.66000,-2.94000,-1.78000,3.63000,-0.50000,0.05000,0.30000,normal
25.68000,-7.78519,-0.79630,8.67407,0.78684,-0.26316,1.43947,normal
25.70000,-8.15556,-1.38889,10.82222,1.07632,-0.47368,1.57105,normal
25.72000,-8.52593,-1.98148,12.97037,1.36579,-0.68421,1.70263,normal
25.74000,-8.89630,-2.57407,15.11852,1.65526,-0.89474,1.83421,normal
25.76000,5.00000,-7.66000,8.08000,-1.06129,0.01290,0.79677,normal
25.78000,4.68000,-6.90000,8.08000,-0.80323,0.09892,0.77527,normal
25.80000,4.55368,-6.37368,8.48000,-0.54516,0.18495,0.75376,normal
25.82000,4.42737,-5.84737,8.88000,-0.28710,0.27097,0.73226,normal
25.84000,4.30105,-5.32105,9.28000,-0.02903,0.35699,0.71075,normal
25.86000,-0.35000,-3.05000,9.95000,-0.40330,0.90110,1.20220,normal
25.88000,-0.05056,-3.40000,9.80787,-0.46923,0.92308,1.24615,normal
25.90000,0.10674,-3.40000,9.60562,-0.53516,0.94505,1.29011,normal
25.92000,0.26404,-3.40000,9.40337,-0.60110,0.96703,1.33407,normal
25.94000,0.42135,-3.40000,9.20112,-0.66703,0.98901,1.37802,normal
25.96000,0.70000,-3.70000,10.30000,-0.70000,0.99429,1.10286,normal
25.98000,-0.68539,-3.50674,9.57191,-0.70000,0.95619,1.12190,normal
26.00000,-0.77528,-3.61910,9.43708,-0.70000,0.91810,1.14095,normal
26.02000,-0.86517,-3.73146,9.30225,-0.70000,0.88000,1.16000,normal
26.04000,-0.95506,-3.84382,9.16742,-0.70000,0.84190,1.17905,normal
26.06000,-0.84167,-4.38333,8.84167,-0.70000,0.80381,1.19810,normal
26.08000,-1.81728,-4.42099,9.46543,-0.41176,0.90000,1.01176,normal
26.10000,-1.86667,-4.76667,9.36667,-0.44925,0.90000,1.07463,normal
26.12000,-1.91605,-5.11235,9.26790,-0.38955,0.90000,1.04478,normal
26.14000,-1.96543,-5.45802,9.16914,-0.32985,0.90000,1.01493,normal
26.16000,-2.05000,-3.30000,9.25000,-0.10333,0.30000,0.69889,normal
26.18000,-2.00000,-3.17079,9.50674,-0.17000,0.30000,0.67667,normal
26.20000,-2.00000,-3.35056,9.61910,-0.23667,0.30000,0.65444,normal
26.22000,-2.00000,-3.53034,9.73146,-0.30333,0.30000,0.63222,normal
26.24000,-2.00000,-3.71011,9.84382,-0.37000,0.30000,0.61000,normal
26.26000,-2.70000,-4.10000,6.80000,0.00449,0.10112,0.60112,normal
26.28000,-2.80989,-4.29780,6.93187,0.09438,0.12360,0.62360,normal
26.30000,-2.91978,-4.49560,7.06374,0.18427,0.14607,0.64607,normal
26.32000,-3.02967,-4.69341,7.19560,0.27416,0.16854,0.66854,normal
26.34000,-3.13956,-4.89121,7.32747,0.36404,0.19101,0.69101,normal
26.36000,-2.19121,-6.00000,10.38791,-1.30000,-0.10000,0.90000,normal
26.38000,-2.01538,-6.00000,10.14615,-1.32020,-0.07980,0.87980,normal
26.40000,-1.83956,-6.00000,9.90440,-1.34040,-0.05960,0.85960,normal
26.42000,-1.66374,-6.00000,9.66264,-1.36061,-0.03939,0.83939,normal
26.44000,-1.48791,-6.00000,9.42088,-1.38081,-0.01919,0.81919,normal
26.46000,-2.90667,-5.48000,10.59333,-1.26667,0.06667,0.76667,normal
26.48000,-3.23846,-8.36923,5.41923,-4.96667,-0.01111,-0.50000,normal
26.50000,-2.87949,-9.85641,4.57308,-5.67671,0.03836,-1.06164,normal
26.52000,-2.52051,-11.34359,3.72692,-5.51233,-0.04384,-1.14384,normal
26.54000,-2.16154,-12.83077,2.88077,-5.34795,-0.12603,-1.22603,normal
26.56000,0.10833,-17.16667,0.85000,-3.40000,-0.06667,-1.16667,normal
26.58000,0.43750,-9.27500,5.01250,0.68171,0.93659,-1.77317,normal
26.60000,0.31250,-9.42500,4.83750,0.65732,0.98537,-1.87073,normal
26.62000,0.18750,-9.57500,4.66250,0.63293,1.03415,-1.96829,normal
26.64000,0.06250,-9.72500,4.48750,0.60854,1.08293,-2.06585,normal
26.66000,-1.29348,-7.72391,6.19348,1.18065,0.38710,-2.40000,normal
26.68000,-1.22826,-7.96304,6.12826,1.11613,0.34409,-2.40000,normal
26.70000,-1.16304,-8.20217,6.06304,1.05161,0.30108,-2.40000,normal
26.72000,-1.09783,-8.44130,5.99783,0.98710,0.25806,-2.40000,normal
26.74000,-1.03261,-8.68043,5.93261,0.92258,0.21505,-2.40000,normal
26.76000,-1.10652,-6.28696,6.00217,1.00000,-0.40275,-2.09450,normal
26.78000,-1.17174,-6.15652,6.02391,1.00000,-0.42110,-2.05780,normal
26.80000,-1.23696,-6.02609,6.04565,1.00000,-0.43945,-2.02110,normal
26.82000,-1.30217,-5.89565,6.06739,1.00000,-0.45780,-1.98440,normal
26.84000,-1.36739,-5.76522,6.08913,1.00000,-0.47615,-1.94771,normal
26.86000,-1.67273,-5.33636,6.19091,1.00000,-0.49450,-1.91101,normal
26.88000,-2.95342,-5.99178,7.01233,1.00000,-0.70000,-1.50000,normal
26.90000,-3.30959,-5.93699,7.09452,0.77742,-0.74839,-0.69677,normal
26.92000,-3.66575,-5.88219,7.17671,0.87419,-0.68387,-0.56774,normal
26.94000,-4.02192,-5.82740,7.25890,0.97097,-0.61935,-0.43871,normal
26.96000,-5.47742,-0.21935,4.54194,1.93750,-0.46875,1.26250,normal
26.98000,-5.99355,0.98495,4.82151,2.06250,-0.36458,1.47083,normal
27.00000,-6.50968,2.18925,5.10108,2.18750,-0.26042,1.67917,normal
27.02000,-7.02581,3.39355,5.38065,2.31250,-0.15625,1.88750,normal
27.04000,-7.54194,4.59785,5.66022,2.43750,-0.05208,2.09583,normal
27.06000,7.90000,-2.58333,13.48333,1.34848,-1.06970,1.31515,normal
27.08000,8.57033,-3.38901,12.93187,1.00505,-0.86768,1.41616,normal
27.10000,8.32857,-4.11429,12.22857,0.66162,-0.66566,1.51717,normal
27.12000,8.08681,-4.83956,11.52527,0.31818,-0.46364,1.61818,normal
27.14000,7.84505,-5.56484,10.82198,-0.02525,-0.26162,1.71919,normal
27.16000,-1.28804,-3.89130,9.30870,-0.70000,0.52222,1.44444,normal
27.18000,-1.04891,-3.71739,9.48261,0.21316,1.04737,0.90000,normal
27.20000,-0.80978,-3.54348,9.65652,0.23947,0.94211,0.90000,normal
27.22000,-0.57065,-3.36957,9.83043,0.26579,0.83684,0.90000,normal
27.24000,-0.33152,-3.19565,10.00435,0.29211,0.73158,0.90000,normal
27.26000,-1.19677,-4.89032,7.00323,-0.08889,0.85556,0.90000,normal
27.28000,-1.17527,-4.82581,7.02473,-0.58690,0.38690,0.80000,normal
27.30000,-1.15376,-4.76129,7.04624,-0.56310,0.36310,0.80000,normal
27.32000,-1.13226,-4.69677,7.06774,-0.53929,0.33929,0.80000,normal
27.34000,-1.11075,-4.63226,7.08925,-0.51548,0.31548,0.80000,normal
27.36000,-1.85000,-4.95000,8.30000,-0.20000,-0.10000,0.50000,normal
27.38000,-1.90000,-4.95862,8.41954,-0.20000,-0.12381,0.50000,normal
27.40000,-1.90000,-5.02759,8.44253,-0.20000,-0.14762,0.50000,normal
27.42000,-1.90000,-5.09655,8.46552,-0.20000,-0.17143,0.50000,normal
27.44000,-1.90000,-5.16552,8.48851,-0.20000,-0.19524,0.50000,normal
27.46000,-1.28421,-4.85789,8.57895,-0.10481,-0.19038,0.70481,normal
27.48000,-1.22105,-4.68947,8.49474,-0.12404,-0.15192,0.72404,normal
27.50000,-1.15789,-4.52105,8.41053,-0.14327,-0.11346,0.74327,normal
27.52000,-1.09474,-4.35263,8.32632,-0.16250,-0.07500,0.76250,normal
27.54000,-1.03158,-4.18421,8.24211,-0.18173,-0.03654,0.78173,normal
27.56000,-2.50000,-7.15000,8.80000,-0.21429,0.04286,0.81429,normal
27.58000,-2.55699,-6.47527,9.12688,0.15385,0.76923,1.12308,normal
27.60000,-2.40645,-6.23871,9.47097,0.05128,0.92308,1.17436,normal
27.62000,-2.25591,-6.00215,9.81505,-0.05128,1.07692,1.22564,normal
27.64000,-2.10538,-5.76559,10.15914,-0.15385,1.23077,1.27692,normal
27.66000,-3.80000,-6.00000,9.25000,0.50440,1.40110,1.30000,normal
27.68000,-3.58539,-5.66404,9.13596,0.59231,1.42308,1.30000,normal
27.70000,-3.67528,-5.73146,9.06854,0.68022,1.44505,1.30000,normal
27.72000,-3.76517,-5.79888,9.00112,0.76813,1.46703,1.30000,normal
27.74000,-3.85506,-5.86629,8.93371,0.85604,1.48901,1.30000,normal
27.76000,-5.50000,-4.10000,8.00000,1.99773,0.27955,0.49545,normal
27.78000,-4.42135,-5.14045,8.41461,1.97500,0.07500,0.45000,normal
27.80000,-4.44382,-3.81461,8.32472,1.95227,-0.12955,0.40455,normal
27.82000,-4.46629,-2.48876,8.23483,1.92955,-0.33409,0.35909,normal
27.84000,-4.48876,-1.16292,8.14494,1.90682,-0.53864,0.31364,normal
27.86000,-4.17742,-9.97419,5.56452,1.97714,-1.01714,-1.32286,normal
27.88000,-4.02688,-9.13548,5.99462,1.90095,-1.07429,-1.39905,normal
27.90000,-3.87634,-8.29677,6.42473,1.82476,-1.13143,-1.47524,normal
27.92000,-3.72581,-7.45806,6.85484,1.74857,-1.18857,-1.55143,normal
27.94000,-3.57527,-6.61935,7.28495,1.67238,-1.24571,-1.62762,normal
27.96000,-2.22308,-4.74615,8.73846,1.10000,-1.26667,-1.80000,normal
27.98000,-2.30000,-4.92500,8.11250,-1.08182,-1.38182,-2.10000,normal
28.00000,-2.30000,-4.97500,7.93750,-1.01940,-1.42687,-2.07313,normal
28.02000,-2.30000,-5.02500,7.76250,-0.92985,-1.45672,-2.04328,normal
28.04000,-2.30000,-5.07500,7.58750,-0.84030,-1.48657,-2.01343,normal
28.06000,-1.41212,-3.17879,7.13333,0.07938,-1.49175,-1.29588,normal
28.08000,-1.49293,-3.03737,7.35556,-0.02371,-1.45052,-1.27526,normal
28.10000,-1.57374,-2.89596,7.57778,-0.12680,-1.40928,-1.25464,normal
28.12000,-1.65455,-2.75455,7.80000,-0.22990,-1.36804,-1.23402,normal
28.14000,-1.73535,-2.61313,8.02222,-0.33299,-1.32680,-1.21340,normal
28.16000,-2.20000,-6.95000,9.50000,0.64000,-0.62000,-0.50000,normal
28.18000,-5.62442,-1.38837,7.61512,2.94375,0.09375,-0.20000,normal
28.20000,-5.18256,-0.55116,6.10349,2.46875,-0.18125,-0.60000,normal
28.22000,-4.74070,0.28605,4.59186,1.99375,-0.45625,-1.00000,normal
28.24000,-4.29884,1.12326,3.08023,1.51875,-0.73125,-1.40000,normal
28.26000,-6.39362,2.66596,11.71702,1.07719,1.35614,0.95614,normal
28.28000,-5.86170,2.49574,11.80213,0.83158,1.26842,0.86842,normal
28.30000,-5.32979,2.32553,11.88723,0.58596,1.18070,0.78070,normal
28.32000,-4.79787,2.15532,11.97234,0.34035,1.09298,0.69298,normal
28.34000,-4.26596,1.98511,12.05745,0.09474,1.00526,0.60526,normal
28.36000,-3.19167,-4.35833,7.10833,-0.15088,0.91754,0.51754,normal
28.38000,-2.15000,-2.82273,6.82727,0.19167,1.02500,1.67500,normal
28.40000,-2.40000,-2.52727,6.87273,0.43571,1.13571,1.67286,normal
28.42000,-2.65000,-2.23182,6.91818,0.57857,1.27857,1.64429,normal
28.44000,-2.90000,-1.93636,6.96364,0.72143,1.42143,1.61571,normal
28.46000,-7.55000,1.85000,9.80000,-0.41000,1.59889,1.39667,normal
28.48000,-8.35227,1.82045,8.69091,-0.61000,1.57667,1.33000,normal
28.50000,-7.96591,0.84318,8.23636,-0.81000,1.55444,1.26333,normal
28.52000,-7.57955,-0.13409,7.78182,-1.01000,1.53222,1.19667,normal
28.54000,-7.19318,-1.11136,7.32727,-1.21000,1.51000,1.13000,normal
28.56000,-4.80000,-2.90000,8.70000,-0.30426,1.09149,0.70000,normal
28.58000,-4.97778,-2.76667,8.65556,-0.32553,1.04894,0.70000,normal
28.60000,-5.15556,-2.63333,8.61111,-0.34681,1.00638,0.70000,normal
28.62000,-5.33333,-2.50000,8.56667,-0.36809,0.96383,0.70000,normal
28.64000,-5.51111,-2.36667,8.52222,-0.38936,0.92128,0.70000,normal
28.66000,-5.90000,-4.60000,5.60000,0.82772,-0.00792,0.50000,normal
28.68000,-5.10112,-4.47191,5.38539,0.96634,-0.04752,0.50000,normal
28.70000,-4.78652,-4.33708,5.47528,1.10495,-0.08713,0.50000,normal
28.72000,-4.47191,-4.20225,5.56517,1.24356,-0.12673,0.50000,normal
28.74000,-4.15730,-4.06742,5.65506,1.38218,-0.16634,0.50000,normal
28.76000,-3.50000,-2.53636,8.21818,1.80000,-0.40000,0.40000,normal
28.78000,-5.51463,-3.18537,9.12683,-0.43544,0.18481,-0.80506,normal
28.80000,-5.53902,-3.16098,9.00488,-0.61266,0.10886,-0.83038,normal
28.82000,-5.56341,-3.13659,8.88293,-0.78987,0.03291,-0.85570,normal
28.84000,-5.58780,-3.11220,8.76098,-0.96709,-0.04304,-0.88101,normal
28.86000,-5.02000,-2.99000,9.41000,-1.40000,-0.75000,-1.00000,normal
28.88000,-4.43133,-3.29036,8.10000,-1.29634,-0.70000,-1.07927,normal
28.90000,-4.47952,-3.12169,8.10000,-1.17439,-0.70000,-1.05488,normal
28.92000,-4.52771,-2.95301,8.10000,-1.05244,-0.70000,-1.03049,normal
28.94000,-4.57590,-2.78434,8.10000,-0.93049,-0.70000,-1.00610,normal
28.96000,-3.90326,-3.60326,7.90000,-0.38280,-0.58280,-1.10000,normal
28.98000,-3.92500,-3.62500,7.90000,-0.33978,-0.53978,-1.10000,normal
29.00000,-3.94674,-3.64674,7.90000,-0.29677,-0.49677,-1.10000,normal
29.02000,-3.96848,-3.66848,7.90000,-0.25376,-0.45376,-1.10000,normal
29.04000,-3.99022,-3.69022,7.90000,-0.21075,-0.41075,-1.10000,normal
29.06000,-4.04301,-3.79570,6.64731,0.20300,0.01200,-0.89400,normal
29.08000,-4.25806,-3.77419,6.88387,0.22300,0.09200,-0.85400,normal
29.10000,-4.47312,-3.75269,7.12043,0.24300,0.17200,-0.81400,normal
29.12000,-4.68817,-3.73118,7.35699,0.26300,0.25200,-0.77400,normal
29.14000,-4.90323,-3.70968,7.59355,0.28300,0.33200,-0.73400,normal
29.16000,-6.02143,-3.77857,8.17143,0.30833,0.81667,-0.27500,normal
29.18000,-6.01566,-3.21807,7.28434,0.55000,0.65000,0.15000,normal
29.20000,-6.03976,-2.78434,7.26024,0.68382,0.60000,0.33971,normal
29.22000,-6.06386,-2.35060,7.23614,0.77206,0.60000,0.48676,normal
29.24000,-6.08795,-1.91687,7.21205,0.86029,0.60000,0.63382,normal
29.26000,-9.15806,-2.06774,3.71613,-1.39149,-0.20851,0.38298,normal
29.28000,-8.87849,-2.51935,3.82366,-1.34894,-0.25106,0.29787,normal
29.30000,-8.59892,-2.97097,3.93118,-1.30638,-0.29362,0.21277,normal
29.32000,-8.31935,-3.42258,4.03871,-1.26383,-0.33617,0.12766,normal
29.34000,-8.03978,-3.87419,4.14624,-1.22128,-0.37872,0.04255,normal
29.36000,-2.75000,-3.50000,8.90000,-0.00899,0.20449,0.19551,normal
29.38000,-3.19213,-3.52135,8.95730,-0.05393,0.22697,0.17303,normal
29.40000,-3.39438,-3.54382,8.91236,-0.09888,0.24944,0.15056,normal
29.42000,-3.59663,-3.56629,8.86742,-0.14382,0.27191,0.12809,normal
29.44000,-3.79888,-3.58876,8.82247,-0.18876,0.29438,0.10562,normal
29.46000,-5.89149,-4.40000,6.40000,-0.09231,-0.00769,0.30000,normal
29.48000,-5.84894,-4.40000,6.40000,-0.07521,-0.02479,0.30000,normal
29.50000,-5.80638,-4.40000,6.40000,-0.05812,-0.04188,0.30000,normal
29.52000,-5.76383,-4.40000,6.40000,-0.04103,-0.05897,0.30000,normal
29.54000,-5.72128,-4.40000,6.40000,-0.02393,-0.07607,0.30000,normal
29.56000,-5.50000,-4.40000,6.66667,-0.00684,-0.09316,0.30000,normal
29.58000,-5.10000,-3.70000,7.59125,0.10000,-0.25000,0.35000,normal
29.60000,-5.10000,-3.70000,7.56625,-0.04706,-0.30000,0.52353,normal
29.62000,-5.10000,-3.70000,7.54125,-0.10588,-0.30000,0.55294,normal
29.64000,-5.10000,-3.70000,7.51625,-0.16471,-0.30000,0.58235,normal
29.66000,-4.80000,-3.50000,7.90000,-0.20000,-0.30000,0.70000,normal
29.68000,-4.77778,-3.45556,7.87778,-0.20000,-0.30000,0.70000,normal
29.70000,-4.75556,-3.41111,7.85556,-0.20000,-0.30000,0.70000,normal
29.72000,-4.73333,-3.36667,7.83333,-0.20000,-0.30000,0.70000,normal
29.74000,-4.71111,-3.32222,7.81111,-0.20000,-0.30000,0.70000,normal
29.76000,-5.29677,-3.40323,7.50323,-0.09794,-0.39794,0.40000,normal
29.78000,-5.27527,-3.42473,7.52473,-0.07732,-0.37732,0.40000,normal
29.80000,-5.25376,-3.44624,7.54624,-0.05670,-0.35670,0.40000,normal
29.82000,-5.23226,-3.46774,7.56774,-0.03608,-0.33608,0.40000,normal
29.84000,-5.21075,-3.48925,7.58925,-0.01546,-0.31546,0.40000,normal
29.86000,-4.89570,-3.50000,7.99570,-0.10000,-0.28571,0.40000,normal
29.88000,-4.87419,-3.50000,7.97419,-0.08421,-0.10000,0.40000,normal
29.90000,-4.85269,-3.50000,7.95269,-0.05789,-0.10000,0.40000,normal
29.92000,-4.83118,-3.50000,7.93118,-0.03158,-0.10000,0.40000,normal
29.94000,-4.80968,-3.50000,7.90968,-0.00526,-0.10000,0.40000,normal
29.96000,-5.10000,-3.73191,8.65319,0.02188,0.20000,0.20000,normal
29.98000,-5.10000,-3.85957,8.86596,0.08438,0.20000,0.20000,normal
30.00000,-5.10000,-3.98723,9.07872,0.14688,0.20000,0.20000,normal
30.02000,-5.10000,-4.11489,9.29149,0.20938,0.20000,0.20000,normal
30.04000,-5.10000,-4.24255,9.50426,0.27187,0.20000,0.20000,normal
30.06000,-6.15000,-4.55000,10.15000,0.31798,-0.11348,0.10000,normal
30.08000,-5.97045,-4.62159,9.72159,0.40787,-0.18090,0.10000,normal
30.10000,-5.83409,-4.64432,9.74432,0.49775,-0.24831,0.10000,normal
30.12000,-5.69773,-4.66705,9.76705,0.58764,-0.31573,0.10000,normal
30.14000,-5.56136,-4.68977,9.78977,0.67753,-0.38315,0.10000,normal
30.16000,-5.55745,-1.03191,8.97021,3.09259,-1.30370,-0.41111,normal
30.18000,-5.34468,-0.69149,8.82128,3.05556,-1.32222,-0.46667,normal
30.20000,-5.13191,-0.35106,8.67234,3.01852,-1.34074,-0.52222,normal
30.22000,-4.91915,-0.01064,8.52340,2.98148,-1.35926,-0.57778,normal
30.24000,-4.70638,0.32979,8.37447,2.94444,-1.37778,-0.63333,normal
30.26000,-3.44211,-0.08947,8.98421,2.90741,-1.39630,-0.68889,normal
30.28000,-2.96053,0.57895,9.50000,2.18889,-1.68889,-1.18889,normal
30.30000,-2.82895,0.84211,9.50000,2.16420,-1.66420,-1.16420,normal
30.32000,-2.69737,1.10526,9.50000,2.13951,-1.63951,-1.13951,normal
30.34000,-2.56579,1.36842,9.50000,2.11481,-1.61481,-1.11481,normal
30.36000,-2.33333,3.26667,8.86667,1.20000,-1.20000,-0.70000,normal
30.38000,-2.44014,1.72394,7.58803,1.01295,-1.10000,-0.58705,normal
30.40000,-2.36972,1.75211,7.57394,1.02734,-1.10000,-0.57266,normal
30.42000,-2.29930,1.78028,7.55986,1.04173,-1.10000,-0.55827,normal
30.44000,-2.22887,1.80845,7.54577,1.05612,-1.10000,-0.54388,normal
30.46000,-2.15845,1.83662,7.53169,1.07050,-1.10000,-0.52950,normal
30.48000,-2.08803,1.86479,7.51761,1.08489,-1.10000,-0.51511,normal
30.50000,-2.01761,1.89296,7.50352,1.09928,-1.10000,-0.50072,normal
30.52000,-2.13333,2.90000,7.00667,0.68667,-0.94000,-0.08667,normal
30.54000,-1.46667,2.90000,7.77333,0.65333,-1.04000,-0.05333,normal
30.56000,-0.80000,2.90000,8.54000,0.62000,-1.14000,-0.02000,normal
30.58000,-0.95000,2.90000,8.25000,0.39765,-0.59765,0.10000,normal
30.60000,-0.02388,3.02537,8.37612,0.37412,-0.57412,0.10000,normal
30.62000,0.06567,3.05522,8.46567,0.35059,-0.55059,0.10000,normal
30.64000,0.15522,3.08507,8.55522,0.32706,-0.52706,0.10000,normal
30.66000,0.45000,2.85833,8.75000,0.30353,-0.50353,0.10000,normal
30.68000,0.42169,3.14699,8.85301,0.10000,-0.30769,-0.00769,normal
30.70000,0.30120,3.21928,8.78072,0.07121,-0.27121,0.00000,normal
30.72000,0.18072,3.29157,8.70843,0.04091,-0.24091,0.00000,normal
30.74000,0.06024,3.36386,8.63614,0.01061,-0.21061,0.00000,normal
30.76000,0.40000,2.90215,9.00430,0.10729,-0.09271,-0.00729,normal
30.78000,0.40000,2.92366,9.04731,0.12813,-0.07187,-0.02813,normal
30.80000,0.40000,2.94516,9.09032,0.14896,-0.05104,-0.04896,normal
30.82000,0.40000,2.96667,9.13333,0.16979,-0.03021,-0.06979,normal
30.84000,0.40000,2.98817,9.17634,0.19062,-0.00938,-0.09062,normal
30.86000,0.30000,3.40000,9.10000,0.00116,-0.09884,-0.10000,normal
30.88000,0.27778,3.33333,9.14444,0.02442,-0.07558,-0.10000,normal
30.90000,0.25556,3.26667,9.18889,0.04767,-0.05233,-0.10000,normal
30.92000,0.23333,3.20000,9.23333,0.07093,-0.02907,-0.10000,normal
30.94000,0.21111,3.13333,9.27778,0.09419,-0.00581,-0.10000,normal
30.96000,0.00851,3.59574,8.99574,0.00000,0.00000,-0.10000,normal
30.98000,0.05106,3.57447,8.97447,0.00000,0.00000,-0.10000,normal
31.00000,0.09362,3.55319,8.95319,0.00000,0.00000,-0.10000,normal
31.02000,0.13617,3.53191,8.93191,0.00000,0.00000,-0.10000,normal
31.04000,0.17872,3.51064,8.91064,0.00000,0.00000,-0.10000,normal
31.06000,0.26364,3.36364,9.26364,0.10000,0.00000,-0.08182,normal
31.08000,0.11687,3.66627,9.18313,0.00000,0.00000,-0.10000,normal
31.10000,0.14096,3.61807,9.15904,0.00000,0.00000,-0.10000,normal
31.12000,0.16506,3.56988,9.13494,0.00000,0.00000,-0.10000,normal
31.14000,0.18916,3.52169,9.11084,0.00000,0.00000,-0.10000,normal
31.16000,0.10833,3.40000,9.10417,0.10000,0.10000,-0.09479,normal
31.18000,0.15000,3.40000,9.12500,0.10000,0.10000,-0.07396,normal
31.20000,0.19167,3.40000,9.14583,0.10000,0.10000,-0.05313,normal
31.22000,0.23333,3.40000,9.16667,0.10000,0.10000,-0.03229,normal
31.24000,0.27500,3.40000,9.18750,0.10000,0.10000,-0.01146,normal
31.26000,0.20000,3.30000,9.20000,0.10000,0.00000,-0.10000,normal
