timestamp,accel_x,accel_y,accel_z,gyro_x,gyro_y,gyro_z,label
0.00000,1.40000,3.80000,8.40000,0.00000,0.10000,0.10000,normal
0.02000,0.02737,3.97579,8.23895,-0.10000,0.00860,0.00000,normal
0.04000,0.40632,4.10211,8.47053,-0.10000,0.03011,0.00000,normal
0.06000,0.78526,4.22842,8.70211,-0.10000,0.05161,0.00000,normal
0.08000,1.16421,4.35474,8.93368,-0.10000,0.07312,0.00000,normal
0.10000,1.54316,4.48105,9.16526,-0.10000,0.09462,0.00000,normal
0.12000,1.37021,3.91489,8.38511,-0.20000,0.01068,0.00000,normal
0.14000,1.28511,3.95745,8.34255,-0.20000,0.03010,0.00000,normal
0.16000,1.20000,4.00000,8.30000,-0.20000,0.04951,0.00000,normal
0.18000,1.11489,4.04255,8.25745,-0.20000,0.06893,0.00000,normal
0.20000,1.02979,4.08511,8.21489,-0.20000,0.08835,0.00000,normal
0.22000,0.90000,4.25000,8.40000,-0.29900,0.10000,0.10000,normal
0.24000,0.77595,4.14810,8.52405,-0.27900,0.10000,0.10000,normal
0.26000,0.75063,4.19873,8.54937,-0.25900,0.10000,0.10000,normal
0.28000,0.72532,4.24937,8.57468,-0.23900,0.10000,0.10000,normal
0.30000,0.70000,4.30000,8.60000,-0.21900,0.10000,0.10000,normal
0.32000,0.44762,4.22381,7.81905,-0.20000,0.20000,0.10000,normal
0.34000,0.36104,4.14156,7.56364,-0.77595,0.31899,0.21899,normal
0.36000,0.30909,4.06364,7.38182,-0.87722,0.34430,0.24430,normal
0.38000,0.25714,3.98571,7.20000,-0.97848,0.36962,0.26962,normal
0.40000,0.20519,3.90779,7.01818,-1.07975,0.39494,0.29494,normal
0.42000,-0.54494,1.54607,3.57303,-4.33956,1.11978,0.70989,normal
0.44000,-0.65730,1.41124,3.50562,-4.42747,1.16374,0.73187,normal
0.46000,-0.76966,1.27640,3.43820,-4.51538,1.20769,0.75385,normal
0.48000,-0.88202,1.14157,3.37079,-4.60330,1.25165,0.77582,normal
0.50000,-0.99438,1.00674,3.30337,-4.69121,1.29560,0.79780,normal
0.52000,-4.96136,-2.75114,3.82045,-4.05181,2.50000,1.81807,normal
0.54000,-5.09773,-2.86477,3.86591,-3.85904,2.50000,1.89036,normal
0.56000,-5.23409,-2.97841,3.91136,-3.66627,2.50000,1.96265,normal
0.58000,-5.37045,-3.09205,3.95682,-3.47349,2.50000,2.03494,normal
0.60000,-5.90000,-3.30000,4.35000,-2.53333,2.75000,2.43333,normal
0.62000,-9.36042,-2.02917,4.09792,-2.58317,3.33564,2.92376,normal
0.64000,-9.58958,-2.07083,3.95208,-2.72178,3.39505,2.96337,normal
0.66000,-9.81875,-2.11250,3.80625,-2.86040,3.45446,3.00297,normal
0.68000,-10.04792,-2.15417,3.66042,-2.99901,3.51386,3.04257,normal
0.70000,-10.27708,-2.19583,3.51458,-3.13762,3.57327,3.08218,normal
0.72000,-18.02892,-3.66386,3.42530,-3.30000,4.10000,3.70000,normal
0.74000,-18.22169,-3.42289,3.59398,-0.75224,4.07612,4.40000,normal
0.76000,-18.41446,-3.18193,3.76265,-0.63284,4.01642,4.40000,normal
0.78000,-18.60723,-2.94096,3.93133,-0.51343,3.95672,4.40000,normal
0.80000,-18.80000,-2.70000,4.10000,-0.80000,3.70000,4.10000,normal
0.82000,-13.21613,-3.90000,3.80215,-3.76250,1.85000,2.11250,normal
0.84000,-13.08710,-3.90000,3.65161,-3.87614,1.75909,1.95341,normal
0.86000,-12.95806,-3.90000,3.50108,-3.98977,1.66818,1.79432,normal
0.88000,-12.82903,-3.90000,3.35054,-4.10341,1.57727,1.63523,normal
0.90000,-12.70000,-3.90000,3.20000,-3.50000,1.00000,0.30000,normal
0.92000,-11.73617,-5.90000,1.88404,-2.33535,0.36768,-0.30000,normal
0.94000,-11.65106,-5.90000,1.86277,-2.25455,0.32727,-0.30000,normal
0.96000,-11.56596,-5.90000,1.84149,-2.17374,0.28687,-0.30000,normal
0.98000,-11.48085,-5.90000,1.82021,-2.09293,0.24646,-0.30000,normal
1.00000,-11.20000,-5.85000,1.80000,-2.01212,0.20606,-0.30000,normal
1.02000,-8.90000,-4.88977,2.18977,-0.78000,-0.30000,-0.41000,normal
1.04000,-8.90000,-4.86705,2.16705,-0.74000,-0.30000,-0.43000,normal
1.06000,-8.90000,-4.84432,2.14432,-0.70000,-0.30000,-0.45000,normal
1.08000,-8.90000,-4.82159,2.12159,-0.66000,-0.30000,-0.47000,normal
1.10000,-9.05000,-4.70000,1.95000,-0.62000,-0.30000,-0.49000,normal
1.12000,-10.00494,-4.19753,1.20000,-0.13000,-0.30000,-0.77000,normal
1.14000,-10.05432,-4.17284,1.20000,0.00000,-0.40000,-0.91905,normal
1.16000,-10.10370,-4.14815,1.20000,0.00000,-0.40000,-0.94286,normal
1.18000,-10.15309,-4.12346,1.20000,0.00000,-0.40000,-0.96667,normal
1.20000,-10.25000,-4.05000,1.15000,0.00000,-0.40000,-0.99048,normal
1.22000,-10.42247,-4.15506,0.98876,0.70500,-0.40000,-1.50500,normal
1.24000,-10.46742,-4.06517,0.96629,0.75500,-0.40000,-1.55500,normal
1.26000,-10.51236,-3.97528,0.94382,0.80500,-0.40000,-1.60500,normal
1.28000,-10.55730,-3.88539,0.92135,0.85500,-0.40000,-1.65500,normal
1.30000,-10.60000,-3.55000,0.85000,1.00000,-0.50000,-1.85000,normal
1.32000,-10.28495,-2.73011,1.21505,0.78298,-0.50000,-1.98298,normal
1.34000,-10.26344,-2.77312,1.23656,0.76170,-0.50000,-1.96170,normal
1.36000,-10.24194,-2.81613,1.25806,0.74043,-0.50000,-1.94043,normal
1.38000,-10.22043,-2.85914,1.27957,0.71915,-0.50000,-1.91915,normal
1.40000,-10.20000,-2.85000,1.30000,0.70000,-0.50000,-1.80000,normal
1.42000,-9.65532,-2.68511,1.01489,0.48519,-0.50000,-1.07037,normal
1.44000,-9.59149,-2.66383,1.03617,0.46667,-0.50000,-1.03333,normal
1.46000,-9.52766,-2.64255,1.05745,0.44815,-0.50000,-0.99630,normal
1.48000,-9.46383,-2.62128,1.07872,0.42963,-0.50000,-0.95926,normal
1.50000,-9.40000,-2.60000,1.10000,0.41111,-0.50000,-0.92222,normal
1.52000,-9.80000,-2.30000,0.90000,0.13000,-0.40000,-0.46000,normal
1.54000,-9.95190,-2.37595,0.92532,-0.30000,-0.08056,0.15833,normal
1.56000,-10.10380,-2.45190,0.95063,-0.30000,-0.05278,0.24167,normal
1.58000,-10.25570,-2.52785,0.97595,-0.30000,-0.02500,0.32500,normal
1.60000,-10.80000,-2.65000,1.00000,-0.30000,0.10000,0.70000,normal
1.62000,-10.85435,-2.80000,1.91522,-0.08511,0.20000,1.40000,normal
1.64000,-10.78913,-2.80000,1.93696,-0.06383,0.20000,1.40000,normal
1.66000,-10.72391,-2.80000,1.95870,-0.04255,0.20000,1.40000,normal
1.68000,-10.65870,-2.80000,1.98043,-0.02128,0.20000,1.40000,normal
1.70000,-10.40000,-2.60000,2.00000,-0.00000,0.20000,1.40000,normal
1.72000,-11.10769,-1.87363,2.66044,-0.12667,0.06000,1.08667,normal
1.74000,-10.95385,-1.82967,2.59451,-0.17111,-0.00667,1.06444,normal
1.76000,-10.80000,-1.78571,2.52857,-0.21556,-0.07333,1.04222,normal
1.78000,-10.64615,-1.74176,2.46264,-0.26000,-0.14000,1.02000,normal
1.80000,-10.05000,-1.65000,2.35000,-0.66667,-0.41667,0.76667,normal
1.82000,-8.20968,-2.23011,2.35484,-1.51212,-0.71212,0.27576,normal
1.84000,-8.08065,-2.27312,2.29032,-1.53232,-0.73232,0.23535,normal
1.86000,-7.95161,-2.31613,2.22581,-1.55253,-0.75253,0.19495,normal
1.88000,-7.82258,-2.35914,2.16129,-1.57273,-0.77273,0.15455,normal
1.90000,-7.68182,-2.41818,2.05455,-1.59293,-0.79293,0.11414,normal
1.92000,-7.38810,-2.50000,1.80000,-1.44762,-0.74762,0.00000,normal
1.94000,-7.34048,-2.50000,1.80000,-1.01000,-0.70000,0.11000,normal
1.96000,-7.29286,-2.50000,1.80000,-1.03857,-0.70000,0.13857,normal
1.98000,-7.24524,-2.50000,1.80000,-1.06714,-0.70000,0.16714,normal
2.00000,-7.15000,-2.50000,1.70000,-1.09571,-0.70000,0.19571,normal
2.02000,-6.62045,-3.33068,1.47955,-1.37826,-0.08913,0.31087,normal
2.04000,-6.66591,-3.39886,1.43409,-1.33478,-0.06739,0.33261,normal
2.06000,-6.71136,-3.46705,1.38864,-1.29130,-0.04565,0.35435,normal
2.08000,-6.75682,-3.53523,1.34318,-1.24783,-0.02391,0.37609,normal
2.10000,-6.85000,-3.70000,1.25000,-1.20435,-0.00217,0.39783,normal
2.12000,-6.74301,-3.96774,2.64301,0.96168,0.62056,0.71028,normal
2.14000,-6.82903,-3.90323,2.72903,1.07383,0.65794,0.72897,normal
2.16000,-6.91505,-3.83871,2.81505,1.18598,0.69533,0.74766,normal
2.18000,-7.00108,-3.77419,2.90108,1.29813,0.73271,0.76636,normal
2.20000,-7.08710,-3.70968,2.98710,1.41028,0.77009,0.78505,normal
2.22000,-9.10732,-2.29634,3.99634,2.30000,0.90000,0.90000,normal
2.24000,-9.15610,-2.27195,3.97195,1.81781,0.78356,0.78356,normal
2.26000,-9.20488,-2.24756,3.94756,1.68082,0.75616,0.75616,normal
2.28000,-9.25366,-2.22317,3.92317,1.54384,0.72877,0.72877,normal
2.30000,-9.55000,-2.25000,3.70000,1.40685,0.70137,0.70137,normal
2.32000,-11.82444,-3.33667,2.76333,0.46667,0.53333,0.46667,normal
2.34000,-11.86889,-3.40333,2.69667,-0.31974,0.38026,0.08026,normal
2.36000,-11.91333,-3.47000,2.63000,-0.34605,0.35395,0.05395,normal
2.38000,-11.95778,-3.53667,2.56333,-0.37237,0.32763,0.02763,normal
2.40000,-12.20000,-3.66000,2.42000,-0.39868,0.30132,0.00132,normal
2.42000,-12.49000,-3.87556,1.51222,0.22118,0.10000,-0.51059,normal
2.44000,-12.29000,-3.83111,1.53444,0.26824,0.10000,-0.53412,normal
2.46000,-12.09000,-3.78667,1.55667,0.31529,0.10000,-0.55765,normal
2.48000,-11.89000,-3.74222,1.57889,0.36235,0.10000,-0.58118,normal
2.50000,-11.30000,-3.50000,1.90000,1.00000,0.10000,-1.20000,normal
2.52000,-11.66632,-3.34947,1.84947,1.21682,-0.11682,-1.30000,normal
2.54000,-11.62421,-3.28632,1.78632,1.23551,-0.13551,-1.30000,normal
2.56000,-11.58211,-3.22316,1.72316,1.25421,-0.15421,-1.30000,normal
2.58000,-11.54000,-3.16000,1.66000,1.27290,-0.17290,-1.30000,normal
2.60000,-11.35000,-2.90000,1.40000,1.29159,-0.19159,-1.30000,normal
2.62000,-9.96044,-2.10000,1.28681,0.92222,-0.58889,-1.40000,normal
2.64000,-9.89451,-2.10000,1.26484,0.55641,-0.70000,-1.40000,normal
2.66000,-9.82857,-2.10000,1.24286,0.50513,-0.70000,-1.40000,normal
2.68000,-9.76264,-2.10000,1.22088,0.45385,-0.70000,-1.40000,normal
2.70000,-9.00000,-2.20000,1.10000,0.40256,-0.70000,-1.40000,normal
2.72000,-7.33889,-2.42444,0.48778,-0.28696,-0.70000,-1.40000,normal
2.74000,-7.22778,-2.46889,0.46556,-0.26522,-0.70000,-1.40000,normal
2.76000,-7.11667,-2.51333,0.44333,-0.24348,-0.70000,-1.40000,normal
2.78000,-7.00556,-2.55778,0.42111,-0.22174,-0.70000,-1.40000,normal
2.80000,-6.80000,-2.60000,0.40000,-0.20000,-0.70000,-1.40000,normal
2.82000,-5.98778,-2.88778,0.30000,0.00000,-0.38864,-1.08864,normal
2.84000,-5.96556,-2.86556,0.30000,0.00000,-0.36591,-1.06591,normal
2.86000,-5.94333,-2.84333,0.30000,0.00000,-0.34318,-1.04318,normal
2.88000,-5.92111,-2.82111,0.30000,0.00000,-0.32045,-1.02045,normal
2.90000,-5.95000,-2.85000,0.30000,0.00000,-0.26000,-0.88000,normal
2.92000,-6.54516,-3.43011,0.53011,0.01176,0.22353,0.23529,normal
2.94000,-6.60968,-3.47312,0.57312,0.03137,0.26275,0.29412,normal
2.96000,-6.67419,-3.51613,0.61613,0.05098,0.30196,0.35294,normal
2.98000,-6.73871,-3.55914,0.65914,0.07059,0.34118,0.41176,normal
3.00000,-6.83333,-3.61667,0.71667,0.09020,0.38039,0.47059,normal
3.02000,-8.71308,-4.29439,1.00374,0.42927,0.71463,1.21463,normal
3.04000,-8.84393,-4.23832,1.04112,0.52683,0.76341,1.26341,normal
3.06000,-8.97477,-4.18224,1.07850,0.60725,0.80725,1.31449,normal
3.08000,-9.10561,-4.12617,1.11589,0.63623,0.83623,1.37246,normal
3.10000,-9.23645,-4.07009,1.15327,0.66522,0.86522,1.43043,normal
3.12000,-9.36729,-4.01402,1.19065,0.69420,0.89420,1.48841,normal
3.14000,-14.50746,-3.30000,1.81194,0.28400,1.29200,2.00800,normal
3.16000,-14.77612,-3.30000,1.84179,0.23067,1.26533,2.03467,normal
3.18000,-15.04478,-3.30000,1.87164,0.17733,1.23867,2.06133,normal
3.20000,-14.80000,-3.40000,2.20000,0.12400,1.21200,2.08800,normal
3.22000,-10.67778,-2.99259,3.39259,-0.30610,0.60000,1.48171,normal
3.24000,-10.52963,-2.94321,3.34321,-0.33049,0.60000,1.40854,normal
3.26000,-10.38148,-2.89383,3.29383,-0.35488,0.60000,1.33537,normal
3.28000,-10.23333,-2.84444,3.24444,-0.37927,0.60000,1.26220,normal
3.30000,-10.60000,-2.70000,3.00000,-0.40000,0.35000,0.75000,normal
3.32000,-10.29286,-2.30000,2.38469,-0.53364,-0.13364,0.26636,normal
3.34000,-10.15000,-2.30000,2.36429,-0.57103,-0.17103,0.22897,normal
3.36000,-10.00714,-2.30000,2.34388,-0.60841,-0.20841,0.19159,normal
3.38000,-9.86429,-2.30000,2.32347,-0.64579,-0.24579,0.15421,normal
3.40000,-9.72143,-2.30000,2.30306,-0.68318,-0.28318,0.11682,normal
3.42000,-7.98421,-3.55263,2.39474,-1.11667,-0.60000,-0.40833,normal
3.44000,-7.87895,-3.90351,2.35965,-1.27955,-0.62045,-0.50000,normal
3.46000,-7.77368,-4.25439,2.32456,-1.23409,-0.66591,-0.50000,normal
3.48000,-7.30000,-1.64000,1.92000,0.05556,-0.81111,-0.28889,normal
3.50000,-7.50000,-0.72920,2.64248,0.45327,-0.90000,-0.30000,normal
3.52000,-7.50000,-0.64071,2.69558,0.35981,-0.90000,-0.30000,normal
3.54000,-7.50000,-0.55221,2.74867,0.26636,-0.90000,-0.30000,normal
3.56000,-7.50000,-0.46372,2.80177,0.17290,-0.90000,-0.30000,normal
3.58000,-7.50000,-0.37522,2.85487,0.07944,-0.90000,-0.30000,normal
3.60000,-7.53333,-1.36667,2.70000,-0.40000,-0.90000,-0.35000,normal
3.62000,-7.28333,-2.08333,2.03333,-1.40000,-0.78586,-0.50000,normal
3.64000,-7.26250,-2.18750,1.95000,-1.40000,-0.76566,-0.50000,normal
3.66000,-7.24167,-2.29167,1.86667,-1.40000,-0.74545,-0.50000,normal
3.68000,-7.22083,-2.39583,1.78333,-1.40000,-0.72525,-0.50000,normal
3.70000,-7.20000,-2.50000,1.70000,-1.40000,-0.70505,-0.50000,normal
3.72000,-7.39222,-2.50000,1.10778,-0.09300,0.10700,-0.29300,normal
3.74000,-7.37000,-2.50000,1.13000,-0.07300,0.12700,-0.27300,normal
3.76000,-7.34778,-2.50000,1.15222,-0.05300,0.14700,-0.25300,normal
3.78000,-7.32556,-2.50000,1.17444,-0.03300,0.16700,-0.23300,normal
3.80000,-7.30333,-2.50000,1.19667,-0.01300,0.18700,-0.21300,normal
3.82000,-7.80000,-2.30000,2.10000,0.25000,0.45000,-0.05000,normal
3.84000,-7.87595,-2.40127,2.15063,0.40000,0.72192,0.31096,normal
3.86000,-7.95190,-2.50253,2.20127,0.40000,0.77671,0.33836,normal
3.88000,-8.02785,-2.60380,2.25190,0.40000,0.83151,0.36575,normal
3.90000,-8.90000,-3.00000,2.30000,0.40000,0.88630,0.39315,normal
3.92000,-10.88953,-3.28953,1.58605,1.00909,1.20000,0.90000,normal
3.94000,-11.14535,-3.54535,1.26047,1.03182,1.20000,0.90000,normal
3.96000,-11.40116,-3.80116,0.93488,1.05455,1.20000,0.90000,normal
3.98000,-11.65698,-4.05698,0.60930,1.07727,1.20000,0.90000,normal
4.00000,-12.37500,-4.40000,0.32500,1.10000,1.20000,0.90000,normal
4.02000,-15.78222,-3.37778,3.19778,2.88000,0.76000,1.08000,normal
4.04000,-15.20444,-3.15556,3.37556,2.83556,0.67111,1.03556,normal
4.06000,-14.62667,-2.93333,3.55333,2.79111,0.58222,0.99111,normal
4.08000,-14.04889,-2.71111,3.73111,2.74667,0.49333,0.94667,normal
4.10000,-11.70000,-2.40000,4.20000,2.70222,0.40444,0.90222,normal
4.12000,-10.96452,-2.28065,1.87097,0.37798,-0.42202,-0.94404,normal
4.14000,-11.05054,-2.38817,1.69892,0.34128,-0.45872,-1.01743,normal
4.16000,-11.13656,-2.49570,1.52688,0.30459,-0.49541,-1.09083,normal
4.18000,-11.22258,-2.60323,1.35484,0.26789,-0.53211,-1.16422,normal
4.20000,-11.14444,-2.72222,0.95556,0.23119,-0.56881,-1.23761,normal
4.22000,-10.38588,-2.50706,0.11412,0.24000,-0.92000,-1.50000,normal
4.24000,-10.29176,-2.55412,0.20824,-0.23478,-1.30000,-1.81159,normal
4.26000,-10.19765,-2.60118,0.30235,-0.32174,-1.30000,-1.84058,normal
4.28000,-10.10353,-2.64824,0.39647,-0.40870,-1.30000,-1.86957,normal
4.30000,-10.00941,-2.69529,0.49059,-0.49565,-1.30000,-1.89855,normal
4.32000,-8.62584,-3.35056,-0.56180,-0.39059,-0.99529,-1.90000,normal
4.34000,-8.49101,-3.26067,-0.67416,-0.34353,-0.97176,-1.90000,normal
4.36000,-8.35618,-3.17079,-0.78652,-0.29647,-0.94824,-1.90000,normal
4.38000,-8.22135,-3.08090,-0.89888,-0.24941,-0.92471,-1.90000,normal
4.40000,-8.01429,-3.00000,-0.97143,-0.20235,-0.90118,-1.90000,normal
4.42000,-6.35506,-2.71124,-0.68876,0.11333,-0.37333,-1.48667,normal
4.44000,-6.26517,-2.73371,-0.66629,0.13556,-0.32889,-1.46444,normal
4.46000,-6.17528,-2.75618,-0.64382,0.15778,-0.28444,-1.44222,normal
4.48000,-6.08539,-2.77865,-0.62135,0.18000,-0.24000,-1.42000,normal
4.50000,-5.80000,-2.80000,-0.55000,0.20000,0.00000,-1.20000,normal
4.52000,-5.71522,-3.20000,-0.16957,0.82752,0.51376,-0.37248,normal
4.54000,-5.73696,-3.20000,-0.12609,0.86422,0.53211,-0.33578,normal
4.56000,-5.75870,-3.20000,-0.08261,0.90092,0.55046,-0.29908,normal
4.58000,-5.78043,-3.20000,-0.03913,0.93761,0.56881,-0.26239,normal
4.60000,-5.82857,-3.20000,0.02857,0.97431,0.58716,-0.22569,normal
4.62000,-6.66250,-3.11250,0.57500,1.12000,0.66000,-0.02000,normal
4.64000,-7.04737,-3.17632,0.87105,1.50000,0.90952,0.81905,normal
4.66000,-7.10000,-3.15000,0.95000,1.50000,0.94127,0.88254,normal
4.68000,-7.15263,-3.12368,1.02895,1.50000,0.97302,0.94603,normal
4.70000,-7.50000,-2.90000,1.30000,1.30000,1.10000,1.20000,normal
4.72000,-8.64516,-2.51613,1.71613,0.96531,1.21735,1.41735,normal
4.74000,-8.83871,-2.53763,1.73763,0.92449,1.23776,1.43776,normal
4.76000,-9.03226,-2.55914,1.75914,0.88367,1.25816,1.45816,normal
4.78000,-9.22581,-2.58065,1.78065,0.84286,1.27857,1.47857,normal
4.80000,-9.65714,-2.62857,1.94286,0.80204,1.29898,1.49898,normal
4.82000,-14.23444,-2.94889,3.17333,1.00000,1.59053,2.40947,normal
4.84000,-14.47889,-3.03778,3.30667,1.00000,1.56947,2.43053,normal
4.86000,-14.72333,-3.12667,3.44000,1.00000,1.54842,2.45158,normal
4.88000,-14.96778,-3.21556,3.57333,1.00000,1.52737,2.47263,normal
4.90000,-15.40000,-3.40000,4.00000,1.00000,1.50632,2.49368,normal
4.92000,-9.12609,-2.40000,4.83913,-0.50732,-0.10244,1.08780,normal
4.94000,-8.73478,-2.40000,4.75217,-0.58049,-0.12683,0.96585,normal
4.96000,-8.34348,-2.40000,4.66522,-0.65366,-0.15122,0.84390,normal
4.98000,-7.95217,-2.40000,4.57826,-0.72683,-0.17561,0.72195,normal
5.00000,-7.86667,-2.61667,3.81667,-0.80000,-0.20000,0.60000,normal
5.02000,-10.94835,-3.36374,2.28791,-0.46809,-0.53191,-0.61596,normal
5.04000,-11.03626,-3.29780,2.26593,-0.42553,-0.57447,-0.63723,normal
5.06000,-11.12418,-3.23187,2.24396,-0.38298,-0.61702,-0.65851,normal
5.08000,-11.21209,-3.16593,2.22198,-0.34043,-0.65957,-0.67979,normal
5.10000,-11.30000,-3.10000,2.20000,-0.30000,-0.90000,-0.80000,normal
5.12000,-8.94348,-3.10000,2.05761,-0.40000,-0.97059,-1.21471,normal
5.14000,-8.85652,-3.10000,1.99239,-0.40000,-0.93137,-1.23431,normal
5.16000,-8.76957,-3.10000,1.92717,-0.40000,-0.89216,-1.25392,normal
5.18000,-8.68261,-3.10000,1.86196,-0.40000,-0.85294,-1.27353,normal
5.20000,-8.50000,-3.10000,1.30000,-0.40000,-0.81373,-1.29314,normal
5.22000,-8.81236,-3.16292,0.53708,0.52828,-0.29293,-1.49293,normal
5.24000,-8.83483,-3.09551,0.60449,0.60909,-0.27273,-1.47273,normal
5.26000,-8.85730,-3.02809,0.67191,0.68990,-0.25253,-1.45253,normal
5.28000,-8.87978,-2.96067,0.73933,0.77071,-0.23232,-1.43232,normal
5.30000,-8.70000,-2.60000,0.90000,0.85152,-0.21212,-1.41212,normal
5.32000,-7.80000,-2.20000,1.00000,0.98000,0.06000,-1.04000,normal
5.34000,-7.77500,-2.25000,1.00000,0.87662,0.12338,-0.97662,normal
5.36000,-7.75000,-2.30000,1.00000,0.85065,0.14935,-0.95065,normal
5.38000,-7.72500,-2.35000,1.00000,0.82468,0.17532,-0.92468,normal
5.40000,-7.70000,-2.40000,1.00000,0.80000,0.30000,-0.80000,normal
5.42000,-7.50000,-2.60000,1.51429,1.21170,0.71170,-0.28830,normal
5.44000,-7.50000,-2.60000,1.53626,1.23298,0.73298,-0.26702,normal
5.46000,-7.50000,-2.60000,1.55824,1.25426,0.75426,-0.24574,normal
5.48000,-7.50000,-2.60000,1.58022,1.27553,0.77553,-0.22447,normal
5.50000,-7.70000,-2.70000,1.70000,1.29681,0.79681,-0.20319,normal
5.52000,-9.56136,-2.77955,2.01023,1.38830,1.10000,0.31170,normal
5.54000,-9.69773,-2.73409,2.03295,1.36702,1.10000,0.33298,normal
5.56000,-9.83409,-2.68864,2.05568,1.34574,1.10000,0.35426,normal
5.58000,-9.97045,-2.64318,2.07841,1.32447,1.10000,0.37553,normal
5.60000,-10.40000,-2.55000,2.10000,1.30319,1.10000,0.39681,normal
5.62000,-13.88022,-3.72967,1.92967,0.61089,1.18911,0.70000,normal
5.64000,-13.83626,-3.79560,1.99560,0.63069,1.16931,0.70000,normal
5.66000,-13.79231,-3.86154,2.06154,0.65050,1.14950,0.70000,normal
5.68000,-13.74835,-3.92747,2.12747,0.67030,1.12970,0.70000,normal
5.70000,-13.70440,-3.99341,2.19341,0.69010,1.10990,0.70000,normal
5.72000,-9.52532,-2.88481,1.80000,1.20000,0.70000,0.30000,normal
5.74000,-9.77848,-2.73291,1.80000,1.57273,0.58788,0.10000,normal
5.76000,-10.03165,-2.58101,1.80000,1.75455,0.55758,0.10000,normal
5.78000,-10.28481,-2.42911,1.80000,1.93636,0.52727,0.10000,normal
5.80000,-11.70000,-1.60000,2.28000,2.35000,0.35000,-0.20000,normal
5.82000,-10.25714,-1.20000,2.62857,0.61398,-0.21075,-0.71075,normal
5.84000,-10.19592,-1.34286,2.52653,0.44194,-0.23226,-0.73226,normal
5.86000,-10.13469,-1.48571,2.42449,0.26989,-0.25376,-0.75376,normal
5.88000,-10.07347,-1.62857,2.32245,0.09785,-0.27527,-0.77527,normal
5.90000,-10.01224,-1.77143,2.22041,-0.07419,-0.29677,-0.79677,normal
5.92000,-9.05862,-3.56897,0.68966,-0.08313,-0.50000,-1.00000,normal
5.94000,-8.96667,-3.50000,0.66667,-0.03494,-0.50000,-1.00000,normal
5.96000,-8.87471,-3.43103,0.64368,0.01325,-0.50000,-1.00000,normal
5.98000,-8.78276,-3.36207,0.62069,0.06145,-0.50000,-1.00000,normal
6.00000,-8.30000,-3.00000,0.50000,0.10000,-0.50000,-1.10000,normal
6.02000,-7.60000,-2.90000,0.58298,0.10000,-0.38440,-1.10000,normal
6.04000,-7.60000,-2.90000,0.56170,0.10000,-0.36606,-1.10000,normal
6.06000,-7.60000,-2.90000,0.54043,0.10000,-0.34771,-1.10000,normal
6.08000,-7.60000,-2.90000,0.51915,0.10000,-0.32936,-1.10000,normal
6.10000,-7.52000,-2.86000,0.46000,0.10000,-0.31101,-1.10000,normal
6.12000,-7.60179,-2.90000,0.20089,0.20000,-0.29333,-1.09333,normal
6.14000,-7.63750,-2.90000,0.21875,0.20000,-0.22667,-1.02667,normal
6.16000,-7.67321,-2.90000,0.23661,0.29231,-0.20000,-0.90769,normal
6.18000,-7.70893,-2.90000,0.25446,0.42464,-0.10000,-0.67536,normal
6.20000,-7.74464,-2.90000,0.27232,0.45362,-0.10000,-0.64638,normal
6.22000,-7.78036,-2.90000,0.29018,0.48261,-0.10000,-0.61739,normal
6.24000,-8.40984,-2.90000,0.60000,0.40000,0.05000,-0.10000,normal
6.26000,-8.47541,-2.90000,0.60000,0.27200,0.12800,0.22800,normal
6.28000,-8.54098,-2.90000,0.60000,0.23200,0.16800,0.26800,normal
6.30000,-9.40000,-3.15000,0.75000,0.30000,0.40000,0.70909,normal
6.32000,-10.86809,-3.20000,1.01702,0.40000,0.40952,0.90952,normal
6.34000,-10.95319,-3.20000,1.03830,0.40000,0.43333,0.93333,normal
6.36000,-11.03830,-3.20000,1.05957,0.40000,0.45714,0.95714,normal
6.38000,-11.12340,-3.20000,1.08085,0.40000,0.48095,0.98095,normal
6.40000,-12.10000,-3.00000,1.20000,0.40000,0.50000,1.05714,normal
6.42000,-13.33871,-2.81613,1.74839,-0.02243,0.48879,1.30000,normal
6.44000,-13.12366,-2.83763,1.81290,-0.05981,0.47009,1.30000,normal
6.46000,-12.90860,-2.85914,1.87742,-0.09720,0.45140,1.30000,normal
6.48000,-12.69355,-2.88065,1.94194,-0.13458,0.43271,1.30000,normal
6.50000,-11.40000,-3.00000,2.30000,-0.17196,0.41402,1.30000,normal
6.52000,-10.27303,-2.47303,2.79101,-0.30000,0.30000,1.12000,normal
6.54000,-10.20562,-2.40562,2.76854,-0.54459,0.08514,0.57027,normal
6.56000,-10.13820,-2.33820,2.74607,-0.62568,0.05811,0.51622,normal
6.58000,-10.07079,-2.27079,2.72360,-0.70676,0.03108,0.46216,normal
6.60000,-10.00337,-2.20337,2.70112,-0.78784,0.00405,0.40811,normal
6.62000,-8.54222,-2.42889,2.78556,-1.30000,-0.50000,-0.10000,normal
6.64000,-8.45333,-2.47333,2.76333,-1.30000,-0.50000,-0.10000,normal
6.66000,-8.36444,-2.51778,2.74111,-1.30000,-0.50000,-0.10000,normal
6.68000,-8.27556,-2.56222,2.71889,-1.30000,-0.50000,-0.10000,normal
6.70000,-7.85000,-2.58333,2.58333,-1.30000,-0.50000,-0.10000,normal
6.72000,-6.66000,-2.72667,2.08667,-1.60000,-0.70000,-0.30000,normal
6.74000,-6.59333,-2.77111,2.06444,-1.60000,-0.70000,-0.30000,normal
6.76000,-6.52667,-2.81556,2.04222,-1.60000,-0.70000,-0.30000,normal
6.78000,-6.46000,-2.86000,2.02000,-1.60000,-0.70000,-0.30000,normal
6.80000,-6.20000,-3.10000,1.95000,-1.47778,-0.57778,-0.37778,normal
6.82000,-6.65106,-3.20000,1.48298,-1.08000,-0.40000,-0.29000,normal
6.84000,-6.71489,-3.20000,1.46170,-1.04000,-0.40000,-0.27000,normal
6.86000,-6.77872,-3.20000,1.44043,-1.00000,-0.40000,-0.25000,normal
6.88000,-6.84255,-3.20000,1.41915,-0.96000,-0.40000,-0.23000,normal
6.90000,-6.96667,-3.20000,1.40000,-0.92000,-0.40000,-0.21000,normal
6.92000,-8.30482,-3.20241,1.70000,-0.63571,-0.23571,-0.03571,normal
6.94000,-8.35301,-3.22651,1.70000,-0.28333,0.01667,0.21667,normal
6.96000,-8.40120,-3.25060,1.70000,-0.25556,0.04444,0.24444,normal
6.98000,-8.44940,-3.27470,1.70000,-0.22778,0.07222,0.27222,normal
7.00000,-8.49759,-3.29880,1.70000,-0.20000,0.10000,0.30000,normal
7.02000,-8.88696,-3.40000,1.95217,0.11034,0.41034,0.40000,normal
7.04000,-8.86522,-3.40000,2.03913,0.13333,0.43333,0.40000,normal
7.06000,-8.84348,-3.40000,2.12609,0.15632,0.45632,0.40000,normal
7.08000,-8.82174,-3.40000,2.21304,0.17931,0.47931,0.40000,normal
7.10000,-8.80000,-3.40000,2.30000,0.50000,0.60000,0.40000,normal
7.12000,-10.10000,-3.08571,2.47143,0.70588,0.65294,0.30000,normal
7.14000,-10.25385,-3.06374,2.42747,1.00000,0.80000,0.40000,normal
7.16000,-10.40769,-3.04176,2.38352,1.00000,0.80000,0.40000,normal
7.18000,-10.56154,-3.01978,2.33956,1.00000,0.80000,0.40000,normal
7.20000,-11.95000,-3.25000,2.70000,1.00000,0.80000,0.40000,normal
7.22000,-12.94681,-4.03404,3.23191,1.05000,0.95000,0.80000,normal
7.24000,-12.75532,-4.07660,3.14681,1.22169,0.85663,1.00000,normal
7.26000,-12.56383,-4.11915,3.06170,1.24578,0.80843,1.00000,normal
7.28000,-12.37234,-4.16170,2.97660,1.26988,0.76024,1.00000,normal
7.30000,-11.00000,-3.90000,2.40000,1.29398,0.71205,1.00000,normal
7.32000,-10.76129,-2.71613,2.23226,1.50000,0.10000,0.30000,normal
7.34000,-10.97634,-2.73763,2.27527,1.35200,0.07600,-0.07200,normal
7.36000,-11.19140,-2.75914,2.31828,1.29867,0.04933,-0.15200,normal
7.38000,-11.40645,-2.78065,2.36129,1.24533,0.02267,-0.23200,normal
7.40000,-11.70000,-3.00000,2.00000,0.90000,-0.50000,-0.70000,normal
7.42000,-9.68587,-2.38370,1.36739,0.46264,-0.81868,-1.03736,normal
7.44000,-9.53370,-2.36196,1.32391,0.41868,-0.84066,-1.08132,normal
7.46000,-9.38152,-2.34022,1.28043,0.37473,-0.86264,-1.12527,normal
7.48000,-9.22935,-2.31848,1.23696,0.33077,-0.88462,-1.16923,normal
7.50000,-8.60000,-2.20000,0.80000,-0.50000,-0.90000,-1.90000,normal
7.52000,-8.86250,-2.31875,0.44375,-0.50000,-0.90000,-1.90000,normal
7.54000,-8.82083,-2.33958,0.38125,-0.50000,-0.90000,-1.90000,normal
7.56000,-8.77917,-2.36042,0.31875,-0.50000,-0.90000,-1.90000,normal
7.58000,-8.73750,-2.38125,0.25625,-0.50000,-0.90000,-1.90000,normal
7.60000,-8.28333,-2.63333,-0.10000,-0.50000,-0.90000,-1.90000,normal
7.62000,-8.04667,-3.18667,-0.28667,-0.08765,-0.49383,-1.38765,normal
7.64000,-7.95778,-3.16444,-0.26444,-0.03827,-0.46914,-1.33827,normal
7.66000,-7.86889,-3.14222,-0.24222,0.01111,-0.44444,-1.28889,normal
7.68000,-7.78000,-3.12000,-0.22000,0.06049,-0.41975,-1.23951,normal
7.70000,-7.25000,-3.15000,-0.20000,0.18000,-0.24000,-1.04000,normal
7.72000,-6.80000,-3.20000,-0.08298,0.41458,0.20000,-0.57083,normal
7.74000,-6.80000,-3.20000,-0.06170,0.43542,0.20000,-0.52917,normal
7.76000,-6.80000,-3.20000,-0.04043,0.45625,0.20000,-0.48750,normal
7.78000,-6.80000,-3.20000,-0.01915,0.47708,0.20000,-0.44583,normal
7.80000,-6.84286,-3.31429,0.12857,0.49792,0.20000,-0.40417,normal
7.82000,-8.02655,-3.49115,0.70885,0.80000,0.50992,0.21983,normal
7.84000,-8.07965,-3.47345,0.72655,0.80000,0.52645,0.25289,normal
7.86000,-8.13274,-3.45575,0.74425,0.80000,0.54298,0.28595,normal
7.88000,-8.18584,-3.43805,0.76195,0.80000,0.55950,0.31901,normal
7.90000,-8.23894,-3.42035,0.77965,0.80000,0.57603,0.35207,normal
7.92000,-8.29204,-3.40265,0.79735,0.80000,0.59256,0.38512,normal
7.94000,-10.84839,-3.39032,2.02903,0.59342,0.90658,1.11316,normal
7.96000,-11.17097,-3.32581,2.22258,0.56711,0.93289,1.16579,normal
7.98000,-11.49355,-3.26129,2.41613,0.54079,0.95921,1.21842,normal
8.00000,-13.50000,-3.10000,2.80000,0.51447,0.98553,1.27105,normal
8.02000,-12.07922,-3.20130,3.50519,-0.91111,0.65556,1.97778,normal
8.04000,-11.66364,-3.22727,3.60909,-1.60862,0.39138,1.67414,normal
8.06000,-11.24805,-3.25325,3.71299,-1.64310,0.35690,1.57069,normal
8.08000,-10.83247,-3.27922,3.81688,-1.67759,0.32241,1.46724,normal
8.10000,-9.35000,-3.95000,2.95000,-1.54419,0.30000,1.05814,normal
8.12000,-9.68021,-4.06042,2.64062,-1.35814,0.30000,0.91860,normal
8.14000,-9.65937,-4.01875,2.57812,-0.79333,0.09500,0.59500,normal
8.16000,-9.63854,-3.97708,2.51562,-0.66000,-0.00500,0.49500,normal
8.18000,-9.61771,-3.93542,2.45312,-0.52667,-0.10500,0.39500,normal
8.20000,-8.55000,-2.80000,2.15000,-0.39091,-0.20909,0.28182,normal
8.22000,-7.38556,-2.12889,2.11444,-0.70750,-0.60000,-0.10250,normal
8.24000,-7.36333,-2.17333,2.13667,-0.78250,-0.60000,-0.12750,normal
8.26000,-7.34111,-2.21778,2.15889,-0.85750,-0.60000,-0.15250,normal
8.28000,-7.31889,-2.26222,2.18111,-0.93250,-0.60000,-0.17750,normal
8.30000,-6.90000,-3.30000,1.80000,-1.13333,-0.60000,-0.26667,normal
8.32000,-6.70000,-3.71630,1.16739,-0.97097,-0.49032,-0.19032,normal
8.34000,-6.70000,-3.73804,1.12391,-0.90645,-0.46882,-0.16882,normal
8.36000,-6.70000,-3.75978,1.08043,-0.84194,-0.44731,-0.14731,normal
8.38000,-6.70000,-3.78152,1.03696,-0.77742,-0.42581,-0.12581,normal
8.40000,-7.05000,-3.75000,1.15000,-0.71290,-0.40430,-0.10430,normal
8.42000,-7.72791,-3.49070,1.29070,0.46923,-0.11538,0.10000,normal
8.44000,-7.79767,-3.46744,1.26744,0.50000,-0.10000,0.10000,normal
8.46000,-7.86744,-3.44419,1.24419,0.50000,-0.10000,0.10000,normal
8.48000,-7.93721,-3.42093,1.22093,0.50000,-0.10000,0.10000,normal
8.50000,-8.30000,-3.40000,1.10000,0.50000,-0.10000,0.10000,normal
8.52000,-8.78953,-3.31047,1.30000,0.59146,0.10854,0.00000,normal
8.54000,-8.76628,-3.33372,1.30000,0.56707,0.13293,0.00000,normal
8.56000,-8.74302,-3.35698,1.30000,0.54268,0.15732,0.00000,normal
8.58000,-8.71977,-3.38023,1.30000,0.51829,0.18171,0.00000,normal
8.60000,-8.70000,-3.70000,1.50000,0.90000,0.50000,0.00000,normal
8.62000,-8.70000,-3.48333,1.71667,1.11856,0.51856,0.00000,normal
8.64000,-8.70000,-3.46250,1.73750,1.13918,0.53918,0.00000,normal
8.66000,-8.70000,-3.44167,1.75833,1.15979,0.55979,0.00000,normal
8.68000,-8.70000,-3.42083,1.77917,1.18041,0.58041,0.00000,normal
8.70000,-8.70000,-3.40000,1.80000,1.30000,0.60000,0.00000,normal
8.72000,-9.57143,-2.98571,2.20000,1.40000,0.60882,-0.10000,normal
8.74000,-9.68132,-2.96374,2.20000,1.40000,0.62843,-0.10000,normal
8.76000,-9.79121,-2.94176,2.20000,1.40000,0.64804,-0.10000,normal
8.78000,-9.90110,-2.91978,2.20000,1.40000,0.66765,-0.10000,normal
8.80000,-10.62000,-2.79000,2.10000,1.40000,0.68725,-0.10000,normal
8.82000,-12.02000,-3.08000,2.01000,1.26923,0.60000,-0.10000,normal
8.84000,-12.35000,-3.12500,1.97500,1.20635,0.70000,-0.09365,normal
8.86000,-12.61316,-3.15132,1.94868,1.23810,0.70000,-0.06190,normal
8.88000,-12.87632,-3.17763,1.92237,1.26984,0.70000,-0.03016,normal
8.90000,-14.00000,-3.20000,1.20000,1.40000,0.70000,0.00000,normal
8.92000,-12.26778,-2.68556,0.85667,1.70000,0.15408,-0.24592,normal
8.94000,-11.75667,-2.66333,0.79000,1.70000,0.09286,-0.30714,normal
8.96000,-11.24556,-2.64111,0.72333,1.70000,0.03163,-0.36837,normal
8.98000,-10.73444,-2.61889,0.65667,1.70000,-0.02959,-0.42959,normal
9.00000,-10.06667,-2.40000,0.53333,1.70000,-0.09082,-0.49082,normal
9.02000,-10.36870,-1.40783,0.20000,0.77105,-0.40965,-1.30000,normal
9.04000,-10.29913,-1.42522,0.20000,0.71842,-0.42719,-1.30000,normal
9.06000,-10.22957,-1.44261,0.20000,0.66579,-0.44474,-1.30000,normal
9.08000,-10.16000,-1.46000,0.20000,0.61316,-0.46228,-1.30000,normal
9.10000,-10.09043,-1.47739,0.20000,0.56053,-0.47982,-1.30000,normal
9.12000,-10.02087,-1.49478,0.20000,0.50789,-0.49737,-1.30000,normal
9.14000,-7.94545,-2.92727,-0.97273,0.00423,-0.49859,-0.79859,normal
9.16000,-7.82424,-2.98788,-0.91212,0.08873,-0.47042,-0.77042,normal
9.18000,-7.70303,-3.04848,-0.85152,0.17324,-0.44225,-0.74225,normal
9.20000,-7.50000,-2.98000,-0.46000,0.25775,-0.41408,-0.71408,normal
9.22000,-7.09750,-2.80250,-0.10500,0.53636,-0.20000,-0.58182,normal
9.24000,-7.07250,-2.82750,-0.15500,0.60000,0.01159,-0.40000,normal
9.26000,-7.04750,-2.85250,-0.20500,0.60000,0.04058,-0.40000,normal
9.28000,-7.02250,-2.87750,-0.25500,0.60000,0.06957,-0.40000,normal
9.30000,-7.00000,-3.00000,-0.20000,0.60000,0.09855,-0.40000,normal
9.32000,-7.53750,-3.11250,0.00000,0.60000,0.30000,-0.28929,normal
9.34000,-7.60568,-3.13523,0.00000,0.60000,0.30000,-0.26548,normal
9.36000,-7.67386,-3.15795,0.00000,0.60000,0.30000,-0.24167,normal
9.38000,-7.74205,-3.18068,0.00000,0.60000,0.30000,-0.21786,normal
9.40000,-8.30000,-3.20000,0.30000,0.48571,0.40000,-0.08571,normal
9.42000,-8.28280,-3.33441,0.21720,0.38539,0.41461,0.00000,normal
9.44000,-8.26129,-3.37742,0.23871,0.36292,0.43708,0.00000,normal
9.46000,-8.23978,-3.42043,0.26022,0.34045,0.45955,0.00000,normal
9.48000,-8.21828,-3.46344,0.28172,0.31798,0.48202,0.00000,normal
9.50000,-8.45000,-3.55000,0.55000,0.45000,0.60000,0.05000,normal
9.52000,-8.91720,-3.50000,0.71720,0.40000,0.60000,0.10000,normal
9.54000,-8.93871,-3.50000,0.73871,0.40000,0.60000,0.10000,normal
9.56000,-8.96022,-3.50000,0.76022,0.40000,0.60000,0.10000,normal
9.58000,-8.98172,-3.50000,0.78172,0.40000,0.60000,0.10000,normal
9.60000,-9.02000,-3.50000,0.82000,0.40000,0.60000,0.10000,normal
9.62000,-8.89625,-3.70000,1.10375,0.40000,0.60000,0.19167,normal
9.64000,-8.87125,-3.70000,1.12875,0.30000,0.50000,0.30000,normal
9.66000,-8.84625,-3.70000,1.15375,0.30000,0.50000,0.30000,normal
9.68000,-8.82125,-3.70000,1.17875,0.30000,0.50000,0.30000,normal
9.70000,-8.90000,-3.95000,1.40000,0.36667,0.50000,0.30000,normal
9.72000,-9.21720,-3.90000,1.58280,0.48539,0.40000,0.40000,normal
9.74000,-9.23871,-3.90000,1.56129,0.46292,0.40000,0.40000,normal
9.76000,-9.26022,-3.90000,1.53978,0.44045,0.40000,0.40000,normal
9.78000,-9.28172,-3.90000,1.51828,0.41798,0.40000,0.40000,normal
9.80000,-9.40000,-3.80000,1.65000,0.20000,0.30000,0.50000,normal
9.82000,-9.83478,-4.01739,1.58261,0.18218,0.30000,0.50000,normal
9.84000,-9.87826,-4.03913,1.56087,0.16238,0.30000,0.50000,normal
9.86000,-9.92174,-4.06087,1.53913,0.14257,0.30000,0.50000,normal
9.88000,-9.96522,-4.08261,1.51739,0.12277,0.30000,0.50000,normal
9.90000,-10.95000,-4.25000,1.55000,0.10297,0.30000,0.50000,normal
9.92000,-11.80000,-4.10000,1.40000,0.40741,0.29259,0.60000,normal
9.94000,-11.80000,-4.10000,1.40000,0.43210,0.26790,0.60000,normal
9.96000,-11.80000,-4.10000,1.40000,0.45679,0.24321,0.60000,normal
9.98000,-11.80000,-4.10000,1.40000,0.48148,0.21852,0.60000,normal
10.00000,-12.00000,-3.80000,1.50000,0.50000,0.20000,0.60000,normal
10.02000,-11.34138,-3.78534,1.80000,0.50935,0.09065,0.39065,normal
10.04000,-11.27241,-3.76810,1.80000,0.52804,0.07196,0.37196,normal
10.06000,-11.20345,-3.75086,1.80000,0.54673,0.05327,0.35327,normal
10.08000,-11.13448,-3.73362,1.80000,0.56542,0.03458,0.33458,normal
10.10000,-11.06552,-3.71638,1.80000,0.58411,0.01589,0.31589,normal
10.12000,-9.90000,-3.60000,1.70000,0.60000,-0.30000,-0.00000,normal
10.14000,-10.20000,-2.78026,1.38026,0.38375,-0.41625,-0.53250,normal
10.16000,-10.20000,-2.75395,1.35395,0.35875,-0.44125,-0.58250,normal
10.18000,-10.20000,-2.72763,1.32763,0.33375,-0.46625,-0.63250,normal
10.20000,-10.20000,-2.70132,1.30132,0.30875,-0.49125,-0.68250,normal
10.22000,-9.14091,-2.60000,0.80000,-0.30000,-0.79355,-1.20323,normal
10.24000,-9.20909,-2.60000,0.80000,-0.30000,-0.75054,-1.22473,normal
10.26000,-9.27727,-2.60000,0.80000,-0.30000,-0.70753,-1.24624,normal
10.28000,-9.34545,-2.60000,0.80000,-0.30000,-0.66452,-1.26774,normal
10.30000,-8.70000,-3.00000,0.60000,-0.30000,-0.62151,-1.28925,normal
10.32000,-7.86000,-2.87000,0.69000,0.41429,-0.39524,-1.29524,normal
10.34000,-7.77111,-2.80333,0.66778,0.48571,-0.37143,-1.27143,normal
10.36000,-7.68222,-2.73667,0.64556,0.55714,-0.34762,-1.24762,normal
10.38000,-7.59333,-2.67000,0.62333,0.62857,-0.32381,-1.22381,normal
10.40000,-7.50444,-2.60333,0.60111,0.70000,-0.30000,-1.20000,normal
10.42000,-7.30000,-2.52727,0.51364,0.78495,-0.08495,-0.56989,normal
10.44000,-7.30000,-2.57273,0.53636,0.76344,-0.06344,-0.52688,normal
10.46000,-7.30000,-2.61818,0.55909,0.74194,-0.04194,-0.48387,normal
10.48000,-7.30000,-2.66364,0.58182,0.72043,-0.02043,-0.44086,normal
10.50000,-7.10000,-2.88000,0.70000,0.70000,0.05000,-0.30000,normal
10.52000,-7.01461,-3.31461,0.80000,0.60000,0.31071,0.42143,normal
10.54000,-7.03708,-3.33708,0.80000,0.60000,0.33452,0.46905,normal
10.56000,-7.05955,-3.35955,0.80000,0.60000,0.35833,0.51667,normal
10.58000,-7.08202,-3.38202,0.80000,0.60000,0.38214,0.56429,normal
10.60000,-7.50000,-3.70000,1.30000,0.70000,0.53333,0.83333,normal
10.62000,-8.03656,-3.78172,1.43656,0.80000,0.70000,1.01414,normal
10.64000,-8.07957,-3.76022,1.47957,0.80000,0.70000,1.03434,normal
10.66000,-8.12258,-3.73871,1.52258,0.80000,0.70000,1.05455,normal
10.68000,-8.16559,-3.71720,1.56559,0.80000,0.70000,1.07475,normal
10.70000,-8.50000,-3.80000,2.00000,0.80000,0.70000,1.09495,normal
10.72000,-9.33111,-3.90778,2.20000,0.50000,0.90000,1.10000,normal
10.74000,-9.42000,-3.93000,2.20000,0.50000,0.90000,1.10000,normal
10.76000,-9.50889,-3.95222,2.20000,0.50000,0.90000,1.10000,normal
10.78000,-9.59778,-3.97444,2.20000,0.50000,0.90000,1.10000,normal
10.80000,-9.68667,-3.99667,2.20000,0.50000,0.90000,1.10000,normal
10.82000,-10.83483,-4.02697,2.42697,0.61573,0.80000,0.78427,normal
10.84000,-11.05955,-4.07191,2.47191,0.63820,0.80000,0.76180,normal
10.86000,-11.28427,-4.11685,2.51685,0.66067,0.80000,0.73933,normal
10.88000,-11.50899,-4.16180,2.56180,0.68315,0.80000,0.71685,normal
10.90000,-13.20000,-4.00000,2.70000,0.78333,0.71667,0.53333,normal
10.92000,-13.27234,-3.51809,1.90000,0.47363,0.28681,-0.12637,normal
10.94000,-13.35745,-3.53936,1.90000,0.42967,0.26484,-0.17033,normal
10.96000,-13.44255,-3.56064,1.90000,0.38571,0.24286,-0.21429,normal
10.98000,-13.52766,-3.58191,1.90000,0.34176,0.22088,-0.25824,normal
11.00000,-11.30000,-3.80000,2.30000,0.30000,0.10000,-0.45000,normal
11.02000,-10.12796,-3.85806,1.78602,1.05000,-0.11250,-1.21250,normal
11.04000,-10.17097,-3.79355,1.76452,1.12143,-0.13036,-1.23036,normal
11.06000,-10.21398,-3.72903,1.74301,1.19286,-0.14821,-1.24821,normal
11.08000,-10.25699,-3.66452,1.72151,1.26429,-0.16607,-1.26607,normal
11.10000,-10.30000,-3.60000,1.70000,1.33571,-0.18393,-1.28393,normal
11.12000,-9.92222,-2.21667,1.80000,1.50000,-0.30000,-1.30000,normal
11.14000,-9.58028,-2.15915,1.76056,0.80000,-0.65000,-1.20000,normal
11.16000,-9.55211,-2.24366,1.70423,0.50172,-0.73276,-1.20000,normal
11.18000,-9.52394,-2.32817,1.64789,0.39828,-0.76724,-1.20000,normal
11.20000,-8.90000,-2.70000,1.10000,0.27500,-0.81250,-1.21250,normal
11.22000,-8.28632,-2.80000,0.48632,-0.10000,-0.89111,-1.50000,normal
11.24000,-8.26526,-2.80000,0.46526,-0.10000,-0.86889,-1.50000,normal
11.26000,-8.24421,-2.80000,0.44421,-0.10000,-0.84667,-1.50000,normal
11.28000,-8.22316,-2.80000,0.42316,-0.10000,-0.82444,-1.50000,normal
11.30000,-8.20211,-2.80000,0.40211,-0.10000,-0.80222,-1.50000,normal
11.32000,-7.15955,-3.01348,0.00000,-0.08851,-0.48851,-1.38851,normal
11.34000,-7.09213,-3.03596,0.00000,-0.06552,-0.46552,-1.36552,normal
11.36000,-7.02472,-3.05843,0.00000,-0.04253,-0.44253,-1.34253,normal
11.38000,-6.95730,-3.08090,0.00000,-0.01954,-0.41954,-1.31954,normal
11.40000,-6.70000,-3.20000,0.00000,0.30000,0.00000,-0.90000,normal
11.42000,-6.30000,-3.41630,0.23261,0.51589,0.33178,-0.45234,normal
11.44000,-6.30000,-3.43804,0.27609,0.53458,0.36916,-0.39626,normal
11.46000,-6.30000,-3.45978,0.31957,0.55327,0.40654,-0.34019,normal
11.48000,-6.30000,-3.48152,0.36304,0.57196,0.44393,-0.28411,normal
11.50000,-6.21818,-3.60909,0.61818,0.59065,0.48131,-0.22804,normal
11.52000,-6.91026,-3.90256,1.30513,0.78889,0.68889,0.36667,normal
11.54000,-7.01282,-3.92821,1.35641,0.90000,0.82055,0.82055,normal
11.56000,-7.11538,-3.95385,1.40769,0.90000,0.84795,0.84795,normal
11.58000,-7.21795,-3.97949,1.45897,0.90000,0.87534,0.87534,normal
11.60000,-9.10000,-3.95000,2.05000,0.90000,1.00000,1.15000,normal
11.62000,-9.98763,-3.46495,2.43505,0.78218,1.00000,1.31782,normal
11.64000,-10.09072,-3.42371,2.47629,0.76238,1.00000,1.33762,normal
11.66000,-10.19381,-3.38247,2.51753,0.74257,1.00000,1.35743,normal
11.68000,-10.29691,-3.34124,2.55876,0.72277,1.00000,1.37723,normal
11.70000,-10.40000,-3.30000,2.60000,0.70297,1.00000,1.39703,normal
11.72000,-13.21512,-3.01047,2.22093,-0.51905,0.80000,1.40952,normal
11.74000,-13.47093,-3.03372,2.26744,-0.56667,0.80000,1.43333,normal
11.76000,-13.72674,-3.05698,2.31395,-0.61429,0.80000,1.45714,normal
11.78000,-13.98256,-3.08023,2.36047,-0.66190,0.80000,1.48095,normal
11.80000,-13.20000,-3.20000,2.90000,-0.80000,0.40000,1.45000,normal
11.82000,-10.89677,-3.18280,2.78280,-0.91607,0.08393,1.26786,normal
11.84000,-10.76774,-3.16129,2.76129,-0.93393,0.06607,1.23214,normal
11.86000,-10.63871,-3.13978,2.73978,-0.95179,0.04821,1.19643,normal
11.88000,-10.50968,-3.11828,2.71828,-0.96964,0.03036,1.16071,normal
11.90000,-10.47500,-3.07500,2.65000,-0.98750,0.01250,1.12500,normal
11.92000,-9.75556,-2.62222,2.26667,-1.00000,-0.03125,0.73750,normal
11.94000,-9.50270,-2.57568,2.17568,-1.21967,-0.60984,0.18033,normal
11.96000,-9.39459,-2.54865,2.14865,-1.28525,-0.64262,0.11475,normal
11.98000,-9.28649,-2.52162,2.12162,-1.35082,-0.67541,0.04918,normal
12.00000,-8.80000,-2.50000,2.30000,-1.46250,-0.70000,-0.12500,normal
12.02000,-7.94516,-3.03656,1.70000,-1.58621,-0.81379,-0.50000,normal
12.04000,-7.88065,-3.07957,1.70000,-1.56322,-0.83678,-0.50000,normal
12.06000,-7.81613,-3.12258,1.70000,-1.54023,-0.85977,-0.50000,normal
12.08000,-7.75161,-3.16559,1.70000,-1.51724,-0.88276,-0.50000,normal
12.10000,-7.35000,-2.95000,1.60000,-1.33333,-0.90000,-0.50000,normal
12.12000,-6.95484,-2.88172,1.78172,-0.98704,-0.77407,-0.40000,normal
12.14000,-7.01935,-2.86022,1.76022,-0.96852,-0.73704,-0.40000,normal
12.16000,-7.08387,-2.83871,1.73871,-0.95000,-0.70000,-0.40000,normal
12.18000,-7.14839,-2.81720,1.71720,-0.93148,-0.66296,-0.40000,normal
12.20000,-6.90000,-3.00000,1.30000,-0.91296,-0.62593,-0.40000,normal
12.22000,-7.22727,-3.18636,1.48636,-0.40000,-0.30000,0.00000,normal
12.24000,-7.27273,-3.16364,1.46364,-0.34667,-0.27333,0.00000,normal
12.26000,-7.31818,-3.14091,1.44091,-0.29333,-0.24667,0.00000,normal
12.28000,-7.36364,-3.11818,1.41818,-0.24000,-0.22000,0.00000,normal
12.30000,-7.70000,-3.00000,1.70000,-0.08889,-0.14444,0.05556,normal
12.32000,-7.73696,-3.08152,1.83696,0.21000,0.20500,0.20000,normal
12.34000,-7.78043,-3.05978,1.88043,0.26000,0.23000,0.20000,normal
12.36000,-7.82391,-3.03804,1.92391,0.31000,0.25500,0.20000,normal
12.38000,-7.86739,-3.01630,1.96739,0.36000,0.28000,0.20000,normal
12.40000,-8.24000,-2.78000,2.20000,0.50000,0.40000,0.20000,normal
12.42000,-8.45217,-2.70000,2.23478,0.48144,0.50000,0.21856,normal
12.44000,-8.51739,-2.70000,2.27826,0.46082,0.50000,0.23918,normal
12.46000,-8.58261,-2.70000,2.32174,0.44021,0.50000,0.25979,normal
12.48000,-8.64783,-2.70000,2.36522,0.41959,0.50000,0.28041,normal
12.50000,-9.20000,-2.85000,2.60000,0.40000,0.50000,0.30000,normal
12.52000,-9.30000,-2.90000,2.60000,0.40000,0.60000,0.40000,normal
12.54000,-9.30000,-2.90000,2.60000,0.40000,0.60000,0.40000,normal
12.56000,-9.30000,-2.90000,2.60000,0.40000,0.60000,0.40000,normal
12.58000,-9.30000,-2.90000,2.60000,0.40000,0.60000,0.40000,normal
12.60000,-9.30000,-2.90000,2.60000,0.40000,0.60000,0.40000,normal
12.62000,-11.42644,-3.02529,2.28736,0.40000,0.70000,0.45000,normal
12.64000,-11.65632,-3.07126,2.26437,0.40000,0.70000,0.50000,normal
12.66000,-11.88621,-3.11724,2.24138,0.40000,0.70000,0.50000,normal
12.68000,-12.11609,-3.16322,2.21839,0.40000,0.70000,0.50000,normal
12.70000,-13.15000,-3.45000,2.20000,0.60000,0.52000,0.60000,normal
12.72000,-11.08750,-3.61771,2.10000,0.73226,0.30000,0.36774,normal
12.74000,-10.83750,-3.63854,2.10000,0.77527,0.30000,0.32473,normal
12.76000,-10.58750,-3.65938,2.10000,0.81828,0.30000,0.28172,normal
12.78000,-10.33750,-3.68021,2.10000,0.86129,0.30000,0.23871,normal
12.80000,-9.80000,-3.65000,2.10000,1.10000,0.30000,-0.10000,normal
12.82000,-11.22222,-2.86889,1.88444,1.16842,-0.13158,-0.61579,normal
12.84000,-11.11111,-2.82444,1.86222,1.12632,-0.17368,-0.63684,normal
12.86000,-11.00000,-2.78000,1.84000,1.08421,-0.21579,-0.65789,normal
12.88000,-10.88889,-2.73556,1.81778,1.04211,-0.25789,-0.67895,normal
12.90000,-10.10000,-2.50000,1.80000,1.00000,-0.30000,-0.70000,normal
12.92000,-9.03182,-2.50000,1.17273,0.28646,-0.60000,-1.31354,normal
12.94000,-8.91818,-2.50000,1.12727,0.26563,-0.60000,-1.33437,normal
12.96000,-8.80455,-2.50000,1.08182,0.24479,-0.60000,-1.35521,normal
12.98000,-8.69091,-2.50000,1.03636,0.22396,-0.60000,-1.37604,normal
13.00000,-8.35000,-2.45000,0.65000,0.20313,-0.60000,-1.39687,normal
13.02000,-7.97674,-2.52326,0.70000,0.25000,-0.50000,-1.45000,normal
13.04000,-7.93023,-2.56977,0.70000,0.30000,-0.47826,-1.37826,normal
13.06000,-7.88372,-2.61628,0.70000,0.30000,-0.44928,-1.34928,normal
13.08000,-7.83721,-2.66279,0.70000,0.30000,-0.42029,-1.32029,normal
13.10000,-7.50000,-2.70000,0.35000,0.50000,-0.30000,-0.94000,normal
13.12000,-7.40000,-2.71915,0.40000,0.40000,-0.18242,-0.68242,normal
13.14000,-7.40000,-2.74043,0.40000,0.40000,-0.16044,-0.66044,normal
13.16000,-7.40000,-2.76170,0.40000,0.40000,-0.13846,-0.63846,normal
13.18000,-7.40000,-2.78298,0.40000,0.40000,-0.11648,-0.61648,normal
13.20000,-7.55000,-3.25000,0.45000,0.40000,-0.05833,-0.51667,normal
13.22000,-7.48152,-3.43696,0.60000,0.40000,0.20920,-0.09080,normal
13.24000,-7.45978,-3.48043,0.60000,0.40000,0.23218,-0.06782,normal
13.26000,-7.43804,-3.52391,0.60000,0.40000,0.25517,-0.04483,normal
13.28000,-7.41630,-3.56739,0.60000,0.40000,0.27816,-0.02184,normal
13.30000,-7.51429,-3.92857,0.94286,0.40000,0.35000,0.00000,normal
13.32000,-7.92921,-4.31461,1.31461,0.41524,0.51524,0.20000,normal
13.34000,-7.97416,-4.33708,1.33708,0.43429,0.53429,0.20000,normal
13.36000,-8.01910,-4.35955,1.35955,0.45333,0.55333,0.20000,normal
13.38000,-8.06404,-4.38202,1.38202,0.47238,0.57238,0.20000,normal
13.40000,-8.54000,-4.30000,1.71000,0.49143,0.59143,0.20000,normal
13.42000,-9.41500,-4.50000,2.00000,0.60000,0.73000,0.40000,normal
13.44000,-9.51500,-4.50000,2.00000,0.60000,0.80000,0.41806,normal
13.46000,-9.61500,-4.50000,2.00000,0.60000,0.80000,0.44583,normal
13.48000,-9.71500,-4.50000,2.00000,0.60000,0.80000,0.47361,normal
13.50000,-10.20000,-4.60000,2.05000,0.60000,0.85000,0.50000,normal
13.52000,-10.92174,-5.10000,2.70000,0.84375,1.00000,0.60000,normal
13.54000,-11.07391,-5.10000,2.70000,0.90625,1.00000,0.60000,normal
13.56000,-11.22609,-5.10000,2.70000,0.96875,1.00000,0.60000,normal
13.58000,-11.37826,-5.10000,2.70000,1.03125,1.00000,0.60000,normal
13.60000,-11.85000,-4.80000,2.55000,1.09375,1.00000,0.60000,normal
13.62000,-11.75714,-3.53297,2.53297,1.05909,0.68977,0.48977,normal
13.64000,-11.47143,-3.59890,2.59890,0.96818,0.66705,0.46705,normal
13.66000,-11.18571,-3.66484,2.66484,0.87727,0.64432,0.44432,normal
13.68000,-10.90000,-3.73077,2.73077,0.78636,0.62159,0.42159,normal
13.70000,-10.61429,-3.79670,2.79670,0.60000,0.60000,0.35000,normal
13.72000,-9.00000,-4.25761,2.00000,1.14615,0.58846,-0.11154,normal
13.74000,-9.00000,-4.19239,2.00000,1.22308,0.56923,-0.13077,normal
13.76000,-9.00000,-4.12717,2.00000,1.30000,0.55000,-0.15000,normal
13.78000,-9.00000,-4.06196,2.00000,1.37692,0.53077,-0.16923,normal
13.80000,-9.00000,-3.80000,1.90000,1.45385,0.51154,-0.18846,normal
13.82000,-8.40000,-2.80617,1.88765,2.00000,0.20000,-0.10000,normal
13.84000,-8.40000,-2.83086,1.83827,1.74167,-0.03889,-0.10000,normal
13.86000,-8.40000,-2.85556,1.78889,1.65833,-0.09444,-0.10000,normal
13.88000,-8.40000,-2.88025,1.73951,1.57500,-0.15000,-0.10000,normal
13.90000,-8.20000,-3.25000,1.20000,0.95000,-0.35000,-0.10000,normal
13.92000,-7.88172,-3.41828,0.86344,0.26596,-0.60000,-0.21702,normal
13.94000,-7.86022,-3.43978,0.82043,0.22340,-0.60000,-0.23830,normal
13.96000,-7.83871,-3.46129,0.77742,0.18085,-0.60000,-0.25957,normal
13.98000,-7.81720,-3.48280,0.73441,0.13830,-0.60000,-0.28085,normal
14.00000,-7.88000,-3.66000,0.62000,0.06000,-0.60000,-0.34000,normal
14.02000,-8.48427,-4.18427,0.50000,0.32857,-0.40000,-0.50000,normal
14.04000,-8.46180,-4.16180,0.50000,0.37619,-0.40000,-0.50000,normal
14.06000,-8.43933,-4.13933,0.50000,0.42381,-0.40000,-0.50000,normal
14.08000,-8.41685,-4.11685,0.50000,0.47143,-0.40000,-0.50000,normal
14.10000,-8.40000,-3.50000,0.60000,0.90000,-0.20000,-0.50000,normal
14.12000,-8.37917,-3.50000,0.64167,0.91376,0.00000,-0.60000,normal
14.14000,-8.35833,-3.50000,0.68333,0.93211,0.00000,-0.60000,normal
14.16000,-8.33750,-3.50000,0.72500,0.95046,0.00000,-0.60000,normal
14.18000,-8.31667,-3.50000,0.76667,0.96881,0.00000,-0.60000,normal
14.20000,-8.20000,-3.40000,0.90000,0.98716,0.00000,-0.60000,normal
14.22000,-8.10833,-3.30000,1.27500,1.00000,0.13077,-0.60000,normal
14.24000,-8.07467,-3.30000,1.32533,1.10000,0.31127,-0.60000,normal
14.26000,-8.04800,-3.30000,1.35200,1.10000,0.33944,-0.60000,normal
14.28000,-8.02133,-3.30000,1.37867,1.10000,0.36761,-0.60000,normal
14.30000,-7.94444,-3.32222,1.62222,1.10000,0.39577,-0.60000,normal
14.32000,-8.12000,-3.40000,2.02000,1.40000,0.70000,-0.40000,normal
14.34000,-8.16444,-3.40000,2.06444,1.40000,0.70000,-0.40000,normal
14.36000,-8.20889,-3.40000,2.10889,1.40000,0.70000,-0.40000,normal
14.38000,-8.25333,-3.40000,2.15333,1.40000,0.70000,-0.40000,normal
14.40000,-8.29778,-3.40000,2.19778,1.40000,0.70000,-0.40000,normal
14.42000,-8.10000,-3.50494,2.69506,1.50000,0.80595,-0.40595,normal
14.44000,-8.10000,-3.52963,2.67037,1.50000,0.82976,-0.42976,normal
14.46000,-8.10000,-3.55432,2.64568,1.50000,0.85357,-0.45357,normal
14.48000,-8.10000,-3.57901,2.62099,1.50000,0.87738,-0.47738,normal
14.50000,-8.50000,-3.90000,2.50000,1.50000,0.90000,-0.55000,normal
14.52000,-8.90000,-4.42889,2.40000,1.80000,1.00000,-0.61215,normal
14.54000,-8.90000,-4.47333,2.40000,1.80000,1.00000,-0.63084,normal
14.56000,-8.90000,-4.51778,2.40000,1.80000,1.00000,-0.64953,normal
14.58000,-8.90000,-4.56222,2.40000,1.80000,1.00000,-0.66822,normal
14.60000,-8.99000,-4.75000,2.40000,1.80000,1.00000,-0.68692,normal
14.62000,-9.75000,-5.90000,2.20000,1.85000,1.00000,-0.70000,normal
14.64000,-10.24865,-6.20000,2.44865,2.40000,0.99677,-1.00645,normal
14.66000,-10.30270,-6.20000,2.50270,2.40000,0.96452,-1.07097,normal
14.68000,-10.35676,-6.20000,2.55676,2.40000,0.93226,-1.13548,normal
14.70000,-9.80000,-6.20000,2.40000,2.40000,0.90000,-1.20000,normal
14.72000,-8.03478,-5.08696,2.60000,2.06333,0.30000,-1.81222,normal
14.74000,-7.92609,-5.06522,2.60000,1.99667,0.30000,-1.83444,normal
14.76000,-7.81739,-5.04348,2.60000,1.93000,0.30000,-1.85667,normal
14.78000,-7.70870,-5.02174,2.60000,1.86333,0.30000,-1.87889,normal
14.80000,-7.60000,-5.00000,2.60000,1.70000,0.30000,-1.90000,normal
14.82000,-6.38523,-7.20341,2.68523,2.00000,0.20000,-1.48614,normal
14.84000,-6.36250,-7.36250,2.66250,2.00000,0.20000,-1.46634,normal
14.86000,-6.33977,-7.52159,2.63977,2.00000,0.20000,-1.44653,normal
14.88000,-6.31705,-7.68068,2.61705,2.00000,0.20000,-1.42673,normal
14.90000,-6.08333,-7.78333,3.06667,2.00000,0.20000,-1.40693,normal
14.92000,-6.04382,-8.31461,3.30000,1.60964,0.20000,-1.60000,normal
14.94000,-6.11124,-8.33708,3.30000,1.63373,0.20000,-1.60000,normal
14.96000,-6.17865,-8.35955,3.30000,1.65783,0.20000,-1.60000,normal
14.98000,-6.24607,-8.38202,3.30000,1.68193,0.20000,-1.60000,normal
15.00000,-6.35000,-8.55000,3.30000,1.70000,0.14444,-1.65556,normal
15.02000,-6.16344,-8.39032,3.74624,1.68276,0.05862,-1.80000,normal
15.04000,-6.12043,-8.26129,3.91828,1.81475,0.00000,-1.80000,normal
15.06000,-6.07742,-8.13226,4.09032,1.91311,0.00000,-1.80000,normal
15.08000,-6.03441,-8.00323,4.26237,2.01148,0.00000,-1.80000,normal
15.10000,-6.00000,-7.50000,4.96000,2.10000,0.00000,-1.85000,normal
15.12000,-5.38478,-7.09130,6.03043,2.50000,-0.12921,-2.00000,normal
15.14000,-5.36304,-7.22174,6.07391,2.50000,-0.17416,-2.00000,normal
15.16000,-5.34130,-7.35217,6.11739,2.50000,-0.21910,-2.00000,normal
15.18000,-5.31957,-7.48261,6.16087,2.50000,-0.26404,-2.00000,normal
15.20000,-5.40000,-7.95000,5.25000,3.05000,-0.35000,-1.85000,normal
15.22000,-3.32967,-1.84725,7.87033,4.04255,-1.49362,-1.10000,normal
15.24000,-3.24176,-1.78132,7.95824,3.85106,-1.47234,-1.10000,normal
15.26000,-3.15385,-1.71538,8.04615,3.65957,-1.45106,-1.10000,normal
15.28000,-3.06593,-1.64945,8.13407,3.46809,-1.42979,-1.10000,normal
15.30000,-1.75000,-1.35000,8.13333,3.27660,-1.40851,-1.10000,normal
15.32000,-0.67000,0.42000,8.40000,1.58734,-1.19367,-0.78734,normal
15.34000,-0.52000,0.52000,8.40000,1.53671,-1.16835,-0.73671,normal
15.36000,-0.37000,0.62000,8.40000,1.48608,-1.14304,-0.68608,normal
15.38000,-0.22000,0.72000,8.40000,1.43544,-1.11772,-0.63544,normal
15.40000,0.70000,1.45000,7.75000,1.10000,-0.82000,-0.02000,normal
15.42000,0.38511,1.64681,7.96170,0.96629,-0.34944,0.43371,normal
15.44000,0.25745,1.47660,7.91915,0.92135,-0.28202,0.47865,normal
15.46000,0.12979,1.30638,7.87660,0.87640,-0.21461,0.52360,normal
15.48000,0.00213,1.13617,7.83404,0.83146,-0.14719,0.56854,normal
15.50000,-2.00000,0.00000,7.70000,0.71429,0.15714,0.77143,normal
15.52000,-2.59076,0.56387,7.69076,0.57544,0.92456,1.21228,normal
15.54000,-2.69160,0.41261,7.79160,0.54035,0.95965,1.22982,normal
15.56000,-2.79244,0.26134,7.89244,0.50526,0.99474,1.24737,normal
15.58000,-2.89328,0.11008,7.99328,0.47018,1.02982,1.26491,normal
15.60000,-2.99412,-0.04118,8.09412,0.43509,1.06491,1.28246,normal
15.62000,-3.09496,-0.19244,8.19496,0.40000,1.10000,1.30000,normal
15.64000,-5.39529,-0.54941,6.89765,0.21034,1.40000,1.59655,normal
15.66000,-6.05412,-1.63176,7.22706,0.27931,1.40000,1.57356,normal
15.68000,-6.71294,-2.71412,7.55647,0.34828,1.40000,1.55057,normal
15.70000,-7.37176,-3.79647,7.88588,0.41724,1.40000,1.52759,normal
15.72000,-6.31538,-0.42308,12.33846,0.48621,1.40000,1.50460,normal
15.74000,-4.32500,2.68750,11.65000,0.95455,0.70000,0.62727,normal
15.76000,-4.13750,2.65625,11.27500,0.54400,0.67400,0.52600,normal
15.78000,-3.95000,2.62500,10.90000,0.30400,0.63400,0.56600,normal
15.80000,-2.70000,1.50000,8.10000,-0.20000,0.60000,0.70000,normal
15.82000,-2.54891,1.16739,8.28152,0.34062,0.71354,0.57292,normal
15.84000,-2.61413,1.12391,8.39022,0.40312,0.73437,0.53125,normal
15.86000,-2.67935,1.08043,8.49891,0.46563,0.75521,0.48958,normal
15.88000,-2.74457,1.03696,8.60761,0.52813,0.77604,0.44792,normal
15.90000,-3.20000,1.18571,9.57143,0.59062,0.79687,0.40625,normal
15.92000,-2.60000,3.52222,10.87778,0.57667,0.30000,0.30000,normal
15.94000,-2.60000,3.56667,10.63333,0.51000,0.30000,0.30000,normal
15.96000,-2.60000,3.61111,10.38889,0.44333,0.30000,0.30000,normal
15.98000,-2.60000,3.65556,10.14444,0.37667,0.30000,0.30000,normal
16.00000,-2.60000,3.70000,9.90000,0.31000,0.30000,0.30000,normal
16.02000,-2.35294,2.31647,5.48941,0.60000,0.52222,0.28889,normal
16.04000,-2.47059,2.57529,5.46588,0.60000,0.56263,0.26869,normal
16.06000,-2.58824,2.83412,5.44235,0.60000,0.60303,0.24848,normal
16.08000,-2.70588,3.09294,5.41882,0.60000,0.64343,0.22828,normal
16.10000,-3.34000,3.81000,6.53000,0.60000,0.68384,0.20808,normal
16.12000,-4.40400,3.27200,7.04800,-0.00909,1.19091,0.20909,normal
16.14000,-4.61200,3.01600,7.14400,-1.06481,1.40000,0.08704,normal
16.16000,-4.82000,2.76000,7.24000,-1.15741,1.40000,0.06852,normal
16.18000,-5.02800,2.50400,7.33600,-1.25000,1.40000,0.05000,normal
16.20000,-5.23600,2.24800,7.43200,-1.34259,1.40000,0.03148,normal
16.22000,-5.44400,1.99200,7.52800,-1.43519,1.40000,0.01296,normal
16.24000,-7.10000,3.10000,9.20000,-0.50000,0.40000,0.00000,normal
16.26000,-5.23333,1.50000,7.66667,-0.43103,0.40000,0.00000,normal
16.28000,-5.38148,1.38889,7.29630,-0.36207,0.40000,0.00000,normal
16.30000,-5.26000,1.06000,7.16000,-0.24000,0.36000,-0.02000,normal
16.32000,-4.75333,2.54000,7.03778,0.19250,-0.00750,-0.39250,normal
16.34000,-4.68667,2.74000,6.94889,0.16750,-0.03250,-0.36750,normal
16.36000,-4.62000,2.94000,6.86000,0.14250,-0.05750,-0.34250,normal
16.38000,-4.55333,3.14000,6.77111,0.11750,-0.08250,-0.31750,normal
16.40000,-4.70000,2.15000,7.10000,0.05714,-0.20000,-0.40000,normal
16.42000,-4.60000,1.73830,6.53830,0.00000,-0.28542,-0.40000,normal
16.44000,-4.60000,1.78085,6.58085,0.00000,-0.26458,-0.40000,normal
16.46000,-4.60000,1.82340,6.62340,0.00000,-0.24375,-0.40000,normal
16.48000,-4.60000,1.86596,6.66596,0.00000,-0.22292,-0.40000,normal
16.50000,-5.22000,1.61000,7.31000,0.00000,-0.20208,-0.40000,normal
16.52000,-5.42045,3.24318,7.55455,-0.14000,-0.27000,-0.20000,normal
16.54000,-5.26136,3.12955,7.46364,-0.60000,-0.27808,-0.07808,normal
16.56000,-5.10227,3.01591,7.37273,-0.60000,-0.25068,-0.05068,normal
16.58000,-4.94318,2.90227,7.28182,-0.60000,-0.22329,-0.02329,normal
16.60000,-5.30000,2.60000,8.30000,-0.40000,-0.50000,0.10000,normal
16.62000,-5.50000,1.11648,8.41758,-0.18144,-0.60000,-0.23711,normal
16.64000,-5.50000,1.13846,8.30769,-0.16082,-0.60000,-0.27835,normal
16.66000,-5.50000,1.16044,8.19780,-0.14021,-0.60000,-0.31959,normal
16.68000,-5.50000,1.18242,8.08791,-0.11959,-0.60000,-0.36082,normal
16.70000,-5.03333,0.93333,7.43333,-0.20000,-0.70000,-0.50000,normal
16.72000,-5.68667,1.15778,7.81556,0.10000,-0.68542,-0.50000,normal
16.74000,-5.82000,1.24667,7.99333,0.10000,-0.66458,-0.50000,normal
16.76000,-5.95333,1.33556,8.17111,0.10000,-0.64375,-0.50000,normal
16.78000,-6.08667,1.42444,8.34889,0.10000,-0.62292,-0.50000,normal
16.80000,-7.20000,2.70000,9.40000,0.10000,-0.60208,-0.50000,normal
16.82000,-7.05970,3.12985,9.62985,-0.40000,-0.17808,0.00000,normal
16.84000,-7.17910,3.18955,9.68955,-0.40000,-0.12329,0.00000,normal
16.86000,-7.29851,3.24925,9.74925,-0.40000,-0.06849,0.00000,normal
16.88000,-7.18182,3.19091,9.74545,-0.40000,-0.01370,0.00000,normal
16.90000,-5.67200,1.45800,7.80000,-0.94545,0.31818,0.00000,normal
16.92000,-5.59200,1.33800,7.80000,-0.67381,0.40000,0.00000,normal
16.94000,-5.51200,1.21800,7.80000,-0.62619,0.40000,0.00000,normal
16.96000,-5.43200,1.09800,7.80000,-0.57857,0.40000,0.00000,normal
16.98000,-5.35200,0.97800,7.80000,-0.53095,0.40000,0.00000,normal
17.00000,-5.10000,0.99100,8.40300,-0.30294,0.39706,0.00294,normal
17.02000,-5.10000,0.93100,8.42300,-0.32255,0.37745,0.02255,normal
17.04000,-5.10000,0.87100,8.44300,-0.34216,0.35784,0.04216,normal
17.06000,-5.10000,0.81100,8.46300,-0.36176,0.33824,0.06176,normal
17.08000,-5.10000,0.75100,8.48300,-0.38137,0.31863,0.08137,normal
17.10000,-5.20000,-0.05000,8.30000,-0.40000,0.30000,0.08333,normal
17.12000,-6.18870,-0.08870,8.00000,-0.49333,0.20000,0.20000,normal
17.14000,-6.17130,-0.07130,8.00000,-0.47667,0.20000,0.20000,normal
17.16000,-6.15391,-0.05391,8.00000,-0.46000,0.20000,0.20000,normal
17.18000,-6.13652,-0.03652,8.00000,-0.44333,0.20000,0.20000,normal
17.20000,-6.11913,-0.01913,8.00000,-0.42667,0.20000,0.20000,normal
17.22000,-6.10174,-0.00174,8.00000,-0.41000,0.20000,0.20000,normal
17.24000,-5.16667,-0.15000,8.00000,-0.34000,0.10000,0.20000,normal
17.26000,-5.10606,-0.24091,8.00000,-0.07692,0.10000,0.17692,normal
17.28000,-5.04545,-0.33182,8.00000,-0.03846,0.10000,0.13846,normal
17.30000,-5.00000,-0.40000,7.80000,0.00000,0.10000,0.10000,normal
17.32000,-4.80000,-0.70000,7.60000,0.10000,0.00000,0.09474,normal
17.34000,-4.80000,-0.70000,7.60000,0.10000,0.00000,0.06842,normal
17.36000,-4.80000,-0.70000,7.60000,0.10000,0.00000,0.04211,normal
17.38000,-4.80000,-0.70000,7.60000,0.10000,0.00000,0.01579,normal
17.40000,-4.90000,-0.40000,7.70000,0.20000,-0.30208,0.20000,normal
17.42000,-4.90000,-0.44211,7.80526,0.20000,-0.32292,0.20000,normal
17.44000,-4.90000,-0.48421,7.91053,0.20000,-0.34375,0.20000,normal
17.46000,-4.90000,-0.52632,8.01579,0.20000,-0.36458,0.20000,normal
17.48000,-4.90000,-0.56842,8.12105,0.20000,-0.38542,0.20000,normal
17.50000,-4.00000,-0.40000,7.50000,0.50000,-0.60000,0.20000,normal
17.52000,-4.51837,-0.19796,8.04694,0.48131,-0.60000,0.20000,normal
17.54000,-4.53878,0.02653,8.21020,0.46262,-0.60000,0.20000,normal
17.56000,-4.55918,0.25102,8.37347,0.44393,-0.60000,0.20000,normal
17.58000,-4.57959,0.47551,8.53673,0.42523,-0.60000,0.20000,normal
17.60000,-4.60000,0.70000,8.70000,0.40654,-0.60000,0.20000,normal
17.62000,-4.37865,0.43146,8.31573,0.30000,-0.49176,0.10000,normal
17.64000,-4.49101,0.47640,8.33820,0.30000,-0.46824,0.10000,normal
17.66000,-4.60337,0.52135,8.36067,0.30000,-0.44471,0.10000,normal
17.68000,-4.71573,0.56629,8.38315,0.30000,-0.42118,0.10000,normal
17.70000,-5.45000,1.55000,9.55000,0.38571,-0.20000,0.21429,normal
17.72000,-4.80000,0.95333,8.59111,0.13667,0.03667,0.10000,normal
17.74000,-4.80000,0.88667,8.43556,0.20333,0.10333,0.10000,normal
17.76000,-4.80000,0.82000,8.28000,0.27000,0.17000,0.10000,normal
17.78000,-4.80000,0.75333,8.12444,0.33667,0.23667,0.10000,normal
17.80000,-6.15000,2.90000,9.45000,0.70000,0.60000,0.10000,normal
17.82000,-5.16170,3.98085,10.11915,0.25102,0.78776,0.20000,normal
17.84000,-5.11915,3.95957,10.14043,0.16939,0.76735,0.20000,normal
17.86000,-5.07660,3.93830,10.16170,0.08776,0.74694,0.20000,normal
17.88000,-5.03404,3.91702,10.18298,0.00612,0.72653,0.20000,normal
17.90000,-4.38333,1.75000,7.83333,-0.07551,0.70612,0.20000,normal
17.92000,-4.46747,0.90843,7.34217,-0.09184,0.49184,0.20000,normal
17.94000,-4.66024,0.93253,7.46265,-0.07143,0.47143,0.20000,normal
17.96000,-4.85301,0.95663,7.58313,-0.05102,0.45102,0.20000,normal
17.98000,-5.04578,0.98072,7.70361,-0.03061,0.43061,0.20000,normal
18.00000,-5.06667,0.96667,7.83333,-0.01020,0.41020,0.20000,normal
18.02000,-4.60519,1.57662,7.19221,-0.11000,0.10000,0.09000,normal
18.04000,-4.65714,1.34286,7.11429,-0.16765,0.10000,-0.01618,normal
18.06000,-4.70909,1.10909,7.03636,-0.10882,0.10000,-0.04559,normal
18.08000,-4.76104,0.87532,6.95844,-0.05000,0.10000,-0.07500,normal
18.10000,-5.06000,1.34000,7.42000,0.20000,0.10000,-0.10000,normal
18.12000,-5.17368,2.30000,8.57368,-0.02946,-0.10982,-0.10982,normal
18.14000,-5.13860,2.30000,8.53860,-0.08304,-0.12768,-0.12768,normal
18.16000,-5.10351,2.30000,8.50351,-0.13661,-0.14554,-0.14554,normal
18.18000,-5.06842,2.30000,8.46842,-0.19018,-0.16339,-0.16339,normal
18.20000,-5.03333,2.30000,8.43333,-0.24375,-0.18125,-0.18125,normal
18.22000,-4.80000,1.75000,8.10000,-0.29732,-0.19911,-0.19911,normal
18.24000,-4.20000,1.02128,7.70000,-0.10000,-0.40000,-0.17143,normal
18.26000,-4.20000,0.76596,7.70000,-0.10000,-0.40000,-0.12381,normal
18.28000,-4.99658,1.39487,9.00000,-0.21037,-0.40000,0.10000,normal
18.30000,-4.96239,1.34359,9.00000,-0.24000,-0.40000,0.10000,normal
18.32000,-4.92821,1.29231,9.00000,-0.26963,-0.40000,0.10000,normal
18.34000,-4.89402,1.24103,9.00000,-0.29926,-0.40000,0.10000,normal
18.36000,-4.85983,1.18974,9.00000,-0.32889,-0.40000,0.10000,normal
18.38000,-4.82564,1.13846,9.00000,-0.35852,-0.40000,0.10000,normal
18.40000,-4.14000,1.00000,9.02000,-0.38815,-0.40000,0.10000,normal
18.42000,-3.20000,-0.07531,8.08519,-0.49890,-0.50000,-0.20000,normal
18.44000,-3.20000,0.04815,8.01111,-0.47692,-0.50000,-0.20000,normal
18.46000,-3.20000,0.17160,7.93704,-0.45495,-0.50000,-0.20000,normal
18.48000,-3.20000,0.29506,7.86296,-0.43297,-0.50000,-0.20000,normal
18.50000,-4.50000,-0.80000,7.40000,-0.41099,-0.50000,-0.20000,normal
18.52000,-6.96154,2.46154,11.52308,0.19211,0.10000,-0.10132,normal
18.54000,-6.70513,2.20513,11.01026,0.03421,0.10000,-0.12763,normal
18.56000,-6.44872,1.94872,10.49744,-0.12368,0.10000,-0.15395,normal
18.58000,-6.19231,1.69231,9.98462,-0.28158,0.10000,-0.18026,normal
18.60000,-5.20000,0.30000,6.50000,0.40000,0.45000,-0.15000,normal
18.62000,-7.82688,3.02796,10.33763,0.57957,0.57957,-0.05914,normal
18.64000,-7.74086,3.17849,10.61720,0.55806,0.55806,-0.01613,normal
18.66000,-7.65484,3.32903,10.89677,0.53656,0.53656,0.02688,normal
18.68000,-7.56882,3.47957,11.17634,0.51505,0.51505,0.06989,normal
18.70000,-4.95000,0.90000,8.20000,-0.45000,0.40000,0.10000,normal
18.72000,-4.44194,0.23871,7.63871,-0.26832,0.38416,0.08416,normal
18.74000,-4.37742,0.28172,7.68172,-0.22871,0.36436,0.06436,normal
18.76000,-4.31290,0.32473,7.72473,-0.18911,0.34455,0.04455,normal
18.78000,-4.24839,0.36774,7.76774,-0.14950,0.32475,0.02475,normal
18.80000,-4.31111,0.03333,7.92222,-0.10990,0.30495,0.00495,normal
18.82000,-5.34819,-0.28072,8.30000,-0.17273,0.30000,0.00000,normal
18.84000,-5.46867,-0.23253,8.30000,-0.20000,0.30000,0.00000,normal
18.86000,-5.58916,-0.18434,8.30000,-0.20000,0.30000,0.00000,normal
18.88000,-5.70964,-0.13614,8.30000,-0.20000,0.30000,0.00000,normal
18.90000,-6.10000,0.25000,8.05000,-0.20000,0.23333,0.06667,normal
18.92000,-5.88065,0.03871,7.60000,-0.20000,0.18587,0.20000,normal
18.94000,-5.85914,0.08172,7.60000,-0.20000,0.16413,0.20000,normal
18.96000,-5.83763,0.12473,7.60000,-0.20000,0.14239,0.20000,normal
18.98000,-5.81613,0.16774,7.60000,-0.20000,0.12065,0.20000,normal
19.00000,-4.90000,0.50000,7.90000,-0.15000,0.10000,0.20000,normal
19.02000,-4.80000,0.47045,8.10000,-0.20000,-0.01120,0.30000,normal
19.04000,-4.80000,0.42500,8.10000,-0.20000,-0.02720,0.30000,normal
19.06000,-4.80000,0.37955,8.10000,-0.20000,-0.04320,0.30000,normal
19.08000,-4.80000,0.33409,8.10000,-0.20000,-0.05920,0.30000,normal
19.10000,-4.86250,0.11250,8.10000,-0.20000,-0.07520,0.30000,normal
19.12000,-4.78947,-0.43158,7.88947,-0.20000,-0.09120,0.30000,normal
19.14000,-4.76842,-0.49474,7.86842,-0.30000,-0.30000,0.20000,normal
19.16000,-4.74737,-0.55789,7.84737,-0.30000,-0.32247,0.20000,normal
19.18000,-4.72632,-0.62105,7.82632,-0.30000,-0.34494,0.20000,normal
19.20000,-4.70526,-0.68421,7.80526,-0.30000,-0.36742,0.20000,normal
19.22000,-4.25625,-0.53750,7.80000,-0.30000,-0.38989,0.20000,normal
19.24000,-3.98966,-0.72069,7.98448,-0.20000,-0.60000,0.30000,normal
19.26000,-3.92069,-0.85862,7.88103,-0.20943,-0.70000,0.20000,normal
19.28000,-3.85172,-0.99655,7.77759,-0.09623,-0.70000,0.20000,normal
19.30000,-4.46000,-0.70000,8.58000,0.34000,-0.70000,0.28000,normal
19.32000,-4.26703,0.85055,8.66813,0.31500,-0.79250,0.20750,normal
19.34000,-4.22308,0.78462,8.49231,0.36500,-0.76750,0.23250,normal
19.36000,-4.17912,0.71868,8.31648,0.41500,-0.74250,0.25750,normal
19.38000,-4.13516,0.65275,8.14066,0.46500,-0.71750,0.28250,normal
19.40000,-5.40000,1.55000,10.50000,0.35000,-0.35000,0.40000,normal
19.42000,-4.23370,2.03370,10.18587,0.22043,-0.25914,0.37957,normal
19.44000,-4.03804,1.83804,9.81630,0.24194,-0.21613,0.35806,normal
19.46000,-3.84239,1.64239,9.44674,0.26344,-0.17312,0.33656,normal
19.48000,-3.64674,1.44674,9.07717,0.28495,-0.13011,0.31505,normal
19.50000,-4.70000,2.40000,10.90000,1.10000,0.35000,0.30000,normal
19.52000,-5.26774,4.46774,11.14516,0.38558,0.61442,0.22885,normal
19.54000,-5.00968,4.20968,10.97312,0.36635,0.63365,0.26731,normal
19.56000,-4.75161,3.95161,10.80108,0.34712,0.65288,0.30577,normal
19.58000,-4.49355,3.69355,10.62903,0.32788,0.67212,0.34423,normal
19.60000,-4.26667,3.96667,10.40000,0.30865,0.69135,0.38269,normal
19.62000,-3.59375,1.65000,8.45625,-0.30000,0.65000,0.45000,normal
19.64000,-3.56875,1.45000,8.28125,-0.25789,0.60000,0.40000,normal
19.66000,-3.54375,1.25000,8.10625,-0.20526,0.60000,0.40000,normal
19.68000,-3.51875,1.05000,7.93125,-0.15263,0.60000,0.40000,normal
19.70000,-3.32000,1.20000,7.78000,-0.10000,0.60000,0.40000,normal
19.72000,-2.98636,1.41364,8.00455,0.31209,0.51209,0.40000,normal
19.74000,-2.96364,1.43636,7.84545,0.33407,0.53407,0.40000,normal
19.76000,-2.94091,1.45909,7.68636,0.35604,0.55604,0.40000,normal
19.78000,-2.91818,1.48182,7.52727,0.37802,0.57802,0.40000,normal
19.80000,-3.74286,1.75714,7.38571,0.40000,0.60000,0.40000,normal
19.82000,-4.31379,2.95517,7.68621,0.70000,0.81087,0.50000,normal
19.84000,-4.33678,3.04713,7.66322,0.70000,0.83261,0.50000,normal
19.86000,-4.35977,3.13908,7.64023,0.70000,0.85435,0.50000,normal
19.88000,-4.38276,3.23103,7.61724,0.70000,0.87609,0.50000,normal
19.90000,-5.70000,3.50000,7.10000,0.70000,0.89783,0.50000,normal
19.92000,-5.65652,4.58043,6.86087,0.29231,1.09231,0.70769,normal
19.94000,-5.83043,4.55870,6.81739,0.26667,1.06667,0.73333,normal
19.96000,-6.00435,4.53696,6.77391,0.24103,1.04103,0.75897,normal
19.98000,-6.17826,4.51522,6.73043,0.21538,1.01538,0.78462,normal
20.00000,-6.00000,3.60000,7.30000,-0.10000,1.06667,0.70000,normal
20.02000,-5.93893,3.70687,7.22366,0.12813,0.98594,0.71406,normal
20.04000,-5.87786,3.81374,7.14733,0.15938,0.97031,0.72969,normal
20.06000,-5.81679,3.92061,7.07099,0.19062,0.95469,0.74531,normal
20.08000,-5.75573,4.02748,6.99466,0.22188,0.93906,0.76094,normal
20.10000,-5.69466,4.13435,6.91832,0.25313,0.92344,0.77656,normal
20.12000,-5.63359,4.24122,6.84198,0.28438,0.90781,0.79219,normal
20.14000,-4.90312,4.80937,5.80312,-0.30000,0.60000,0.60000,normal
20.16000,-4.93437,4.90312,5.83437,-0.27222,0.57222,0.62778,normal
20.18000,-4.96562,4.99687,5.86562,-0.24444,0.54444,0.65556,normal
20.20000,-4.99687,5.09062,5.89687,-0.21667,0.51667,0.68333,normal
20.22000,-5.50000,4.80000,6.60000,-0.90227,0.59545,0.70000,normal
20.24000,-5.36667,4.85333,6.44000,-0.92500,0.55000,0.70000,normal
20.26000,-5.23333,4.90667,6.28000,-0.94773,0.50455,0.70000,normal
20.28000,-5.10000,4.96000,6.12000,-0.97045,0.45909,0.70000,normal
20.30000,-4.33333,4.75000,5.41667,-0.99318,0.41364,0.70000,normal
20.32000,-3.91250,4.22250,5.58500,-1.00000,0.20000,0.80000,normal
20.34000,-4.28750,4.29750,5.53500,-1.00000,0.20000,0.80000,normal
20.36000,-4.66250,4.37250,5.48500,-1.00000,0.20000,0.80000,normal
20.38000,-5.03750,4.44750,5.43500,-1.00000,0.20000,0.80000,normal
20.40000,-11.31429,4.35714,5.34286,-1.00000,0.20000,0.70000,normal
20.42000,-10.99556,4.28667,5.10889,-0.64839,0.18280,0.58280,normal
20.44000,-10.41778,4.55333,5.26444,-0.58387,0.16129,0.56129,normal
20.46000,-9.84000,4.82000,5.42000,-0.51935,0.13978,0.53978,normal
20.48000,-9.26222,5.08667,5.57556,-0.45484,0.11828,0.51828,normal
20.50000,-5.25000,5.75000,5.20000,-0.40000,0.10000,0.44000,normal
20.52000,-6.37826,5.51957,6.23913,-0.73023,0.40000,0.50000,normal
20.54000,-6.46522,5.54130,6.28261,-0.77674,0.40000,0.50000,normal
20.56000,-6.55217,5.56304,6.32609,-0.82326,0.40000,0.50000,normal
20.58000,-6.63913,5.58478,6.36957,-0.86977,0.40000,0.50000,normal
20.60000,-9.35000,3.35000,6.30000,-1.10000,0.29909,0.29909,normal
20.62000,-8.71188,3.20594,6.40000,-1.10000,0.28091,0.28091,normal
20.64000,-8.51386,3.10693,6.40000,-1.10000,0.26273,0.26273,normal
20.66000,-8.31584,3.00792,6.40000,-1.10000,0.24455,0.24455,normal
20.68000,-8.11782,2.90891,6.40000,-1.10000,0.22636,0.22636,normal
20.70000,-7.91980,2.80990,6.40000,-1.10000,0.20818,0.20818,normal
20.72000,-6.30000,1.03896,7.60390,-0.79091,0.14545,0.10000,normal
20.74000,-6.30000,1.29870,7.62987,-0.63571,0.07857,0.07857,normal
20.76000,-6.30000,1.55844,7.65584,-0.55000,0.05000,0.05000,normal
20.78000,-6.30000,1.81818,7.68182,-0.46429,0.02143,0.02143,normal
20.80000,-5.69687,2.41875,5.80521,0.30000,-0.10000,0.10000,normal
20.82000,-5.63437,2.79375,5.90938,1.01979,-0.10000,0.21979,normal
20.84000,-5.57187,3.16875,6.01354,1.04063,-0.10000,0.24063,normal
20.86000,-5.50938,3.54375,6.11771,1.06146,-0.10000,0.26146,normal
20.88000,-5.44688,3.91875,6.22187,1.08229,-0.10000,0.28229,normal
20.90000,-5.20000,4.90000,7.40000,0.20000,-0.03333,0.20000,normal
20.92000,-5.67826,4.50435,7.20217,-0.61685,0.10000,0.31685,normal
20.94000,-5.76522,4.28696,7.09348,-0.63933,0.10000,0.33933,normal
20.96000,-5.85217,4.06957,6.98478,-0.66180,0.10000,0.36180,normal
20.98000,-5.93913,3.85217,6.87609,-0.68427,0.10000,0.38427,normal
21.00000,-6.40000,2.60000,7.90000,-0.70000,0.10000,0.40000,normal
21.02000,-5.92308,2.00000,7.81538,-0.69076,0.00000,0.40000,normal
21.04000,-5.83761,2.00000,7.83248,-0.67395,0.00000,0.40000,normal
21.06000,-5.75214,2.00000,7.84957,-0.65714,0.00000,0.40000,normal
21.08000,-5.66667,2.00000,7.86667,-0.64034,0.00000,0.40000,normal
21.10000,-5.58120,2.00000,7.88376,-0.62353,0.00000,0.40000,normal
21.12000,-5.36667,2.13333,7.90000,-0.60672,0.00000,0.40000,normal
21.14000,-5.11835,2.68532,6.50000,-0.40000,0.00000,0.40000,normal
21.16000,-5.21009,2.61193,6.50000,-0.18667,0.22000,0.50000,normal
21.18000,-5.30183,2.53853,6.50000,-0.14222,0.28667,0.50000,normal
21.20000,-5.39358,2.46514,6.50000,-0.09778,0.35333,0.50000,normal
21.22000,-5.48532,2.39174,6.50000,-0.05333,0.42000,0.50000,normal
21.24000,-5.57706,2.31835,6.50000,-0.00889,0.48667,0.50000,normal
21.26000,-5.23226,3.62258,9.23226,-0.90000,0.29333,0.40000,normal
21.28000,-4.81290,3.42903,8.81290,-0.90000,0.22667,0.40000,normal
21.30000,-4.39355,3.23548,8.39355,-0.90000,0.16000,0.40000,normal
21.32000,-4.75000,2.45000,5.05000,-0.70000,0.10000,0.40000,normal
21.34000,-7.07260,2.64658,5.57123,0.18000,0.38000,0.32000,normal
21.36000,-7.26438,2.92055,5.87260,0.15333,0.35333,0.34667,normal
21.38000,-7.45616,3.19452,6.17397,0.12667,0.32667,0.37333,normal
21.40000,-6.70000,3.75000,7.57500,0.10000,0.30000,0.40000,normal
21.42000,-5.15909,4.30455,8.03182,-0.32545,0.20000,0.20000,normal
21.44000,-5.09091,4.14545,7.91818,-0.36182,0.20000,0.20000,normal
21.46000,-5.02273,3.98636,7.80455,-0.39818,0.20000,0.20000,normal
21.48000,-4.95455,3.82727,7.69091,-0.43455,0.20000,0.20000,normal
21.50000,-4.70000,3.52105,7.43684,-0.47091,0.20000,0.20000,normal
21.52000,-4.86000,2.62000,6.94000,-0.61333,0.20000,0.21333,normal
21.54000,-5.22319,2.08406,6.52319,-0.70000,0.20000,0.29706,normal
21.56000,-5.25217,1.93913,6.55217,-0.70000,0.20000,0.26765,normal
21.58000,-5.28116,1.79420,6.58116,-0.70000,0.20000,0.23824,normal
21.60000,-6.05000,1.65000,7.30000,-0.70000,0.20000,0.20882,normal
21.62000,-5.73171,2.77439,8.09756,-0.40759,-0.10759,0.20000,normal
21.64000,-5.53659,2.70122,7.80488,-0.43291,-0.13291,0.20000,normal
21.66000,-5.34146,2.62805,7.51220,-0.45823,-0.15823,0.20000,normal
21.68000,-5.14634,2.55488,7.21951,-0.48354,-0.18354,0.20000,normal
21.70000,-4.50000,1.20000,6.70000,-0.32000,-0.10000,-0.06000,normal
21.72000,-5.01828,2.93441,7.55914,-0.23434,-0.10000,-0.01717,normal
21.74000,-4.93226,2.65484,7.51613,-0.27475,-0.10000,-0.03737,normal
21.76000,-4.84624,2.37527,7.47312,-0.31515,-0.10000,-0.05758,normal
21.78000,-4.76022,2.09570,7.43011,-0.35556,-0.10000,-0.07778,normal
21.80000,-4.46000,1.78000,7.52000,-0.39596,-0.10000,-0.09798,normal
21.82000,-3.67857,1.80357,7.44643,-0.21122,-0.41122,-0.12245,normal
21.84000,-3.63095,1.58929,7.32738,-0.23163,-0.43163,-0.16327,normal
21.86000,-3.58333,1.37500,7.20833,-0.25204,-0.45204,-0.20408,normal
21.88000,-3.53571,1.16071,7.08929,-0.27245,-0.47245,-0.24490,normal
21.90000,-3.70000,0.70000,6.95000,-0.29286,-0.49286,-0.28571,normal
21.92000,-4.50633,1.76835,8.78734,-0.10000,-0.40000,-0.36667,normal
21.94000,-4.53165,1.64177,8.73671,0.15821,-0.40000,-0.27910,normal
21.96000,-4.55696,1.51519,8.68608,0.09851,-0.40000,-0.24925,normal
21.98000,-4.58228,1.38861,8.63544,0.03881,-0.40000,-0.21940,normal
22.00000,-3.80000,1.45000,8.10000,-0.06667,-0.30000,-0.26667,normal
22.02000,-3.73551,1.38224,8.01776,-0.10000,-0.28426,-0.31574,normal
22.04000,-3.77290,1.36355,8.03645,-0.10000,-0.26574,-0.33426,normal
22.06000,-3.81028,1.34486,8.05514,-0.10000,-0.24722,-0.35278,normal
22.08000,-3.84766,1.32617,8.07383,-0.10000,-0.22870,-0.37130,normal
22.10000,-3.88505,1.30748,8.09252,-0.10000,-0.21019,-0.38981,normal
22.12000,-4.10000,1.20000,8.10000,0.25000,-0.35000,-0.50000,normal
22.14000,-4.20811,1.65946,8.01892,0.24086,-0.42043,-0.47957,normal
22.16000,-4.31622,2.11892,7.93784,0.28387,-0.44194,-0.45806,normal
22.18000,-4.42432,2.57838,7.85676,0.32688,-0.46344,-0.43656,normal
22.20000,-10.45000,2.60000,11.25000,0.36989,-0.48495,-0.41505,normal
22.22000,-11.21277,4.33723,12.73617,0.06667,0.45000,-0.35000,normal
22.24000,-10.48936,4.06064,12.35319,0.33662,0.59437,-0.07887,normal
22.26000,-9.76596,3.78404,11.97021,0.25211,0.45352,-0.05070,normal
22.28000,-9.04255,3.50745,11.58723,0.16761,0.31268,-0.02254,normal
22.30000,-5.45000,2.15000,6.00000,-0.18000,0.04000,-0.04000,normal
22.32000,-6.75789,2.14211,8.61053,0.10000,0.51034,-0.18966,normal
22.34000,-6.96842,2.33158,8.75789,0.10000,0.53333,-0.16667,normal
22.36000,-7.17895,2.52105,8.90526,0.10000,0.55632,-0.14368,normal
22.38000,-7.38947,2.71053,9.05263,0.10000,0.57931,-0.12069,normal
22.40000,-7.60000,2.90000,9.20000,-0.00000,0.40000,0.00000,normal
22.42000,-6.23333,1.71667,7.76667,-0.30000,0.31319,-0.01319,normal
22.44000,-5.87778,1.33889,7.58889,-0.30000,0.33516,-0.03516,normal
22.46000,-5.52222,0.96111,7.41111,-0.30000,0.35714,-0.05714,normal
22.48000,-5.16667,0.58333,7.23333,-0.30000,0.37912,-0.07912,normal
22.50000,-6.00000,1.00000,7.95000,-0.25000,0.35000,-0.10000,normal
22.52000,-6.20000,0.22989,7.84483,-0.18558,0.30000,0.01442,normal
22.54000,-6.20000,0.27586,7.91379,-0.16635,0.30000,0.03365,normal
22.56000,-6.20000,0.32184,7.98276,-0.14712,0.30000,0.05288,normal
22.58000,-6.20000,0.36782,8.05172,-0.12788,0.30000,0.07212,normal
22.60000,-5.62000,0.50000,7.22000,-0.10865,0.30000,0.09135,normal
22.62000,-5.85000,0.56667,7.21667,-0.20000,0.20000,0.10000,normal
22.64000,-5.91667,0.52222,7.23889,-0.17532,0.20000,0.10000,normal
22.66000,-5.98333,0.47778,7.26111,-0.14935,0.20000,0.10000,normal
22.68000,-6.05000,0.43333,7.28333,-0.12338,0.20000,0.10000,normal
22.70000,-5.66667,0.70000,7.26667,-0.12500,0.07500,0.10000,normal
22.72000,-5.41573,0.14719,7.23146,-0.10000,0.00000,0.20000,normal
22.74000,-5.43820,0.21461,7.27640,-0.10000,0.00000,0.20000,normal
22.76000,-5.46067,0.28202,7.32135,-0.10000,0.00000,0.20000,normal
22.78000,-5.48315,0.34944,7.36629,-0.10000,0.00000,0.20000,normal
22.80000,-5.50000,0.45000,7.50000,-0.10000,-0.10000,0.30000,normal
22.82000,-5.34043,0.29894,7.32021,-0.16222,-0.20000,0.21889,normal
22.84000,-5.38298,0.19255,7.34149,-0.11778,-0.20000,0.24111,normal
22.86000,-5.42553,0.08617,7.36277,-0.07333,-0.20000,0.26333,normal
22.88000,-5.46809,-0.02021,7.38404,-0.02889,-0.20000,0.28556,normal
22.90000,-4.90000,0.20000,7.30000,-0.13333,-0.40000,0.23333,normal
22.92000,-4.63871,0.12043,7.27957,0.01616,-0.38384,0.28384,normal
22.94000,-4.57419,0.14194,7.25806,0.03636,-0.36364,0.26364,normal
22.96000,-4.50968,0.16344,7.23656,0.05657,-0.34343,0.24343,normal
22.98000,-4.44516,0.18495,7.21505,0.07677,-0.32323,0.22323,normal
23.00000,-4.90000,0.90000,8.45000,0.09697,-0.30303,0.20303,normal
23.02000,-4.75172,0.56207,8.04828,0.10000,-0.40000,0.20000,normal
23.04000,-4.86667,0.70000,7.93333,0.10000,-0.37436,0.22564,normal
23.06000,-4.98161,0.83793,7.81839,0.10000,-0.34872,0.25128,normal
23.08000,-5.09655,0.97586,7.70345,0.10000,-0.32308,0.27692,normal
23.10000,-6.43333,0.73333,7.23333,0.20000,0.00000,0.30000,normal
23.12000,-8.44545,2.19091,9.60000,0.33953,0.06977,0.60000,normal
23.14000,-8.08182,2.46364,9.60000,0.24651,0.02326,0.60000,normal
23.16000,-7.71818,2.73636,9.60000,0.15349,-0.02326,0.60000,normal
23.18000,-7.35455,3.00909,9.60000,0.06047,-0.06977,0.60000,normal
23.20000,-6.80000,1.40000,7.15000,0.22000,0.36000,0.10000,normal
23.22000,-7.82473,2.04946,8.26774,1.09231,0.69231,0.21538,normal
23.24000,-8.06129,2.52258,8.65484,1.06667,0.66667,0.26667,normal
23.26000,-8.29785,2.99570,9.04194,1.04103,0.64103,0.31795,normal
23.28000,-8.53441,3.46882,9.42903,1.01538,0.61538,0.36923,normal
23.30000,-4.30000,1.50000,6.10000,-0.40000,0.30000,0.42857,normal
23.32000,-4.27872,1.54255,6.14255,-0.63398,0.30000,0.18350,normal
23.34000,-4.25745,1.58511,6.18511,-0.55631,0.30000,0.16408,normal
23.36000,-4.23617,1.62766,6.22766,-0.47864,0.30000,0.14466,normal
23.38000,-4.21489,1.67021,6.27021,-0.40097,0.30000,0.12524,normal
23.40000,-5.01875,1.42500,7.68125,-0.32330,0.30000,0.10583,normal
23.42000,-4.74375,2.30000,7.45625,0.10000,0.21818,0.26364,normal
23.44000,-4.51875,2.30000,7.28125,0.05000,0.17500,0.30000,normal
23.46000,-4.29375,2.30000,7.10625,-0.00556,0.14722,0.30000,normal
23.48000,-4.06875,2.30000,6.93125,-0.06111,0.11944,0.30000,normal
23.50000,-4.10000,2.00000,6.90000,-0.40000,0.10000,0.10000,normal
23.52000,-4.67826,2.86522,6.99783,-0.23441,0.01720,0.01720,normal
23.54000,-4.76522,2.60435,7.10652,-0.27742,0.03871,0.03871,normal
23.56000,-4.85217,2.34348,7.21522,-0.32043,0.06022,0.06022,normal
23.58000,-4.93913,2.08261,7.32391,-0.36344,0.08172,0.08172,normal
23.60000,-5.73333,2.26667,8.35000,-0.40000,0.00000,0.20000,normal
23.62000,-5.41685,1.39775,7.49888,-0.65604,-0.28132,0.06264,normal
23.64000,-5.43933,1.12809,7.36404,-0.72198,-0.25934,0.01868,normal
23.66000,-5.46180,0.85843,7.22921,-0.78791,-0.23736,-0.02527,normal
23.68000,-5.48427,0.58876,7.09438,-0.85385,-0.21538,-0.06923,normal
23.70000,-6.10000,1.20000,8.10000,-0.60000,-0.10000,-0.20000,normal
23.72000,-5.20217,1.50217,7.74130,0.07170,-0.31415,-0.31415,normal
23.74000,-5.09348,1.39348,7.67609,0.03396,-0.33302,-0.33302,normal
23.76000,-4.98478,1.28478,7.61087,-0.00377,-0.35189,-0.35189,normal
23.78000,-4.87609,1.17609,7.54565,-0.04151,-0.37075,-0.37075,normal
23.80000,-3.96842,0.77368,7.04737,-0.07925,-0.38962,-0.38962,normal
23.82000,-5.91867,0.30000,7.01200,-0.40000,-0.45385,-0.60000,normal
23.84000,-6.29200,0.30000,7.25200,-0.26716,-0.18358,-0.56716,normal
23.86000,-6.66533,0.30000,7.49200,-0.20746,-0.15373,-0.50746,normal
23.88000,-7.03867,0.30000,7.73200,-0.14776,-0.12388,-0.44776,normal
23.90000,-7.30000,1.40000,8.70000,0.20000,0.10000,0.00000,normal
23.92000,-6.87957,1.30215,7.69570,-0.16304,-0.08152,-0.10000,normal
23.94000,-6.85806,1.40968,7.48065,-0.11957,-0.05978,-0.10000,normal
23.96000,-6.83656,1.51720,7.26559,-0.07609,-0.03804,-0.10000,normal
23.98000,-6.81505,1.62473,7.05054,-0.03261,-0.01630,-0.10000,normal
24.00000,-8.34000,2.56000,8.70000,0.20000,0.50000,-0.10000,normal
24.02000,-7.48667,3.36444,9.94000,0.03810,0.38452,0.03095,normal
24.04000,-7.22000,3.32000,9.74000,-0.05714,0.36071,0.07857,normal
24.06000,-6.95333,3.27556,9.54000,-0.15238,0.33690,0.12619,normal
24.08000,-6.68667,3.23111,9.34000,-0.24762,0.31310,0.17381,normal
24.10000,-4.90421,-0.20421,6.20632,-0.69250,0.30000,0.00000,normal
24.12000,-4.98842,-0.28842,6.33263,-0.64250,0.30000,0.00000,normal
24.14000,-5.07263,-0.37263,6.45895,-0.59250,0.30000,0.00000,normal
24.16000,-5.15684,-0.45684,6.58526,-0.54250,0.30000,0.00000,normal
24.18000,-5.24105,-0.54105,6.71158,-0.49250,0.30000,0.00000,normal
24.20000,-6.05000,-0.20000,7.48333,-0.44250,0.30000,0.00000,normal
24.22000,-6.93750,-0.31875,7.60000,-0.30000,0.30000,0.10909,normal
24.24000,-6.93836,-0.05890,7.55890,-0.10000,0.20000,0.20000,normal
24.26000,-6.85616,-0.00411,7.50411,-0.10000,0.20000,0.20000,normal
24.28000,-6.77397,0.05068,7.44932,-0.10000,0.20000,0.20000,normal
24.30000,-6.50000,0.00000,7.30000,0.10000,0.10000,0.30000,normal
24.32000,-5.41477,0.48523,7.08295,-0.01325,-0.20000,0.20000,normal
24.34000,-5.30114,0.59886,7.06023,-0.03735,-0.20000,0.20000,normal
24.36000,-5.18750,0.71250,7.03750,-0.06145,-0.20000,0.20000,normal
24.38000,-5.07386,0.82614,7.01477,-0.08554,-0.20000,0.20000,normal
24.40000,-5.60000,0.00000,7.30000,0.10000,-0.50000,0.30208,normal
24.42000,-5.76842,0.14737,7.38421,0.10000,-0.50000,0.32292,normal
24.44000,-5.93684,0.29474,7.46842,0.10000,-0.50000,0.34375,normal
24.46000,-6.10526,0.44211,7.55263,0.10000,-0.50000,0.36458,normal
24.48000,-6.27368,0.58947,7.63684,0.10000,-0.50000,0.38542,normal
24.50000,-5.70000,1.50000,8.00000,0.10000,-0.70000,0.55000,normal
24.52000,-5.12088,0.40110,7.05934,-0.03663,-0.80000,0.50000,normal
24.54000,-5.03297,0.29121,7.12527,0.04257,-0.80000,0.50000,normal
24.56000,-4.94505,0.18132,7.19121,0.12178,-0.80000,0.50000,normal
24.58000,-4.85714,0.07143,7.25714,0.20099,-0.80000,0.50000,normal
24.60000,-4.91667,0.64167,7.88333,0.28020,-0.80000,0.50000,normal
24.62000,-5.68780,1.32927,8.27805,0.45000,-0.80000,0.50000,normal
24.64000,-5.90732,1.40244,8.47317,0.43235,-0.58382,0.61618,normal
24.66000,-6.12683,1.47561,8.66829,0.49118,-0.55441,0.64559,normal
24.68000,-6.34634,1.54878,8.86341,0.55000,-0.52500,0.67500,normal
24.70000,-6.67143,2.62857,10.62857,0.35000,-0.35000,0.75000,normal
24.72000,-3.18391,2.80920,8.01609,0.03678,-0.06207,0.56207,normal
24.74000,-3.16092,3.10805,8.03908,-0.07816,0.00690,0.49310,normal
24.76000,-3.13793,3.40690,8.06207,-0.19310,0.07586,0.42414,normal
24.78000,-3.11494,3.70575,8.08506,-0.30805,0.14483,0.35517,normal
24.80000,-3.70000,-0.80000,7.70000,0.60000,0.50000,0.60000,normal
24.82000,-4.18068,3.32955,8.92955,-0.38300,0.51700,0.51700,normal
24.84000,-4.02159,3.10227,8.70227,-0.36300,0.53700,0.53700,normal
24.86000,-3.86250,2.87500,8.47500,-0.34300,0.55700,0.55700,normal
24.88000,-3.70341,2.64773,8.24773,-0.32300,0.57700,0.57700,normal
24.90000,-3.85000,1.60000,7.65000,-0.30300,0.59700,0.59700,normal
24.92000,-4.02043,1.44301,7.60000,-0.29625,0.60000,0.59625,normal
24.94000,-4.04194,1.59355,7.60000,-0.27125,0.60000,0.57125,normal
24.96000,-4.06344,1.74409,7.60000,-0.24625,0.60000,0.54625,normal
24.98000,-4.08495,1.89462,7.60000,-0.22125,0.60000,0.52125,normal
25.00000,-4.35000,1.65000,7.30000,-0.20000,0.58235,0.50000,normal
25.02000,-3.74457,1.78370,7.39783,0.00000,0.30000,0.40000,normal
25.04000,-4.07065,1.76196,7.52826,0.00000,0.30000,0.40000,normal
25.06000,-4.39674,1.74022,7.65870,0.00000,0.30000,0.40000,normal
25.08000,-4.72283,1.71848,7.78913,0.00000,0.30000,0.40000,normal
25.10000,-4.65000,2.15000,7.80000,0.24000,0.22000,0.32000,normal
25.12000,-5.23034,4.81236,6.87753,-0.43256,-0.06512,0.35116,normal
25.14000,-4.89326,4.45281,7.34944,-0.47907,-0.15814,0.28140,normal
25.16000,-4.55618,4.09326,7.82135,-0.52558,-0.25116,0.21163,normal
25.18000,-4.21910,3.73371,8.29326,-0.57209,-0.34419,0.14186,normal
25.20000,-4.90000,1.90000,8.90000,-1.13846,-0.47692,0.60000,normal
25.22000,-4.68723,2.04894,8.90000,-1.51183,-0.72366,0.91183,normal
25.24000,-4.47447,2.19787,8.90000,-1.53333,-0.76667,0.93333,normal
25.26000,-4.26170,2.34681,8.90000,-1.55484,-0.80968,0.95484,normal
25.28000,-4.04894,2.49574,8.90000,-1.57634,-0.85269,0.97634,normal
25.30000,-3.00000,0.79091,8.75455,-1.59785,-0.89570,0.99785,normal
25.32000,-2.88889,0.06667,9.25556,-1.73333,-1.38889,1.10000,normal
25.34000,-2.66667,0.80000,9.16667,-1.65190,-1.42405,1.10000,normal
25.36000,-2.44444,1.53333,9.07778,-1.60127,-1.44937,1.10000,normal
25.38000,-2.22222,2.26667,8.98889,-1.55063,-1.47468,1.10000,normal
25.40000,-2.00000,3.00000,8.90000,-1.50000,-1.50000,1.10000,normal
25.42000,-1.34483,-0.67586,9.95862,-1.00000,-1.70000,0.98478,normal
25.44000,-1.25287,-0.46897,9.88966,-1.00000,-1.70000,0.96304,normal
25.46000,-1.16092,-0.26207,9.82069,-1.00000,-1.70000,0.94130,normal
25.48000,-1.06897,-0.05517,9.75172,-1.00000,-1.70000,0.91957,normal
25.50000,0.30000,-0.55000,9.25000,-0.80000,-1.80000,0.90000,normal
25.52000,-0.88391,-0.84253,12.14828,-0.13226,-0.63548,1.18387,normal
25.54000,-0.86092,-0.47471,12.21724,-0.17527,-0.54946,1.16237,normal
25.56000,-0.83793,-0.10690,12.28621,-0.21828,-0.46344,1.14086,normal
25.58000,-0.81494,0.26092,12.35517,-0.26129,-0.37742,1.11935,normal
25.60000,-0.20000,-3.10000,11.60000,-0.30000,-0.30000,1.08571,normal
25.62000,0.08605,-1.01860,13.21395,0.39310,0.20690,0.60690,normal
25.64000,-0.07674,-0.90233,13.37674,0.34713,0.25287,0.65287,normal
25.66000,-0.23953,-0.78605,13.53953,0.30115,0.29885,0.69885,normal
25.68000,-0.40233,-0.66977,13.70233,0.25517,0.34483,0.74483,normal
25.70000,0.90000,-1.30000,9.70000,0.20920,0.39080,0.79080,normal
25.72000,1.42892,-1.23494,8.35181,-0.50909,0.10000,0.80909,normal
25.74000,1.50120,-1.57229,8.23133,-0.44933,0.12533,0.77467,normal
25.76000,1.57349,-1.90964,8.11084,-0.39600,0.15200,0.74800,normal
25.78000,1.64578,-2.24699,7.99036,-0.34267,0.17867,0.72133,normal
25.80000,0.65000,-2.60000,8.65000,-0.00000,0.30000,0.70000,normal
25.82000,-0.89333,-1.01778,9.06444,0.00000,0.30000,0.70000,normal
25.84000,-0.76000,-1.04000,9.02000,0.00000,0.30000,0.70000,normal
25.86000,-0.62667,-1.06222,8.97556,0.00000,0.30000,0.70000,normal
25.88000,-0.49333,-1.08444,8.93111,0.00000,0.30000,0.70000,normal
25.90000,-0.76667,0.08333,9.73333,0.00000,0.40000,0.70000,normal
25.92000,-1.44886,-0.98523,10.36591,0.10000,0.28172,0.68172,normal
25.94000,-1.38068,-1.09886,10.32045,0.10000,0.26022,0.66022,normal
25.96000,-1.31250,-1.21250,10.27500,0.10000,0.23871,0.63871,normal
25.98000,-1.24432,-1.32614,10.22955,0.10000,0.21720,0.61720,normal
26.00000,-0.70000,-1.40000,9.80000,0.10000,0.10000,0.50000,normal
26.02000,-0.78602,-1.29247,9.90753,0.20000,0.00000,0.60000,normal
26.04000,-0.87204,-1.18495,10.01505,0.20000,0.00000,0.60000,normal
26.06000,-0.95806,-1.07742,10.12258,0.20000,0.00000,0.60000,normal
26.08000,-1.04409,-0.96989,10.23011,0.20000,0.00000,0.60000,normal
26.10000,-1.18333,-0.50000,10.13333,0.20000,0.00000,0.60000,normal
26.12000,-1.00617,-0.29383,9.50617,0.10000,-0.16154,0.60000,normal
26.14000,-1.03086,-0.26914,9.53086,0.10984,-0.20000,0.60984,normal
26.16000,-1.05556,-0.24444,9.55556,0.14262,-0.20000,0.64262,normal
26.18000,-1.08025,-0.21975,9.58025,0.17541,-0.20000,0.67541,normal
26.20000,-1.20000,-0.60000,10.50000,0.20000,-0.16154,0.70000,normal
26.22000,-1.29444,-0.05667,9.82444,0.00854,0.01707,0.80000,normal
26.24000,-1.40556,-0.12333,9.73556,0.03293,0.06585,0.80000,normal
26.26000,-1.51667,-0.19000,9.64667,0.05732,0.11463,0.80000,normal
26.28000,-1.62778,-0.25667,9.55778,0.08171,0.16341,0.80000,normal
26.30000,-2.50000,0.52000,11.02000,0.15000,0.40000,0.90000,normal
26.32000,-0.69222,0.68667,10.24889,-0.20000,0.28256,0.78256,normal
26.34000,-0.44778,0.55333,10.07111,-0.20000,0.25930,0.75930,normal
26.36000,-0.20333,0.42000,9.89333,-0.20000,0.23605,0.73605,normal
26.38000,0.04111,0.28667,9.71556,-0.20000,0.21279,0.71279,normal
26.40000,-1.60303,-0.99394,9.20505,0.19831,0.40000,0.60000,normal
26.42000,-1.66364,-0.87273,9.30606,0.18136,0.40000,0.60000,normal
26.44000,-1.72424,-0.75152,9.40707,0.16441,0.40000,0.60000,normal
26.46000,-1.78485,-0.63030,9.50808,0.14746,0.40000,0.60000,normal
26.48000,-1.84545,-0.50909,9.60909,0.13051,0.40000,0.60000,normal
26.50000,-1.90000,-0.60000,9.50000,0.11356,0.40000,0.60000,normal
26.52000,-1.68462,0.18846,10.08846,0.21818,0.30000,0.60000,normal
26.54000,-1.58205,0.11154,10.01154,0.10000,0.18871,0.60000,normal
26.56000,-1.47949,0.03462,9.93462,0.10000,0.15645,0.60000,normal
26.58000,-1.37692,-0.04231,9.85769,0.10000,0.12419,0.60000,normal
26.60000,-1.00000,-1.00000,8.40000,0.01250,0.10000,0.48750,normal
26.62000,-1.24130,-1.43804,8.32391,0.56471,0.10000,0.38706,normal
26.64000,-1.28478,-1.37283,8.45435,0.68235,0.10000,0.36353,normal
26.66000,-1.32826,-1.30761,8.58478,0.80000,0.10000,0.34000,normal
26.68000,-1.37174,-1.24239,8.71522,0.91765,0.10000,0.31647,normal
26.70000,-1.33333,0.96667,10.46667,1.26667,-0.03333,0.10000,normal
26.72000,-0.54333,1.50000,10.12444,0.94767,-0.20000,0.10000,normal
26.74000,-0.47667,1.50000,10.03556,0.87791,-0.20000,0.10000,normal
26.76000,-0.41000,1.50000,9.94667,0.80814,-0.20000,0.10000,normal
26.78000,-0.34333,1.50000,9.85778,0.73837,-0.20000,0.10000,normal
26.80000,-0.89894,2.39149,9.99681,0.30000,-0.10000,0.00000,normal
26.82000,-0.87766,2.22128,9.93298,-0.05192,-0.08269,-0.01731,normal
26.84000,-0.85638,2.05106,9.86915,-0.10962,-0.06346,-0.03654,normal
26.86000,-0.83511,1.88085,9.80532,-0.16731,-0.04423,-0.05577,normal
26.88000,-0.81383,1.71064,9.74149,-0.22500,-0.02500,-0.07500,normal
26.90000,-0.62500,1.25000,9.05833,-0.28269,-0.00577,-0.09423,normal
26.92000,-1.57875,1.53000,8.07000,-0.20000,0.20000,0.00000,normal
26.94000,-1.80375,1.33000,8.27000,0.00000,0.31270,-0.08730,normal
26.96000,-2.02875,1.13000,8.47000,0.00000,0.34444,-0.05556,normal
26.98000,-2.25375,0.93000,8.67000,0.00000,0.37619,-0.02381,normal
27.00000,-2.36000,1.08000,6.68000,-0.60000,0.60000,-0.10000,normal
27.02000,-2.90222,0.78444,7.32667,-0.24000,0.66000,-0.26000,normal
27.04000,-3.25778,0.29556,7.59333,-0.17684,0.72316,-0.21789,normal
27.06000,-3.61333,-0.19333,7.86000,-0.11368,0.78632,-0.17579,normal
27.08000,-3.96889,-0.68222,8.12667,-0.05053,0.84947,-0.13368,normal
27.10000,-4.40000,3.95000,11.20000,0.05000,0.95000,0.20000,normal
27.12000,-2.56404,0.41798,9.41236,-0.31698,0.68302,0.36604,normal
27.14000,-2.51910,0.44045,9.05281,-0.33585,0.66415,0.32830,normal
27.16000,-2.47416,0.46292,8.69326,-0.35472,0.64528,0.29057,normal
27.18000,-2.42921,0.48539,8.33371,-0.37358,0.62642,0.25283,normal
27.20000,-4.00851,2.10319,8.20851,-0.39245,0.60755,0.21509,normal
27.22000,-4.17872,2.16702,8.37872,0.40649,0.80649,-0.29351,normal
27.24000,-4.34894,2.23085,8.54894,0.43247,0.83247,-0.26753,normal
27.26000,-4.51915,2.29468,8.71915,0.45844,0.85844,-0.24156,normal
27.28000,-4.68936,2.35851,8.88936,0.48442,0.88442,-0.21558,normal
27.30000,-5.80000,3.30000,9.20000,0.42727,0.97273,-0.20000,normal
27.32000,-5.71398,3.19247,8.94194,0.08767,0.70000,0.20000,normal
27.34000,-5.62796,3.08495,8.68387,0.00548,0.70000,0.20000,normal
27.36000,-5.54194,2.97742,8.42581,-0.07671,0.70000,0.20000,normal
27.38000,-5.45591,2.86989,8.16774,-0.15890,0.70000,0.20000,normal
27.40000,-5.21237,2.10825,7.51856,-0.10000,0.69894,0.10106,normal
27.42000,-5.33608,2.19072,7.70412,-0.10000,0.67766,0.12234,normal
27.44000,-5.45979,2.27320,7.88969,-0.10000,0.65638,0.14362,normal
27.46000,-5.58351,2.35567,8.07526,-0.10000,0.63511,0.16489,normal
27.48000,-5.70722,2.43814,8.26082,-0.10000,0.61383,0.18617,normal
27.50000,-6.00000,1.80000,8.10000,-0.30000,0.29902,0.20000,normal
27.52000,-5.85870,1.56196,7.61739,-0.30000,0.27941,0.20000,normal
27.54000,-5.81522,1.62717,7.53043,-0.30000,0.25980,0.20000,normal
27.56000,-5.77174,1.69239,7.44348,-0.30000,0.24020,0.20000,normal
27.58000,-5.72826,1.75761,7.35652,-0.30000,0.22059,0.20000,normal
27.60000,-4.89684,1.49579,7.59789,-0.30000,0.20098,0.20000,normal
27.62000,-4.83368,1.41158,7.55579,-0.10526,-0.10526,0.20000,normal
27.64000,-4.77053,1.32737,7.51368,-0.13158,-0.13158,0.20000,normal
27.66000,-4.70737,1.24316,7.47158,-0.15789,-0.15789,0.20000,normal
27.68000,-4.64421,1.15895,7.42947,-0.18421,-0.18421,0.20000,normal
27.70000,-5.40000,0.70000,8.20000,0.00000,-0.46000,0.30000,normal
27.72000,-5.35699,0.70000,8.20000,-0.02022,-0.50000,0.30000,normal
27.74000,-5.31398,0.70000,8.20000,-0.04270,-0.50000,0.30000,normal
27.76000,-5.27097,0.70000,8.20000,-0.06517,-0.50000,0.30000,normal
27.78000,-5.22796,0.70000,8.20000,-0.08764,-0.50000,0.30000,normal
27.80000,-3.90319,0.90000,7.80745,0.00000,-0.60000,0.20000,normal
27.82000,-3.96702,0.90000,7.95638,0.10000,-0.60000,0.20000,normal
27.84000,-4.03085,0.90000,8.10532,0.10000,-0.60000,0.20000,normal
27.86000,-4.09468,0.90000,8.25426,0.10000,-0.60000,0.20000,normal
27.88000,-4.15851,0.90000,8.40319,0.10000,-0.60000,0.20000,normal
27.90000,-3.70745,0.30426,7.20532,0.31132,-0.49717,0.00283,normal
27.92000,-3.85638,0.38936,7.31170,0.38679,-0.47830,0.02170,normal
27.94000,-4.00532,0.47447,7.41809,0.46226,-0.45943,0.04057,normal
27.96000,-4.15426,0.55957,7.52447,0.53774,-0.44057,0.05943,normal
27.98000,-4.30319,0.64468,7.63085,0.61321,-0.42170,0.07830,normal
28.00000,-5.56667,3.45000,10.01667,0.68868,-0.40283,0.09717,normal
28.02000,-6.41190,3.90238,10.25476,0.59091,0.33636,0.34545,normal
28.04000,-6.43571,4.30714,10.56429,0.66056,0.50000,0.40000,normal
28.06000,-6.45952,4.71190,10.87381,0.60423,0.50000,0.40000,normal
28.08000,-6.48333,5.11667,11.18333,0.54789,0.50000,0.40000,normal
28.10000,-3.90000,4.50000,9.00000,-0.10000,0.50000,0.20000,normal
28.12000,-4.15455,3.43636,8.22727,-0.18365,0.60000,0.11635,normal
28.14000,-4.21515,3.25455,8.14646,-0.16442,0.60000,0.13558,normal
28.16000,-4.27576,3.07273,8.06566,-0.14519,0.60000,0.15481,normal
28.18000,-4.33636,2.89091,7.98485,-0.12596,0.60000,0.17404,normal
28.20000,-4.39697,2.70909,7.90404,-0.10673,0.60000,0.19327,normal
28.22000,-3.65765,2.18824,7.68706,-0.31852,0.39383,0.29383,normal
28.24000,-3.58706,1.83529,7.49882,-0.39259,0.36914,0.26914,normal
28.26000,-3.51647,1.48235,7.31059,-0.46667,0.34444,0.24444,normal
28.28000,-3.44588,1.12941,7.12235,-0.54074,0.31975,0.21975,normal
28.30000,-3.10000,1.20000,7.20000,0.00000,0.20000,-0.10000,normal
28.32000,-3.87191,0.44382,7.47191,0.03600,0.20000,-0.20000,normal
28.34000,-3.96180,0.62360,7.56180,0.07600,0.20000,-0.20000,normal
28.36000,-4.05169,0.80337,7.65169,0.11600,0.20000,-0.20000,normal
28.38000,-4.14157,0.98315,7.74157,0.15600,0.20000,-0.20000,normal
28.40000,-3.93333,2.00000,8.23333,0.19600,0.20000,-0.20000,normal
28.42000,-3.88913,1.40000,7.68913,0.00769,-0.09231,-0.30000,normal
28.44000,-3.86739,1.40000,7.66739,-0.02346,-0.10000,-0.32346,normal
28.46000,-3.84565,1.40000,7.64565,-0.04815,-0.10000,-0.34815,normal
28.48000,-3.82391,1.40000,7.62391,-0.07284,-0.10000,-0.37284,normal
28.50000,-3.80217,1.40000,7.60217,-0.09753,-0.10000,-0.39753,normal
28.52000,-4.68780,1.61220,8.02439,-0.08636,-0.11364,-0.30000,normal
28.54000,-4.66341,1.63659,8.07317,-0.06364,-0.13636,-0.30000,normal
28.56000,-4.63902,1.66098,8.12195,-0.04091,-0.15909,-0.30000,normal
28.58000,-4.61463,1.68537,8.17073,-0.01818,-0.18182,-0.30000,normal
28.60000,-3.70000,1.66667,7.86667,-0.10000,-0.30000,-0.40000,normal
28.62000,-3.74545,1.17273,7.91818,-0.10000,-0.30000,-0.50000,normal
28.64000,-3.67727,1.26364,7.94091,-0.10000,-0.30000,-0.50000,normal
28.66000,-3.60909,1.35455,7.96364,-0.10000,-0.30000,-0.50000,normal
28.68000,-3.54091,1.44545,7.98636,-0.10000,-0.30000,-0.50000,normal
28.70000,-5.51383,0.50638,7.51170,-0.00000,-0.43333,-0.63333,normal
28.72000,-5.79043,0.63404,7.74574,0.17200,-0.34600,-0.60000,normal
28.74000,-6.06702,0.76170,7.97979,0.25200,-0.28600,-0.60000,normal
28.76000,-6.34362,0.88936,8.21383,0.33200,-0.22600,-0.60000,normal
28.78000,-6.62021,1.01702,8.44787,0.41200,-0.16600,-0.60000,normal
28.80000,-7.60000,3.05000,10.45000,0.49200,-0.10600,-0.60000,normal
28.82000,-6.89639,4.38434,8.86386,0.40000,0.00000,-0.20000,normal
28.84000,-7.08916,4.55301,8.79157,-0.11774,-0.08226,-0.18226,normal
28.86000,-7.28193,4.72169,8.71928,-0.15000,-0.05000,-0.15000,normal
28.88000,-7.47470,4.89036,8.64699,-0.18226,-0.01774,-0.11774,normal
28.90000,-5.50000,3.90000,9.20000,-0.40417,0.19896,0.29896,normal
28.92000,-5.26087,3.66087,8.93913,-0.48750,0.17812,0.27812,normal
28.94000,-5.02174,3.42174,8.67826,-0.57083,0.15729,0.25729,normal
28.96000,-4.78261,3.18261,8.41739,-0.65417,0.13646,0.23646,normal
28.98000,-4.54348,2.94348,8.15652,-0.73750,0.11563,0.21563,normal
29.00000,-3.71429,0.61429,7.62857,-0.30000,0.20000,0.10000,normal
29.02000,-4.12727,0.46364,7.87273,-0.10000,0.31957,0.10000,normal
29.04000,-4.28636,0.41818,7.96364,-0.10000,0.34130,0.10000,normal
29.06000,-4.44545,0.37273,8.05455,-0.10000,0.36304,0.10000,normal
29.08000,-4.60455,0.32727,8.14545,-0.10000,0.38478,0.10000,normal
29.10000,-5.90000,0.30000,8.80000,-0.10000,0.30000,0.20000,normal
29.12000,-6.04000,0.38000,8.42000,-0.10000,0.30000,0.20000,normal
29.14000,-5.97333,0.46889,8.33111,-0.10000,0.30000,0.20000,normal
29.16000,-5.90667,0.55778,8.24222,-0.10000,0.30000,0.20000,normal
29.18000,-5.84000,0.64667,8.15333,-0.10000,0.30000,0.20000,normal
29.20000,-5.60000,1.27273,7.49091,-0.10000,0.30000,0.20000,normal
29.22000,-5.52651,1.50000,7.47952,-0.10000,0.30000,0.20000,normal
29.24000,-5.57470,1.50000,7.62410,-0.02394,0.27606,0.30000,normal
29.26000,-5.62289,1.50000,7.76867,-0.05211,0.24789,0.30000,normal
29.28000,-5.67108,1.50000,7.91325,-0.08028,0.21972,0.30000,normal
29.30000,-5.35000,1.30000,7.75000,-0.10000,0.05000,0.30000,normal
29.32000,-5.21809,1.02766,7.60000,-0.18721,-0.01279,0.30000,normal
29.34000,-5.23936,0.94255,7.60000,-0.16395,-0.03605,0.30000,normal
29.36000,-5.26064,0.85745,7.60000,-0.14070,-0.05930,0.30000,normal
29.38000,-5.28191,0.77234,7.60000,-0.11744,-0.08256,0.30000,normal
29.40000,-5.00000,0.50000,7.30000,0.10000,-0.30000,0.20000,normal
29.42000,-4.58152,1.23696,7.40000,0.20000,-0.40000,0.30000,normal
29.44000,-4.55978,1.28043,7.40000,0.20000,-0.40000,0.30000,normal
29.46000,-4.53804,1.32391,7.40000,0.20000,-0.40000,0.30000,normal
29.48000,-4.51630,1.36739,7.40000,0.20000,-0.40000,0.30000,normal
29.50000,-4.10000,1.00000,8.10000,0.30000,-0.60000,0.30000,normal
29.52000,-4.18000,1.54000,8.10000,0.31942,-0.61942,0.30000,normal
29.54000,-4.26889,1.69556,8.10000,0.33883,-0.63883,0.30000,normal
29.56000,-4.35778,1.85111,8.10000,0.35825,-0.65825,0.30000,normal
29.58000,-4.44667,2.00667,8.10000,0.37767,-0.67767,0.30000,normal
29.60000,-4.43333,2.50000,8.30000,0.39709,-0.69709,0.30000,normal
29.62000,-5.67857,2.01905,7.21429,0.20000,-0.90000,0.50000,normal
29.64000,-6.03571,2.25714,7.64286,0.79315,-0.47671,0.62329,normal
29.66000,-6.39286,2.49524,8.07143,0.90274,-0.44932,0.65068,normal
29.68000,-6.75000,2.73333,8.50000,1.01233,-0.42192,0.67808,normal
29.70000,-5.56667,5.70000,11.53333,-0.05000,-0.40000,0.65000,normal
29.72000,-3.99091,3.51818,8.38182,0.07978,0.04045,0.57978,normal
29.74000,-4.10455,3.79091,8.60909,0.05730,0.08539,0.55730,normal
29.76000,-4.21818,4.06364,8.83636,0.03483,0.13034,0.53483,normal
29.78000,-4.33182,4.33636,9.06364,0.01236,0.17528,0.51236,normal
29.80000,-3.59032,2.20753,10.30323,-0.30874,0.69709,0.50000,normal
29.82000,-3.39677,2.35806,10.36774,-0.36699,0.67767,0.50000,normal
29.84000,-3.20323,2.50860,10.43226,-0.42524,0.65825,0.50000,normal
29.86000,-3.00968,2.65914,10.49677,-0.48350,0.63883,0.50000,normal
29.88000,-2.81613,2.80968,10.56129,-0.54175,0.61942,0.50000,normal
29.90000,-3.41064,1.88511,6.79787,-0.60000,0.60000,0.50000,normal
29.92000,-3.51702,1.73617,6.77660,-0.68427,0.48427,0.70000,normal
29.94000,-3.62340,1.58723,6.75532,-0.66180,0.46180,0.70000,normal
29.96000,-3.72979,1.43830,6.73404,-0.63933,0.43933,0.70000,normal
29.98000,-3.83617,1.28936,6.71277,-0.61685,0.41685,0.70000,normal
30.00000,-3.80000,2.70000,7.20000,-0.55833,0.40000,0.61667,normal
30.02000,-3.98090,2.82921,7.25281,0.10909,0.09091,0.50000,normal
30.04000,-3.95843,3.09888,7.43258,0.13506,0.06494,0.50000,normal
30.06000,-3.93596,3.36854,7.61236,0.16104,0.03896,0.50000,normal
30.08000,-3.91348,3.63820,7.79213,0.18701,0.01299,0.50000,normal
30.10000,-3.99894,3.80638,9.30000,0.20000,-0.30000,0.50000,normal
30.12000,-3.97766,3.93404,9.30000,0.17889,-0.42111,0.40000,normal
30.14000,-3.95638,4.06170,9.30000,0.15667,-0.44333,0.40000,normal
30.16000,-3.93511,4.18936,9.30000,0.13444,-0.46556,0.40000,normal
30.18000,-3.91383,4.31702,9.30000,0.11222,-0.48778,0.40000,normal
30.20000,-2.99785,3.39677,8.39785,-0.33333,-0.60000,0.40000,normal
30.22000,-2.95484,3.33226,8.35484,-0.41263,-0.60000,0.40000,normal
30.24000,-2.91183,3.26774,8.31183,-0.43368,-0.60000,0.40000,normal
30.26000,-2.86882,3.20323,8.26882,-0.45474,-0.60000,0.40000,normal
30.28000,-2.82581,3.13871,8.22581,-0.47579,-0.60000,0.40000,normal
30.30000,-2.26923,2.71538,8.93077,-0.49684,-0.60000,0.40000,normal
30.32000,-2.08902,2.77805,9.13293,-0.30256,-0.70256,0.50256,normal
30.34000,-2.06463,2.72927,9.20610,-0.32821,-0.72821,0.52821,normal
30.36000,-2.04024,2.68049,9.27927,-0.35385,-0.75385,0.55385,normal
30.38000,-2.01585,2.63171,9.35244,-0.37949,-0.77949,0.57949,normal
30.40000,-1.35000,2.35000,9.05000,-0.60000,-0.90000,0.70000,normal
30.42000,-0.74725,2.20000,8.58242,-0.48488,-1.01512,0.70000,normal
30.44000,-0.68132,2.20000,8.56044,-0.46163,-1.03837,0.70000,normal
30.46000,-0.61538,2.20000,8.53846,-0.43837,-1.06163,0.70000,normal
30.48000,-0.54945,2.20000,8.51648,-0.41512,-1.08488,0.70000,normal
30.50000,-0.20000,2.40000,10.20000,0.09780,-1.29780,1.00000,normal
30.52000,0.02088,2.77912,11.78352,0.05385,-1.25385,1.00000,normal
30.54000,0.04286,2.75714,11.87143,0.00989,-1.20989,1.00000,normal
30.56000,0.06484,2.73516,11.95934,-0.03407,-1.16593,1.00000,normal
30.58000,0.08681,2.71319,12.04725,-0.07802,-1.12198,1.00000,normal
30.60000,1.89891,1.50652,8.30978,-0.60000,-0.70000,0.80000,normal
30.62000,1.87717,1.63696,8.50543,-0.24412,-0.56275,0.68137,normal
30.64000,1.85543,1.76739,8.70109,-0.18529,-0.52353,0.66176,normal
30.66000,1.83370,1.89783,8.89674,-0.12647,-0.48431,0.64216,normal
30.68000,1.81196,2.02826,9.09239,-0.06765,-0.44510,0.62255,normal
30.70000,0.84167,3.12500,12.75833,-0.00882,-0.40588,0.60294,normal
30.72000,1.32222,2.22222,10.98889,-0.40909,0.43636,0.46364,normal
30.74000,1.37160,2.04938,10.51975,-0.57937,0.50000,0.37937,normal
30.76000,1.42099,1.87654,10.05062,-0.54762,0.50000,0.34762,normal
30.78000,1.47037,1.70370,9.58148,-0.51587,0.50000,0.31587,normal
30.80000,0.98723,1.79574,9.62979,0.29896,0.30000,0.30000,normal
30.82000,0.85957,1.75319,9.92766,0.27812,0.30000,0.30000,normal
30.84000,0.73191,1.71064,10.22553,0.25729,0.30000,0.30000,normal
30.86000,0.60426,1.66809,10.52340,0.23646,0.30000,0.30000,normal
30.88000,0.47660,1.62553,10.82128,0.21563,0.30000,0.30000,normal
30.90000,0.40000,2.20000,10.10000,-0.15000,0.15000,0.40000,normal
30.92000,0.85730,1.61910,9.31910,-0.20000,0.10000,0.40000,normal
30.94000,0.92472,1.64157,9.34157,-0.20000,0.10000,0.40000,normal
30.96000,0.99213,1.66404,9.36404,-0.20000,0.10000,0.40000,normal
30.98000,1.05955,1.68652,9.38652,-0.20000,0.10000,0.40000,normal
31.00000,0.59787,1.60426,10.20000,-0.10000,0.20000,0.30000,normal
31.02000,0.57660,1.64681,10.20000,-0.10000,0.20000,0.30000,normal
31.04000,0.55532,1.68936,10.20000,-0.10000,0.20000,0.30000,normal
31.06000,0.53404,1.73191,10.20000,-0.10000,0.20000,0.30000,normal
31.08000,0.51277,1.77447,10.20000,-0.10000,0.20000,0.30000,normal
31.10000,0.70000,1.60000,9.80000,-0.10000,0.20000,0.30000,normal
31.12000,0.70000,1.51111,9.66667,-0.10000,0.20000,0.30000,normal
31.14000,0.70000,1.42222,9.53333,-0.10000,0.20000,0.30000,normal
31.16000,0.78312,1.21688,9.65065,-0.10000,0.10000,0.40000,normal
31.18000,0.75714,1.24286,9.72857,-0.10000,0.10000,0.40000,normal
31.20000,0.73117,1.26883,9.80649,-0.10000,0.10000,0.40000,normal
31.22000,0.70519,1.29481,9.88442,-0.10000,0.10000,0.40000,normal
31.24000,0.52373,1.28814,9.77627,-0.20000,0.10741,0.50000,normal
31.26000,0.59153,1.25424,9.70847,-0.20000,0.14444,0.50000,normal
31.28000,0.65932,1.22034,9.64068,-0.20000,0.18148,0.50000,normal
31.30000,0.89787,1.10000,9.70213,-0.10000,0.30000,0.55000,normal
31.32000,0.87660,1.10000,9.72340,-0.10000,0.32043,0.60000,normal
31.34000,0.85532,1.10000,9.74468,-0.10000,0.34194,0.60000,normal
31.36000,0.83404,1.10000,9.76596,-0.10000,0.36344,0.60000,normal
31.38000,0.81277,1.10000,9.78723,-0.10000,0.38495,0.60000,normal
31.40000,0.56000,0.80000,9.58000,0.05000,0.45000,0.60000,normal
31.42000,0.52174,0.87826,9.48043,0.11743,0.51743,0.60000,normal
31.44000,0.43478,0.96522,9.45870,0.13578,0.53578,0.60000,normal
31.46000,0.34783,1.05217,9.43696,0.15413,0.55413,0.60000,normal
31.48000,0.26087,1.13913,9.41522,0.17248,0.57248,0.60000,normal
31.50000,-0.52632,1.54211,10.18947,0.19083,0.59083,0.60000,normal
31.52000,-0.99189,1.39189,11.66757,0.26667,0.73333,0.63333,normal
31.54000,-0.91081,1.31081,11.34324,0.07500,0.78333,0.69167,normal
31.56000,-0.82973,1.22973,11.01892,-0.02500,0.71667,0.65833,normal
31.58000,-0.74865,1.14865,10.69459,-0.12500,0.65000,0.62500,normal
31.60000,-0.72000,0.72000,7.90000,0.30000,0.60000,0.60000,normal
31.62000,-1.63656,1.10968,7.99140,0.55275,0.60000,0.51758,normal
31.64000,-1.67957,1.23871,8.09892,0.61868,0.60000,0.53956,normal
31.66000,-1.72258,1.36774,8.20645,0.68462,0.60000,0.56154,normal
31.68000,-1.76559,1.49677,8.31398,0.75055,0.60000,0.58352,normal
31.70000,-2.25000,1.65000,8.85000,0.60000,0.50000,0.50000,normal
31.72000,-1.86180,1.77191,9.11910,0.28046,0.30000,0.38046,normal
31.74000,-1.81685,1.97416,9.14157,0.25747,0.30000,0.35747,normal
31.76000,-1.77191,2.17640,9.16404,0.23448,0.30000,0.33448,normal
31.78000,-1.72697,2.37865,9.18652,0.21149,0.30000,0.31149,normal
31.80000,-2.00215,2.69355,9.68925,0.29286,0.19643,0.20000,normal
31.82000,-2.02366,2.62903,9.58172,0.25714,0.17857,0.20000,normal
31.84000,-2.04516,2.56452,9.47419,0.22143,0.16071,0.20000,normal
31.86000,-2.06667,2.50000,9.36667,0.18571,0.14286,0.20000,normal
31.88000,-2.08817,2.43548,9.25914,0.15000,0.12500,0.20000,normal
31.90000,-2.32500,1.65000,8.90000,0.11429,0.10714,0.20000,normal
31.92000,-3.28400,1.87333,7.87333,0.14286,0.02857,0.02857,normal
31.94000,-3.20400,1.74000,7.74000,-0.13692,0.00000,-0.31846,normal
31.96000,-3.12400,1.60667,7.60667,-0.19846,0.00000,-0.34923,normal
31.98000,-3.04400,1.47333,7.47333,-0.26000,0.00000,-0.38000,normal
32.00000,-2.29683,1.49365,7.09683,-0.20000,0.30153,-0.80000,normal
32.02000,-2.26508,1.43016,7.06508,-0.20000,0.33206,-0.80000,normal
32.04000,-2.23333,1.36667,7.03333,-0.20000,0.36260,-0.80000,normal
32.06000,-2.20159,1.30317,7.00159,-0.20000,0.39313,-0.80000,normal
32.08000,-2.16984,1.23968,6.96984,-0.20000,0.42366,-0.80000,normal
32.10000,-2.13810,1.17619,6.93810,-0.20000,0.45420,-0.80000,normal
32.12000,-2.10635,1.11270,6.90635,-0.20000,0.48473,-0.80000,normal
32.14000,-3.12264,0.78113,5.31132,-1.90000,2.00000,-0.90000,normal
32.16000,-3.34906,0.59245,5.42453,-1.95797,2.05797,-0.84203,normal
32.18000,-3.57547,0.40377,5.53774,-2.01594,2.11594,-0.78406,normal
32.20000,-6.00645,0.10645,7.70215,-2.07391,2.17391,-0.72609,normal
32.22000,-6.07097,0.17097,7.72366,-1.70000,2.50000,-0.30000,normal
32.24000,-6.13548,0.23548,7.74516,-0.67500,2.40000,0.12500,normal
32.26000,-6.20000,0.30000,7.76667,-0.64375,2.40000,0.15625,normal
32.28000,-6.26452,0.36452,7.78817,-0.61250,2.40000,0.18750,normal
32.30000,-8.21684,-0.22526,7.78737,-1.00000,2.40000,0.35000,normal
32.32000,-8.30105,-0.35158,7.72421,-1.71474,2.38526,0.51474,normal
32.34000,-8.38526,-0.47789,7.66105,-1.73579,2.36421,0.53579,normal
32.36000,-8.46947,-0.60421,7.59789,-1.75684,2.34316,0.55684,normal
32.38000,-8.55368,-0.73053,7.53474,-1.77789,2.32211,0.57789,normal
32.40000,-9.75000,-0.85000,6.70000,-1.79895,2.30105,0.59895,normal
32.42000,-9.93736,-1.09341,6.02527,-2.44535,1.86977,0.80000,normal
32.44000,-9.98132,-1.20330,5.93736,-2.51512,1.82326,0.80000,normal
32.46000,-10.02527,-1.31319,5.84945,-2.58488,1.77674,0.80000,normal
32.48000,-10.06923,-1.42308,5.76154,-2.65465,1.73023,0.80000,normal
32.50000,-10.15000,-3.20000,4.65000,-2.60000,1.50000,0.80000,normal
32.52000,-10.31652,-3.41652,4.60000,-1.52381,1.37460,0.60000,normal
32.54000,-10.33391,-3.43391,4.60000,-1.42857,1.34286,0.60000,normal
32.56000,-10.35130,-3.45130,4.60000,-1.33333,1.31111,0.60000,normal
32.58000,-10.36870,-3.46870,4.60000,-1.23810,1.27937,0.60000,normal
32.60000,-10.38609,-3.48609,4.60000,-1.14286,1.24762,0.60000,normal
32.62000,-10.50000,-3.10000,4.60000,-1.04762,1.21587,0.60000,normal
32.64000,-10.52796,-1.72043,4.73978,-0.41348,0.59663,0.09888,normal
32.66000,-10.57097,-1.29032,4.95484,-0.68315,0.52921,0.07640,normal
32.68000,-10.61398,-0.86022,5.16989,-0.95281,0.46180,0.05393,normal
32.70000,-10.65699,-0.43011,5.38495,-1.22247,0.39438,0.03146,normal
32.72000,-10.70000,-0.00000,5.60000,-1.49213,0.32697,0.00899,normal
32.74000,-9.20000,-2.39286,2.78571,-0.59821,-0.29821,-0.10000,normal
32.76000,-9.20000,-2.35714,2.71429,-0.56250,-0.26250,-0.10000,normal
32.78000,-9.20000,-2.32143,2.64286,-0.52679,-0.22679,-0.10000,normal
32.80000,-9.10109,-2.60000,2.09783,-0.50000,-0.20000,-0.10000,normal
32.82000,-9.12283,-2.60000,2.05435,-0.50000,-0.20000,-0.10000,normal
32.84000,-9.14457,-2.60000,2.01087,-0.50000,-0.20000,-0.10000,normal
32.86000,-9.16630,-2.60000,1.96739,-0.50000,-0.20000,-0.10000,normal
32.88000,-9.18804,-2.60000,1.92391,-0.50000,-0.20000,-0.10000,normal
32.90000,-9.28333,-2.60000,2.10000,-0.15000,-0.20000,-0.20000,normal
32.92000,-9.20000,-2.48000,2.20000,-0.10000,-0.20000,-0.20000,normal
32.94000,-9.20000,-2.45778,2.20000,-0.10000,-0.20000,-0.20000,normal
32.96000,-9.20000,-2.43556,2.20000,-0.10000,-0.20000,-0.20000,normal
32.98000,-9.20000,-2.41333,2.20000,-0.10000,-0.20000,-0.20000,normal
33.00000,-9.30000,-2.30000,2.20000,-0.10000,-0.20000,-0.20000,normal
33.02000,-9.30000,-2.30000,2.20000,0.00000,-0.20000,-0.25000,normal
33.04000,-9.30000,-2.30000,2.20000,0.00000,-0.20000,-0.20000,normal
33.06000,-9.30000,-2.30000,2.20000,0.00000,-0.20000,-0.20000,normal
33.08000,-9.30000,-2.30000,2.20000,0.00000,-0.20000,-0.20000,normal
33.10000,-9.30000,-2.30000,2.20000,0.00000,-0.20000,-0.20000,normal
33.12000,-9.30000,-2.25000,2.20000,0.00000,-0.20000,-0.20000,normal
33.14000,-9.20000,-2.10000,2.20000,0.00000,-0.10000,-0.18281,normal
33.16000,-9.20000,-2.10000,2.20000,0.00000,-0.10000,-0.15156,normal
33.18000,-9.20000,-2.10000,2.20000,0.00000,-0.10000,-0.12031,normal
33.20000,-9.20000,-2.00000,2.40000,-0.01250,-0.10000,-0.10000,normal
33.22000,-9.15778,-2.02111,2.27889,-0.11566,-0.10000,-0.10000,normal
33.24000,-9.11333,-2.04333,2.25667,-0.13976,-0.10000,-0.10000,normal
33.26000,-9.06889,-2.06556,2.23444,-0.16386,-0.10000,-0.10000,normal
33.28000,-9.02444,-2.08778,2.21222,-0.18795,-0.10000,-0.10000,normal
33.30000,-9.00215,-2.69785,2.30215,0.00000,0.00000,0.10000,normal
33.32000,-9.02366,-2.67634,2.32366,0.02041,0.00000,0.10000,normal
33.34000,-9.04516,-2.65484,2.34516,0.04082,0.00000,0.10000,normal
33.36000,-9.06667,-2.63333,2.36667,0.06122,0.00000,0.10000,normal
33.38000,-9.08817,-2.61183,2.38817,0.08163,0.00000,0.10000,normal
33.40000,-9.20000,-2.50000,2.55000,0.10000,0.00000,0.10000,normal
33.42000,-9.20000,-2.58409,2.50000,0.10000,0.00000,0.10000,normal
33.44000,-9.20000,-2.56136,2.50000,0.07333,0.00000,0.10000,normal
33.46000,-9.20000,-2.53864,2.50000,0.04667,0.00000,0.10000,normal
33.48000,-9.20000,-2.51591,2.50000,0.02000,0.00000,0.10000,normal
33.50000,-9.10000,-2.60000,2.45000,0.00000,0.00000,0.00000,normal
33.52000,-9.07889,-2.60000,2.42111,0.00000,0.00000,0.00000,normal
33.54000,-9.05667,-2.60000,2.44333,0.00000,0.00000,0.00000,normal
33.56000,-9.03444,-2.60000,2.46556,0.00000,0.00000,0.00000,normal
33.58000,-9.01222,-2.60000,2.48778,0.00000,0.00000,0.00000,normal
33.60000,-9.10000,-2.60000,2.50000,0.10000,0.00000,0.00000,normal
33.62000,-9.10000,-2.60000,2.50000,0.10000,0.00000,0.00000,normal
33.64000,-9.10000,-2.60000,2.50000,0.10000,0.00000,0.00000,normal
33.66000,-9.10000,-2.60000,2.50000,0.10000,0.00000,0.00000,normal
33.68000,-9.10000,-2.60000,2.50000,0.10000,0.00000,0.00000,normal
33.70000,-9.10000,-2.60000,2.50000,0.10000,0.00000,0.00000,normal
33.72000,-9.10000,-2.60000,2.50000,0.10000,0.00000,0.00000,normal
33.74000,-9.20000,-2.50000,2.50000,0.00000,0.00000,0.00000,normal
33.76000,-9.20000,-2.50000,2.50000,0.00000,0.00000,0.00000,normal
33.78000,-9.20000,-2.50000,2.50000,0.00000,0.00000,0.00000,normal
33.80000,-9.20000,-2.50000,2.55385,0.00000,0.00000,0.00000,normal
33.82000,-9.10000,-2.40000,2.50000,0.00000,0.00000,-0.10000,normal
33.84000,-9.10000,-2.40000,2.50000,0.00000,0.00000,-0.10000,normal
33.86000,-9.10000,-2.40000,2.50000,0.00000,0.00000,-0.10000,normal
33.88000,-9.10000,-2.40000,2.50000,0.00000,0.00000,-0.10000,normal
33.90000,-9.19479,-2.49479,2.60521,0.10000,0.00000,-0.09888,normal
33.92000,-9.17396,-2.47396,2.62604,0.10000,0.00000,-0.07640,normal
33.94000,-9.15313,-2.45313,2.64687,0.10000,0.00000,-0.05393,normal
33.96000,-9.13229,-2.43229,2.66771,0.10000,0.00000,-0.03146,normal
33.98000,-9.11146,-2.41146,2.68854,0.10000,0.00000,-0.00899,normal
34.00000,-9.10370,-2.40370,2.60000,0.00517,0.00000,0.00000,normal
34.02000,-9.12222,-2.42222,2.60000,0.02241,0.00000,0.00000,normal
34.04000,-9.14074,-2.44074,2.60000,0.03966,0.00000,0.00000,normal
34.06000,-9.15926,-2.45926,2.60000,0.05690,0.00000,0.00000,normal
34.08000,-9.17778,-2.47778,2.60000,0.07414,0.00000,0.00000,normal
34.10000,-9.19630,-2.49630,2.60000,0.09138,0.00000,0.00000,normal
34.12000,-9.10000,-2.40000,2.60000,0.10000,0.00000,0.00000,normal
34.14000,-9.10000,-2.40000,2.60000,0.10000,0.00000,0.00000,normal
34.16000,-9.10000,-2.40000,2.60000,0.10000,0.00000,0.00000,normal
34.18000,-9.10000,-2.40000,2.60000,0.10000,0.00000,0.00000,normal
34.20000,-9.05833,-2.40000,2.60000,0.10000,0.00000,0.00000,normal
34.22000,-9.10000,-2.50000,2.60000,0.10000,0.00000,0.00000,normal
34.24000,-9.10000,-2.50000,2.60000,0.10000,0.00000,0.00000,normal
34.26000,-9.10000,-2.50000,2.60000,0.10000,0.00000,0.00000,normal
34.28000,-9.10000,-2.50000,2.60000,0.10000,0.00000,0.00000,normal
34.30000,-9.10000,-2.60000,2.65000,0.10000,0.00000,0.00000,normal
34.32000,-9.10000,-2.60000,2.60000,0.10000,0.00000,0.00000,normal
34.34000,-9.10000,-2.60000,2.60000,0.10000,0.00000,0.00000,normal
34.36000,-9.10000,-2.60000,2.60000,0.10000,0.00000,0.00000,normal
34.38000,-9.10000,-2.60000,2.60000,0.10000,0.00000,0.00000,normal
34.40000,-9.02000,-2.52000,2.62000,0.00000,0.00000,-0.10000,normal
34.42000,-9.00000,-2.50000,2.60000,0.00000,0.00000,-0.10000,normal
34.44000,-9.00000,-2.50000,2.60000,0.00000,0.00000,-0.10000,normal
34.46000,-9.00000,-2.50000,2.60000,0.00000,0.00000,-0.10000,normal
34.48000,-9.00000,-2.50000,2.60000,0.00000,0.00000,-0.10000,normal
34.50000,-9.10000,-2.60000,2.80000,0.10000,0.00000,-0.10000,normal
34.52000,-9.12111,-2.62111,2.77889,0.00000,-0.01616,-0.10000,normal
34.54000,-9.14333,-2.64333,2.75667,0.00000,-0.03636,-0.10000,normal
34.56000,-9.16556,-2.66556,2.73444,0.00000,-0.05657,-0.10000,normal
34.58000,-9.18778,-2.68778,2.71222,0.00000,-0.07677,-0.10000,normal
34.60000,-9.12500,-2.77500,2.70000,0.00000,-0.09697,-0.10000,normal
34.62000,-9.01235,-2.92469,2.88765,0.00000,-0.10000,-0.10000,normal
34.64000,-9.03704,-2.97407,2.86296,0.10000,-0.10000,-0.20000,normal
34.66000,-9.06173,-3.02346,2.83827,0.10000,-0.10000,-0.20000,normal
34.68000,-9.08642,-3.07284,2.81358,0.10000,-0.10000,-0.20000,normal
34.70000,-9.00000,-3.00000,3.00000,0.10000,-0.10000,-0.30000,normal
34.72000,-8.80000,-3.00000,2.98140,0.10000,-0.10000,-0.30000,normal
34.74000,-8.80000,-3.00000,2.95814,0.10000,-0.10000,-0.30000,normal
34.76000,-8.80000,-3.00000,2.93488,0.10000,-0.10000,-0.30000,normal
34.78000,-8.80000,-3.00000,2.91163,0.10000,-0.10000,-0.30000,normal
34.80000,-8.80000,-3.10000,3.10000,-0.00185,-0.10000,-0.30000,normal
34.82000,-8.96333,-3.40556,3.46333,-0.02037,-0.10000,-0.30000,normal
34.84000,-9.03000,-3.51667,3.53000,-0.03889,-0.10000,-0.30000,normal
34.86000,-9.09667,-3.62778,3.59667,-0.05741,-0.10000,-0.30000,normal
34.88000,-9.16333,-3.73889,3.66333,-0.07593,-0.10000,-0.30000,normal
34.90000,-9.50000,-5.00000,3.80000,-0.09444,-0.10000,-0.30000,normal
34.92000,-10.09888,-5.75955,4.27978,0.43333,-0.35833,-0.65833,normal
34.94000,-9.98652,-5.71461,4.25730,0.68696,-0.44348,-0.72174,normal
34.96000,-9.87416,-5.66966,4.23483,0.80290,-0.50145,-0.75072,normal
34.98000,-9.76180,-5.62472,4.21236,0.91884,-0.55942,-0.77971,normal
35.00000,-8.55000,-4.00000,5.55000,1.21429,-0.64286,-0.84286,normal
35.02000,-8.12043,-4.16129,5.67957,1.79744,-1.10000,-1.20000,normal
35.04000,-8.14194,-4.22581,5.65806,1.77179,-1.10000,-1.20000,normal
35.06000,-8.16344,-4.29032,5.63656,1.74615,-1.10000,-1.20000,normal
35.08000,-8.18495,-4.35484,5.61505,1.72051,-1.10000,-1.20000,normal
35.10000,-7.70000,-4.20000,5.30000,1.90000,-1.30000,-1.10000,normal
35.12000,-6.78721,-3.84767,5.56977,2.03333,-1.38333,-0.86667,normal
35.14000,-6.90349,-3.77791,5.66279,2.08095,-1.35952,-0.81905,normal
35.16000,-7.01977,-3.70814,5.75581,2.12857,-1.33571,-0.77143,normal
35.18000,-7.13605,-3.63837,5.84884,2.17619,-1.31190,-0.72381,normal
35.20000,-6.28495,-0.70215,7.39355,2.98598,-1.70280,-0.10000,normal
35.22000,-6.13441,-0.72366,7.32903,2.89252,-1.72150,-0.10000,normal
35.24000,-5.98387,-0.74516,7.26452,2.79907,-1.74019,-0.10000,normal
35.26000,-5.83333,-0.76667,7.20000,2.70561,-1.75888,-0.10000,normal
35.28000,-5.68280,-0.78817,7.13548,2.61215,-1.77757,-0.10000,normal
35.30000,-4.75000,-0.20000,7.90000,2.51869,-1.79626,-0.10000,normal
35.32000,-4.06962,0.52025,7.87975,1.46707,-1.58902,0.00000,normal
35.34000,-3.99367,0.57089,7.82911,1.39390,-1.56463,0.00000,normal
35.36000,-3.91772,0.62152,7.77848,1.32073,-1.54024,0.00000,normal
35.38000,-3.84177,0.67215,7.72785,1.24756,-1.51585,0.00000,normal
35.40000,-3.60000,0.60000,8.20000,0.60000,-1.10000,0.00000,normal
35.42000,-2.61828,0.74086,8.44086,0.57872,-1.07872,0.00000,normal
35.44000,-2.53226,0.78387,8.48387,0.55745,-1.05745,0.00000,normal
35.46000,-2.44624,0.82688,8.52688,0.53617,-1.03617,0.00000,normal
35.48000,-2.36022,0.86989,8.56989,0.51489,-1.01489,0.00000,normal
35.50000,-2.80000,0.70000,9.10000,0.10000,-0.95000,0.00000,normal
35.52000,-1.94706,1.22353,9.23529,0.06311,-1.00000,0.01845,normal
35.54000,-1.88824,1.36078,9.27451,0.02427,-1.00000,0.03786,normal
35.56000,-1.82941,1.49804,9.31373,-0.01456,-1.00000,0.05728,normal
35.58000,-1.77059,1.63529,9.35294,-0.05340,-1.00000,0.07670,normal
35.60000,-1.71176,1.77255,9.39216,-0.09223,-1.00000,0.09612,normal
35.62000,-1.50000,0.42278,9.30000,0.00000,-0.39059,0.59059,normal
35.64000,-1.50000,0.47342,9.30000,0.00000,-0.34353,0.54353,normal
35.66000,-1.50000,0.52405,9.30000,0.00000,-0.29647,0.49647,normal
35.68000,-1.50000,0.57468,9.30000,0.00000,-0.24941,0.44941,normal
35.70000,-0.90000,0.48182,9.31818,0.00000,-0.20235,0.40235,normal
35.72000,-1.02073,0.46707,9.41341,-0.11250,-0.21250,-0.10000,normal
35.74000,-1.24024,0.58902,9.43780,-0.10000,-0.22466,-0.05068,normal
35.76000,-1.45976,0.71098,9.46220,-0.10000,-0.25205,0.00411,normal
35.78000,-1.67927,0.83293,9.48659,-0.10000,-0.27945,0.05890,normal
35.80000,-0.90000,0.80000,9.90000,0.10000,-0.40000,-0.80000,normal
35.82000,1.09659,0.72614,9.88068,-0.16087,-0.10217,-0.54348,normal
35.84000,1.21023,0.52159,9.85795,-0.11739,0.00652,-0.36957,normal
35.86000,1.32386,0.31705,9.83523,-0.07391,0.11522,-0.19565,normal
35.88000,1.43750,0.11250,9.81250,-0.03043,0.22391,-0.02174,normal
35.90000,0.30000,0.30000,9.70000,0.10000,-0.10000,0.00000,normal
35.92000,-0.90426,0.36170,9.71915,0.01935,-0.10000,0.00000,normal
35.94000,-0.79787,0.31915,9.74043,0.04086,-0.10000,0.00000,normal
35.96000,-0.69149,0.27660,9.76170,0.06237,-0.10000,0.00000,normal
35.98000,-0.58511,0.23404,9.78298,0.08387,-0.10000,0.00000,normal
36.00000,-1.00000,0.30000,9.60000,0.00000,0.00000,-0.10000,normal
36.02000,-0.73864,0.26136,9.43864,0.01827,0.00000,-0.10000,normal
36.04000,-0.78409,0.21591,9.48409,0.03750,0.00000,-0.10000,normal
36.06000,-0.82955,0.17045,9.52955,0.05673,0.00000,-0.10000,normal
36.08000,-0.87500,0.12500,9.57500,0.07596,0.00000,-0.10000,normal
36.10000,-1.17273,0.50000,9.80909,0.09519,0.00000,-0.10000,normal
36.12000,-0.66456,0.49114,9.90886,-0.09091,-0.10000,-0.10000,normal
36.14000,-0.56329,0.46582,9.93418,-0.10000,0.01562,-0.08438,normal
36.16000,-0.46203,0.44051,9.95949,-0.10000,0.04688,-0.05312,normal
36.18000,-0.36076,0.41519,9.98481,-0.10000,0.07812,-0.02188,normal
36.20000,-0.80000,0.60000,9.80000,0.00000,0.10000,0.00000,normal
