timestamp,accel_x,accel_y,accel_z,gyro_x,gyro_y,gyro_z,label
0.00000,-0.10000,3.80000,8.40000,0.10000,0.00000,-0.00000,normal
0.02000,-0.30426,3.38511,8.92553,-0.55368,0.27684,0.28842,normal
0.04000,-0.45319,3.36383,8.81915,-0.46947,0.23474,0.26737,normal
0.06000,-0.60213,3.34255,8.71277,-0.38526,0.19263,0.24632,normal
0.08000,-0.75106,3.32128,8.60638,-0.30105,0.15053,0.22526,normal
0.10000,-0.90000,3.30000,8.50000,-0.21684,0.10842,0.20421,normal
0.12000,-0.34211,4.14211,9.17895,-0.21053,0.10000,0.11053,normal
0.14000,-0.42632,4.22632,9.13684,-0.23158,0.10000,0.13158,normal
0.16000,-0.51053,4.31053,9.09474,-0.25263,0.10000,0.15263,normal
0.18000,-0.59474,4.39474,9.05263,-0.27368,0.10000,0.17368,normal
0.20000,-0.67895,4.47895,9.01053,-0.29474,0.10000,0.19474,normal
0.22000,-0.40000,3.50899,9.19101,-0.20000,0.10000,0.10000,normal
0.24000,-0.40000,3.53146,9.16854,-0.20000,0.10000,0.10000,normal
0.26000,-0.40000,3.55393,9.14607,-0.20000,0.10000,0.10000,normal
0.28000,-0.40000,3.57640,9.12360,-0.20000,0.10000,0.10000,normal
0.30000,-0.40000,3.59888,9.10112,-0.20000,0.10000,0.10000,normal
0.32000,-0.62143,3.47857,8.02857,-0.20000,0.10000,0.10000,normal
0.34000,-0.71121,3.46822,7.74112,-0.34545,0.00000,0.24545,normal
0.36000,-0.84206,3.43084,7.55421,-0.43636,0.00000,0.33636,normal
0.38000,-0.97290,3.39346,7.36729,-0.53214,0.01071,0.42143,normal
0.40000,-1.10374,3.35607,7.18037,-0.63929,0.04643,0.49286,normal
0.42000,-1.23458,3.31869,6.99346,-0.74643,0.08214,0.56429,normal
0.44000,-1.63125,3.48125,6.17500,-3.10000,-0.40000,1.60000,normal
0.46000,-1.78750,3.38750,6.05000,-3.22500,-0.40000,1.66250,normal
0.48000,-1.94375,3.29375,5.92500,-3.35000,-0.40000,1.72500,normal
0.50000,-2.10000,3.20000,5.80000,-3.47500,-0.40000,1.78750,normal
0.52000,-2.22222,0.27778,5.50000,-5.61702,0.32128,3.00000,normal
0.54000,-2.26667,0.23333,5.50000,-5.85106,0.36383,3.00000,normal
0.56000,-2.31111,0.18889,5.50000,-6.08511,0.40638,3.00000,normal
0.58000,-2.35556,0.14444,5.50000,-6.31915,0.44894,3.00000,normal
0.60000,-2.40000,0.10000,5.50000,-6.55319,0.49149,3.00000,normal
0.62000,-6.20000,-7.59318,3.72273,-4.40841,0.79159,4.20000,normal
0.64000,-6.20000,-6.91136,3.99545,-4.42710,0.77290,4.20000,normal
0.66000,-6.20000,-6.22955,4.26818,-4.44579,0.75421,4.20000,normal
0.68000,-6.20000,-5.54773,4.54091,-4.46449,0.73551,4.20000,normal
0.70000,-6.90000,-6.75000,3.80000,-4.48318,0.71682,4.20000,normal
0.72000,-10.23333,-8.10000,0.86667,-4.50000,0.90000,4.30000,normal
0.74000,-10.06076,-7.80127,1.30127,-1.12143,0.40429,4.09571,normal
0.76000,-10.13671,-7.92785,1.42785,-1.26429,0.43286,4.06714,normal
0.78000,-10.21266,-8.05443,1.55443,-1.40714,0.46143,4.03857,normal
0.80000,-10.28861,-8.18101,1.68101,-1.55000,0.49000,4.01000,normal
0.82000,-12.07582,-8.47912,1.27582,-2.10000,0.60000,3.77766,normal
0.84000,-12.03187,-8.25934,1.23187,-2.10000,0.60000,3.71383,normal
0.86000,-11.98791,-8.03956,1.18791,-2.10000,0.60000,3.65000,normal
0.88000,-11.94396,-7.81978,1.14396,-2.10000,0.60000,3.58617,normal
0.90000,-11.90000,-7.60000,1.10000,-2.10000,0.60000,3.52234,normal
0.92000,-10.88817,-7.48602,-0.68387,-2.97333,0.19333,1.67333,normal
0.94000,-10.71613,-7.46452,-0.81290,-2.88444,0.17111,1.58444,normal
0.96000,-10.54409,-7.44301,-0.94194,-2.79556,0.14889,1.49556,normal
0.98000,-10.37204,-7.42151,-1.07097,-2.70667,0.12667,1.40667,normal
1.00000,-10.20000,-7.40000,-1.20000,-2.61778,0.10444,1.31778,normal
1.02000,-9.12222,-2.32222,1.03333,-2.52264,-0.10943,-0.41887,normal
1.04000,-8.96667,-2.36667,0.70000,-2.76792,-0.12830,-0.45660,normal
1.06000,-8.81111,-2.41111,0.36667,-3.01321,-0.14717,-0.49434,normal
1.08000,-8.65556,-2.45556,0.03333,-3.25849,-0.16604,-0.53208,normal
1.10000,-8.50000,-2.50000,-0.30000,-3.50377,-0.18491,-0.56981,normal
1.12000,-8.90000,-6.70000,-2.00000,-4.57778,-0.27778,-0.67778,normal
1.14000,-9.09231,-7.37692,-1.84615,-2.20811,0.05405,-0.51892,normal
1.16000,-9.19487,-8.01795,-1.56410,-1.42432,0.16216,-0.35676,normal
1.18000,-9.29744,-8.65897,-1.28205,-0.64054,0.27027,-0.19459,normal
1.20000,-9.40000,-9.30000,-1.00000,0.14324,0.37838,-0.03243,normal
1.22000,-10.04194,-1.63011,0.04409,3.76667,0.58889,-0.30000,normal
1.24000,-10.10645,-1.52258,-0.04194,3.50000,0.56667,-0.30000,normal
1.26000,-10.17097,-1.41505,-0.12796,3.23333,0.54444,-0.30000,normal
1.28000,-10.23548,-1.30753,-0.21398,2.96667,0.52222,-0.30000,normal
1.30000,-10.30000,-1.20000,-0.30000,2.70000,0.50000,-0.30000,normal
1.32000,-8.75532,-1.61915,0.15532,-0.06437,-0.19195,-0.80000,normal
1.34000,-8.69149,-1.78936,0.09149,-0.24828,-0.16897,-0.80000,normal
1.36000,-8.62766,-1.95957,0.02766,-0.43218,-0.14598,-0.80000,normal
1.38000,-8.56383,-2.12979,-0.03617,-0.61609,-0.12299,-0.80000,normal
1.40000,-8.50000,-2.30000,-0.10000,-0.80000,-0.10000,-0.80000,normal
1.42000,-9.11505,-3.90000,-0.70000,-0.34737,0.01053,-0.48947,normal
1.44000,-9.13656,-3.90000,-0.70000,-0.24211,0.03158,-0.46842,normal
1.46000,-9.15806,-3.90000,-0.70000,-0.13684,0.05263,-0.44737,normal
1.48000,-9.17957,-3.90000,-0.70000,-0.03158,0.07368,-0.42632,normal
1.50000,-9.20000,-3.87778,-0.70000,0.07368,0.09474,-0.40526,normal
1.52000,-9.20909,-3.18182,-0.28182,1.00000,0.20000,-0.10000,normal
1.54000,-9.23182,-3.13636,-0.23636,1.00000,0.20000,-0.10000,normal
1.56000,-9.25455,-3.09091,-0.19091,1.00000,0.20000,-0.10000,normal
1.58000,-9.27727,-3.04545,-0.14545,1.00000,0.20000,-0.10000,normal
1.60000,-9.30000,-3.00000,-0.10000,1.00000,0.20000,-0.10000,normal
1.62000,-8.98495,-2.91505,-0.01505,-0.00879,0.09121,0.10000,normal
1.64000,-8.96344,-2.93656,-0.03656,-0.03077,0.06923,0.10000,normal
1.66000,-8.94194,-2.95806,-0.05806,-0.05275,0.04725,0.10000,normal
1.68000,-8.92043,-2.97957,-0.07957,-0.07473,0.02527,0.10000,normal
1.70000,-8.90000,-3.10000,-0.10000,-0.09670,0.00330,0.10000,normal
1.72000,-9.10000,-3.48817,-0.08817,0.00787,0.00000,0.40000,normal
1.74000,-9.10000,-3.46667,-0.06667,0.03034,0.00000,0.40000,normal
1.76000,-9.10000,-3.44516,-0.04516,0.05281,0.00000,0.40000,normal
1.78000,-9.10000,-3.42366,-0.02366,0.07528,0.00000,0.40000,normal
1.80000,-9.10000,-3.40215,-0.00215,0.09775,0.00000,0.40000,normal
1.82000,-9.28791,-3.61209,-0.20000,0.00000,0.00000,0.40000,normal
1.84000,-9.26593,-3.63407,-0.20000,0.00000,0.00000,0.40000,normal
1.86000,-9.24396,-3.65604,-0.20000,0.00000,0.00000,0.40000,normal
1.88000,-9.22198,-3.67802,-0.20000,0.00000,0.00000,0.40000,normal
1.90000,-9.20000,-3.70000,-0.20000,0.00000,0.00000,0.40000,normal
1.92000,-9.20000,-3.70000,-0.10000,0.00000,0.00000,0.40000,normal
1.94000,-9.22500,-3.72500,-0.12500,-0.00411,0.00411,0.10000,normal
1.96000,-9.25000,-3.75000,-0.15000,-0.03151,0.03151,0.10000,normal
1.98000,-9.27500,-3.77500,-0.17500,-0.05890,0.05890,0.10000,normal
2.00000,-9.30000,-3.80000,-0.20000,-0.08630,0.08630,0.10000,normal
2.02000,-9.19518,-3.70482,-0.40000,-0.10000,0.00000,-0.10455,normal
2.04000,-9.17108,-3.72892,-0.40000,-0.10000,0.00000,-0.12727,normal
2.06000,-9.14699,-3.75301,-0.40000,-0.10000,0.00000,-0.15000,normal
2.08000,-9.12289,-3.77711,-0.40000,-0.10000,0.00000,-0.17273,normal
2.10000,-9.15000,-3.75000,-0.35000,-0.10000,0.00000,-0.19545,normal
2.12000,-9.11011,-3.58989,-0.18989,0.00000,0.10000,-0.10000,normal
2.14000,-9.13258,-3.56742,-0.16742,0.00000,0.10000,-0.10000,normal
2.16000,-9.15506,-3.54494,-0.14494,0.00000,0.10000,-0.10000,normal
2.18000,-9.17753,-3.52247,-0.12247,0.00000,0.10000,-0.10000,normal
2.20000,-9.20000,-3.50000,-0.10000,0.00000,0.10000,-0.10000,normal
2.22000,-9.30000,-3.41398,0.07204,0.10000,0.10000,-0.10000,normal
2.24000,-9.30000,-3.43548,0.02903,0.07792,0.10000,-0.02208,normal
2.26000,-9.30000,-3.45699,-0.01398,0.05195,0.10000,-0.04805,normal
2.28000,-9.30000,-3.47849,-0.05699,0.02597,0.10000,-0.07403,normal
2.30000,-9.30000,-3.50000,-0.10000,-0.00000,0.10000,-0.10000,normal
2.32000,-9.20000,-3.30000,-0.20000,-0.04722,0.00000,-0.10000,normal
2.34000,-9.20000,-3.30000,-0.20000,-0.10000,0.00000,-0.10000,normal
2.36000,-9.20000,-3.30000,-0.20000,-0.13226,0.00000,-0.10000,normal
2.38000,-9.20000,-3.30000,-0.20000,-0.16452,0.00000,-0.10000,normal
2.40000,-9.20000,-3.30000,-0.20000,-0.19677,0.00000,-0.10000,normal
2.42000,-9.37609,-3.40000,-0.10000,-0.19111,0.00000,-0.09111,normal
2.44000,-9.33261,-3.40000,-0.10000,-0.16889,0.00000,-0.06889,normal
2.46000,-9.28913,-3.40000,-0.10000,-0.14667,0.00000,-0.04667,normal
2.48000,-9.24565,-3.40000,-0.10000,-0.12444,0.00000,-0.02444,normal
2.50000,-9.20217,-3.40000,-0.10000,-0.10222,0.00000,-0.00222,normal
2.52000,-9.00000,-3.20000,0.01319,-0.00833,-0.00833,0.10833,normal
2.54000,-9.00000,-3.20000,0.03516,-0.02917,-0.02917,0.12917,normal
2.56000,-9.00000,-3.20000,0.05714,-0.05000,-0.05000,0.15000,normal
2.58000,-9.00000,-3.20000,0.07912,-0.07083,-0.07083,0.17083,normal
2.60000,-9.05000,-3.15000,0.05000,-0.09167,-0.09167,0.19167,normal
2.62000,-9.80000,-2.90706,-0.50000,-0.30000,-0.10000,0.10000,normal
2.64000,-9.80000,-2.93059,-0.50000,-0.41045,-0.08955,0.10000,normal
2.66000,-9.80000,-2.95412,-0.50000,-0.44030,-0.05970,0.10000,normal
2.68000,-9.80000,-2.97765,-0.50000,-0.47015,-0.02985,0.10000,normal
2.70000,-9.60000,-3.10000,-0.45000,-0.50000,0.00000,0.10000,normal
2.72000,-7.41505,-3.61505,0.23011,0.25000,0.31250,0.52500,normal
2.74000,-7.43656,-3.63656,0.27312,0.33333,0.33333,0.56667,normal
2.76000,-7.45806,-3.65806,0.31613,0.41667,0.35417,0.60833,normal
2.78000,-7.47957,-3.67957,0.35914,0.50000,0.37500,0.65000,normal
2.80000,-7.80000,-3.70000,0.45000,0.58333,0.39583,0.69167,normal
2.82000,-11.32045,-3.76932,-1.46136,0.75545,-0.32673,1.09109,normal
2.84000,-11.36591,-3.70114,-1.59773,0.65644,-0.38614,1.07129,normal
2.86000,-11.41136,-3.63295,-1.73409,0.55743,-0.44554,1.05149,normal
2.88000,-11.45682,-3.56477,-1.87045,0.45842,-0.50495,1.03168,normal
2.90000,-11.45000,-3.45000,-2.10000,0.35941,-0.56436,1.01188,normal
2.92000,-8.89753,-3.20247,-0.69506,-1.39792,-0.59375,-0.20417,normal
2.94000,-8.87284,-3.22716,-0.64568,-1.37708,-0.53125,-0.24583,normal
2.96000,-8.84815,-3.25185,-0.59630,-1.35625,-0.46875,-0.28750,normal
2.98000,-8.82346,-3.27654,-0.54691,-1.33542,-0.40625,-0.32917,normal
3.00000,-8.65000,-3.55000,-0.60000,-1.31458,-0.34375,-0.37083,normal
3.02000,-9.00000,-4.40000,-1.00000,-0.50000,0.26000,-0.48000,normal
3.04000,-9.10127,-4.34937,-0.97468,0.44000,0.69000,-0.39000,normal
3.06000,-9.20253,-4.29873,-0.94937,0.55429,0.66143,-0.36143,normal
3.08000,-9.30380,-4.24810,-0.92405,0.66857,0.63286,-0.33286,normal
3.10000,-9.50000,-4.00000,-1.00000,0.78286,0.60429,-0.30429,normal
3.12000,-9.86562,-2.20000,-1.03125,0.43548,0.26774,-0.61613,normal
3.14000,-9.80312,-2.20000,-0.90625,0.30645,0.20323,-0.64839,normal
3.16000,-9.74062,-2.20000,-0.78125,0.17742,0.13871,-0.68065,normal
3.18000,-8.49664,-2.90336,-0.20000,-0.19610,0.30000,-0.59610,normal
3.20000,-8.46303,-2.93697,-0.20000,-0.17013,0.30000,-0.57013,normal
3.22000,-8.42941,-2.97059,-0.20000,-0.14416,0.30000,-0.54416,normal
3.24000,-8.39580,-3.00420,-0.20000,-0.11818,0.30000,-0.51818,normal
3.26000,-8.36218,-3.03782,-0.20000,-0.09221,0.30000,-0.49221,normal
3.28000,-8.32857,-3.07143,-0.20000,-0.06623,0.30000,-0.46623,normal
3.30000,-8.15000,-3.10000,-0.15000,-0.04026,0.30000,-0.44026,normal
3.32000,-9.09785,-2.98602,-0.12796,-0.01429,0.30000,-0.41429,normal
3.34000,-9.24839,-2.96452,-0.17097,0.59494,0.38987,0.31519,normal
3.36000,-9.39892,-2.94301,-0.21398,0.56962,0.33924,0.39114,normal
3.38000,-9.54946,-2.92151,-0.25699,0.54430,0.28861,0.46709,normal
3.40000,-9.70000,-2.90000,-0.30000,0.51899,0.23797,0.54304,normal
3.42000,-13.95000,-2.60000,-1.85000,-0.30000,-0.05000,0.80000,normal
3.44000,-14.34615,-3.02179,-2.14872,-1.20000,-0.40000,0.70000,normal
3.46000,-14.50000,-3.15000,-2.20000,-1.23226,-0.36774,0.70000,normal
3.48000,-14.65385,-3.27821,-2.25128,-1.26452,-0.33548,0.70000,normal
3.50000,-15.60000,-3.90000,-2.80000,-1.29677,-0.30323,0.70000,normal
3.52000,-11.18085,-4.10106,0.95957,0.87033,-0.19121,0.69121,normal
3.54000,-10.75532,-3.56915,1.17234,1.04615,-0.16923,0.66923,normal
3.56000,-10.32979,-3.03723,1.38511,1.22198,-0.14725,0.64725,normal
3.58000,-9.90426,-2.50532,1.59787,1.39780,-0.12527,0.62527,normal
3.60000,-8.80000,1.70000,1.90000,1.57363,-0.10330,0.60330,normal
3.62000,-10.87778,0.16333,-1.47556,-2.88161,-1.02759,0.17241,normal
3.64000,-10.65556,0.09667,-1.43111,-2.83563,-1.09655,0.10345,normal
3.66000,-10.43333,0.03000,-1.38667,-2.78966,-1.16552,0.03448,normal
3.68000,-10.21111,-0.03667,-1.34222,-2.74368,-1.23448,-0.03448,normal
3.70000,-8.50000,0.10000,-0.50000,-2.45000,-1.35000,-0.25000,normal
3.72000,-5.56809,-2.18404,0.28404,-0.62727,-0.78788,-0.67576,normal
3.74000,-5.52553,-2.16277,0.26277,-0.50606,-0.76768,-0.63535,normal
3.76000,-5.48298,-2.14149,0.24149,-0.38485,-0.74747,-0.59495,normal
3.78000,-5.44043,-2.12021,0.22021,-0.26364,-0.72727,-0.55455,normal
3.80000,-5.40000,-2.00000,0.40000,-0.14242,-0.70707,-0.51414,normal
3.82000,-6.62442,-3.10000,0.00000,-0.40000,-0.30000,0.00000,normal
3.84000,-6.69419,-3.10000,0.00000,-0.13736,-0.07912,0.12088,normal
3.86000,-6.76395,-3.10000,0.00000,-0.07143,-0.05714,0.14286,normal
3.88000,-6.83372,-3.10000,0.00000,-0.00549,-0.03516,0.16484,normal
3.90000,-6.80000,-3.00000,0.10000,0.06044,-0.01319,0.18681,normal
3.92000,-9.22469,-3.19259,0.19753,1.00244,0.40000,0.20000,normal
3.94000,-9.47160,-3.11852,0.17284,1.02683,0.40000,0.20000,normal
3.96000,-9.71852,-3.04444,0.14815,1.05122,0.40000,0.20000,normal
3.98000,-9.96543,-2.97037,0.12346,1.07561,0.40000,0.20000,normal
4.00000,-10.70000,-2.70000,0.40000,1.10000,0.40000,0.20000,normal
4.02000,-9.38710,-2.57742,2.22903,2.14516,0.38495,0.01505,normal
4.04000,-9.23656,-2.14731,2.40108,2.20968,0.36344,0.03656,normal
4.06000,-9.08602,-1.71720,2.57312,2.27419,0.34194,0.05806,normal
4.08000,-8.93548,-1.28710,2.74516,2.33871,0.32043,0.07957,normal
4.10000,-8.80000,-0.20000,3.10000,2.00000,0.30000,0.10000,normal
4.12000,-9.59574,-1.23617,0.78404,-0.17925,0.36887,0.02075,normal
4.14000,-9.72340,-1.15106,0.76277,-0.14151,0.31226,0.05849,normal
4.16000,-9.85106,-1.06596,0.74149,-0.10377,0.25566,0.09623,normal
4.18000,-9.97872,-0.98085,0.72021,-0.06604,0.19906,0.13396,normal
4.20000,-10.15000,-0.82000,0.68000,-0.02830,0.14245,0.17170,normal
4.22000,-12.58972,-0.16729,-1.20000,-0.05000,0.10000,0.20000,normal
4.24000,-12.88879,-0.39159,-1.20000,-1.00000,0.02292,0.42292,normal
4.26000,-13.18785,-0.61589,-1.20000,-1.00000,0.06458,0.46458,normal
4.28000,-13.48692,-0.84019,-1.20000,-1.00000,0.10625,0.50625,normal
4.30000,-13.78598,-1.06449,-1.20000,-1.00000,0.14792,0.54792,normal
4.32000,-14.08505,-1.28879,-1.20000,-1.00000,0.18958,0.58958,normal
4.34000,-9.96571,-3.23143,1.71714,0.23699,0.24932,0.77534,normal
4.36000,-9.90857,-3.11714,1.74571,0.31918,0.35890,0.72055,normal
4.38000,-9.85143,-3.00286,1.77429,0.40137,0.46849,0.66575,normal
4.40000,-9.88571,-2.64286,1.60000,0.48356,0.57808,0.61096,normal
4.42000,-9.54318,-2.25682,-1.01136,0.30000,0.39293,-0.91414,normal
4.44000,-9.42955,-2.37045,-1.03409,0.30000,0.37273,-0.95455,normal
4.46000,-9.31591,-2.48409,-1.05682,0.30000,0.35253,-0.99495,normal
4.48000,-9.20227,-2.59773,-1.07955,0.30000,0.33232,-1.03535,normal
4.50000,-8.80000,-3.00000,-1.00000,0.30000,0.31212,-1.07576,normal
4.52000,-6.63871,-3.20000,0.19677,0.90250,-0.09875,-1.29875,normal
4.54000,-6.42366,-3.20000,0.32581,0.95250,-0.07375,-1.27375,normal
4.56000,-6.20860,-3.20000,0.45484,1.00250,-0.04875,-1.24875,normal
4.58000,-5.99355,-3.20000,0.58387,1.05250,-0.02375,-1.22375,normal
4.60000,-6.00000,-3.30000,1.10000,1.14000,0.06000,-1.18000,normal
4.62000,-8.26452,-2.60000,-0.13226,1.49053,0.30000,-1.00947,normal
4.64000,-8.35054,-2.60000,-0.17527,1.46947,0.30000,-1.03053,normal
4.66000,-8.43656,-2.60000,-0.21828,1.44842,0.30000,-1.05158,normal
4.68000,-8.52258,-2.60000,-0.26129,1.42737,0.30000,-1.07263,normal
4.70000,-9.60000,-2.50000,-0.60000,1.40632,0.30000,-1.09368,normal
4.72000,-9.24667,-1.98667,-0.97333,0.78537,-0.40732,-1.20000,normal
4.74000,-9.15778,-1.96444,-0.92889,0.73659,-0.43171,-1.20000,normal
4.76000,-9.06889,-1.94222,-0.88444,0.68780,-0.45610,-1.20000,normal
4.78000,-8.98000,-1.92000,-0.84000,0.63902,-0.48049,-1.20000,normal
4.80000,-8.80000,-1.60000,-0.65000,0.46667,-0.50000,-1.13333,normal
4.82000,-8.15313,-1.57083,-0.08229,-0.13652,-0.47565,-0.97565,normal
4.84000,-8.21562,-1.65417,-0.06146,-0.18870,-0.44087,-0.94087,normal
4.86000,-8.27813,-1.73750,-0.04062,-0.24087,-0.40609,-0.90609,normal
4.88000,-8.34062,-1.82083,-0.01979,-0.29304,-0.37130,-0.87130,normal
4.90000,-8.51667,-1.91667,0.00000,-0.34522,-0.33652,-0.83652,normal
4.92000,-12.03452,-2.79762,1.18810,-0.39739,-0.30174,-0.80174,normal
4.94000,-12.72500,-2.75000,0.95000,-0.25200,0.21600,0.46400,normal
4.96000,-13.41548,-2.70238,0.71190,-0.17200,0.24267,0.57067,normal
4.98000,-14.10595,-2.65476,0.47381,-0.09200,0.26933,0.67733,normal
5.00000,-14.79643,-2.60714,0.23571,-0.01200,0.29600,0.78400,normal
5.02000,-13.85333,-2.94667,0.05889,-0.87684,-0.41158,1.94632,normal
5.04000,-13.58667,-3.21333,0.34778,-0.83474,-0.43263,2.03053,normal
5.06000,-13.32000,-3.48000,0.63667,-0.79263,-0.45368,2.11474,normal
5.08000,-13.05333,-3.74667,0.92556,-0.75053,-0.47474,2.19895,normal
5.10000,-11.60000,-4.20000,1.70000,-0.70842,-0.49579,2.28316,normal
5.12000,-9.78989,-1.65506,-1.73371,-0.86316,-0.80000,2.15789,normal
5.14000,-9.96966,-1.56517,-1.80112,-0.98947,-0.80000,2.07368,normal
5.16000,-10.14944,-1.47528,-1.86854,-1.11579,-0.80000,1.98947,normal
5.18000,-10.32921,-1.38539,-1.93596,-1.24211,-0.80000,1.90526,normal
5.20000,-10.40000,-1.65000,-1.85000,-1.36842,-0.80000,1.82105,normal
5.22000,-7.04433,-4.13711,0.56495,-2.77064,-0.57798,0.38532,normal
5.24000,-6.92062,-4.21959,0.70928,-2.69725,-0.52294,0.34862,normal
5.26000,-6.79691,-4.30206,0.85361,-2.62385,-0.46789,0.31193,normal
5.28000,-6.67320,-4.38454,0.99794,-2.55046,-0.41284,0.27523,normal
5.30000,-6.54948,-4.46701,1.14227,-2.47706,-0.35780,0.23853,normal
5.32000,-6.30000,-4.75000,2.55000,-2.40367,-0.30275,0.20183,normal
5.34000,-5.93750,-4.66389,2.34583,-0.19365,0.20000,0.09841,normal
5.36000,-5.68750,-4.60833,2.26250,-0.06667,0.20000,0.06667,normal
5.38000,-5.43750,-4.55278,2.17917,0.06032,0.20000,0.03492,normal
5.40000,-5.10000,-4.40000,1.90000,0.18730,0.20000,0.00317,normal
5.42000,-8.27979,-2.86809,0.56809,1.18854,0.28854,-0.41146,normal
5.44000,-8.38617,-2.82553,0.52553,1.16771,0.26771,-0.43229,normal
5.46000,-8.49255,-2.78298,0.48298,1.14687,0.24687,-0.45313,normal
5.48000,-8.59894,-2.74043,0.44043,1.12604,0.22604,-0.47396,normal
5.50000,-8.81429,-2.68571,0.37143,1.10521,0.20521,-0.49479,normal
5.52000,-10.16932,-2.94091,2.37159,0.59333,-0.19333,-0.60000,normal
5.54000,-10.10114,-3.03182,2.53068,0.57111,-0.17111,-0.60000,normal
5.56000,-10.03295,-3.12273,2.68977,0.54889,-0.14889,-0.60000,normal
5.58000,-9.96477,-3.21364,2.84886,0.52667,-0.12667,-0.60000,normal
5.60000,-9.83333,-3.30000,2.98333,0.50444,-0.10444,-0.60000,normal
5.62000,-9.02273,-1.94545,1.26591,0.28990,0.41010,-0.57980,normal
5.64000,-9.06818,-2.03636,1.19773,0.26970,0.43030,-0.53939,normal
5.66000,-9.11364,-2.12727,1.12955,0.24949,0.45051,-0.49899,normal
5.68000,-9.15909,-2.21818,1.06136,0.22929,0.47071,-0.45859,normal
5.70000,-9.70000,-2.80000,0.80000,0.20909,0.49091,-0.41818,normal
5.72000,-10.51628,-3.29186,0.42442,0.42222,0.68889,0.02222,normal
5.74000,-10.56279,-3.26860,0.49419,0.85556,0.61389,0.32778,normal
5.76000,-10.60930,-3.24535,0.56395,0.96667,0.64167,0.38333,normal
5.78000,-10.65581,-3.22209,0.63372,1.07778,0.66944,0.43889,normal
5.80000,-11.08000,-3.18000,0.66000,1.18889,0.69722,0.49444,normal
5.82000,-12.01720,-2.67634,1.50000,1.25600,0.41100,0.27800,normal
5.84000,-11.86667,-2.63333,1.50000,1.17600,0.43100,0.23800,normal
5.86000,-11.71613,-2.59032,1.50000,1.09600,0.45100,0.19800,normal
5.88000,-11.56559,-2.54731,1.50000,1.01600,0.47100,0.15800,normal
5.90000,-11.41505,-2.50430,1.50000,0.93600,0.49100,0.11800,normal
5.92000,-10.03529,-1.55294,-0.40000,-0.40000,-0.19880,-1.30241,normal
5.94000,-9.77647,-1.76471,-0.40000,-0.40000,-0.17470,-1.35060,normal
5.96000,-9.51765,-1.97647,-0.40000,-0.40000,-0.15060,-1.39880,normal
5.98000,-9.25882,-2.18824,-0.40000,-0.40000,-0.12651,-1.44699,normal
6.00000,-9.00000,-2.40000,-0.40000,-0.40000,-0.10241,-1.49518,normal
6.02000,-6.92000,-2.67333,0.38667,0.92234,0.20000,-1.68511,normal
6.04000,-6.78667,-2.62889,0.36444,0.98617,0.20000,-1.64255,normal
6.06000,-6.65333,-2.58444,0.34222,1.05000,0.20000,-1.60000,normal
6.08000,-6.52000,-2.54000,0.32000,1.11383,0.20000,-1.55745,normal
6.10000,-5.80000,-2.00000,0.20000,1.17766,0.20000,-1.51489,normal
6.12000,-5.13256,-2.70814,-0.30814,1.30000,0.10000,-1.07778,normal
6.14000,-5.22558,-2.73140,-0.33140,1.28684,0.11316,-0.57368,normal
6.16000,-5.31860,-2.75465,-0.35465,1.26053,0.13947,-0.52105,normal
6.18000,-5.41163,-2.77791,-0.37791,1.23421,0.16579,-0.46842,normal
6.20000,-5.85000,-2.95000,-0.60000,1.20789,0.19211,-0.41579,normal
6.22000,-8.27447,-3.22979,-1.08511,1.19451,0.20000,0.30549,normal
6.24000,-8.38085,-3.27234,-1.06383,1.17253,0.20000,0.32747,normal
6.26000,-8.48723,-3.31489,-1.04255,1.15055,0.20000,0.34945,normal
6.28000,-8.59362,-3.35745,-1.02128,1.12857,0.20000,0.37143,normal
6.30000,-8.70000,-3.40000,-1.00000,1.10659,0.20000,0.39341,normal
6.32000,-9.09070,-3.30000,-0.89070,0.40000,0.40870,0.49130,normal
6.34000,-9.06744,-3.30000,-0.86744,0.40000,0.43043,0.46957,normal
6.36000,-9.04419,-3.30000,-0.84419,0.40000,0.45217,0.44783,normal
6.38000,-9.02093,-3.30000,-0.82093,0.40000,0.47391,0.42609,normal
6.40000,-8.60000,-3.50000,-0.60000,0.40000,0.49565,0.40435,normal
6.42000,-8.64545,-3.32273,0.26818,0.60777,0.81553,0.40000,normal
6.44000,-8.73636,-3.36818,0.40455,0.62718,0.85437,0.40000,normal
6.46000,-8.82727,-3.41364,0.54091,0.64660,0.89320,0.40000,normal
6.48000,-8.91818,-3.45909,0.67727,0.66602,0.93204,0.40000,normal
6.50000,-9.11000,-3.48000,0.81000,0.68544,0.97087,0.40000,normal
6.52000,-11.30000,-3.30000,0.70000,0.75000,1.05000,0.50000,normal
6.54000,-12.34737,-3.42368,0.42368,0.67879,0.97879,0.91061,normal
6.56000,-12.40000,-3.45000,0.45000,0.61818,0.91818,0.94091,normal
6.58000,-12.45263,-3.47632,0.47632,0.55758,0.85758,0.97121,normal
6.60000,-12.60000,-3.70000,0.90000,0.40000,0.70000,1.20000,normal
6.62000,-10.33548,-4.43871,3.51935,1.02292,0.28854,1.37708,normal
6.64000,-10.24946,-4.22366,3.41183,1.06458,0.26771,1.33542,normal
6.66000,-10.16344,-4.00860,3.30430,1.10625,0.24687,1.29375,normal
6.68000,-10.07742,-3.79355,3.19677,1.14792,0.22604,1.25208,normal
6.70000,-9.30000,-3.00000,2.00000,1.18958,0.20521,1.21042,normal
6.72000,-11.04138,-4.92759,-0.90000,-0.58750,-0.64091,-1.27955,normal
6.74000,-11.13333,-4.76667,-0.90000,-0.33750,-0.73182,-1.23409,normal
6.76000,-11.22529,-4.60575,-0.90000,-0.08750,-0.82273,-1.18864,normal
6.78000,-11.31724,-4.44483,-0.90000,0.16250,-0.91364,-1.14318,normal
6.80000,-10.60000,-0.40000,0.00000,0.40000,-1.06667,-1.11667,normal
6.82000,-8.84839,-2.81613,-0.48387,-0.68198,-0.88198,-1.59099,normal
6.84000,-8.91290,-2.83763,-0.46237,-0.64595,-0.84595,-1.57297,normal
6.86000,-8.97742,-2.85914,-0.44086,-0.60991,-0.80991,-1.55495,normal
6.88000,-9.04194,-2.88065,-0.41935,-0.57387,-0.77387,-1.53694,normal
6.90000,-9.02000,-3.02000,-0.36000,-0.53784,-0.73784,-1.51892,normal
6.92000,-8.40000,-3.57500,-0.27500,-0.50180,-0.70180,-1.50090,normal
6.94000,-8.01831,-2.71831,-1.00000,0.40317,0.10317,-0.29683,normal
6.96000,-8.04648,-2.74648,-1.00000,0.46667,0.16667,-0.23333,normal
6.98000,-8.07465,-2.77465,-1.00000,0.53016,0.23016,-0.16984,normal
7.00000,-8.00000,-3.10000,-0.80000,0.59365,0.29365,-0.10635,normal
7.02000,-8.81613,-3.35161,-0.03548,1.51319,0.60000,0.61319,normal
7.04000,-8.83763,-3.28710,0.05054,1.53516,0.60000,0.63516,normal
7.06000,-8.85914,-3.22258,0.13656,1.55714,0.60000,0.65714,normal
7.08000,-8.88065,-3.15806,0.22258,1.57912,0.60000,0.67912,normal
7.10000,-8.90000,-3.00000,0.60000,1.60000,0.60000,0.60000,normal
7.12000,-9.30426,-1.85213,0.56383,1.27059,0.49020,0.08039,normal
7.14000,-9.17660,-1.78830,0.64894,1.21176,0.47059,0.04118,normal
7.16000,-9.04894,-1.72447,0.73404,1.15294,0.45098,0.00196,normal
7.18000,-8.92128,-1.66064,0.81915,1.09412,0.43137,-0.03725,normal
7.20000,-8.60000,-1.40000,1.30000,1.03529,0.41176,-0.07647,normal
7.22000,-7.81087,-1.91957,2.85652,-0.20952,0.10476,-0.29524,normal
7.24000,-7.83261,-2.15870,2.76957,-0.30476,0.15238,-0.24762,normal
7.26000,-7.85435,-2.39783,2.68261,-0.40000,0.20000,-0.20000,normal
7.28000,-7.87609,-2.63696,2.59565,-0.49524,0.24762,-0.15238,normal
7.30000,-7.89783,-2.87609,2.50870,-0.59048,0.29524,-0.10476,normal
7.32000,-9.71250,-3.50000,0.16250,-0.25604,0.70000,0.90879,normal
7.34000,-10.09886,-3.68182,-0.08750,-0.14615,0.70000,0.93077,normal
7.36000,-10.48523,-3.86364,-0.33750,-0.03626,0.70000,0.95275,normal
7.38000,-10.87159,-4.04545,-0.58750,0.07363,0.70000,0.97473,normal
7.40000,-13.01667,-2.78333,-1.50000,0.18352,0.70000,0.99670,normal
7.42000,-15.47263,3.79895,-1.05684,-1.12917,-0.22292,0.67708,normal
7.44000,-15.24105,3.25158,-0.61474,-1.54583,-0.26458,0.63542,normal
7.46000,-15.00947,2.70421,-0.17263,-1.96250,-0.30625,0.59375,normal
7.48000,-14.77789,2.15684,0.26947,-2.37917,-0.34792,0.55208,normal
7.50000,-14.54632,1.60947,0.71158,-2.79583,-0.38958,0.51042,normal
7.52000,-9.75172,-3.65172,-1.74483,-1.74646,-0.17576,1.31616,normal
7.54000,-9.86667,-3.76667,-2.06667,-1.36263,-0.11515,1.35657,normal
7.56000,-9.98161,-3.88161,-2.38851,-0.97879,-0.05455,1.39697,normal
7.58000,-10.09655,-3.99655,-2.71034,-0.59495,0.00606,1.43737,normal
7.60000,-10.46667,-4.10000,-3.33333,-0.21111,0.06667,1.47778,normal
7.62000,-8.88148,-1.80741,-0.96667,4.63846,0.40000,0.88462,normal
7.64000,-8.75802,-1.85679,-0.74444,4.33077,0.40000,0.80769,normal
7.66000,-8.63457,-1.90617,-0.52222,4.09000,0.43000,0.68000,normal
7.68000,-8.51111,-1.95556,-0.30000,3.85667,0.46333,0.54667,normal
7.70000,-8.00000,-2.30000,-0.10000,3.62333,0.49667,0.41333,normal
7.72000,-7.70000,-0.76667,0.56000,2.04483,0.08161,-0.81839,normal
7.74000,-7.70000,-0.87778,0.49333,1.90690,0.03563,-0.86437,normal
7.76000,-7.70000,-0.98889,0.42667,1.76897,-0.01034,-0.91034,normal
7.78000,-7.70000,-1.10000,0.36000,1.63103,-0.05632,-0.95632,normal
7.80000,-7.50000,-1.40000,0.00000,1.45556,-0.12222,-1.03333,normal
7.82000,-8.44516,-2.35161,-0.81613,0.20000,-0.30000,-1.71031,normal
7.84000,-8.63871,-2.28710,-0.83763,0.20000,-0.30000,-1.75155,normal
7.86000,-8.83226,-2.22258,-0.85914,0.20000,-0.30000,-1.79278,normal
7.88000,-9.02581,-2.15806,-0.88065,0.20000,-0.30000,-1.83402,normal
7.90000,-9.80000,-2.20000,-1.20000,0.20000,-0.30000,-1.87526,normal
7.92000,-10.29500,-2.79750,-1.70250,0.05000,-0.25000,-1.85000,normal
7.94000,-10.24500,-2.77250,-1.72750,0.12184,-0.20000,-1.77816,normal
7.96000,-10.19500,-2.74750,-1.75250,0.14483,-0.20000,-1.75517,normal
7.98000,-10.14500,-2.72250,-1.77750,0.16782,-0.20000,-1.73218,normal
8.00000,-9.50000,-2.60000,-1.60000,0.19080,-0.20000,-1.70920,normal
8.02000,-8.85714,-1.89286,-1.50000,0.55000,0.10000,-1.45000,normal
8.04000,-8.71429,-1.86905,-1.50000,0.70000,0.21493,-1.17015,normal
8.06000,-8.57143,-1.84524,-1.50000,0.70000,0.24478,-1.11045,normal
8.08000,-8.42857,-1.82143,-1.50000,0.70000,0.27463,-1.05075,normal
8.10000,-7.80000,-1.80000,-1.30000,0.60000,0.40000,-0.50000,normal
8.12000,-7.66458,-1.93542,-0.96458,0.48200,0.50000,-0.14600,normal
8.14000,-7.62292,-1.97708,-0.92292,0.46200,0.50000,-0.08600,normal
8.16000,-7.58125,-2.01875,-0.88125,0.44200,0.50000,-0.02600,normal
8.18000,-7.53958,-2.06042,-0.83958,0.42200,0.50000,0.03400,normal
8.20000,-7.40000,-2.30000,-0.70000,0.40200,0.50000,0.09400,normal
8.22000,-8.77742,-2.63226,-0.16774,0.40000,0.71087,1.64348,normal
8.24000,-9.01398,-2.67527,-0.12473,0.40000,0.73261,1.73043,normal
8.26000,-9.25054,-2.71828,-0.08172,0.40000,0.75435,1.81739,normal
8.28000,-9.48710,-2.76129,-0.03871,0.40000,0.77609,1.90435,normal
8.30000,-10.63333,-3.00000,0.06667,0.40000,0.79783,1.99130,normal
8.32000,-15.76667,-3.65333,-0.12667,0.32449,0.80000,2.70000,normal
8.34000,-16.21111,-3.74222,-0.17111,0.36531,0.80000,2.70000,normal
8.36000,-16.65556,-3.83111,-0.21556,0.40612,0.80000,2.70000,normal
8.38000,-17.10000,-3.92000,-0.26000,0.44694,0.80000,2.70000,normal
8.40000,-19.60000,-4.50000,-0.40000,0.48776,0.80000,2.70000,normal
8.42000,-11.93953,-3.91628,1.73721,1.24667,-0.09333,2.08000,normal
8.44000,-11.28837,-3.70698,1.83023,1.38250,-0.53500,1.41250,normal
8.46000,-10.63721,-3.49767,1.92326,1.35750,-0.58500,1.28750,normal
8.48000,-9.98605,-3.28837,2.01628,1.33250,-0.63500,1.16250,normal
8.50000,-8.10000,-1.70000,1.80000,1.30750,-0.68500,1.03750,normal
8.52000,-9.12072,-1.43604,-0.17838,-0.62295,-0.71721,-1.11721,normal
8.54000,-8.92252,-1.52613,-0.12432,-0.68852,-0.76639,-1.16639,normal
8.56000,-8.72432,-1.61622,-0.07027,-0.75410,-0.81557,-1.21557,normal
8.58000,-8.52613,-1.70631,-0.01622,-0.81967,-0.86475,-1.26475,normal
8.60000,-8.32793,-1.79640,0.03784,-0.88525,-0.91393,-1.31393,normal
8.62000,-8.12973,-1.88649,0.09189,-0.95082,-0.96311,-1.36311,normal
8.64000,-6.80000,-2.50000,-0.20000,-1.50000,-1.00000,-2.10000,normal
8.66000,-6.80000,-2.40000,-0.23333,-1.34412,-0.97206,-2.35588,normal
8.68000,-6.80000,-2.30000,-0.26667,-1.28529,-0.94265,-2.41471,normal
8.70000,-6.80000,-2.20000,-0.30000,-1.22647,-0.91324,-2.47353,normal
8.72000,-7.03704,-1.64938,-0.42469,-1.45000,-0.85000,-2.15000,normal
8.74000,-7.18519,-1.84691,-0.52346,-1.79157,-0.85422,-1.90843,normal
8.76000,-7.33333,-2.04444,-0.62222,-1.88795,-0.80602,-1.81205,normal
8.78000,-7.48148,-2.24198,-0.72099,-1.98434,-0.75783,-1.71566,normal
8.80000,-7.78182,-2.72727,-0.61818,-2.08072,-0.70964,-1.61928,normal
8.82000,-8.14253,-3.87701,0.65747,-2.18000,-0.62000,-1.28000,normal
8.84000,-8.02759,-3.83103,0.77241,-1.20930,-0.36977,-0.35465,normal
8.86000,-7.91264,-3.78506,0.88736,-1.06977,-0.32326,-0.28488,normal
8.88000,-7.79770,-3.73908,1.00230,-0.93023,-0.27674,-0.21512,normal
8.90000,-7.30000,-3.70000,1.50000,-0.79070,-0.23023,-0.14535,normal
8.92000,-8.10238,-3.09286,1.40000,1.40238,0.40119,0.90119,normal
8.94000,-8.12619,-3.02143,1.40000,1.45000,0.42500,0.92500,normal
8.96000,-8.15000,-2.95000,1.40000,1.49762,0.44881,0.94881,normal
8.98000,-8.17381,-2.87857,1.40000,1.54524,0.47262,0.97262,normal
9.00000,-8.19762,-2.80714,1.40000,1.59286,0.49643,0.99643,normal
9.02000,-8.62472,-2.34944,0.88764,0.05349,0.19070,1.72791,normal
9.04000,-8.66966,-2.43933,0.86517,-0.06279,0.16744,1.79767,normal
9.06000,-8.71461,-2.52921,0.84270,-0.17907,0.14419,1.86744,normal
9.08000,-8.75955,-2.61910,0.82022,-0.29535,0.12093,1.93721,normal
9.10000,-8.85000,-3.40000,0.55000,-0.70000,0.00000,2.20000,normal
9.12000,-10.70000,-5.98421,0.59789,-2.29623,-0.11038,2.71698,normal
9.14000,-10.70000,-6.08947,0.34526,-2.10755,-0.12925,2.56604,normal
9.16000,-10.70000,-6.19474,0.09263,-1.91887,-0.14811,2.41509,normal
9.18000,-10.70000,-6.30000,-0.16000,-1.73019,-0.16698,2.26415,normal
9.20000,-10.64167,-6.22500,-0.37500,-1.54151,-0.18585,2.11321,normal
9.22000,-12.80000,-4.20000,0.10000,-1.09231,-0.23846,2.03846,normal
9.24000,-14.09610,-4.14805,0.00260,0.04545,0.43636,0.93636,normal
9.26000,-14.40779,-4.30390,-0.20519,0.19697,0.55758,0.72424,normal
9.28000,-14.71948,-4.45974,-0.41299,0.34848,0.67879,0.51212,normal
9.30000,-15.33333,-4.00000,-0.33333,0.50000,0.80000,0.30000,normal
9.32000,-16.56809,-4.25851,0.73085,0.17363,0.05604,-0.71758,normal
9.34000,-16.05745,-4.19468,0.62447,0.10769,-0.05385,-0.76154,normal
9.36000,-15.54681,-4.13085,0.51809,0.04176,-0.16374,-0.80549,normal
9.38000,-15.03617,-4.06702,0.41170,-0.02418,-0.27363,-0.84945,normal
9.40000,-14.52553,-4.00319,0.30532,-0.09011,-0.38352,-0.89341,normal
9.42000,-8.14045,-1.96180,-0.13820,0.20000,-0.58913,-1.80543,normal
9.44000,-7.66854,-2.07416,-0.02584,0.20000,-0.54565,-1.82717,normal
9.46000,-7.19663,-2.18652,0.08652,0.20000,-0.50217,-1.84891,normal
9.48000,-6.72472,-2.29888,0.19888,0.20000,-0.45870,-1.87065,normal
9.50000,-6.25000,-2.35000,0.50000,0.20000,-0.41522,-1.89239,normal
9.52000,-5.28316,-2.38316,0.66632,1.00000,0.10000,-1.60000,normal
9.54000,-5.26211,-2.36211,0.62421,1.00000,0.12532,-1.54937,normal
9.56000,-5.24105,-2.34105,0.58211,1.00000,0.15063,-1.49873,normal
9.58000,-5.22000,-2.32000,0.54000,1.00000,0.17595,-1.44810,normal
9.60000,-5.60000,-2.00000,0.20000,0.95000,0.25000,-1.35000,normal
9.62000,-7.04839,-1.93226,-1.04839,0.48764,0.08764,-0.98764,normal
9.64000,-7.11290,-1.97527,-1.11290,0.46517,0.06517,-0.96517,normal
9.66000,-7.17742,-2.01828,-1.17742,0.44270,0.04270,-0.94270,normal
9.68000,-7.24194,-2.06129,-1.24194,0.42022,0.02022,-0.92022,normal
9.70000,-7.85000,-2.10000,-1.25000,0.30000,0.00000,-0.80000,normal
9.72000,-8.88280,-2.43441,-1.08280,0.00000,0.10000,-0.47021,normal
9.74000,-8.86129,-2.47742,-1.06129,0.00000,0.10000,-0.42766,normal
9.76000,-8.83978,-2.52043,-1.03978,0.00000,0.10000,-0.38511,normal
9.78000,-8.81828,-2.56344,-1.01828,0.00000,0.10000,-0.34255,normal
9.80000,-8.90000,-2.90000,-1.10000,0.00000,0.10000,-0.30000,normal
9.82000,-8.64316,-3.00000,-0.94316,0.02752,0.42752,0.42752,normal
9.84000,-8.58000,-3.00000,-0.88000,0.06422,0.46422,0.46422,normal
9.86000,-8.51684,-3.00000,-0.81684,0.10092,0.50092,0.50092,normal
9.88000,-8.45368,-3.00000,-0.75368,0.13761,0.53761,0.53761,normal
9.90000,-8.60000,-3.20000,-0.30000,0.17431,0.57431,0.57431,normal
9.92000,-8.93441,-3.28280,0.21720,0.90000,1.10000,1.30000,normal
9.94000,-8.97742,-3.26129,0.23871,0.92469,1.10000,1.34938,normal
9.96000,-9.02043,-3.23978,0.26022,0.94938,1.10000,1.39877,normal
9.98000,-9.06344,-3.21828,0.28172,0.97407,1.10000,1.44815,normal
10.00000,-9.54000,-3.14000,0.42000,0.99877,1.10000,1.49753,normal
10.02000,-9.82889,-3.38556,0.60000,0.88966,0.88966,1.80000,normal
10.04000,-9.87333,-3.36333,0.60000,0.86667,0.86667,1.80000,normal
10.06000,-9.91778,-3.34111,0.60000,0.84368,0.84368,1.80000,normal
10.08000,-9.96222,-3.31889,0.60000,0.82069,0.82069,1.80000,normal
10.10000,-10.60000,-3.00000,0.70000,0.78000,0.58000,1.76000,normal
10.12000,-11.56737,-2.90000,0.51684,0.37500,0.28750,1.28750,normal
10.14000,-11.65158,-2.90000,0.53789,0.33333,0.26667,1.26667,normal
10.16000,-11.73579,-2.90000,0.55895,0.29167,0.24583,1.24583,normal
10.18000,-11.82000,-2.90000,0.58000,0.25000,0.22500,1.22500,normal
10.20000,-12.50000,-3.20000,0.60000,0.20833,0.20417,1.20417,normal
10.22000,-14.17701,-4.31149,0.13448,0.11837,-0.10918,0.90000,normal
10.24000,-14.13103,-4.33448,0.20345,0.15918,-0.12959,0.90000,normal
10.26000,-14.08506,-4.35747,0.27241,0.20000,-0.15000,0.90000,normal
10.28000,-14.03908,-4.38046,0.34138,0.24082,-0.17041,0.90000,normal
10.30000,-14.75000,-4.30000,0.75000,0.28163,-0.19082,0.90000,normal
10.32000,-11.92857,-3.05055,0.38352,0.60000,-0.70000,0.20000,normal
10.34000,-11.64286,-2.85275,0.31758,0.37368,-0.92632,-0.27895,normal
10.36000,-11.35714,-2.65495,0.25165,0.32105,-0.97895,-0.43684,normal
10.38000,-11.07143,-2.45714,0.18571,0.26842,-1.03158,-0.59474,normal
10.40000,-10.78571,-2.25934,0.11978,0.21579,-1.08421,-0.75263,normal
10.42000,-9.98161,-1.32759,0.05402,-0.70000,-1.10000,-2.93111,normal
10.44000,-9.93563,-1.39655,-0.06092,-0.70000,-1.10000,-3.02000,normal
10.46000,-9.88966,-1.46552,-0.17586,-0.70000,-1.10000,-3.10889,normal
10.48000,-9.84368,-1.53448,-0.29080,-0.70000,-1.10000,-3.19778,normal
10.50000,-9.70000,-1.65000,-0.41667,-0.70000,-1.10000,-3.28667,normal
10.52000,-7.57701,-2.86552,-0.31149,-0.58901,-0.58901,-3.07802,normal
10.54000,-7.53103,-2.79655,-0.33448,-0.56703,-0.56703,-3.03407,normal
10.56000,-7.48506,-2.72759,-0.35747,-0.54505,-0.54505,-2.99011,normal
10.58000,-7.43908,-2.65862,-0.38046,-0.52308,-0.52308,-2.94615,normal
10.60000,-6.20000,-1.80000,-0.30000,-0.50110,-0.50110,-2.90220,normal
10.62000,-6.38556,-1.71444,-0.05667,0.10000,-0.30000,-1.86604,normal
10.64000,-6.36333,-1.73667,0.01000,0.10000,-0.30000,-1.80943,normal
10.66000,-6.34111,-1.75889,0.07667,0.10000,-0.30000,-1.75283,normal
10.68000,-6.31889,-1.78111,0.14333,0.10000,-0.30000,-1.69623,normal
10.70000,-6.10000,-2.15000,0.85000,0.10000,-0.30000,-1.63962,normal
10.72000,-6.30000,-3.50000,1.70000,0.10000,-0.17000,-0.55000,normal
10.74000,-6.22308,-3.50000,1.75128,0.13333,0.01667,0.36667,normal
10.76000,-6.14615,-3.50000,1.80256,0.18889,0.04444,0.47778,normal
10.78000,-6.06923,-3.50000,1.85385,0.24444,0.07222,0.58889,normal
10.80000,-6.00000,-3.50000,2.10000,0.30000,0.10000,0.70000,normal
10.82000,-7.33077,-3.66923,2.50000,1.00000,0.70000,2.01649,normal
10.84000,-7.37473,-3.62527,2.50000,1.00000,0.70000,2.05773,normal
10.86000,-7.41868,-3.58132,2.50000,1.00000,0.70000,2.09897,normal
10.88000,-7.46264,-3.53736,2.50000,1.00000,0.70000,2.14021,normal
10.90000,-8.10000,-3.05000,2.50000,1.00000,0.70000,2.18144,normal
10.92000,-9.70323,-2.85161,1.42796,-0.11778,0.69556,2.80000,normal
10.94000,-9.83226,-2.91613,1.21290,-0.20667,0.67333,2.80000,normal
10.96000,-9.96129,-2.98065,0.99785,-0.29556,0.65111,2.80000,normal
10.98000,-10.09032,-3.04516,0.78280,-0.38444,0.62889,2.80000,normal
11.00000,-11.00000,-5.70000,0.00000,-0.47333,0.60667,2.80000,normal
11.02000,-12.70941,-4.30588,0.50941,1.60707,1.00000,2.16465,normal
11.04000,-12.73294,-4.07059,0.53294,1.62727,1.00000,2.06364,normal
11.06000,-12.75647,-3.83529,0.55647,1.64747,1.00000,1.96263,normal
11.08000,-12.78000,-3.60000,0.58000,1.66768,1.00000,1.86162,normal
11.10000,-12.34000,-3.08667,1.56000,1.68788,1.00000,1.76061,normal
11.12000,-15.97215,-3.81013,1.59241,1.17692,1.20769,1.23846,normal
11.14000,-15.69367,-3.91139,1.51646,-0.87534,1.03973,0.66986,normal
11.16000,-15.41519,-4.01266,1.44051,-1.01233,0.93014,0.61507,normal
11.18000,-15.13671,-4.11392,1.36456,-1.14932,0.82055,0.56027,normal
11.20000,-13.55000,-4.15000,1.00000,-1.28630,0.71096,0.50548,normal
11.22000,-9.92000,-3.36000,0.90000,-0.65227,-0.09205,-0.31591,normal
11.24000,-9.78667,-3.29333,0.90000,-0.51591,-0.06932,-0.36136,normal
11.26000,-9.65333,-3.22667,0.90000,-0.37955,-0.04659,-0.40682,normal
11.28000,-9.52000,-3.16000,0.90000,-0.24318,-0.02386,-0.45227,normal
11.30000,-9.40000,-3.16667,0.83333,-0.10682,-0.00114,-0.49773,normal
11.32000,-9.29889,-2.91333,-0.14333,0.58667,-0.72667,-1.10000,normal
11.34000,-9.14333,-2.78000,-0.21000,0.56444,-0.77111,-1.10000,normal
11.36000,-8.98778,-2.64667,-0.27667,0.54222,-0.81556,-1.10000,normal
11.38000,-8.83222,-2.51333,-0.34333,0.52000,-0.86000,-1.10000,normal
11.40000,-6.90000,-2.10000,-0.70000,0.34000,-0.98000,-1.18000,normal
11.42000,-6.43478,-2.41739,-0.78261,-0.39121,-0.69121,-1.60879,normal
11.44000,-6.47826,-2.43913,-0.76087,-0.36923,-0.66923,-1.63077,normal
11.46000,-6.52174,-2.46087,-0.73913,-0.34725,-0.64725,-1.65275,normal
11.48000,-6.56522,-2.48261,-0.71739,-0.32527,-0.62527,-1.67473,normal
11.50000,-6.56000,-2.58000,-0.70000,-0.30330,-0.60330,-1.69670,normal
11.52000,-7.06250,-2.90000,-1.13750,0.20941,-0.09529,-1.69529,normal
11.54000,-7.17614,-2.90000,-1.20568,0.25647,-0.07176,-1.67176,normal
11.56000,-7.28977,-2.90000,-1.27386,0.30353,-0.04824,-1.64824,normal
11.58000,-7.40341,-2.90000,-1.34205,0.35059,-0.02471,-1.62471,normal
11.60000,-8.20000,-2.90000,-1.70000,0.39765,-0.00118,-1.60118,normal
11.62000,-9.42889,-3.14444,-1.78667,0.56552,0.40690,-0.98621,normal
11.64000,-9.47333,-3.36667,-1.92000,0.45057,0.42989,-0.94023,normal
11.66000,-9.51778,-3.58889,-2.05333,0.33563,0.45287,-0.89425,normal
11.68000,-9.56222,-3.81111,-2.18667,0.22069,0.47586,-0.84828,normal
11.70000,-9.00000,-4.80000,-1.90000,0.10575,0.49885,-0.80230,normal
11.72000,-8.15667,-3.82778,-1.22778,1.81798,1.01798,-0.49101,normal
11.74000,-8.09000,-3.71667,-1.11667,1.86292,1.06292,-0.46854,normal
11.76000,-8.02333,-3.60556,-1.00556,1.90787,1.10787,-0.44607,normal
11.78000,-7.95667,-3.49444,-0.89444,1.95281,1.15281,-0.42360,normal
11.80000,-7.70000,-3.20000,-0.10000,1.99775,1.19775,-0.40112,normal
11.82000,-7.10000,-3.74615,0.51538,1.00000,1.30000,-0.07327,normal
11.84000,-7.10000,-3.81209,0.53736,1.00000,1.30000,-0.01386,normal
11.86000,-7.10000,-3.87802,0.55934,1.00000,1.30000,0.04554,normal
11.88000,-7.10000,-3.94396,0.58132,1.00000,1.30000,0.10495,normal
11.90000,-7.16000,-4.03000,0.63000,1.00000,1.30000,0.16436,normal
11.92000,-9.31154,-4.10641,0.80000,1.16000,1.30000,0.36000,normal
11.94000,-9.54231,-4.23462,0.80000,1.50000,1.09846,1.30462,normal
11.96000,-9.77308,-4.36282,0.80000,1.50000,1.06769,1.39692,normal
11.98000,-10.00385,-4.49103,0.80000,1.50000,1.03692,1.48923,normal
12.00000,-10.42500,-4.90000,0.80000,1.50000,1.00615,1.58154,normal
12.02000,-11.96552,-3.78851,1.60345,2.00000,0.69277,1.78554,normal
12.04000,-11.89655,-3.76552,1.81034,2.00000,0.66867,1.73735,normal
12.06000,-11.82759,-3.74253,2.01724,2.00000,0.64458,1.68916,normal
12.08000,-11.75862,-3.71954,2.22414,2.00000,0.62048,1.64096,normal
12.10000,-10.60000,-2.90000,3.30000,2.00000,0.50000,1.15000,normal
12.12000,-9.33118,-2.64839,2.39677,0.92157,-0.03137,0.46863,normal
12.14000,-9.24516,-2.58387,2.26774,0.82353,-0.07059,0.42941,normal
12.16000,-9.15914,-2.51935,2.13871,0.72549,-0.10980,0.39020,normal
12.18000,-9.07312,-2.45484,2.00968,0.62745,-0.14902,0.35098,normal
12.20000,-8.25000,-1.95000,0.75000,0.52941,-0.18824,0.31176,normal
12.22000,-9.21720,-2.96882,0.11720,-0.89647,-0.70353,-0.40353,normal
12.24000,-9.23871,-3.05484,0.13871,-0.87294,-0.72706,-0.42706,normal
12.26000,-9.26022,-3.14086,0.16022,-0.84941,-0.75059,-0.45059,normal
12.28000,-9.28172,-3.22688,0.18172,-0.82588,-0.77412,-0.47412,normal
12.30000,-9.90000,-3.80000,-0.10000,-0.80235,-0.79765,-0.49765,normal
12.32000,-10.17303,-3.63258,0.32697,-0.90000,-0.88652,-0.81348,normal
12.34000,-10.12809,-3.52022,0.37191,-0.90000,-0.86404,-0.83596,normal
12.36000,-10.08315,-3.40787,0.41685,-0.90000,-0.84157,-0.85843,normal
12.38000,-10.03820,-3.29551,0.46180,-0.90000,-0.81910,-0.88090,normal
12.40000,-9.00000,-2.40000,0.20000,-0.96000,-0.74000,-0.96000,normal
12.42000,-8.52766,-2.77234,-0.16383,-1.06250,-0.08750,-0.98750,normal
12.44000,-8.44255,-2.85745,-0.12128,-0.99432,-0.06477,-0.96477,normal
12.46000,-8.35745,-2.94255,-0.07872,-0.92614,-0.04205,-0.94205,normal
12.48000,-8.27234,-3.02766,-0.03617,-0.85795,-0.01932,-0.91932,normal
12.50000,-7.80000,-3.60000,0.10000,0.00000,0.30000,-0.30000,normal
12.52000,-6.95258,-3.59485,0.41753,1.07547,0.63019,0.23019,normal
12.54000,-7.01443,-3.47113,0.43814,1.16981,0.66792,0.26792,normal
12.56000,-7.07629,-3.34742,0.45876,1.26415,0.70566,0.30566,normal
12.58000,-7.13814,-3.22371,0.47938,1.35849,0.74340,0.34340,normal
12.60000,-7.20000,-3.10000,0.50000,1.45283,0.78113,0.38113,normal
12.62000,-7.53000,-2.90000,1.90000,2.10000,1.00000,1.01538,normal
12.64000,-7.68000,-2.90000,1.90000,2.08841,1.00000,1.22319,normal
12.66000,-7.83000,-2.90000,1.90000,2.05942,1.00000,1.28116,normal
12.68000,-7.98000,-2.90000,1.90000,2.03043,1.00000,1.33913,normal
12.70000,-9.60000,-2.80000,1.50000,2.00145,1.00000,1.39710,normal
12.72000,-11.72921,-2.12697,0.86854,1.04222,0.45667,1.05667,normal
12.74000,-11.77416,-2.01461,0.66629,0.95333,0.39000,0.99000,normal
12.76000,-11.81910,-1.90225,0.46404,0.86444,0.32333,0.92333,normal
12.78000,-11.86404,-1.78989,0.26180,0.77556,0.25667,0.85667,normal
12.80000,-14.20000,-1.20000,-0.80000,0.45000,0.20000,0.65000,normal
12.82000,-17.02766,-2.50745,-0.53723,-1.41165,0.07670,-0.20000,normal
12.84000,-16.94255,-2.86915,-0.34574,-1.43107,0.03786,-0.20000,normal
12.86000,-16.85745,-3.23085,-0.15426,-1.45049,-0.00097,-0.20000,normal
12.88000,-16.77234,-3.59255,0.03723,-1.46990,-0.03981,-0.20000,normal
12.90000,-13.80000,-5.40000,0.60000,-1.48932,-0.07864,-0.20000,normal
12.92000,-8.13778,-3.20444,0.57556,0.39697,0.51515,0.39091,normal
12.94000,-8.04889,-2.78222,0.39778,0.37677,0.61616,0.33030,normal
12.96000,-7.96000,-2.36000,0.22000,0.35657,0.71717,0.26970,normal
12.98000,-7.87111,-1.93778,0.04222,0.33636,0.81818,0.20909,normal
13.00000,-10.30000,-1.30000,-2.40000,0.31616,0.91919,0.14848,normal
13.02000,-7.71667,-4.11667,-1.90000,-0.39091,0.96364,-0.62727,normal
13.04000,-7.08378,-4.37297,-1.65405,0.03279,0.38689,-0.90000,normal
13.06000,-6.73243,-4.45405,-1.49189,0.19672,0.32131,-0.90000,normal
13.08000,-6.38108,-4.53514,-1.32973,0.36066,0.25574,-0.90000,normal
13.10000,-5.03333,-2.70000,-1.20000,0.90000,0.20000,-0.90000,normal
13.12000,-5.19474,-2.48105,-1.18105,1.25426,0.31809,-1.01809,normal
13.14000,-5.30000,-2.46000,-1.16000,1.31809,0.33936,-1.03936,normal
13.16000,-5.40526,-2.43895,-1.13895,1.38191,0.36064,-1.06064,normal
13.18000,-5.51053,-2.41789,-1.11789,1.44574,0.38191,-1.08191,normal
13.20000,-7.20000,-3.30000,-0.30000,2.00000,0.30000,-1.20000,normal
13.22000,-8.19043,-3.46383,-0.57234,2.06596,0.10000,-0.96596,normal
13.24000,-8.29681,-3.42128,-0.65745,2.02340,0.10000,-0.92340,normal
13.26000,-8.40319,-3.37872,-0.74255,1.98085,0.10000,-0.88085,normal
13.28000,-8.50957,-3.33617,-0.82766,1.93830,0.10000,-0.83830,normal
13.30000,-10.30000,-3.50000,-0.80000,1.55000,0.10000,-0.65000,normal
13.32000,-10.33118,-3.40000,-0.98280,1.30000,0.00000,-0.40000,normal
13.34000,-10.24516,-3.40000,-0.96129,1.30000,0.00000,-0.40000,normal
13.36000,-10.15914,-3.40000,-0.93978,1.30000,0.00000,-0.40000,normal
13.38000,-10.07312,-3.40000,-0.91828,1.30000,0.00000,-0.40000,normal
13.40000,-9.60000,-2.80000,-1.00000,1.30000,0.00000,-0.40000,normal
13.42000,-8.57907,-2.10000,-0.66860,0.96250,0.00000,-0.56875,normal
13.44000,-8.53256,-2.10000,-0.59884,0.76486,0.01757,-0.71757,normal
13.46000,-8.48605,-2.10000,-0.52907,0.71081,0.04459,-0.74459,normal
13.48000,-8.43953,-2.10000,-0.45930,0.65676,0.07162,-0.77162,normal
13.50000,-8.40000,-2.22000,-0.28000,0.60270,0.09865,-0.79865,normal
13.52000,-8.00000,-2.50000,0.20000,0.18966,0.20000,-0.47931,normal
13.54000,-8.00000,-2.50000,0.20000,0.16667,0.20000,-0.43333,normal
13.56000,-8.00000,-2.50000,0.20000,0.14368,0.20000,-0.38736,normal
13.58000,-8.00000,-2.50000,0.20000,0.12069,0.20000,-0.34138,normal
13.60000,-8.10000,-2.60000,0.46667,-0.10000,0.25000,0.05000,normal
13.62000,-8.92366,-2.43441,0.50000,-0.30000,0.31368,0.74105,normal
13.64000,-9.20323,-2.47742,0.50000,-0.30000,0.33474,0.80421,normal
13.66000,-9.48280,-2.52043,0.50000,-0.30000,0.35579,0.86737,normal
13.68000,-9.76237,-2.56344,0.50000,-0.30000,0.37684,0.93053,normal
13.70000,-10.80000,-2.80000,0.35000,-0.30000,0.39789,0.99368,normal
13.72000,-16.64667,-3.94000,-0.58000,-0.61048,0.10000,2.63143,normal
13.74000,-16.89111,-4.00667,-0.71333,-0.62952,0.10000,2.68857,normal
13.76000,-17.13556,-4.07333,-0.84667,-0.64857,0.10000,2.74571,normal
13.78000,-17.38000,-4.14000,-0.98000,-0.66762,0.10000,2.80286,normal
13.80000,-17.80000,-4.46667,-0.96667,-0.68667,0.10000,2.86000,normal
13.82000,-10.50000,-4.70000,0.70000,-0.75000,-0.25000,2.95000,normal
13.84000,-9.85065,-4.38831,0.77792,0.16957,-0.68261,2.19565,normal
13.86000,-9.20130,-4.07662,0.85584,0.28551,-0.65362,2.02174,normal
13.88000,-8.55195,-3.76494,0.93377,0.40145,-0.62464,1.84783,normal
13.90000,-9.30000,-1.30000,1.30000,0.60000,0.10000,0.60000,normal
13.92000,-7.49892,-1.09140,0.64516,-0.85581,-0.60698,-0.42791,normal
13.94000,-7.26237,-1.19892,0.58065,-1.04186,-0.63023,-0.52093,normal
13.96000,-7.02581,-1.30645,0.51613,-1.22791,-0.65349,-0.61395,normal
13.98000,-6.78925,-1.41398,0.45161,-1.41395,-0.67674,-0.70698,normal
14.00000,-6.04000,-1.98000,0.18000,-1.60000,-0.70000,-0.80000,normal
14.02000,-5.91556,-2.83111,0.01556,-2.67176,-0.69059,-1.50941,normal
14.04000,-5.93778,-2.87556,0.03778,-2.60118,-0.66706,-1.53294,normal
14.06000,-5.96000,-2.92000,0.06000,-2.53059,-0.64353,-1.55647,normal
14.08000,-5.98222,-2.96444,0.08222,-2.46000,-0.62000,-1.58000,normal
14.10000,-6.80000,-3.20000,-0.10000,-2.25000,-0.55000,-1.55000,normal
14.12000,-7.33617,-3.28191,0.35426,-0.86289,-0.28763,-0.97526,normal
14.14000,-7.37872,-3.26064,0.41809,-0.80103,-0.26701,-0.93402,normal
14.16000,-7.42128,-3.23936,0.48191,-0.73918,-0.24639,-0.89278,normal
14.18000,-7.46383,-3.21809,0.54574,-0.67732,-0.22577,-0.85155,normal
14.20000,-7.50000,-3.16667,0.60000,-0.61546,-0.20515,-0.81031,normal
14.22000,-8.71059,-3.87882,1.51059,-0.41250,-0.10625,-0.51875,normal
14.24000,-8.73412,-3.83176,1.53412,0.56364,0.40000,0.53818,normal
14.26000,-8.75765,-3.78471,1.55765,0.65455,0.40000,0.59273,normal
14.28000,-8.78118,-3.73765,1.58118,0.74545,0.40000,0.64727,normal
14.30000,-9.26667,-3.06667,1.63333,0.83636,0.40000,0.70182,normal
14.32000,-9.59697,-1.84242,2.14848,0.92727,0.40000,0.75636,normal
14.34000,-9.45625,-1.62500,2.07500,1.45000,0.60000,0.85000,normal
14.36000,-9.23750,-1.75000,1.95000,0.64063,0.39375,0.62656,normal
14.38000,-9.01875,-1.87500,1.82500,0.45312,0.26875,0.65781,normal
14.40000,-8.80000,-2.00000,1.70000,0.26562,0.14375,0.68906,normal
14.42000,-9.26364,-3.29205,1.47614,0.20729,0.10000,0.80729,normal
14.44000,-9.44545,-3.26932,1.40795,0.22812,0.10000,0.82812,normal
14.46000,-9.62727,-3.24659,1.33977,0.24896,0.10000,0.84896,normal
14.48000,-9.80909,-3.22386,1.27159,0.26979,0.10000,0.86979,normal
14.50000,-9.99091,-3.20114,1.20341,0.29062,0.10000,0.89062,normal
14.52000,-13.52921,-2.07079,-0.15843,0.00000,0.10000,0.45000,normal
14.54000,-13.57416,-2.02584,-0.24831,-0.17308,0.00000,0.25128,normal
14.56000,-13.61910,-1.98090,-0.33820,-0.25000,0.00000,0.20000,normal
14.58000,-13.66404,-1.93596,-0.42809,-0.32692,0.00000,0.14872,normal
14.60000,-14.50000,-2.80000,-1.10000,-0.80000,0.20000,0.00000,normal
14.62000,-9.91720,-4.40000,0.55484,-0.64444,0.03333,0.01111,normal
14.64000,-9.70215,-4.40000,0.61935,-0.53333,0.10000,0.03333,normal
14.66000,-9.48710,-4.40000,0.68387,-0.42222,0.16667,0.05556,normal
14.68000,-9.27204,-4.40000,0.74839,-0.31111,0.23333,0.07778,normal
14.70000,-9.18000,-4.08000,0.88000,-0.20000,0.30000,0.10000,normal
14.72000,-10.03778,-2.49111,-0.34667,2.00864,0.77407,-0.83457,normal
14.74000,-9.94889,-2.33556,-0.41333,2.03333,0.70000,-0.93333,normal
14.76000,-9.86000,-2.18000,-0.48000,2.05802,0.62593,-1.03210,normal
14.78000,-9.77111,-2.02444,-0.54667,2.08272,0.55185,-1.13086,normal
14.80000,-8.40000,-1.20000,-0.25000,0.99744,-0.00171,-2.00085,normal
14.82000,-8.40000,-1.20000,-0.18000,0.94615,-0.03590,-2.01795,normal
14.84000,-8.40000,-1.20000,-0.15895,0.89487,-0.07009,-2.03504,normal
14.86000,-8.40000,-1.20000,-0.13789,0.84359,-0.10427,-2.05214,normal
14.88000,-8.40000,-1.20000,-0.11684,0.79231,-0.13846,-2.06923,normal
14.90000,-8.00000,-1.10000,-0.50000,0.74103,-0.17265,-2.08632,normal
14.92000,-7.69091,-1.95455,-0.44545,-0.05000,-0.35000,-2.20000,normal
14.94000,-7.50909,-2.04545,-0.35455,-0.50000,-0.30000,-1.95584,normal
14.96000,-7.32727,-2.13636,-0.26364,-0.50000,-0.30000,-1.90390,normal
14.98000,-7.14545,-2.22727,-0.17273,-0.50000,-0.30000,-1.85195,normal
15.00000,-6.58333,-2.66667,-0.13333,-0.50000,-0.30000,-1.80000,normal
15.02000,-6.77065,-2.17174,-0.51413,0.32553,0.41277,-0.66170,normal
15.04000,-6.87935,-2.12826,-0.53587,0.36809,0.43404,-0.59787,normal
15.06000,-6.98804,-2.08478,-0.55761,0.41064,0.45532,-0.53404,normal
15.08000,-7.09674,-2.04130,-0.57935,0.45319,0.47660,-0.47021,normal
15.10000,-8.00000,-2.10000,-0.60000,0.49574,0.49787,-0.40638,normal
15.12000,-9.24545,-2.02727,-1.02727,-0.11098,0.19634,0.70732,normal
15.14000,-9.15455,-2.07273,-1.07273,-0.18415,0.17195,0.75610,normal
15.16000,-9.06364,-2.11818,-1.11818,-0.25732,0.14756,0.80488,normal
15.18000,-8.97273,-2.16364,-1.16364,-0.33049,0.12317,0.85366,normal
15.20000,-8.55000,-2.75000,-0.80000,-0.45000,0.08333,0.93333,normal
15.22000,-9.08898,-3.21271,-0.51271,-0.48462,0.20769,1.82308,normal
15.24000,-9.20763,-3.22966,-0.52966,-0.45385,0.22308,1.86923,normal
15.26000,-9.32627,-3.24661,-0.54661,-0.42308,0.23846,1.91538,normal
15.28000,-9.44492,-3.26356,-0.56356,-0.39231,0.25385,1.96154,normal
15.30000,-9.56356,-3.28051,-0.58051,-0.36154,0.26923,2.00769,normal
15.32000,-9.68220,-3.29746,-0.59746,-0.33077,0.28462,2.05385,normal
15.34000,-11.78462,-3.70769,-0.70000,-0.30000,0.30000,2.10000,normal
15.36000,-12.27000,-3.83500,-0.70000,0.00147,0.30000,2.80000,normal
15.38000,-12.37000,-3.88500,-0.70000,0.03088,0.30000,2.80000,normal
15.40000,-12.47000,-3.93500,-0.70000,0.06029,0.30000,2.80000,normal
15.42000,-12.57000,-3.98500,-0.70000,0.08971,0.30000,2.80000,normal
15.44000,-14.81111,-4.60000,-0.16667,0.90952,0.20000,2.08730,normal
15.46000,-14.84286,-4.60000,-0.07143,1.00476,0.20000,1.96032,normal
15.48000,-14.87460,-4.60000,0.02381,1.10000,0.20000,1.83333,normal
15.50000,-13.22857,-3.85714,0.77143,1.19524,0.20000,1.70635,normal
15.52000,-10.73933,-2.19775,0.30000,0.81818,-0.72727,-0.38182,normal
15.54000,-10.49213,-2.04045,0.30000,0.68182,-0.77273,-0.51818,normal
15.56000,-10.24494,-1.88315,0.30000,0.54545,-0.81818,-0.65455,normal
15.58000,-9.99775,-1.72584,0.30000,0.40909,-0.86364,-0.79091,normal
15.60000,-10.10000,-1.10000,-0.40000,-1.00000,-0.90000,-2.35000,normal
15.62000,-10.06170,-1.51489,-0.51915,-1.53333,-0.90000,-3.03333,normal
15.64000,-10.01915,-1.64255,-0.54043,-1.57255,-0.90000,-3.07255,normal
15.66000,-9.97660,-1.77021,-0.56170,-1.61176,-0.90000,-3.11176,normal
15.68000,-9.93404,-1.89787,-0.58298,-1.65098,-0.90000,-3.15098,normal
15.70000,-9.24000,-3.01000,0.01000,-1.69020,-0.90000,-3.19020,normal
15.72000,-8.26824,-2.86824,0.11059,-1.38000,-0.74000,-3.40000,normal
15.74000,-8.19765,-2.79765,0.13412,-0.92000,-0.58000,-3.26000,normal
15.76000,-8.12706,-2.72706,0.15765,-0.81333,-0.55333,-3.20667,normal
15.78000,-8.05647,-2.65647,0.18118,-0.70667,-0.52667,-3.15333,normal
15.80000,-7.60000,-2.04000,0.38000,-0.60000,-0.50000,-3.10000,normal
15.82000,-7.47586,-1.70000,0.46034,0.50000,-0.40000,-2.27568,normal
15.84000,-7.44138,-1.70000,0.54655,0.50000,-0.40000,-2.22162,normal
15.86000,-7.40690,-1.70000,0.63276,0.50000,-0.40000,-2.16757,normal
15.88000,-7.37241,-1.70000,0.71897,0.50000,-0.40000,-2.11351,normal
15.90000,-7.33793,-1.70000,0.80517,0.50000,-0.40000,-2.05946,normal
15.92000,-7.30345,-1.70000,0.89138,0.50000,-0.40000,-2.00541,normal
15.94000,-5.94857,-1.95143,1.33429,0.07000,-0.38500,-0.12500,normal
15.96000,-5.86286,-2.03714,1.39143,0.02000,-0.36000,0.00000,normal
15.98000,-5.77714,-2.12286,1.44857,-0.03000,-0.33500,0.12500,normal
16.00000,-5.90000,-2.90000,1.40000,-0.08000,-0.31000,0.25000,normal
16.02000,-7.45976,-5.30610,2.10854,1.81684,0.30421,2.60842,normal
16.04000,-7.63049,-5.03780,2.13293,1.90105,0.32526,2.65053,normal
16.06000,-7.80122,-4.76951,2.15732,1.98526,0.34632,2.69263,normal
16.08000,-7.97195,-4.50122,2.18171,2.06947,0.36737,2.73474,normal
16.10000,-8.35000,-3.75833,2.24167,2.15368,0.38842,2.77684,normal
16.12000,-9.81111,-1.90741,2.51111,2.02000,0.40000,2.89000,normal
16.14000,-9.88519,-1.95679,2.58519,0.42933,0.50000,2.77867,normal
16.16000,-9.95926,-2.00617,2.65926,0.21600,0.50000,2.75200,normal
16.18000,-10.03333,-2.05556,2.73333,0.00267,0.50000,2.72533,normal
16.20000,-10.10000,-2.43333,2.86667,-0.60000,0.50000,2.60000,normal
16.22000,-10.66604,-4.02642,1.76038,-1.57879,0.49293,2.20000,normal
16.24000,-10.76038,-4.06415,1.70377,-1.51818,0.47273,2.20000,normal
16.26000,-10.85472,-4.10189,1.64717,-1.45758,0.45253,2.20000,normal
16.28000,-10.94906,-4.13962,1.59057,-1.39697,0.43232,2.20000,normal
16.30000,-11.04340,-4.17736,1.53396,-1.33636,0.41212,2.20000,normal
16.32000,-14.38835,-4.69417,0.70194,-0.45714,0.42857,2.12857,normal
16.34000,-14.27184,-4.63592,0.72136,-0.26495,0.18247,1.76495,normal
16.36000,-14.15534,-4.57767,0.74078,-0.22371,0.16186,1.72371,normal
16.38000,-14.03883,-4.51942,0.76019,-0.18247,0.14124,1.68247,normal
16.40000,-13.92233,-4.46117,0.77961,-0.14124,0.12062,1.64124,normal
16.42000,-13.80583,-4.40291,0.79903,-0.10000,0.10000,1.60000,normal
16.44000,-13.75068,-3.94247,1.52329,0.53704,0.17531,0.33827,normal
16.46000,-13.39452,-3.86027,1.41370,0.61111,0.12593,0.21481,normal
16.48000,-13.03836,-3.77808,1.30411,0.68519,0.07654,0.09136,normal
16.50000,-11.70000,-3.45000,1.00000,0.75926,0.02716,-0.03210,normal
16.52000,-9.52727,-2.79610,0.96883,0.94444,-0.20000,-0.72222,normal
16.54000,-9.70909,-2.77013,0.76104,1.70000,0.19483,-1.80517,normal
16.56000,-9.89091,-2.74416,0.55325,1.70000,0.16034,-1.83966,normal
16.58000,-10.07273,-2.71818,0.34545,1.70000,0.12586,-1.87414,normal
16.60000,-9.10000,-2.33333,-0.76667,1.39837,-0.50000,-1.90000,normal
16.62000,-8.75750,-2.30000,-0.80000,1.38211,-0.50000,-1.90000,normal
16.64000,-8.60750,-2.30000,-0.80000,1.36585,-0.50000,-1.90000,normal
16.66000,-8.45750,-2.30000,-0.80000,1.34959,-0.50000,-1.90000,normal
16.68000,-8.30750,-2.30000,-0.80000,1.33333,-0.50000,-1.90000,normal
16.70000,-8.15750,-2.30000,-0.80000,1.31707,-0.50000,-1.90000,normal
16.72000,-8.00750,-2.30000,-0.80000,1.30081,-0.50000,-1.90000,normal
16.74000,-7.27429,-2.08143,-0.95571,1.19000,-0.29000,-2.00000,normal
16.76000,-7.38857,-2.05286,-1.04143,1.16500,-0.26500,-2.00000,normal
16.78000,-7.50286,-2.02429,-1.12714,1.14000,-0.24000,-2.00000,normal
16.80000,-7.45000,-2.05000,-1.50000,1.11500,-0.21500,-2.00000,normal
16.82000,-8.44762,-3.24762,-1.91190,0.90000,0.35714,-1.62857,normal
16.84000,-8.54286,-3.34286,-1.93571,1.12206,0.54412,-1.21176,normal
16.86000,-8.63810,-3.43810,-1.95952,1.15147,0.60294,-1.09412,normal
16.88000,-8.73333,-3.53333,-1.98333,1.18088,0.66176,-0.97647,normal
16.90000,-9.00103,-3.30000,-1.99794,1.45000,0.80000,-0.55000,normal
16.92000,-9.02165,-3.30000,-1.95670,1.60000,0.92391,-0.28804,normal
16.94000,-9.04227,-3.30000,-1.91546,1.60000,0.96739,-0.26630,normal
16.96000,-9.06289,-3.30000,-1.87423,1.60000,1.01087,-0.24457,normal
16.98000,-9.08351,-3.30000,-1.83299,1.60000,1.05435,-0.22283,normal
17.00000,-9.00000,-3.08333,-1.45000,1.60000,1.09783,-0.20109,normal
17.02000,-9.07982,-2.80000,-0.75439,2.20811,1.60811,-0.40000,normal
17.04000,-9.20263,-2.80000,-0.68421,2.22613,1.62613,-0.40000,normal
17.06000,-9.32544,-2.80000,-0.61404,2.24414,1.64414,-0.40000,normal
17.08000,-9.44825,-2.80000,-0.54386,2.26216,1.66216,-0.40000,normal
17.10000,-9.57105,-2.80000,-0.47368,2.28018,1.68018,-0.40000,normal
17.12000,-9.69386,-2.80000,-0.40351,2.29820,1.69820,-0.40000,normal
17.14000,-12.13191,-2.56170,0.72553,1.22524,1.34660,0.10000,normal
17.16000,-11.68511,-2.49787,0.76809,1.08932,1.24951,0.10000,normal
17.18000,-11.23830,-2.43404,0.81064,0.95340,1.15243,0.10000,normal
17.20000,-10.79149,-2.37021,0.85319,0.81748,1.05534,0.10000,normal
17.22000,-10.34468,-2.30638,0.89574,0.68155,0.95825,0.10000,normal
17.24000,-9.70233,-3.70000,2.28605,-0.20000,0.85000,0.30000,normal
17.26000,-9.72558,-3.70000,2.14651,1.44225,1.39296,0.51408,normal
17.28000,-9.74884,-3.70000,2.00698,1.61127,1.36479,0.57042,normal
17.30000,-9.77209,-3.70000,1.86744,1.78028,1.33662,0.62676,normal
17.32000,-9.79535,-3.70000,1.72791,1.94930,1.30845,0.68310,normal
17.34000,-10.55402,-3.04023,2.74483,1.10000,0.29070,1.09070,normal
17.36000,-10.43908,-3.89080,2.60690,1.10000,0.24419,1.04419,normal
17.38000,-10.32414,-4.74138,2.46897,1.10000,0.19767,0.99767,normal
17.40000,-10.20920,-5.59195,2.33103,1.10000,0.15116,0.95116,normal
17.42000,-9.80000,-5.35000,2.20000,1.10000,0.10465,0.90465,normal
17.44000,-8.80000,-2.64384,1.21233,1.61733,0.11733,0.76533,normal
17.46000,-8.80000,-2.69863,1.10274,1.64400,0.14400,0.71200,normal
17.48000,-8.80000,-2.75342,0.99315,1.67067,0.17067,0.65867,normal
17.50000,-8.60000,-3.00000,0.40000,1.69733,0.19733,0.60533,normal
17.52000,-8.77412,-3.41294,-0.55176,1.40625,0.40000,0.30000,normal
17.54000,-8.72706,-3.43647,-0.64588,1.42708,0.40000,0.30000,normal
17.56000,-8.68000,-3.46000,-0.74000,1.44792,0.40000,0.30000,normal
17.58000,-8.63294,-3.48353,-0.83412,1.46875,0.40000,0.30000,normal
17.60000,-8.68571,-3.58571,-1.24286,1.48958,0.40000,0.30000,normal
17.62000,-9.10500,-3.48000,-1.50000,2.11538,0.75385,0.09231,normal
17.64000,-9.13000,-3.38000,-1.50000,2.38000,0.82000,-0.02000,normal
17.66000,-9.15500,-3.28000,-1.50000,2.49429,0.84857,-0.04857,normal
17.68000,-9.18000,-3.18000,-1.50000,2.60857,0.87714,-0.07714,normal
17.70000,-9.70000,-2.30000,-1.45000,2.94000,1.10000,-0.34000,normal
17.72000,-9.59412,-2.54538,-1.33025,2.67565,1.08783,-0.48783,normal
17.74000,-9.47647,-2.59580,-1.36387,2.64087,1.07043,-0.47043,normal
17.76000,-9.35882,-2.64622,-1.39748,2.60609,1.05304,-0.45304,normal
17.78000,-9.24118,-2.69664,-1.43109,2.57130,1.03565,-0.43565,normal
17.80000,-9.12353,-2.74706,-1.46471,2.53652,1.01826,-0.41826,normal
17.82000,-9.00588,-2.79748,-1.49832,2.50174,1.00087,-0.40087,normal
17.84000,-10.48632,-2.35895,-2.90000,2.47714,0.67714,-0.10000,normal
17.86000,-10.46526,-2.29579,-2.90000,2.43905,0.63905,-0.10000,normal
17.88000,-10.44421,-2.23263,-2.90000,2.40095,0.60095,-0.10000,normal
17.90000,-10.42316,-2.16947,-2.90000,2.36286,0.56286,-0.10000,normal
17.92000,-10.40211,-2.10632,-2.90000,2.32476,0.52476,-0.10000,normal
17.94000,-9.09878,-2.30366,-2.20122,1.25000,0.45000,-0.30000,normal
17.96000,-9.07439,-2.37683,-2.22561,1.21979,0.51979,-0.30000,normal
17.98000,-9.05000,-2.45000,-2.25000,1.24063,0.54063,-0.30000,normal
18.00000,-9.02561,-2.52317,-2.27439,1.26146,0.56146,-0.30000,normal
18.02000,-9.00122,-2.59634,-2.29878,1.28229,0.58229,-0.30000,normal
18.04000,-8.95000,-3.10000,-1.40000,1.40667,0.70667,-0.29333,normal
18.06000,-9.32857,-3.22143,-1.30000,1.70000,0.90000,0.10435,normal
18.08000,-9.47143,-3.24524,-1.30000,1.70000,0.90000,0.13333,normal
18.10000,-9.61429,-3.26905,-1.30000,1.70000,0.90000,0.16232,normal
18.12000,-9.75714,-3.29286,-1.30000,1.70000,0.90000,0.19130,normal
18.14000,-10.04839,-2.56129,-1.57419,1.52500,0.35000,0.12500,normal
18.16000,-9.91935,-2.46452,-1.50968,1.42917,0.22917,0.06458,normal
18.18000,-9.79032,-2.36774,-1.44516,1.34583,0.14583,0.02292,normal
18.20000,-10.32903,-2.40242,-0.90484,0.89545,0.10000,-0.20455,normal
18.22000,-10.52258,-2.41855,-0.93710,0.88030,0.10000,-0.21970,normal
18.24000,-10.71613,-2.43468,-0.96935,0.86515,0.10000,-0.23485,normal
18.26000,-10.90968,-2.45081,-1.00161,0.85000,0.10000,-0.25000,normal
18.28000,-11.10323,-2.46694,-1.03387,0.83485,0.10000,-0.26515,normal
18.30000,-11.29677,-2.48306,-1.06613,0.81970,0.10000,-0.28030,normal
18.32000,-11.49032,-2.49919,-1.09839,0.80455,0.10000,-0.29545,normal
18.34000,-8.28125,-3.26250,0.42813,0.60849,-0.09434,-0.20000,normal
18.36000,-8.23958,-3.17917,0.49062,0.66509,-0.05660,-0.20000,normal
18.38000,-8.19792,-3.09583,0.55312,0.72170,-0.01887,-0.20000,normal
18.40000,-8.15625,-3.01250,0.61563,0.77830,0.01887,-0.20000,normal
18.42000,-8.11458,-2.92917,0.67813,0.83491,0.05660,-0.20000,normal
18.44000,-10.00000,-2.08571,-0.38571,0.89151,0.09434,-0.20000,normal
18.46000,-9.67027,-2.15946,0.04459,0.20000,-0.45000,-0.50000,normal
18.48000,-9.61622,-2.26757,0.12568,-0.09194,-0.46935,-0.46935,normal
18.50000,-9.56216,-2.37568,0.20676,-0.18871,-0.43710,-0.43710,normal
18.52000,-9.50811,-2.48378,0.28784,-0.28548,-0.40484,-0.40484,normal
18.54000,-8.28889,-2.58889,0.60000,0.40000,-0.19630,-0.20000,normal
18.56000,-8.26667,-2.56667,0.60000,0.40000,-0.17160,-0.20000,normal
18.58000,-8.24444,-2.54444,0.60000,0.40000,-0.14691,-0.20000,normal
18.60000,-8.22222,-2.52222,0.60000,0.40000,-0.12222,-0.20000,normal
18.62000,-8.20000,-2.50000,0.60000,0.40000,0.00000,-0.10000,normal
18.64000,-8.23750,-2.21563,0.38437,-0.01327,-0.10000,0.02653,normal
18.66000,-8.15417,-2.23646,0.36354,-0.03367,-0.10000,0.06735,normal
18.68000,-8.07083,-2.25729,0.34271,-0.05408,-0.10000,0.10816,normal
18.70000,-7.98750,-2.27812,0.32188,-0.07449,-0.10000,0.14898,normal
18.72000,-7.90417,-2.29896,0.30104,-0.09490,-0.10000,0.18980,normal
18.74000,-8.81011,-3.98989,1.32022,-0.18716,0.09358,0.90642,normal
18.76000,-8.83258,-3.96742,1.36517,-0.15046,0.07523,0.92477,normal
18.78000,-8.85506,-3.94494,1.41011,-0.11376,0.05688,0.94312,normal
18.80000,-8.87753,-3.92247,1.45506,-0.07706,0.03853,0.96147,normal
18.82000,-8.90000,-3.90000,1.50000,-0.04037,0.02018,0.97982,normal
18.84000,-8.81304,-4.24783,1.15217,-0.00367,0.00183,0.99817,normal
18.86000,-10.21644,-3.80137,0.68356,0.80000,0.10000,0.90000,normal
18.88000,-10.24384,-3.63699,0.65616,1.02857,0.17143,0.64286,normal
18.90000,-10.27123,-3.47260,0.62877,1.06032,0.13968,0.57937,normal
18.92000,-10.29863,-3.30822,0.60137,1.09206,0.10794,0.51587,normal
18.94000,-9.86966,-2.76067,0.32022,0.09419,-0.10000,-0.51163,normal
18.96000,-9.80225,-2.89551,0.36517,0.07093,-0.10000,-0.55814,normal
18.98000,-9.73483,-3.03034,0.41011,0.04767,-0.10000,-0.60465,normal
19.00000,-9.66742,-3.16517,0.45506,0.02442,-0.10000,-0.65116,normal
19.02000,-9.60000,-3.30000,0.50000,0.00116,-0.10000,-0.69767,normal
19.04000,-9.40000,-4.40000,0.39785,2.04771,0.00000,-0.50000,normal
19.06000,-9.40000,-4.40000,0.54839,2.12110,0.00000,-0.50000,normal
19.08000,-9.40000,-4.40000,0.69892,2.19450,0.00000,-0.50000,normal
19.10000,-9.40000,-4.40000,0.84946,2.26789,0.00000,-0.50000,normal
19.12000,-9.40000,-4.40000,1.00000,2.34128,0.00000,-0.50000,normal
19.14000,-11.08409,-3.96591,5.34318,3.20000,-0.10000,-0.75000,normal
19.16000,-10.69773,-4.85227,4.82045,2.73647,-0.58471,-1.58471,normal
19.18000,-10.31136,-5.73864,4.29773,2.66588,-0.67882,-1.67882,normal
19.20000,-9.92500,-6.62500,3.77500,2.59529,-0.77294,-1.77294,normal
19.22000,-9.53864,-7.51136,3.25227,2.52471,-0.86706,-1.86706,normal
19.24000,-6.81149,-4.87011,5.49655,4.36452,-1.48065,-1.97742,normal
19.26000,-6.55862,-3.92759,5.77241,3.97742,-1.99677,-1.91290,normal
19.28000,-6.30575,-2.98506,6.04828,4.66071,-2.45357,-1.33929,normal
19.30000,-6.05287,-2.04253,6.32414,4.87500,-2.52500,-1.12500,normal
19.32000,-5.80000,-1.10000,6.60000,5.08929,-2.59643,-0.91071,normal
19.34000,-6.39032,-0.61613,6.13011,2.71789,-2.05895,0.52737,normal
19.36000,-6.06774,-0.48710,6.02258,2.59158,-1.99579,0.56947,normal
19.38000,-5.74516,-0.35806,5.91505,2.46526,-1.93263,0.61158,normal
19.40000,-5.42258,-0.22903,5.80753,2.33895,-1.86947,0.65368,normal
19.42000,-5.10000,-0.10000,5.70000,2.21263,-1.80632,0.69579,normal
19.44000,-4.11398,1.64194,5.10215,-0.12553,-0.28298,1.50851,normal
19.46000,-4.13548,1.70645,4.95161,-0.25319,-0.19787,1.55106,normal
19.48000,-4.15699,1.77097,4.80108,-0.38085,-0.11277,1.59362,normal
19.50000,-4.17849,1.83548,4.65054,-0.50851,-0.02766,1.63617,normal
19.52000,-4.20000,1.90000,4.50000,-0.63617,0.05745,1.67872,normal
19.54000,-6.93929,0.46071,1.97500,-0.73636,1.68182,1.55455,normal
19.56000,-7.20119,0.19881,1.80833,-0.91628,1.91628,1.50000,normal
19.58000,-7.46310,-0.06310,1.64167,-0.93953,1.93953,1.50000,normal
19.60000,-7.72500,-0.32500,1.47500,-0.96279,1.96279,1.50000,normal
19.62000,-7.98690,-0.58690,1.30833,-0.98605,1.98605,1.50000,normal
19.64000,-14.29268,-6.79512,10.68537,0.90989,0.58242,-0.39560,normal
19.66000,-13.21951,-6.74634,10.53902,1.10769,0.23077,-0.30769,normal
19.68000,-12.14634,-6.69756,10.39268,1.30549,-0.12088,-0.21978,normal
19.70000,-11.07317,-6.64878,10.24634,1.50330,-0.47253,-0.13187,normal
19.72000,-10.00000,-6.60000,10.10000,1.70110,-0.82418,-0.04396,normal
19.74000,-6.64706,-1.92353,5.28824,-0.65955,0.60899,-0.69551,normal
19.76000,-6.43529,-1.61765,5.24118,-0.45730,0.65393,-0.67303,normal
19.78000,-6.22353,-1.31176,5.19412,-0.25506,0.69888,-0.65056,normal
19.80000,-6.01176,-1.00588,5.14706,-0.05281,0.74382,-0.62809,normal
19.82000,-5.80000,-0.70000,5.10000,0.14944,0.78876,-0.60562,normal
19.84000,-8.76022,-0.29247,5.72581,-0.11765,0.38235,-0.62647,normal
19.86000,-8.54516,0.18065,5.91935,-0.15686,0.34314,-0.68529,normal
19.88000,-8.33011,0.65376,6.11290,-0.19608,0.30392,-0.74412,normal
19.90000,-8.11505,1.12688,6.30645,-0.23529,0.26471,-0.80294,normal
19.92000,-7.90000,1.60000,6.50000,-0.27451,0.22549,-0.86176,normal
19.94000,-9.07381,-0.85357,5.52857,0.54000,0.60000,-1.02000,normal
19.96000,-8.55000,0.07500,6.10000,1.10615,0.59077,-1.11231,normal
19.98000,-8.02619,1.00357,6.67143,1.16769,0.49846,-1.23538,normal
20.00000,-7.50238,1.93214,7.24286,1.22923,0.40615,-1.35846,normal
20.02000,-6.97857,2.86071,7.81429,1.29077,0.31385,-1.48154,normal
20.04000,-6.80000,-0.87778,5.32222,0.05281,-0.49213,-1.46854,normal
20.06000,-7.40000,-2.23333,4.76667,-0.08202,-0.46966,-1.37865,normal
20.08000,-8.00000,-3.58889,4.21111,-0.21685,-0.44719,-1.28876,normal
20.10000,-8.60000,-4.94444,3.65556,-0.35169,-0.42472,-1.19888,normal
20.12000,-9.20000,-6.30000,3.10000,-0.48652,-0.40225,-1.10899,normal
20.14000,-7.30000,-2.80435,5.66957,-0.66020,-0.80000,-0.86020,normal
20.16000,-7.30000,-3.47826,5.45217,-0.59898,-0.80000,-0.79898,normal
20.18000,-7.30000,-4.15217,5.23478,-0.53776,-0.80000,-0.73776,normal
20.20000,-7.30000,-4.82609,5.01739,-0.47653,-0.80000,-0.67653,normal
20.22000,-7.30000,-5.50000,4.80000,-0.41531,-0.80000,-0.61531,normal
20.24000,-7.16966,-2.40112,6.92921,0.19238,-0.19238,-0.00762,normal
20.26000,-7.10225,-2.62584,6.77191,0.17333,-0.17333,-0.02667,normal
20.28000,-7.03483,-2.85056,6.61461,0.15429,-0.15429,-0.04571,normal
20.30000,-6.96742,-3.07528,6.45730,0.13524,-0.13524,-0.06476,normal
20.32000,-6.90000,-3.30000,6.30000,0.11619,-0.11619,-0.08381,normal
20.34000,-6.80449,-2.76854,11.00899,0.70000,-0.10000,0.00000,normal
20.36000,-6.84944,-2.45393,11.09888,0.79474,0.26842,-0.04211,normal
20.38000,-6.89438,-2.13933,11.18876,1.03158,0.18947,-0.14737,normal
20.40000,-6.93933,-1.82472,11.27865,1.26842,0.11053,-0.25263,normal
20.42000,-6.98427,-1.51011,11.36854,1.50526,0.03158,-0.35789,normal
20.44000,-2.57907,-2.37442,8.12558,-1.50000,0.00000,-1.10000,normal
20.46000,-2.50930,-2.95581,7.54419,-1.42500,-0.15000,-1.17500,normal
20.48000,-2.43953,-3.53721,6.96279,-1.35000,-0.30000,-1.25000,normal
20.50000,-2.36977,-4.11860,6.38140,-1.27500,-0.45000,-1.32500,normal
20.52000,-2.30000,-4.70000,5.80000,-1.20000,-0.60000,-1.40000,normal
20.54000,-2.62553,-3.75106,4.41915,0.31915,-0.58511,-0.19574,normal
20.56000,-2.51915,-3.53830,4.58936,0.48936,-0.56383,-0.04681,normal
20.58000,-2.41277,-3.32553,4.75957,0.65957,-0.54255,0.10213,normal
20.60000,-2.30638,-3.11277,4.92979,0.82979,-0.52128,0.25106,normal
20.62000,-2.20000,-2.90000,5.10000,1.00000,-0.50000,0.40000,normal
20.64000,-6.38710,-3.79570,3.56882,-1.99022,0.11630,1.91957,normal
20.66000,-7.22581,-4.07527,3.09570,-1.92500,0.22500,2.05000,normal
20.68000,-8.06452,-4.35484,2.62258,-1.85978,0.33370,2.18043,normal
20.70000,-8.90323,-4.63441,2.14946,-1.79457,0.44239,2.31087,normal
20.72000,-11.80000,-4.05000,1.20000,-1.72935,0.55109,2.44130,normal
20.74000,-12.53256,0.65581,5.68837,-1.15000,0.65714,2.77857,normal
20.76000,-12.97442,0.84186,5.31628,-0.26769,0.58154,2.80000,normal
20.78000,-13.41628,1.02791,4.94419,-0.60615,0.48923,2.80000,normal
20.80000,-13.85814,1.21395,4.57209,-0.94462,0.39692,2.80000,normal
20.82000,-14.30000,1.40000,4.20000,-1.28308,0.30462,2.80000,normal
20.84000,-9.46957,-7.03478,0.27826,-4.60108,0.01398,0.70538,normal
20.86000,-10.25217,-11.92609,0.90870,-3.35376,-0.20108,0.46882,normal
20.88000,-11.03478,-16.81739,1.53913,-2.10645,-0.41613,0.23226,normal
20.90000,-11.81739,-21.70870,2.16957,-0.85914,-0.63118,-0.00430,normal
20.92000,-12.60000,-26.60000,2.80000,0.38817,-0.84624,-0.24086,normal
20.94000,-11.89101,-3.12022,-2.50449,-2.27234,-1.84255,-1.52128,normal
20.96000,-10.09326,-3.16517,-1.40337,-1.76170,-2.01277,-1.60638,normal
20.98000,-8.29551,-3.21011,-0.30225,-1.25106,-2.18298,-1.69149,normal
21.00000,-6.49775,-3.25506,0.79888,-0.74043,-2.35319,-1.77660,normal
21.02000,-4.70000,-3.30000,1.90000,-0.22979,-2.52340,-1.86170,normal
21.04000,-3.51176,-0.32353,9.44706,0.78889,-2.30000,-0.29778,normal
21.06000,-3.15882,-0.41765,10.03529,0.56667,-2.30000,-0.25333,normal
21.08000,-2.80588,-0.51176,10.62353,0.34444,-2.30000,-0.20889,normal
21.10000,-2.45294,-0.60588,11.21176,0.12222,-2.30000,-0.16444,normal
21.12000,-2.10000,-0.70000,11.80000,-0.10000,-2.30000,-0.12000,normal
21.14000,-1.62921,-0.30674,10.33820,-0.38750,-1.43750,0.10000,normal
21.16000,-2.14607,-0.73371,10.09101,-0.47568,-0.11486,-0.30000,normal
21.18000,-2.66292,-1.16067,9.84382,-0.42162,0.07432,-0.30000,normal
21.20000,-3.17978,-1.58764,9.59663,-0.36757,0.26351,-0.30000,normal
21.22000,-3.69663,-2.01461,9.34944,-0.31351,0.45270,-0.30000,normal
21.24000,-4.17031,-1.51562,8.55625,0.10000,1.80984,-0.10000,normal
21.26000,-4.32656,-1.32813,8.68125,0.10000,1.84262,-0.10000,normal
21.28000,-4.48281,-1.14063,8.80625,0.10000,1.87541,-0.10000,normal
21.30000,-6.10000,-1.90000,7.50000,0.00000,1.97500,-0.07500,normal
21.32000,-5.84914,-1.81638,7.72155,0.04860,1.71215,0.00000,normal
21.34000,-5.90086,-1.83362,7.42845,0.12336,1.73084,0.00000,normal
21.36000,-5.95259,-1.85086,7.13534,0.19813,1.74953,0.00000,normal
21.38000,-6.00431,-1.86810,6.84224,0.27290,1.76822,0.00000,normal
21.40000,-6.05603,-1.88534,6.54914,0.34766,1.78692,0.00000,normal
21.42000,-7.00000,-0.70000,8.10000,0.90000,1.60000,-0.10000,normal
21.44000,-5.92692,-1.01731,6.96154,1.87563,1.05462,-0.34538,normal
21.46000,-5.85000,-0.82500,6.50000,1.95966,1.00420,-0.39580,normal
21.48000,-5.77308,-0.63269,6.03846,2.04370,0.95378,-0.44622,normal
21.50000,-5.69615,-0.44038,5.57692,2.12773,0.90336,-0.49664,normal
21.52000,-5.61923,-0.24808,5.11538,2.21176,0.85294,-0.54706,normal
21.54000,-8.90000,0.85000,4.55000,2.29580,0.80252,-0.59748,normal
21.56000,-6.20972,-2.53750,7.80139,1.00769,0.70000,-0.23077,normal
21.58000,-6.07083,-2.28750,7.49583,-0.62727,-0.80000,0.00000,normal
21.60000,-5.93194,-2.03750,7.19028,-0.50606,-0.80000,0.00000,normal
21.62000,-6.55000,-1.25000,6.65000,-0.38485,-0.80000,0.00000,normal
21.64000,-6.87561,-0.62683,6.95366,-0.30000,-0.70000,0.10000,normal
21.66000,-6.63171,-0.89512,7.49024,-0.36977,-0.70000,0.10000,normal
21.68000,-6.38780,-1.16341,8.02683,-0.43953,-0.70000,0.10000,normal
21.70000,-6.14390,-1.43171,8.56341,-0.50930,-0.70000,0.10000,normal
21.72000,-5.90000,-1.70000,9.10000,-0.57907,-0.70000,0.10000,normal
21.74000,-6.51047,-2.28023,6.16279,-0.58163,-1.00918,0.40000,normal
21.76000,-6.25465,-1.65233,6.62791,-0.54082,-1.02959,0.40000,normal
21.78000,-5.99884,-1.02442,7.09302,-0.50000,-1.05000,0.40000,normal
21.80000,-5.74302,-0.39651,7.55814,-0.45918,-1.07041,0.40000,normal
21.82000,-5.35000,-1.10000,7.65000,-0.41837,-1.09082,0.40000,normal
21.84000,-5.75417,-0.76042,8.52708,-0.40000,-1.10000,0.70000,normal
21.86000,-5.54583,-0.98958,8.42292,-0.17738,-0.90000,0.80000,normal
21.88000,-5.33750,-1.21875,8.31875,-0.15357,-0.90000,0.80000,normal
21.90000,-5.12917,-1.44792,8.21458,-0.12976,-0.90000,0.80000,normal
21.92000,-4.92083,-1.67708,8.11042,-0.10595,-0.90000,0.80000,normal
21.94000,-4.50000,-2.03864,8.15682,1.01304,-1.02609,0.80652,normal
21.96000,-4.50000,-1.90227,7.83864,1.05652,-1.11304,0.82826,normal
21.98000,-4.50000,-1.76591,7.52045,1.10000,-1.20000,0.85000,normal
22.00000,-4.50000,-1.62955,7.20227,1.14348,-1.28696,0.87174,normal
22.02000,-4.25000,-1.25000,9.10000,1.18696,-1.37391,0.89348,normal
22.04000,-1.76207,0.67931,11.26897,0.38333,-2.50833,0.78333,normal
22.06000,-1.41724,0.12759,10.44138,0.34167,-2.52917,0.74167,normal
22.08000,-1.07241,-0.42414,9.61379,0.30000,-2.55000,0.70000,normal
22.10000,-0.72759,-0.97586,8.78621,0.25833,-2.57083,0.65833,normal
22.12000,0.60000,-2.45000,7.15000,0.21667,-2.59167,0.61667,normal
22.14000,5.96966,2.52921,9.95843,-0.41739,-2.19130,-0.91304,normal
22.16000,5.90225,2.37191,9.64382,-0.59130,-2.10435,-1.04348,normal
22.18000,5.83483,2.21461,9.32921,-0.76522,-2.01739,-1.17391,normal
22.20000,5.76742,2.05730,9.01461,-0.93913,-1.93043,-1.30435,normal
22.22000,5.70000,1.90000,8.70000,-1.11304,-1.84348,-1.43478,normal
22.24000,7.32941,0.52118,7.07882,-1.36923,-1.31538,-2.34615,normal
22.26000,7.09412,0.59176,7.00824,-1.33099,-0.79155,-1.90704,normal
22.28000,6.85882,0.66235,6.93765,-1.38732,-0.59437,-1.73803,normal
22.30000,6.62353,0.73294,6.86706,-1.44366,-0.39718,-1.56901,normal
22.32000,5.60000,-0.05000,6.70000,-1.50000,-0.20000,-1.40000,normal
22.34000,-1.59574,-0.64255,7.00213,-0.12857,2.50000,0.87143,normal
22.36000,-2.44681,-1.13191,7.57660,-0.02653,2.64286,0.97347,normal
22.38000,-3.29787,-1.62128,8.15106,0.07551,2.78571,1.07551,normal
22.40000,-4.14894,-2.11064,8.72553,0.17755,2.92857,1.17755,normal
22.42000,-5.00000,-2.60000,9.30000,0.27959,3.07143,1.27959,normal
22.44000,-7.62100,0.75200,5.26000,1.30625,2.39062,1.18125,normal
22.46000,-7.96100,0.83200,5.66000,1.09792,2.36979,1.13958,normal
22.48000,-8.30100,0.91200,6.06000,0.88958,2.34896,1.09792,normal
22.50000,-8.64100,0.99200,6.46000,0.68125,2.32813,1.05625,normal
22.52000,-8.98100,1.07200,6.86000,0.47292,2.30729,1.01458,normal
22.54000,-3.87126,4.02069,12.21839,0.21845,-1.85340,0.28252,normal
22.56000,-3.50345,2.36552,11.41379,-0.05340,-1.69806,0.22427,normal
22.58000,-3.13563,0.71034,10.60920,-0.32524,-1.54272,0.16602,normal
22.60000,-2.76782,-0.94483,9.80460,-0.59709,-1.38738,0.10777,normal
22.62000,-2.40000,-2.60000,9.00000,-0.86893,-1.23204,0.04951,normal
22.64000,-0.83846,1.75385,7.78462,1.30000,-1.90000,0.10000,normal
22.66000,-1.58026,0.62632,10.21316,1.34932,-1.33699,0.78767,normal
22.68000,-2.02763,1.36316,10.58158,1.45890,-1.41918,0.76027,normal
22.70000,-2.47500,2.10000,10.95000,1.56849,-1.50137,0.73288,normal
22.72000,-1.40000,3.25000,11.25000,1.67808,-1.58356,0.70548,normal
22.74000,-0.48824,-3.67353,8.30000,1.28438,-1.37187,0.67187,normal
22.76000,0.10000,-1.35000,8.30000,1.47187,-1.30938,0.60938,normal
22.78000,0.68824,0.97353,8.30000,1.65937,-1.24688,0.54688,normal
22.80000,1.90000,2.10000,10.35000,1.55000,-1.36667,1.08333,normal
22.82000,1.26050,3.39244,10.44034,0.48761,0.26195,0.36283,normal
22.84000,1.00840,3.17395,10.27227,0.46991,0.35044,0.30973,normal
22.86000,0.75630,2.95546,10.10420,0.45221,0.43894,0.25664,normal
22.88000,0.50420,2.73697,9.93613,0.43451,0.52743,0.20354,normal
22.90000,0.25210,2.51849,9.76807,0.41681,0.61593,0.15044,normal
22.92000,0.00000,2.30000,9.60000,0.48000,0.72000,0.08000,normal
22.94000,-0.15263,0.41053,9.15263,1.30588,1.12353,-0.58824,normal
22.96000,-0.08947,0.95789,8.28947,1.48235,1.16275,-0.56863,normal
22.98000,-0.02632,1.50526,7.42632,1.65882,1.20196,-0.54902,normal
23.00000,0.03684,2.05263,6.56316,1.83529,1.24118,-0.52941,normal
23.02000,0.10000,2.60000,5.70000,2.01176,1.28039,-0.50980,normal
23.04000,-2.40000,4.17108,8.41446,0.70000,1.03846,-0.80000,normal
23.06000,-2.40000,4.02651,8.48675,-0.30000,0.90000,-0.60000,normal
23.08000,-2.40000,3.88193,8.55904,-0.48462,0.86923,-0.60000,normal
23.10000,-2.40000,3.73735,8.63133,-0.66923,0.83846,-0.60000,normal
23.12000,-2.50000,4.25000,8.95000,-0.85385,0.80769,-0.60000,normal
23.14000,-2.04091,1.56364,11.42386,-1.06129,0.90968,-0.60000,normal
23.16000,-2.13182,1.92727,10.81023,-0.97527,0.93118,-0.60000,normal
23.18000,-2.22273,2.29091,10.19659,-0.88925,0.95269,-0.60000,normal
23.20000,-2.31364,2.65455,9.58295,-0.80323,0.97419,-0.60000,normal
23.22000,-2.45000,2.76667,9.03333,-0.71720,0.99570,-0.60000,normal
23.24000,-3.58876,1.82135,9.01124,-0.50000,0.30000,-0.60000,normal
23.26000,-3.56629,1.66404,9.03371,-0.50000,0.30000,-0.60000,normal
23.28000,-3.54382,1.50674,9.05618,-0.50000,0.30000,-0.60000,normal
23.30000,-3.52135,1.34944,9.07865,-0.50000,0.30000,-0.60000,normal
23.32000,-3.80000,0.70000,8.40000,-0.45000,0.30000,-0.40000,normal
23.34000,-3.54839,0.98710,8.68065,-0.30000,0.20588,-0.24706,normal
23.36000,-3.61290,0.83656,8.78817,-0.29726,0.29452,-0.09452,normal
23.38000,-3.67742,0.68602,8.89570,-0.26986,0.23973,-0.03973,normal
23.40000,-3.74194,0.53548,9.00323,-0.24247,0.18493,0.01507,normal
23.42000,-3.81818,0.30909,8.97273,-0.21507,0.13014,0.06986,normal
23.44000,-3.01839,0.98161,9.00920,-0.05000,-0.00000,0.15000,normal
23.46000,-3.06437,0.93563,9.03218,0.50986,-0.60986,0.21972,normal
23.48000,-3.11034,0.88966,9.05517,0.53803,-0.63803,0.27606,normal
23.50000,-3.15632,0.84368,9.07816,0.56620,-0.66620,0.33239,normal
23.52000,-3.25000,1.05000,8.95000,0.59437,-0.69437,0.38873,normal
23.54000,-2.07320,1.97320,9.10000,0.80000,-1.50943,0.81887,normal
23.56000,-2.03196,1.93196,9.10000,0.80000,-1.52830,0.85660,normal
23.58000,-1.99072,1.89072,9.10000,0.80000,-1.54717,0.89434,normal
23.60000,-1.94948,1.84948,9.10000,0.80000,-1.56604,0.93208,normal
23.62000,-1.90825,1.80825,9.10000,0.80000,-1.58491,0.96981,normal
23.64000,-0.40000,3.80000,9.60000,1.05000,-1.85000,0.90000,normal
23.66000,0.13846,4.06154,9.70000,1.07848,-1.63544,0.55696,normal
23.68000,0.29231,4.24103,9.70000,1.05316,-1.55949,0.50633,normal
23.70000,0.44615,4.42051,9.70000,1.02785,-1.48354,0.45570,normal
23.72000,0.60000,4.60000,9.70000,1.00253,-1.40759,0.40506,normal
23.74000,1.13956,4.31319,9.71319,0.68600,-0.38600,0.09300,normal
23.76000,1.20549,4.33516,9.73516,0.64600,-0.34600,0.07300,normal
23.78000,1.27143,4.35714,9.75714,0.60600,-0.30600,0.05300,normal
23.80000,1.33736,4.37912,9.77912,0.56600,-0.26600,0.03300,normal
23.82000,1.38667,4.41333,9.79333,0.52600,-0.22600,0.01300,normal
23.84000,0.89880,3.49157,9.19639,0.26667,-0.04444,0.07778,normal
23.86000,0.87470,3.32289,9.12410,-0.28289,0.10000,0.53421,normal
23.88000,0.85060,3.15422,9.05181,-0.25658,0.10000,0.58684,normal
23.90000,0.82651,2.98554,8.97952,-0.23026,0.10000,0.63947,normal
23.92000,0.80241,2.81687,8.90723,-0.20395,0.10000,0.69211,normal
23.94000,3.57303,4.21910,9.15281,1.29540,0.11839,0.90460,normal
23.96000,2.71910,3.65730,8.65843,1.27241,0.21034,0.92759,normal
23.98000,1.86517,3.09551,8.16404,1.24943,0.30230,0.95057,normal
24.00000,1.01124,2.53371,7.66966,1.22644,0.39425,0.97356,normal
24.02000,-0.10000,2.26000,6.70000,1.20345,0.48621,0.99655,normal
24.04000,0.17667,0.56556,6.63889,-0.47766,-0.95213,0.90745,normal
24.06000,1.04333,0.32111,6.52778,-0.41383,-1.10106,0.92872,normal
24.08000,1.91000,0.07667,6.41667,-0.35000,-1.25000,0.95000,normal
24.10000,2.77667,-0.16778,6.30556,-0.28617,-1.39894,0.97128,normal
24.12000,6.50000,2.50000,8.30000,-0.22234,-1.54787,0.99255,normal
24.14000,5.15161,4.15806,9.83226,-1.50361,-0.69880,1.30241,normal
24.16000,5.08710,4.50215,9.87527,-1.57590,-0.67470,1.35060,normal
24.18000,5.02258,4.84624,9.91828,-1.64819,-0.65060,1.39880,normal
24.20000,4.95806,5.19032,9.96129,-1.72048,-0.62651,1.44699,normal
24.22000,4.90000,3.70000,9.40000,-1.79277,-0.60241,1.49518,normal
24.24000,3.29255,10.19681,12.02766,3.70615,0.21846,3.26308,normal
24.26000,3.01596,9.79255,12.19787,3.38308,0.24923,3.20154,normal
24.28000,2.73936,9.38830,12.36809,3.06000,0.28000,3.14000,normal
24.30000,2.46277,8.98404,12.53830,2.73692,0.31077,3.07846,normal
24.32000,2.24250,8.46500,12.62500,2.41385,0.34154,3.01692,normal
24.34000,3.09250,5.76500,11.12500,2.09077,0.37231,2.95538,normal
24.36000,5.60000,0.50000,7.30000,-0.20000,-0.30000,2.95000,normal
24.38000,5.95455,1.66182,9.90364,1.23276,0.52241,2.60000,normal
24.40000,5.77273,1.98909,10.15818,1.12931,0.55690,2.60000,normal
24.42000,5.73333,2.38333,10.35000,1.02586,0.59138,2.60000,normal
24.44000,5.81429,-3.78571,7.02857,0.56301,0.36301,2.68904,normal
24.46000,6.29048,-4.19841,6.86984,0.48082,0.28082,2.44247,normal
24.48000,6.76667,-4.61111,6.71111,0.39863,0.19863,2.19589,normal
24.50000,6.20000,1.46364,5.71818,0.31644,0.11644,1.94932,normal
24.52000,6.27407,1.06296,4.87222,-1.86667,0.16667,0.03333,normal
24.54000,6.42222,0.98889,4.81667,-2.08283,0.11717,-0.13434,normal
24.56000,6.57037,0.91481,4.76111,-2.06263,0.13737,-0.17475,normal
24.58000,6.71852,0.84074,4.70556,-2.04242,0.15758,-0.21515,normal
24.60000,6.86667,0.76667,4.65000,-2.02222,0.17778,-0.25556,normal
24.62000,7.00000,1.01429,4.74286,-2.00202,0.19798,-0.29596,normal
24.64000,7.12174,3.45217,4.80000,-2.18687,0.85253,-0.08687,normal
24.66000,6.99130,3.53913,5.30000,-2.16667,0.93333,-0.06667,normal
24.68000,6.86087,3.62609,5.80000,-2.14646,1.01414,-0.04646,normal
24.70000,6.73043,3.71304,6.30000,-2.12626,1.09495,-0.02626,normal
24.72000,6.60000,3.80000,6.80000,-2.10606,1.17576,-0.00606,normal
24.74000,0.79885,-6.36437,8.14368,-2.26667,2.40000,0.80000,normal
24.76000,0.54598,-6.52529,7.75287,-1.35584,2.64675,0.64675,normal
24.78000,0.29310,-6.68621,7.36207,-0.86234,2.69870,0.69870,normal
24.80000,0.04023,-6.84713,6.97126,-0.36883,2.75065,0.75065,normal
24.82000,-2.10000,-3.80000,6.50000,0.20909,2.81818,0.78182,normal
24.84000,-1.88404,-0.52340,11.87234,0.76923,2.00000,0.21319,normal
24.86000,-1.86277,-0.82128,11.70213,0.61538,2.00000,0.27912,normal
24.88000,-1.84149,-1.11915,11.53191,0.46154,2.00000,0.34505,normal
24.90000,-1.82021,-1.41702,11.36170,0.30769,2.00000,0.41099,normal
24.92000,-2.30000,-2.25000,10.70000,0.15385,2.00000,0.47692,normal
24.94000,-4.00000,0.00233,9.06163,0.50000,2.10000,0.90000,normal
24.96000,-4.00000,-0.27674,8.66628,0.07895,1.87895,1.07895,normal
24.98000,-4.00000,-0.55581,8.27093,0.05263,1.85263,1.05263,normal
25.00000,-4.00000,-0.83488,7.87558,0.02632,1.82632,1.02632,normal
25.02000,-3.75000,-1.05000,7.25000,0.00000,1.80000,1.00000,normal
25.04000,-5.23043,-0.18478,6.83261,0.38889,2.01111,1.31111,normal
25.06000,-5.27391,-0.16304,6.59348,0.36667,2.03333,1.33333,normal
25.08000,-5.31739,-0.14130,6.35435,0.34444,2.05556,1.35556,normal
25.10000,-5.36087,-0.11957,6.11522,0.32222,2.07778,1.37778,normal
25.12000,-5.40000,-0.50000,4.95000,0.30000,2.10000,1.40000,normal
25.14000,-9.64000,-3.14000,7.90000,2.78986,2.56812,1.49275,normal
25.16000,-10.26857,-4.91143,9.18571,3.86232,2.51014,1.11594,normal
25.18000,-10.89714,-6.68286,10.47143,4.93478,2.45217,0.73913,normal
25.20000,-9.45000,9.40000,12.35000,6.40000,1.30000,1.00000,normal
25.22000,-10.16949,0.72034,8.39153,-2.31172,-0.12344,0.23594,normal
25.24000,-9.88136,0.24576,7.25593,-2.32734,-0.15469,0.01719,normal
25.26000,-9.59322,-0.22881,6.12034,-2.34297,-0.18594,-0.20156,normal
25.28000,-9.30508,-0.70339,4.98475,-2.35859,-0.21719,-0.42031,normal
25.30000,-9.01695,-1.17797,3.84915,-2.37422,-0.24844,-0.63906,normal
25.32000,-8.72881,-1.65254,2.71356,-2.38984,-0.27969,-0.85781,normal
25.34000,-11.94634,1.20976,5.71463,-1.06667,-0.53333,-0.60000,normal
25.36000,-12.40976,1.30732,5.86098,0.18701,-0.90649,-0.59351,normal
25.38000,-12.87317,1.40488,6.00732,0.13506,-0.93247,-0.56753,normal
25.40000,-13.33659,1.50244,6.15366,0.08312,-0.95844,-0.54156,normal
25.42000,-13.80000,1.60000,6.30000,0.03117,-0.98442,-0.51558,normal
25.44000,-0.31000,0.92500,9.37500,0.45000,-1.95000,-0.55000,normal
25.46000,-1.41000,0.17500,9.12500,-0.98533,-1.41467,0.24267,normal
25.48000,-2.51000,-0.57500,8.87500,-1.09200,-1.30800,0.29600,normal
25.50000,-3.61000,-1.32500,8.62500,-1.19867,-1.20133,0.34933,normal
25.52000,-5.60000,0.10000,5.00000,-0.90000,-1.30000,0.50000,normal
25.54000,-3.84043,0.48511,9.06809,-1.06809,-0.73617,0.20000,normal
25.56000,-3.62766,-0.06809,9.02553,-1.02553,-0.65106,0.20000,normal
25.58000,-3.41489,-0.62128,8.98298,-0.98298,-0.56596,0.20000,normal
25.60000,-3.20213,-1.17447,8.94043,-0.94043,-0.48085,0.20000,normal
25.62000,-4.00000,0.50000,9.20000,-0.60000,-0.30000,0.20000,normal
25.64000,-3.10000,-1.24839,9.81935,-0.18750,0.41250,0.30000,normal
25.66000,-3.10000,-1.31290,9.71183,-0.16964,0.43036,0.30000,normal
25.68000,-3.10000,-1.37742,9.60430,-0.15179,0.44821,0.30000,normal
25.70000,-3.10000,-1.44194,9.49677,-0.13393,0.46607,0.30000,normal
25.72000,-3.00000,-2.20000,9.70000,-0.11607,0.48393,0.30000,normal
25.74000,-1.60000,-1.45000,11.00000,0.00000,0.50000,0.30000,normal
25.76000,-0.88205,-0.77949,10.68718,0.44286,-0.10000,0.46571,normal
25.78000,-0.98462,-0.75385,9.04615,0.30000,-0.10000,0.38000,normal
25.80000,-1.08718,-0.72821,7.40513,0.15714,-0.10000,0.29429,normal
25.82000,-1.18974,-0.70256,5.76410,0.01429,-0.10000,0.20857,normal
25.84000,1.56000,-3.96000,7.32000,-1.72588,-1.40000,-2.30000,normal
25.86000,1.49333,-3.56000,7.18667,-1.51412,-1.40000,-2.30000,normal
25.88000,1.42667,-3.16000,7.05333,-1.30235,-1.40000,-2.30000,normal
25.90000,1.36000,-2.76000,6.92000,-1.09059,-1.40000,-2.30000,normal
25.92000,0.65000,0.15000,9.10000,-0.10000,-1.40000,-2.00000,normal
25.94000,-0.11489,1.37872,7.41277,-0.01647,-0.56706,-0.86706,normal
25.96000,-0.00851,1.10213,7.17872,-0.06353,-0.47294,-0.77294,normal
25.98000,0.09787,0.82553,6.94468,-0.11059,-0.37882,-0.67882,normal
26.00000,0.20426,0.54894,6.71064,-0.15765,-0.28471,-0.58471,normal
26.02000,-0.90000,-0.40000,7.10000,0.30000,0.40000,0.00000,normal
26.04000,-3.33548,0.03226,6.18710,0.00000,1.41100,0.83300,normal
26.06000,-3.24946,0.07527,6.03656,0.00000,1.43100,0.89300,normal
26.08000,-3.16344,0.11828,5.88602,0.00000,1.45100,0.95300,normal
26.10000,-3.07742,0.16129,5.73548,0.00000,1.47100,1.01300,normal
26.12000,-3.28000,0.12000,5.54000,0.00000,1.49100,1.07300,normal
26.14000,-6.79059,-1.50941,5.86588,0.20000,1.90000,1.40000,normal
26.16000,-7.04941,-1.25059,6.05412,0.83544,2.13544,1.93544,normal
26.18000,-7.30824,-0.99176,6.24235,0.88608,2.18608,1.98608,normal
26.20000,-7.56706,-0.73294,6.43059,0.93671,2.23671,2.03671,normal
26.22000,-8.90000,0.30000,7.10000,0.98734,2.28734,2.08734,normal
26.24000,-25.97159,-24.32955,23.85795,-3.47021,-0.71489,1.14255,normal
26.26000,-22.13068,-13.28409,12.65341,-2.70426,-1.09787,0.95106,normal
26.28000,-18.28977,-2.23864,1.44886,-1.93830,-1.48085,0.75957,normal
26.30000,-14.44886,8.80682,-9.75568,-1.17234,-1.86383,0.56809,normal
26.32000,-4.90000,6.80000,-5.15000,-0.40638,-2.24681,0.37660,normal
26.34000,-10.49655,12.96897,10.79655,-0.55102,-1.48776,-1.10612,normal
26.36000,-8.93333,7.56667,9.90000,-1.38776,-1.44694,-1.12653,normal
26.38000,-7.37011,2.16437,9.00345,-2.22449,-1.40612,-1.14694,normal
26.40000,-5.80690,-3.23793,8.10690,-3.06122,-1.36531,-1.16735,normal
26.42000,-9.80000,-11.10000,2.20000,-3.89796,-1.32449,-1.18776,normal
26.44000,-6.14286,-3.37033,7.95714,-0.29529,0.29412,0.59529,normal
26.46000,-5.85714,-2.95275,8.24286,-0.20118,0.17647,0.50118,normal
26.48000,-5.57143,-2.53516,8.52857,-0.10706,0.05882,0.40706,normal
26.50000,-5.28571,-2.11758,8.81429,-0.01294,-0.05882,0.31294,normal
26.52000,-5.00000,-1.70000,9.10000,0.08118,-0.17647,0.21882,normal
26.54000,-3.94921,-2.03651,8.10952,-0.08730,0.61270,0.61270,normal
26.56000,-4.64762,-1.90952,7.72857,-0.02381,0.67619,0.67619,normal
26.58000,-5.34603,-1.78254,7.34762,0.03968,0.73968,0.73968,normal
26.60000,-5.87143,-0.75714,7.82857,0.05000,0.65000,0.75000,normal
26.62000,-6.44071,-1.18673,8.26637,-0.06972,-0.04037,0.37982,normal
26.64000,-6.22832,-1.16903,8.35487,-0.01468,-0.11376,0.34312,normal
26.66000,-6.01593,-1.15133,8.44336,0.04037,-0.18716,0.30642,normal
26.68000,-5.80354,-1.13363,8.53186,0.09541,-0.26055,0.26972,normal
26.70000,-5.59115,-1.11593,8.62035,0.15046,-0.33394,0.23303,normal
26.72000,-5.33333,-2.03333,8.56667,-0.40000,-0.45000,-0.10000,normal
26.74000,-5.41753,-1.12474,8.53299,-1.08673,-0.53451,-0.23363,normal
26.76000,-5.43814,-0.91856,8.92474,-1.49381,-0.67611,-0.26903,normal
26.78000,-5.45876,-0.71237,9.31649,-1.90088,-0.81770,-0.30442,normal
26.80000,-5.47938,-0.50619,9.70825,-2.30796,-0.95929,-0.33982,normal
26.82000,-5.50000,-0.30000,10.10000,-2.71504,-1.10088,-0.37522,normal
26.84000,3.21099,-0.23626,6.53187,-0.50000,-1.55000,-1.65000,normal
26.86000,3.56264,0.20330,6.75165,-0.37763,-1.66579,-1.23289,normal
26.88000,3.91429,0.64286,6.97143,-0.35132,-1.50789,-1.15395,normal
26.90000,4.26593,1.08242,7.19121,-0.32500,-1.35000,-1.07500,normal
26.92000,4.20000,1.00000,7.10000,-0.30000,-0.80000,-1.00000,normal
26.94000,2.30645,0.76452,4.92581,1.53000,1.06000,-0.04000,normal
26.96000,2.04839,0.85054,5.22688,1.57000,1.14000,0.04000,normal
26.98000,1.79032,0.93656,5.52796,1.61000,1.22000,0.12000,normal
27.00000,1.53226,1.02258,5.82903,1.65000,1.30000,0.20000,normal
27.02000,-0.60000,1.30000,5.20000,1.69000,1.38000,0.28000,normal
27.04000,-22.25517,-12.51379,16.66552,4.63614,3.82048,3.22289,normal
27.06000,-23.93333,-7.43333,14.36667,3.81687,2.42289,2.83735,normal
27.08000,-25.61149,-2.35287,12.06782,2.99759,1.02530,2.45181,normal
27.10000,-27.28966,2.72759,9.76897,2.17831,-0.37229,2.06627,normal
27.12000,-5.30000,11.30000,16.20000,0.70000,-1.75000,0.55000,normal
27.14000,-6.79677,0.90968,8.98065,-1.66186,-1.26907,-0.48969,normal
27.16000,-6.92581,-0.81075,7.75484,-1.78557,-1.20722,-0.46907,normal
27.18000,-7.05484,-2.53118,6.52903,-1.90928,-1.14536,-0.44845,normal
27.20000,-7.18387,-4.25161,5.30323,-2.03299,-1.08351,-0.42784,normal
27.22000,-2.50000,-8.40000,8.70000,-2.15670,-1.02165,-0.40722,normal
27.24000,-4.99412,-1.69176,7.69059,-0.21111,-0.27778,0.20000,normal
27.26000,-4.40588,-1.66824,7.94941,-0.15190,-0.37215,0.24810,normal
27.28000,-3.81765,-1.64471,8.20824,-0.10127,-0.44810,0.29873,normal
27.30000,-3.22941,-1.62118,8.46706,-0.05063,-0.52405,0.34937,normal
27.32000,-4.50000,-1.70000,8.80000,0.00000,-0.60000,0.40000,normal
27.34000,-3.33548,-0.46344,9.84516,-0.11613,-0.08710,0.38710,normal
27.36000,-3.52903,0.16022,9.90968,-0.30968,-0.06559,0.36559,normal
27.38000,-3.72258,0.78387,9.97419,-0.50323,-0.04409,0.34409,normal
27.40000,-3.91613,1.40753,10.03871,-0.69677,-0.02258,0.32258,normal
27.42000,-4.30000,-1.55000,9.40000,-0.89032,-0.00108,0.30108,normal
27.44000,-4.32857,-1.71429,8.90000,-0.57333,-0.40000,-0.08667,normal
27.46000,-4.37253,-1.89011,9.51538,-0.48444,-0.40000,-0.04222,normal
27.48000,-4.41648,-2.06593,10.13077,-0.39556,-0.40000,0.00222,normal
27.50000,-4.46044,-2.24176,10.74615,-0.30667,-0.40000,0.04667,normal
27.52000,-2.70000,-2.80000,17.50000,-0.21778,-0.40000,0.09111,normal
27.54000,-0.89032,-4.71613,7.95806,-0.65882,-0.99314,0.07941,normal
27.56000,-1.27742,-4.73763,7.63548,-0.54118,-0.97353,0.02059,normal
27.58000,-1.66452,-4.75914,7.31290,-0.42353,-0.95392,-0.03824,normal
27.60000,-2.05161,-4.78065,6.99032,-0.30588,-0.93431,-0.09706,normal
27.62000,-0.15000,-5.85000,6.75000,-0.18824,-0.91471,-0.15588,normal
27.64000,1.30000,-3.52000,5.77000,-0.16429,-1.19286,-1.30000,normal
27.66000,1.20260,-2.60909,5.47792,0.48507,-0.74776,-1.28507,normal
27.68000,0.99481,-1.88182,5.24416,0.42537,-0.53881,-1.22537,normal
27.70000,0.78701,-1.15455,5.01039,0.36567,-0.32985,-1.16567,normal
27.72000,0.00000,0.90000,4.20000,0.30597,-0.12090,-1.10597,normal
27.74000,-1.45263,0.88737,3.42842,-0.19412,1.70471,0.20706,normal
27.76000,-1.87368,0.86632,3.97579,-0.07647,1.79882,0.34824,normal
27.78000,-2.29474,0.84526,4.52316,0.04118,1.89294,0.48941,normal
27.80000,-2.71579,0.82421,5.07053,0.15882,1.98706,0.63059,normal
27.82000,-3.13684,0.80316,5.61789,0.27647,2.08118,0.77176,normal
27.84000,-13.90000,-16.68182,17.13636,0.60227,0.81591,0.13977,normal
27.86000,-15.90000,-11.04545,17.40909,0.82955,0.40682,1.11705,normal
27.88000,-17.90000,-5.40909,17.68182,1.05682,-0.00227,2.09432,normal
27.90000,-19.90000,0.22727,17.95455,1.28409,-0.41136,3.07159,normal
27.92000,5.70000,-4.20000,12.20000,-1.60000,-2.70000,-1.50000,normal
27.94000,-4.84574,-2.61915,6.82660,-0.29358,-1.37615,-0.26881,normal
27.96000,-3.97340,-3.04468,7.52872,-0.01835,-1.21101,-0.36055,normal
27.98000,-3.10106,-3.47021,8.23085,0.25688,-1.04587,-0.45229,normal
28.00000,-2.22872,-3.89574,8.93298,0.53211,-0.88073,-0.54404,normal
28.02000,-1.90000,-2.80000,9.75000,0.80734,-0.71560,-0.63578,normal
28.04000,-1.40759,-5.24937,7.42658,0.50000,-0.85000,-0.10000,normal
28.06000,-1.55949,-4.23671,7.95823,0.48451,-1.25070,0.53380,normal
28.08000,-1.71139,-3.22405,8.48987,0.62535,-1.33521,0.59014,normal
28.10000,-1.86329,-2.21139,9.02152,0.76620,-1.41972,0.64648,normal
28.12000,0.80000,-3.90000,10.30000,1.00000,-1.30000,0.80000,normal
28.14000,-0.29677,1.47419,11.66129,-0.62826,-0.16196,0.49239,normal
28.16000,-0.42581,1.83978,11.87634,-1.28043,-0.05326,0.47065,normal
28.18000,-0.55484,2.20538,12.09140,-1.93261,0.05543,0.44891,normal
28.20000,-0.68387,2.57097,12.30645,-2.58478,0.16413,0.42717,normal
28.22000,-0.60000,-4.03333,9.76667,-3.23696,0.27283,0.40543,normal
28.24000,-1.97955,-2.38409,8.66136,0.07024,0.28214,0.88810,normal
28.26000,-1.93409,-2.79318,8.79773,-0.04881,0.21071,0.84048,normal
28.28000,-1.88864,-3.20227,8.93409,-0.16786,0.13929,0.79286,normal
28.30000,-1.84318,-3.61136,9.07045,-0.28690,0.06786,0.74524,normal
28.32000,-1.30000,-4.70000,8.40000,-0.45000,-0.20000,0.75000,normal
28.34000,4.53261,-7.46196,2.20543,1.26383,-1.94255,-0.12128,normal
28.36000,4.57609,-6.74457,2.87935,1.39149,-2.02766,-0.16383,normal
28.38000,4.61957,-6.02717,3.55326,1.51915,-2.11277,-0.20638,normal
28.40000,4.66304,-5.30978,4.22717,1.64681,-2.19787,-0.24894,normal
28.42000,4.88000,-4.07000,4.95000,1.77447,-2.28298,-0.29149,normal
28.44000,4.63182,0.33864,9.51364,-1.34045,-1.88315,-1.10337,normal
28.46000,4.49545,0.81591,9.74091,-1.61011,-1.77079,-1.12584,normal
28.48000,4.35909,1.29318,9.96818,-1.87978,-1.65843,-1.14831,normal
28.50000,4.22273,1.77045,10.19545,-2.14944,-1.54607,-1.17079,normal
28.52000,3.20000,0.10000,10.60000,-2.41910,-1.43371,-1.19326,normal
28.54000,0.38387,-1.93118,10.85484,-0.75172,-1.10805,-0.06782,normal
28.56000,-0.06774,-2.40430,10.79032,-0.61379,-1.13103,0.02414,normal
28.58000,-0.51935,-2.87742,10.72581,-0.47586,-1.15402,0.11609,normal
28.60000,-0.97097,-3.35054,10.66129,-0.33793,-1.17701,0.20805,normal
28.62000,-1.80000,-4.05000,10.40000,-0.20000,-1.20000,0.30000,normal
28.64000,-0.26957,-2.18478,9.42391,0.29011,-2.20989,0.40989,normal
28.66000,-0.22609,-2.16304,9.31522,0.26813,-2.23187,0.43187,normal
28.68000,-0.18261,-2.14130,9.20652,0.24615,-2.25385,0.45385,normal
28.70000,-0.13913,-2.11957,9.09783,0.22418,-2.27582,0.47582,normal
28.72000,1.30000,-1.60000,9.00000,0.20220,-2.29780,0.49780,normal
28.74000,5.81596,-5.32021,13.16383,1.13084,-1.75888,1.33084,normal
28.76000,5.83723,-5.21383,13.24894,1.18692,-1.68411,1.38692,normal
28.78000,5.85851,-5.10745,13.33404,1.24299,-1.60935,1.44299,normal
28.80000,5.87979,-5.00106,13.41915,1.29907,-1.53458,1.49907,normal
28.82000,5.91111,-5.14444,13.50000,1.35514,-1.45981,1.55514,normal
28.84000,4.95455,-6.75455,17.20909,1.44000,-1.36000,1.60000,normal
28.86000,3.34211,-4.22895,12.38684,1.46377,-0.82899,1.89275,normal
28.88000,3.50000,-4.15000,11.15000,1.31884,-0.94493,1.86377,normal
28.90000,3.65789,-4.07105,9.91316,1.17391,-1.06087,1.83478,normal
28.92000,4.13333,-4.13333,6.66667,1.02899,-1.17681,1.80580,normal
28.94000,5.04318,-2.69091,4.85455,2.19022,-0.98043,1.50000,normal
28.96000,4.92955,-2.87273,4.76364,2.16848,-0.93696,1.50000,normal
28.98000,4.81591,-3.05455,4.67273,2.14674,-0.89348,1.50000,normal
29.00000,4.70227,-3.23636,4.58182,2.12500,-0.85000,1.50000,normal
29.02000,4.43333,-3.40000,4.80000,2.10326,-0.80652,1.50000,normal
29.04000,4.65169,-1.74494,5.41910,0.25556,0.23333,1.60000,normal
29.06000,4.38202,-2.55393,6.36292,0.35657,0.29394,1.60000,normal
29.08000,4.11236,-3.36292,7.30674,0.45758,0.35455,1.60000,normal
29.10000,3.84270,-4.17191,8.25056,0.55859,0.41515,1.60000,normal
29.12000,2.70000,-3.90000,11.50000,0.65960,0.47576,1.60000,normal
29.14000,2.76923,-1.50000,6.21538,0.50506,0.50253,2.40000,normal
29.16000,2.72527,-1.50000,5.95165,0.60633,0.55316,2.40000,normal
29.18000,2.68132,-1.50000,5.68791,0.70759,0.60380,2.40000,normal
29.20000,2.63736,-1.50000,5.42418,0.80886,0.65443,2.40000,normal
29.22000,1.80000,-9.90000,7.70000,1.06000,0.82000,2.44000,normal
29.24000,1.74468,-1.54043,14.41277,3.11277,0.36170,0.37660,normal
29.26000,2.42553,1.03404,14.17872,3.13404,0.29787,0.50426,normal
29.28000,3.10638,3.60851,13.94468,3.15532,0.23404,0.63191,normal
29.30000,3.78723,6.18298,13.71064,3.17660,0.17021,0.75957,normal
29.32000,2.70000,3.60000,10.30000,3.19787,0.10638,0.88723,normal
29.34000,3.91333,1.26000,12.56000,0.62889,0.50000,1.00889,normal
29.36000,3.93556,0.86000,12.16000,0.45111,0.50000,1.03111,normal
29.38000,3.95778,0.46000,11.76000,0.27333,0.50000,1.05333,normal
29.40000,3.98000,0.06000,11.36000,0.09556,0.50000,1.07556,normal
29.42000,2.46667,-0.83333,10.06667,-0.08222,0.50000,1.09778,normal
29.44000,1.30000,-0.74286,9.37143,0.32243,0.29252,0.80748,normal
29.46000,1.14615,-0.65495,9.48132,0.37850,0.27383,0.82617,normal
29.48000,0.99231,-0.56703,9.59121,0.43458,0.25514,0.84486,normal
29.50000,0.83846,-0.47912,9.70110,0.49065,0.23645,0.86355,normal
29.52000,1.60000,-0.25000,10.35000,0.54673,0.21776,0.88224,normal
29.54000,1.73158,-0.52632,9.12632,0.56667,0.16667,0.86667,normal
29.56000,1.79474,-0.71842,9.21316,-0.29206,0.20000,0.69206,normal
29.58000,1.90000,-0.85000,9.45000,-0.26032,0.20000,0.66032,normal
29.60000,2.00526,-0.98158,9.68684,-0.22857,0.20000,0.62857,normal
29.62000,0.45000,0.35000,10.35000,0.20000,0.50000,0.60000,normal
29.64000,1.56596,-1.16383,9.10000,-0.04271,0.11146,0.30000,normal
29.66000,1.52340,-0.99362,9.10000,0.06146,0.13229,0.30000,normal
29.68000,1.48085,-0.82340,9.10000,0.16562,0.15312,0.30000,normal
29.70000,1.43830,-0.65319,9.10000,0.26979,0.17396,0.30000,normal
29.72000,0.80000,0.00000,9.70000,0.37396,0.19479,0.30000,normal
29.74000,0.79130,0.03043,10.26957,0.37097,0.19032,0.09032,normal
29.76000,0.92174,0.07391,10.22609,0.30645,0.16882,0.06882,normal
29.78000,1.05217,0.11739,10.18261,0.24194,0.14731,0.04731,normal
29.80000,1.18261,0.16087,10.13913,0.17742,0.12581,0.02581,normal
29.82000,0.50000,-0.22500,9.85000,0.11290,0.10430,0.00430,normal
29.84000,0.73409,0.02273,9.73409,0.28020,-0.10990,0.10000,normal
29.86000,0.80227,0.06818,9.80227,0.24059,-0.12970,0.10000,normal
29.88000,0.87045,0.11364,9.87045,0.20099,-0.14950,0.10000,normal
29.90000,0.93864,0.15909,9.93864,0.16139,-0.16931,0.10000,normal
29.92000,1.45000,-0.45000,7.88333,0.12178,-0.18911,0.10000,normal
29.94000,0.25926,0.08148,9.82222,0.80000,0.10000,0.23333,normal
29.96000,0.65432,-0.70864,9.30370,0.52237,-0.07895,0.16053,normal
29.98000,1.04938,-1.49877,8.78519,0.28553,-0.18421,0.10789,normal
30.00000,1.44444,-2.28889,8.26667,0.04868,-0.28947,0.05526,normal
30.02000,2.50000,-1.26000,10.88000,-0.18816,-0.39474,0.00263,normal
30.04000,7.72022,-5.51573,8.98427,-0.93176,-0.97882,-1.07412,normal
30.06000,8.75393,-5.87528,8.62472,-1.00235,-0.93176,-1.23882,normal
30.08000,9.78764,-6.23483,8.26517,-1.07294,-0.88471,-1.40353,normal
30.10000,10.82135,-6.59438,7.90562,-1.14353,-0.83765,-1.56824,normal
30.12000,9.90000,-2.70000,9.50000,-0.54000,-0.60000,-2.12000,normal
30.14000,9.23125,-1.48750,9.78750,-1.18081,-0.58384,-2.41616,normal
30.16000,9.04375,-1.36250,9.66250,-1.28182,-0.56364,-2.43636,normal
30.18000,8.85625,-1.23750,9.53750,-1.38283,-0.54343,-2.45657,normal
30.20000,8.66875,-1.11250,9.41250,-1.48384,-0.52323,-2.47677,normal
30.22000,7.31667,0.68333,7.95000,-1.58485,-0.50303,-2.49697,normal
30.24000,3.97753,0.62584,4.85169,-2.05882,0.84706,-1.85882,normal
30.26000,3.57303,0.49101,4.58202,-1.70400,1.39600,-1.54000,normal
30.28000,3.16854,0.35618,4.31236,-1.49067,1.60933,-1.40667,normal
30.30000,2.76404,0.22135,4.04270,-1.27733,1.82267,-1.27333,normal
30.32000,-0.85000,1.20000,4.55000,-1.06400,2.03600,-1.14000,normal
30.34000,-7.63256,0.49070,5.01860,0.44444,3.87778,0.26667,normal
30.36000,-8.21395,0.46744,5.06512,0.30000,4.63684,0.99211,normal
30.38000,-8.79535,0.44419,5.11163,0.30000,4.68947,1.12368,normal
30.40000,-9.37674,0.42093,5.15814,0.30000,4.74211,1.25526,normal
30.42000,-10.82000,0.64000,5.88000,0.30000,4.79474,1.38684,normal
30.44000,-13.98000,-0.96667,4.07333,-0.97176,2.96471,1.98588,normal
30.46000,-13.44667,-0.74444,4.02889,-0.87765,2.84706,1.93882,normal
30.48000,-12.91333,-0.52222,3.98444,-0.78353,2.72941,1.89176,normal
30.50000,-12.38000,-0.30000,3.94000,-0.68941,2.61176,1.84471,normal
30.52000,-10.95000,-0.40000,3.45000,-0.53636,2.48182,1.76364,normal
30.54000,-14.43263,3.43474,15.26947,4.21205,-0.72410,0.89880,normal
30.56000,-12.34842,3.60316,13.60632,3.27229,-0.84458,0.39277,normal
30.58000,-10.26421,3.77158,11.94316,2.33253,-0.96506,-0.11325,normal
30.60000,-8.18000,3.94000,10.28000,1.39277,-1.08554,-0.61928,normal
30.62000,-7.90000,6.10000,8.20000,0.50000,-0.80000,-0.25000,normal
30.64000,-4.36129,-0.79032,7.28710,-0.40000,-1.04845,-0.53814,normal
30.66000,-4.57634,-0.51075,7.13656,-0.40000,-0.94536,-0.41443,normal
30.68000,-4.79140,-0.23118,6.98602,-0.40000,-0.84227,-0.29072,normal
30.70000,-5.00645,0.04839,6.83548,-0.40000,-0.73918,-0.16701,normal
30.72000,-7.40000,-1.00000,6.40000,-0.40000,-0.63608,-0.04330,normal
30.74000,-4.24301,0.06559,9.99247,-0.34000,-1.44000,0.22000,normal
30.76000,-4.65161,0.53871,9.97097,-0.51429,-1.57143,0.50000,normal
30.78000,-5.06022,1.01183,9.94946,-0.54026,-1.51948,0.50000,normal
30.80000,-5.46882,1.48495,9.92796,-0.56623,-1.46753,0.50000,normal
30.82000,-5.87742,1.95806,9.90645,-0.59221,-1.41558,0.50000,normal
30.84000,-5.82353,1.07412,8.06353,-0.71319,-1.61319,-0.23077,normal
30.86000,-4.88235,0.50941,8.72235,-0.77912,-1.67912,-0.38462,normal
30.88000,-3.94118,-0.05529,9.38118,-0.84505,-1.74505,-0.53846,normal
30.90000,-3.00000,-0.62000,10.04000,-0.91099,-1.81099,-0.69231,normal
30.92000,-1.56000,-4.66000,10.58000,-0.97692,-1.87692,-0.84615,normal
30.94000,-3.46824,-0.17882,9.26235,-0.60761,0.39239,0.10000,normal
30.96000,-3.13882,-0.62588,9.16824,-0.62935,0.37065,0.10000,normal
30.98000,-2.80941,-1.07294,9.07412,-0.65109,0.34891,0.10000,normal
31.00000,-2.48000,-1.52000,8.98000,-0.67283,0.32717,0.10000,normal
31.02000,-2.75000,-1.80000,9.20000,-0.69457,0.30543,0.10000,normal
31.04000,-4.11562,-0.88125,8.35625,0.10495,0.59010,1.10990,normal
31.06000,-3.92812,-0.83958,8.48125,0.12475,0.55050,1.14950,normal
31.08000,-3.74062,-0.79792,8.60625,0.14455,0.51089,1.18911,normal
31.10000,-3.55312,-0.75625,8.73125,0.16436,0.47129,1.22871,normal
31.12000,-3.36562,-0.71458,8.85625,0.18416,0.43168,1.26832,normal
31.14000,-3.90000,1.30000,6.30000,0.16000,0.40000,1.38000,normal
31.16000,-4.37200,-1.34400,8.78800,-0.60732,-1.01098,1.78537,normal
31.18000,-3.78533,-1.50400,7.77467,-0.65610,-1.08415,1.68780,normal
31.20000,-3.19867,-1.66400,6.76133,-0.70488,-1.15732,1.59024,normal
31.22000,-0.43333,-2.13333,7.26667,-0.75366,-1.23049,1.49268,normal
31.24000,5.26875,-6.41250,8.81875,-0.80000,-1.60000,1.10000,normal
31.26000,5.23750,-5.53750,10.35000,0.48571,-0.98000,-0.36857,normal
31.28000,4.48750,-4.78750,11.35000,0.62857,-0.78000,-0.48286,normal
31.30000,3.73750,-4.03750,12.35000,0.77143,-0.58000,-0.59714,normal
31.32000,2.40000,-1.20000,10.80000,-0.95000,-0.35000,-1.30000,normal
31.34000,1.20000,-3.06559,7.40323,-1.62056,-0.07009,-2.42991,normal
31.36000,1.20000,-3.02258,7.53226,-1.39626,-0.03271,-2.46729,normal
31.38000,1.20000,-2.97957,7.66129,-1.17196,0.00467,-2.50467,normal
31.40000,1.20000,-2.93656,7.79032,-0.94766,0.04206,-2.54206,normal
31.42000,1.07143,-1.82857,8.02857,-0.72336,0.07944,-2.57944,normal
31.44000,0.93750,-0.70000,7.20000,-0.08588,0.21412,-2.08588,normal
31.46000,0.82386,-0.51818,7.56364,0.00824,0.30824,-1.99176,normal
31.48000,0.71023,-0.33636,7.92727,0.10235,0.40235,-1.89765,normal
31.50000,0.59659,-0.15455,8.29091,0.19647,0.49647,-1.80353,normal
31.52000,-0.45000,-0.25000,9.20000,0.29059,0.59059,-1.70941,normal
31.54000,-2.96180,-0.70225,8.37303,0.04000,1.06667,0.06667,normal
31.56000,-3.23146,-1.03933,8.32809,0.10667,1.17778,0.17778,normal
31.58000,-3.50112,-1.37640,8.28315,0.17333,1.28889,0.28889,normal
31.60000,-3.77079,-1.71348,8.23820,0.24000,1.40000,0.40000,normal
31.62000,-9.00000,-1.30000,9.00000,0.70000,2.60000,1.40000,normal
31.64000,-16.33579,-0.83474,5.55053,-1.66882,3.03441,1.60000,normal
31.66000,-16.63053,-1.00316,5.61368,-1.75484,3.07742,1.60000,normal
31.68000,-16.92526,-1.17158,5.67684,-1.84086,3.12043,1.60000,normal
31.70000,-17.22000,-1.34000,5.74000,-1.92688,3.16344,1.60000,normal
31.72000,-27.60000,-11.50000,20.90000,0.35000,1.50000,0.95000,normal
31.74000,-6.37634,10.59462,9.39785,1.52545,-0.97091,0.38727,normal
31.76000,-6.09677,9.71290,8.64516,0.99818,-0.71636,0.15091,normal
31.78000,-5.81720,8.83118,7.89247,0.47091,-0.46182,-0.08545,normal
31.80000,-5.53763,7.94946,7.13978,-0.05636,-0.20727,-0.32182,normal
31.82000,-6.80000,-2.88750,5.83750,-0.58364,0.04727,-0.55818,normal
31.84000,-5.12299,2.85632,9.11954,0.58101,-0.49873,-0.40000,normal
31.86000,-5.16897,1.56897,8.95862,0.20127,-0.47342,-0.40000,normal
31.88000,-5.21494,0.28161,8.79770,-0.17848,-0.44810,-0.40000,normal
31.90000,-5.26092,-1.00575,8.63678,-0.55823,-0.42278,-0.40000,normal
31.92000,-6.40000,-1.40000,7.20000,-1.00000,-0.40000,-0.05000,normal
31.94000,-5.96989,-1.31720,9.26882,-0.89213,-0.40787,0.17640,normal
31.96000,-5.43226,-1.33871,9.35484,-0.86966,-0.43034,0.10899,normal
31.98000,-4.89462,-1.36022,9.44086,-0.84719,-0.45281,0.04157,normal
32.00000,-4.35699,-1.38172,9.52688,-0.82472,-0.47528,-0.02584,normal
32.02000,-3.05000,-1.90000,8.90000,-0.80225,-0.49775,-0.09326,normal
32.04000,-5.28652,-1.98090,7.36742,0.21146,-0.50000,-0.20000,normal
32.06000,-5.26404,-2.11573,7.47978,0.23229,-0.50000,-0.20000,normal
32.08000,-5.24157,-2.25056,7.59213,0.25312,-0.50000,-0.20000,normal
32.10000,-5.21910,-2.38539,7.70449,0.27396,-0.50000,-0.20000,normal
32.12000,-5.26667,-2.36667,8.06667,0.29479,-0.50000,-0.20000,normal
32.14000,-4.59310,-1.96207,8.20345,0.23600,-0.68200,-0.08200,normal
32.16000,-4.80000,-2.10000,8.43333,0.31600,-0.64200,-0.04200,normal
32.18000,-5.00690,-2.23793,8.66322,0.39600,-0.60200,-0.00200,normal
32.20000,-5.21379,-2.37586,8.89310,0.47600,-0.56200,0.03800,normal
32.22000,-5.10000,-2.36667,8.66667,0.55600,-0.52200,0.07800,normal
32.24000,-3.97750,-0.81125,10.05500,1.24000,-0.70000,0.30000,normal
32.26000,-3.82750,-0.88625,9.75500,0.97538,-0.70615,0.30000,normal
32.28000,-3.67750,-0.96125,9.45500,0.85231,-0.73692,0.30000,normal
32.30000,-3.52750,-1.03625,9.15500,0.72923,-0.76769,0.30000,normal
32.32000,-3.98000,-0.68000,8.84000,0.60615,-0.79846,0.30000,normal
32.34000,-1.44333,-0.08000,9.49333,0.06395,-0.70000,0.58953,normal
32.36000,-1.51000,0.72000,10.56000,-0.23837,-0.70000,0.56628,normal
32.38000,-1.57667,1.52000,11.62667,-0.54070,-0.70000,0.54302,normal
32.40000,-1.64333,2.32000,12.69333,-0.84302,-0.70000,0.51977,normal
32.42000,-3.80000,-1.20000,9.40000,-1.45000,-0.45000,0.45000,normal
32.44000,-2.66452,-1.43118,9.50108,-3.61522,0.16522,-0.39130,normal
32.46000,-3.24516,-3.34516,8.87742,-3.24565,0.29565,-0.17391,normal
32.48000,-3.82581,-5.25914,8.25376,-2.87609,0.42609,0.04348,normal
32.50000,-4.40645,-7.17312,7.63011,-2.50652,0.55652,0.26087,normal
32.52000,-3.10000,-1.60000,8.96667,-2.13696,0.68696,0.47826,normal
32.54000,-4.08957,-2.74783,7.82087,0.09084,0.48168,0.79084,normal
32.56000,-4.07217,-2.66087,7.85565,0.07557,0.45115,0.77557,normal
32.58000,-4.05478,-2.57391,7.89043,0.06031,0.42061,0.76031,normal
32.60000,-4.03739,-2.48696,7.92522,0.04504,0.39008,0.74504,normal
32.62000,-4.02000,-2.40000,7.96000,0.02977,0.35954,0.72977,normal
32.64000,-4.00261,-2.31304,7.99478,0.01450,0.32901,0.71450,normal
32.66000,-4.71111,-2.11111,8.12222,-0.30000,-0.10000,0.60000,normal
32.68000,-4.54545,-1.78182,8.34545,-0.28679,-1.02642,0.50000,normal
32.70000,-4.47273,-1.49091,8.27273,-0.24906,-1.10189,0.50000,normal
32.72000,-4.40000,-1.20000,8.20000,-0.21132,-1.17736,0.50000,normal
32.74000,-1.43929,-3.31429,8.78214,0.15000,-2.05000,0.45000,normal
32.76000,-1.08214,-3.12381,9.18690,-0.00822,-2.25205,0.44795,normal
32.78000,-0.72500,-2.93333,9.59167,-0.22740,-2.30685,0.39315,normal
32.80000,-0.36786,-2.74286,9.99643,-0.44658,-2.36164,0.33836,normal
32.82000,-2.80000,-1.20000,5.60000,0.19904,-2.90096,0.49423,normal
32.84000,-2.22268,-1.73608,6.07423,0.17981,-2.92019,0.37885,normal
32.86000,-1.64536,-2.27216,6.54845,0.16058,-2.93942,0.26346,normal
32.88000,-1.06804,-2.80825,7.02268,0.14135,-2.95865,0.14808,normal
32.90000,-0.49072,-3.34433,7.49691,0.12212,-2.97788,0.03269,normal
32.92000,-0.08571,-1.87143,9.01429,0.10288,-2.99712,-0.08269,normal
32.94000,3.59556,-0.55222,10.36222,0.68095,-1.68095,0.10952,normal
32.96000,3.95111,-1.37444,11.38444,0.64286,-1.64286,0.12857,normal
32.98000,4.30667,-2.19667,12.40667,0.60476,-1.60476,0.14762,normal
33.00000,4.66222,-3.01889,13.42889,0.56667,-1.56667,0.16667,normal
33.02000,4.70000,-2.90000,12.25000,0.52857,-1.52857,0.18571,normal
33.04000,1.90000,-1.40000,9.30000,0.47000,-0.72000,0.33000,normal
33.06000,2.56800,-1.44800,9.67600,0.30806,0.20000,0.80806,normal
33.08000,2.75467,-1.50133,9.64933,0.34032,0.20000,0.84032,normal
33.10000,2.94133,-1.55467,9.62267,0.37258,0.20000,0.87258,normal
33.12000,4.30000,-0.40000,10.30000,0.34000,0.32000,0.84000,normal
33.14000,2.94681,-1.06277,9.48191,0.37111,0.20000,0.88556,normal
33.16000,2.64894,-1.25426,9.46064,0.32667,0.20000,0.86333,normal
33.18000,2.35106,-1.44574,9.43936,0.28222,0.20000,0.84111,normal
33.20000,2.05319,-1.63723,9.41809,0.23778,0.20000,0.81889,normal
33.22000,1.90000,-1.10000,9.10000,0.45000,0.05000,0.80000,normal
33.24000,1.25052,-4.75258,5.67010,1.35895,0.14105,0.60000,normal
33.26000,1.18866,-4.44330,7.25773,1.44316,0.05684,0.60000,normal
33.28000,1.12680,-4.13402,8.84536,1.52737,-0.02737,0.60000,normal
33.30000,1.06495,-3.82474,10.43299,1.61158,-0.11158,0.60000,normal
33.32000,1.00309,-3.51546,12.02062,1.69579,-0.19579,0.60000,normal
33.34000,1.17727,0.70000,7.37727,3.53564,0.91188,0.83564,normal
33.36000,0.97273,0.70000,7.17273,3.59505,0.93168,0.89505,normal
33.38000,0.76818,0.70000,6.96818,3.65446,0.95149,0.95446,normal
33.40000,0.56364,0.70000,6.76364,3.71386,0.97129,1.01386,normal
33.42000,0.28000,1.74000,6.64000,3.77327,0.99109,1.07327,normal
33.44000,0.92500,6.11250,7.21250,3.50000,1.10000,1.20000,normal
33.46000,0.97045,5.95341,7.41705,2.65600,1.34800,0.77600,normal
33.48000,1.01591,5.79432,7.62159,2.49600,1.40133,0.74933,normal
33.50000,1.06136,5.63523,7.82614,2.33600,1.45467,0.72267,normal
33.52000,0.70000,5.10000,10.10000,1.55000,1.65000,0.60000,normal
33.54000,0.79043,5.21277,8.63723,-0.63763,1.34839,0.58280,normal
33.56000,0.89681,4.40426,8.44574,-0.80968,1.28387,0.56129,normal
33.58000,1.00319,3.59574,8.25426,-0.98172,1.21935,0.53978,normal
33.60000,1.10957,2.78723,8.06277,-1.15376,1.15484,0.51828,normal
33.62000,1.70000,5.80000,8.70000,-0.67778,1.24444,0.61111,normal
33.64000,0.09149,4.51809,9.41809,-0.66087,1.60000,0.90978,normal
33.66000,-0.03617,4.53936,9.43936,-0.57391,1.60000,0.93152,normal
33.68000,-0.16383,4.56064,9.46064,-0.48696,1.60000,0.95326,normal
33.70000,-0.29149,4.58191,9.48191,-0.40000,1.60000,0.97500,normal
33.72000,-0.44286,4.30000,9.28571,-0.31304,1.60000,0.99674,normal
33.74000,-1.08750,6.97500,10.26250,-0.66022,1.08495,1.00753,normal
33.76000,-1.24659,6.74773,10.55795,-0.83226,1.04194,1.02903,normal
33.78000,-1.40568,6.52045,10.85341,-1.00430,0.99892,1.05054,normal
33.80000,-1.56477,6.29318,11.14886,-1.17634,0.95591,1.07204,normal
33.82000,-1.97000,5.95000,11.10000,-1.34839,0.91290,1.09355,normal
33.84000,-2.71882,4.82235,11.81294,-1.31250,0.72500,1.01250,normal
33.86000,-2.76588,5.12824,12.09529,0.10000,0.48219,0.90000,normal
33.88000,-2.81294,5.43412,12.37765,0.10000,0.45479,0.90000,normal
33.90000,-2.86000,5.74000,12.66000,0.10000,0.42740,0.90000,normal
33.92000,-1.90000,6.10000,10.10000,0.10000,0.40000,0.90000,normal
33.94000,-1.71444,6.08333,8.00000,-0.71959,0.00000,0.68660,normal
33.96000,-1.73667,5.75000,8.00000,-0.59588,0.00000,0.66598,normal
33.98000,-1.75889,5.41667,8.00000,-0.47216,0.00000,0.64536,normal
34.00000,-1.78111,5.08333,8.00000,-0.34845,0.00000,0.62474,normal
34.02000,-1.60000,4.90000,8.30000,-0.22474,0.00000,0.60412,normal
34.04000,-1.78506,5.03448,7.93448,0.20000,0.18723,0.50000,normal
34.06000,-1.55517,5.10345,8.00345,0.20000,0.14468,0.50000,normal
34.08000,-1.32529,5.17241,8.07241,0.20000,0.10213,0.50000,normal
34.10000,-1.09540,5.24138,8.14138,0.20000,0.05957,0.50000,normal
34.12000,-1.10000,4.50000,8.20000,0.20000,0.01702,0.50000,normal
34.14000,-0.81828,4.75484,9.00000,0.17778,0.02222,0.62222,normal
34.16000,-0.83978,4.81935,9.00000,0.17808,-0.12192,0.50000,normal
34.18000,-0.86129,4.88387,9.00000,0.15068,-0.14932,0.50000,normal
34.20000,-0.88280,4.94839,9.00000,0.12329,-0.17671,0.50000,normal
34.22000,-0.50000,4.80000,8.10000,0.30000,-0.30000,0.40000,normal
34.24000,-1.49684,3.96737,8.65368,-0.25464,0.06598,0.62268,normal
34.26000,-1.72842,3.69368,8.71684,-0.17216,0.00412,0.66392,normal
34.28000,-1.96000,3.42000,8.78000,-0.08969,-0.05773,0.70515,normal
34.30000,-2.19158,3.14632,8.84316,-0.00722,-0.11959,0.74639,normal
34.32000,1.50000,5.00000,9.50000,0.07526,-0.18144,0.78763,normal
34.34000,-0.21609,3.88506,8.41149,0.36250,0.15000,0.71250,normal
34.36000,0.15172,3.65517,8.43448,0.11857,0.01857,0.65571,normal
34.38000,0.51954,3.42529,8.45747,0.14714,0.04714,0.74143,normal
34.40000,0.88736,3.19540,8.48046,0.17571,0.07571,0.82714,normal
34.42000,0.40000,4.30000,8.90000,0.00000,-0.20000,0.50000,normal
34.44000,1.04796,3.63469,8.91735,-0.20000,0.01604,0.40000,normal
34.46000,0.98673,3.67551,8.93776,-0.20000,0.03491,0.40000,normal
34.48000,0.92551,3.71633,8.95816,-0.20000,0.05377,0.40000,normal
34.50000,0.86429,3.75714,8.97857,-0.20000,0.07264,0.40000,normal
34.52000,0.80306,3.79796,8.99898,-0.20000,0.09151,0.40000,normal
34.54000,0.20988,3.80494,9.19506,-0.01000,0.09000,0.19000,normal
34.56000,0.25926,3.82963,9.17037,-0.11528,-0.01528,0.10000,normal
34.58000,0.30864,3.85432,9.14568,-0.14306,-0.04306,0.10000,normal
34.60000,0.35802,3.87901,9.12099,-0.17083,-0.07083,0.10000,normal
34.62000,0.20000,4.05000,9.05000,-0.19861,-0.09861,0.10000,normal
34.64000,0.58333,3.30111,8.82889,-0.16703,-0.02198,0.15604,normal
34.66000,0.25000,3.45667,8.87333,-0.10110,-0.06593,0.06813,normal
34.68000,-0.08333,3.61222,8.91778,-0.03516,-0.10989,-0.01978,normal
34.70000,-0.41667,3.76778,8.96222,0.03077,-0.15385,-0.10769,normal
34.72000,0.50000,3.10000,8.80000,0.09670,-0.19780,-0.19560,normal
34.74000,0.47250,4.17625,8.90000,0.18889,0.42222,0.80000,normal
34.76000,0.32250,4.50125,8.90000,0.16111,0.47778,0.80000,normal
34.78000,0.17250,4.82625,8.90000,0.13333,0.53333,0.80000,normal
34.80000,0.02250,5.15125,8.90000,0.10556,0.58889,0.80000,normal
34.82000,-1.08095,4.19048,9.21905,-0.19174,0.40826,0.20000,normal
34.84000,-1.04286,4.17143,9.25714,-0.17339,0.42661,0.20000,normal
34.86000,-1.00476,4.15238,9.29524,-0.15505,0.44495,0.20000,normal
34.88000,-0.96667,4.13333,9.33333,-0.13670,0.46330,0.20000,normal
34.90000,-0.92857,4.11429,9.37143,-0.11835,0.48165,0.20000,normal
34.92000,-1.38600,4.19400,9.10000,-0.10000,0.50000,0.20000,normal
34.94000,-1.24600,4.13400,9.10000,0.18247,0.04742,0.10000,normal
34.96000,-1.10600,4.07400,9.10000,0.16186,-0.01443,0.10000,normal
34.98000,-0.96600,4.01400,9.10000,0.14124,-0.07629,0.10000,normal
35.00000,-0.82600,3.95400,9.10000,0.12062,-0.13814,0.10000,normal
35.02000,-1.10000,4.30000,9.10000,0.10000,-0.20000,0.10000,normal
35.04000,1.10000,3.53111,8.98444,-0.19545,-0.68636,-0.79545,normal
35.06000,1.10000,3.57556,8.96222,-0.17273,-0.61818,-0.77273,normal
35.08000,1.10000,3.62000,8.94000,-0.15000,-0.55000,-0.75000,normal
35.10000,1.10000,3.66444,8.91778,-0.12727,-0.48182,-0.72727,normal
35.12000,1.10000,3.80000,9.00000,-0.10455,-0.41364,-0.70455,normal
35.14000,-2.21250,1.95000,8.77500,-0.72588,-0.11647,1.27647,normal
35.16000,-1.50795,2.22273,8.91136,-0.51412,-0.16353,0.92353,normal
35.18000,-0.80341,2.49545,9.04773,-0.30235,-0.21059,0.57059,normal
35.20000,-0.09886,2.76818,9.18409,-0.09059,-0.25765,0.21765,normal
35.22000,0.50000,3.75000,9.10000,0.13333,-0.33333,0.13333,normal
35.24000,3.38261,2.90000,9.30000,-1.16106,-0.60000,-1.60531,normal
35.26000,2.86087,2.90000,9.30000,-1.09027,-0.60000,-1.25133,normal
35.28000,2.33913,2.90000,9.30000,-1.01947,-0.60000,-0.89735,normal
35.30000,1.81739,2.90000,9.30000,-0.94867,-0.60000,-0.54336,normal
35.32000,0.40000,3.80000,9.10000,-0.87788,-0.60000,-0.18938,normal
35.34000,1.95556,3.57778,9.17407,-0.80708,-0.60000,0.16460,normal
35.36000,-0.10000,5.08971,9.00000,0.71000,-0.17000,0.68000,normal
35.38000,-0.10000,4.70735,9.00000,0.64038,0.20000,0.46923,normal
35.40000,-0.10000,4.32500,9.00000,0.29423,0.20000,0.16154,normal
35.42000,1.90000,2.70000,8.50000,-0.50000,-0.05000,0.50000,normal
35.44000,0.38172,3.75484,9.01828,0.10000,0.18851,0.27701,normal
35.46000,0.36022,3.81935,9.03978,0.10000,0.16552,0.23103,normal
35.48000,0.33871,3.88387,9.06129,0.10000,0.14253,0.18506,normal
35.50000,0.31720,3.94839,9.08280,0.10000,0.11954,0.13908,normal
35.52000,0.75000,3.85000,9.15000,0.05000,-0.05000,0.05000,normal
35.54000,1.01771,3.77083,9.14688,0.01237,-0.41237,0.01237,normal
35.56000,1.03854,3.85417,9.08437,0.03299,-0.43299,0.03299,normal
35.58000,1.05937,3.93750,9.02188,0.05361,-0.45361,0.05361,normal
35.60000,1.08021,4.02083,8.95937,0.07423,-0.47423,0.07423,normal
35.62000,1.05000,4.05000,8.85000,0.09485,-0.49485,0.09485,normal
35.64000,1.44355,4.21452,8.78548,0.18861,-0.18861,0.18861,normal
35.66000,1.54032,4.24677,8.75323,0.16329,-0.16329,0.16329,normal
35.68000,1.63710,4.27903,8.72097,0.13797,-0.13797,0.13797,normal
35.70000,1.02778,4.21667,8.55556,0.11266,-0.11266,0.11266,normal
