timestamp,accel_x,accel_y,accel_z,gyro_x,gyro_y,gyro_z,label
0.00000,0.60000,3.90000,9.20000,0.30000,0.10000,0.10000,normal
0.02000,1.32000,3.55000,9.15000,0.01489,0.17021,0.45532,normal
0.04000,1.14222,3.66111,9.03889,0.03617,0.12766,0.39149,normal
0.06000,0.96444,3.77222,8.92778,0.05745,0.08511,0.32766,normal
0.08000,0.78667,3.88333,8.81667,0.07872,0.04255,0.26383,normal
0.10000,0.60889,3.99444,8.70556,0.10000,0.00000,0.20000,normal
0.12000,0.82700,4.12700,8.78200,-0.20000,0.01042,-0.01042,normal
0.14000,0.88700,4.18700,8.74200,-0.20000,0.03125,-0.03125,normal
0.16000,0.94700,4.24700,8.70200,-0.20000,0.05208,-0.05208,normal
0.18000,1.00700,4.30700,8.66200,-0.20000,0.07292,-0.07292,normal
0.20000,1.06700,4.36700,8.62200,-0.20000,0.09375,-0.09375,normal
0.22000,0.30357,3.50000,8.80000,-0.10000,0.19314,0.10000,normal
0.24000,0.32738,3.50000,8.80000,-0.10000,0.17353,0.10000,normal
0.26000,0.35119,3.50000,8.80000,-0.10000,0.15392,0.10000,normal
0.28000,0.37500,3.50000,8.80000,-0.10000,0.13431,0.10000,normal
0.30000,0.39881,3.50000,8.80000,-0.10000,0.11471,0.10000,normal
0.32000,-0.30606,3.22424,6.61818,-0.35000,0.35000,0.10000,normal
0.34000,-0.64949,3.26465,6.31515,-0.80759,0.72152,0.07848,normal
0.36000,-0.99293,3.30505,6.01212,-0.93418,0.74684,0.05316,normal
0.38000,-1.33636,3.34545,5.70909,-1.06076,0.77215,0.02785,normal
0.40000,-1.67980,3.38586,5.40606,-1.18734,0.79747,0.00253,normal
0.42000,-1.06705,3.73977,3.69659,-4.30909,1.30909,1.23636,normal
0.44000,-1.54432,3.85341,3.40114,-4.58182,1.33182,1.32727,normal
0.46000,-2.02159,3.96705,3.10568,-4.85455,1.35455,1.41818,normal
0.48000,-2.49886,4.08068,2.81023,-5.12727,1.37727,1.50909,normal
0.50000,-2.97614,4.19432,2.51477,-5.40000,1.40000,1.60000,normal
0.52000,-7.64000,-5.97000,1.39000,-7.69231,2.03077,3.20769,normal
0.54000,-8.17333,-7.01444,1.59000,-7.25275,2.07473,3.36154,normal
0.56000,-8.70667,-8.05889,1.79000,-6.81319,2.11868,3.51538,normal
0.58000,-9.24000,-9.10333,1.99000,-6.37363,2.16264,3.66923,normal
0.60000,-9.77333,-10.14778,2.19000,-5.20000,2.15000,4.05000,normal
0.62000,-13.20323,-10.51935,2.32581,-5.00000,2.32500,4.50000,normal
0.64000,-13.37527,-10.21828,2.36882,-4.83333,2.20000,4.50000,normal
0.66000,-13.54731,-9.91720,2.41183,-4.66667,2.07500,4.50000,normal
0.68000,-13.71935,-9.61613,2.45484,-4.50000,1.95000,4.50000,normal
0.70000,-13.89140,-9.31505,2.49785,-4.33333,1.82500,4.50000,normal
0.72000,-14.27143,-7.73810,-0.80952,-2.92000,0.38000,4.41000,normal
0.74000,-14.12857,-7.42857,-0.85714,-2.61304,0.04348,4.08696,normal
0.76000,-13.98571,-7.11905,-0.90476,-2.78696,-0.04348,3.91304,normal
0.78000,-13.84286,-6.80952,-0.95238,-2.96087,-0.13043,3.73913,normal
0.80000,-13.70000,-6.50000,-1.00000,-4.44000,-0.50000,2.06000,normal
0.82000,-11.22021,-5.56915,-0.97979,-5.70000,-0.60000,0.83778,normal
0.84000,-10.94362,-5.67553,-1.25638,-5.70000,-0.60000,0.74889,normal
0.86000,-10.66702,-5.78191,-1.53298,-5.70000,-0.60000,0.66000,normal
0.88000,-10.39043,-5.88830,-1.80957,-5.70000,-0.60000,0.57111,normal
0.90000,-10.11383,-5.99468,-2.08617,-4.25714,-0.17143,0.18571,normal
0.92000,-7.97204,-6.82796,-4.00000,-2.02021,0.12766,0.11383,normal
0.94000,-7.92903,-6.87097,-4.00000,-1.74362,0.17021,0.13511,normal
0.96000,-7.88602,-6.91398,-4.00000,-1.46702,0.21277,0.15638,normal
0.98000,-7.84301,-6.95699,-4.00000,-1.19043,0.25532,0.17766,normal
1.00000,-7.80000,-7.00000,-4.00000,-0.91383,0.29787,0.19894,normal
1.02000,-10.80000,-3.80909,2.23636,0.33529,0.61765,0.03529,normal
1.04000,-10.55000,-3.58182,2.32727,0.39412,0.48039,0.09412,normal
1.06000,-10.30000,-3.35455,2.41818,0.45294,0.34314,0.15294,normal
1.08000,-10.05000,-3.12727,2.50909,0.51176,0.20588,0.21176,normal
1.10000,-9.80000,-2.90000,2.60000,0.57059,0.06863,0.27059,normal
1.12000,-9.90000,-4.30000,-0.80000,1.12308,-0.20000,-0.10769,normal
1.14000,-9.74430,-4.12025,-1.10000,1.87222,-0.32778,-0.15417,normal
1.16000,-9.89620,-4.24684,-1.10000,1.98333,-0.21667,-0.23750,normal
1.18000,-10.04810,-4.37342,-1.10000,2.09444,-0.10556,-0.32083,normal
1.20000,-10.20000,-4.50000,-1.10000,2.05000,-0.05000,-0.50000,normal
1.22000,-9.73333,-2.81111,-1.35556,1.27500,0.28750,-1.40000,normal
1.24000,-9.80000,-2.83333,-1.26667,1.22955,0.26477,-1.40000,normal
1.26000,-9.86667,-2.85556,-1.17778,1.18409,0.24205,-1.40000,normal
1.28000,-9.93333,-2.87778,-1.08889,1.13864,0.21932,-1.40000,normal
1.30000,-10.00000,-2.90000,-1.00000,0.40000,0.20000,-1.40000,normal
1.32000,-8.51398,-3.11398,-0.82796,-0.40000,0.30000,-1.16531,normal
1.34000,-8.53548,-3.13548,-0.87097,-0.40000,0.30000,-1.12449,normal
1.36000,-8.55699,-3.15699,-0.91398,-0.40000,0.30000,-1.08367,normal
1.38000,-8.57849,-3.17849,-0.95699,-0.40000,0.30000,-1.04286,normal
1.40000,-8.60000,-3.20000,-1.00000,-0.40000,0.30000,-1.00204,normal
1.42000,-9.20000,-3.09091,-1.08182,0.42549,0.30000,-0.28725,normal
1.44000,-9.20000,-3.06818,-1.03636,0.46471,0.30000,-0.26765,normal
1.46000,-9.20000,-3.04545,-0.99091,0.50392,0.30000,-0.24804,normal
1.48000,-9.20000,-3.02273,-0.94545,0.54314,0.30000,-0.22843,normal
1.50000,-9.20000,-3.00000,-0.90000,0.58235,0.30000,-0.20882,normal
1.52000,-9.30000,-2.90000,0.50000,0.80000,0.40000,0.00000,normal
1.54000,-9.25000,-2.85000,0.75000,1.12429,0.50000,0.22429,normal
1.56000,-9.20000,-2.80000,1.00000,1.15286,0.50000,0.25286,normal
1.58000,-9.15000,-2.75000,1.25000,1.18143,0.50000,0.28143,normal
1.60000,-9.10000,-2.70000,1.50000,-0.79802,0.10000,0.50198,normal
1.62000,-9.18421,-3.33158,0.30526,-0.77822,0.10000,0.52178,normal
1.64000,-9.16316,-3.37368,0.17895,-0.75842,0.10000,0.54158,normal
1.66000,-9.14211,-3.41579,0.05263,-0.73861,0.10000,0.56139,normal
1.68000,-9.12105,-3.45789,-0.07368,-0.71881,0.10000,0.58119,normal
1.70000,-9.10000,-3.50000,-0.20000,-0.65000,0.05000,0.65000,normal
1.72000,-9.17204,-4.30215,-1.15806,-0.15333,-0.41556,0.51556,normal
1.74000,-9.12903,-4.15161,-1.09355,-0.08667,-0.43778,0.53778,normal
1.76000,-9.08602,-4.00108,-1.02903,-0.02000,-0.46000,0.56000,normal
1.78000,-9.04301,-3.85054,-0.96452,0.04667,-0.48222,0.58222,normal
1.80000,-9.00000,-3.70000,-0.90000,0.05000,-0.40000,0.60000,normal
1.82000,-9.38602,-3.57204,-0.51398,-0.11373,-0.30000,0.38627,normal
1.84000,-9.36452,-3.52903,-0.53548,-0.13333,-0.30000,0.36667,normal
1.86000,-9.34301,-3.48602,-0.55699,-0.15294,-0.30000,0.34706,normal
1.88000,-9.32151,-3.44301,-0.57849,-0.17255,-0.30000,0.32745,normal
1.90000,-9.30000,-3.40000,-0.60000,-0.19216,-0.30000,0.30784,normal
1.92000,-9.40123,-3.60247,-1.09877,-0.35882,-0.14118,0.24118,normal
1.94000,-9.42593,-3.65185,-1.07407,-0.70000,-0.10000,0.08750,normal
1.96000,-9.45062,-3.70123,-1.04938,-0.70000,-0.10000,0.05972,normal
1.98000,-9.47531,-3.75062,-1.02469,-0.70000,-0.10000,0.03194,normal
2.00000,-9.50000,-3.80000,-1.00000,-0.70000,-0.10000,0.00417,normal
2.02000,-9.01395,-3.29302,-0.57209,-0.12418,0.08791,-0.10000,normal
2.04000,-9.06047,-3.26977,-0.47907,-0.16813,0.06593,-0.10000,normal
2.06000,-9.10698,-3.24651,-0.38605,-0.21209,0.04396,-0.10000,normal
2.08000,-9.15349,-3.22326,-0.29302,-0.25604,0.02198,-0.10000,normal
2.10000,-9.20000,-3.20000,-0.20000,-0.30000,0.00000,-0.10000,normal
2.12000,-9.34045,-3.63034,0.58989,-0.94239,-0.27174,-0.61413,normal
2.14000,-9.43034,-3.69775,0.56742,-1.00761,-0.22826,-0.63587,normal
2.16000,-9.52022,-3.76517,0.54494,-1.07283,-0.18478,-0.65761,normal
2.18000,-9.61011,-3.83258,0.52247,-1.13804,-0.14130,-0.67935,normal
2.20000,-9.70000,-3.90000,0.50000,-1.35000,-0.10000,-0.75000,normal
2.22000,-10.25833,-4.66250,0.12083,-2.47000,0.08000,-0.49000,normal
2.24000,-10.17500,-4.78750,0.16250,-2.41000,0.04000,-0.47000,normal
2.26000,-10.09167,-4.91250,0.20417,-2.35000,-0.00000,-0.45000,normal
2.28000,-10.00833,-5.03750,0.24583,-2.29000,-0.04000,-0.43000,normal
2.30000,-9.92500,-5.16250,0.28750,-2.23000,-0.08000,-0.41000,normal
2.32000,-8.25000,-4.30000,-2.65000,-1.70000,-0.25000,-0.60000,normal
2.34000,-7.51923,-3.60769,-1.07564,0.19206,-0.75238,-0.02381,normal
2.36000,-7.75000,-3.30000,-1.05000,0.16032,-0.56190,-0.11905,normal
2.38000,-7.98077,-2.99231,-1.02436,0.12857,-0.37143,-0.21429,normal
2.40000,-8.80000,-2.90000,-1.30000,-0.70000,-0.25000,-0.60000,normal
2.42000,-8.24835,-2.36923,-2.50989,-0.27391,0.08261,0.03043,normal
2.44000,-8.33626,-2.67692,-1.98242,-0.23043,-0.11304,0.24783,normal
2.46000,-8.42418,-2.98462,-1.45495,-0.18696,-0.30870,0.46522,normal
2.48000,-8.51209,-3.29231,-0.92747,-0.14348,-0.50435,0.68261,normal
2.50000,-8.60000,-3.60000,-0.40000,-0.10000,-0.70000,0.90000,normal
2.52000,-8.18989,-3.67978,-1.16966,0.51275,-0.38725,1.21275,normal
2.54000,-8.16742,-3.63483,-1.10225,0.53235,-0.36765,1.23235,normal
2.56000,-8.14494,-3.58989,-1.03483,0.55196,-0.34804,1.25196,normal
2.58000,-8.12247,-3.54494,-0.96742,0.57157,-0.32843,1.27157,normal
2.60000,-8.10000,-3.50000,-0.90000,0.59118,-0.30882,1.29118,normal
2.62000,-9.93636,-3.54545,-0.40000,-0.61190,-0.11190,1.29405,normal
2.64000,-10.02727,-3.65909,-0.40000,-0.65952,-0.15952,1.27024,normal
2.66000,-10.11818,-3.77273,-0.40000,-0.70714,-0.20714,1.24643,normal
2.68000,-10.20909,-3.88636,-0.40000,-0.75476,-0.25476,1.22262,normal
2.70000,-10.30000,-4.00000,-0.40000,-0.80000,-0.30000,1.20000,normal
2.72000,-15.98989,-5.19775,-2.37978,2.53548,0.84946,0.23011,normal
2.74000,-15.96742,-4.74831,-2.33483,2.72903,0.63441,0.27312,normal
2.76000,-15.94494,-4.29888,-2.28989,2.92258,0.41935,0.31613,normal
2.78000,-15.92247,-3.84944,-2.24494,3.11613,0.20430,0.35914,normal
2.80000,-15.90000,-3.40000,-2.20000,3.32000,-0.08000,0.36000,normal
2.82000,-9.64444,-1.48889,1.30000,1.43511,-0.16489,-0.63511,normal
2.84000,-9.53333,-1.26667,1.30000,1.49894,-0.10106,-0.69894,normal
2.86000,-9.42222,-1.04444,1.30000,1.56277,-0.03723,-0.76277,normal
2.88000,-9.31111,-0.82222,1.30000,1.62660,0.02660,-0.82660,normal
2.90000,-9.20000,-0.60000,1.30000,1.69043,0.09043,-0.89043,normal
2.92000,-7.91935,-4.05161,-0.32581,-0.76104,0.14675,-1.67662,normal
2.94000,-7.98387,-3.89032,-0.74516,-0.63117,0.30260,-1.59870,normal
2.96000,-8.04839,-3.72903,-1.16452,-0.50130,0.45844,-1.52078,normal
2.98000,-8.50000,-2.66667,-1.30000,-0.37143,0.61429,-1.44286,normal
3.00000,-7.14706,-3.88824,-2.08824,0.80000,0.85000,-1.15000,normal
3.02000,-7.11875,-3.73125,-2.06250,1.34118,0.90000,-1.10000,normal
3.04000,-7.13958,-3.54375,-2.02083,1.52941,0.90000,-1.10000,normal
3.06000,-7.16042,-3.35625,-1.97917,1.71765,0.90000,-1.10000,normal
3.08000,-7.18125,-3.16875,-1.93750,1.90588,0.90000,-1.10000,normal
3.10000,-7.40000,-2.20000,-1.70000,2.59286,0.79286,-1.30714,normal
3.12000,-7.40000,-1.59867,-1.44933,2.56905,0.76905,-1.33095,normal
3.14000,-7.40000,-1.49200,-1.39600,2.54524,0.74524,-1.35476,normal
3.16000,-7.40000,-1.38533,-1.34267,2.52143,0.72143,-1.37857,normal
3.18000,-7.60000,-1.00000,-0.90000,2.20000,0.60000,-1.50000,normal
3.20000,-8.26383,-2.58723,-0.70000,0.27111,0.40000,-0.74222,normal
3.22000,-8.34894,-2.97021,-0.70000,0.22667,0.40000,-0.65333,normal
3.24000,-8.43404,-3.35319,-0.70000,0.18222,0.40000,-0.56444,normal
3.26000,-8.51915,-3.73617,-0.70000,0.13778,0.40000,-0.47556,normal
3.28000,-8.55000,-4.75000,-0.90000,0.90000,0.20000,0.30000,normal
3.30000,-7.23333,-5.15000,-0.76667,1.35567,0.31856,0.53711,normal
3.32000,-7.14444,-5.21667,-0.58889,1.41753,0.33918,0.57835,normal
3.34000,-7.05556,-5.28333,-0.41111,1.47938,0.35979,0.61959,normal
3.36000,-6.96667,-5.35000,-0.23333,1.54124,0.38041,0.66082,normal
3.38000,-7.20000,-5.00000,1.70000,2.00000,0.50000,0.80000,normal
3.40000,-7.73871,-4.66129,1.32258,2.03407,0.78352,0.68352,normal
3.42000,-7.78172,-4.61828,1.23656,1.94615,0.76154,0.66154,normal
3.44000,-7.82473,-4.57527,1.15054,1.85824,0.73956,0.63956,normal
3.46000,-7.86774,-4.53226,1.06452,1.77033,0.71758,0.61758,normal
3.48000,-8.80000,-4.40000,0.30000,0.85000,0.55000,0.65000,normal
3.50000,-9.98864,-4.20000,0.00000,0.22421,0.28105,0.71895,normal
3.52000,-10.12500,-4.20000,0.00000,0.14000,0.26000,0.74000,normal
3.54000,-10.26136,-4.20000,0.00000,0.05579,0.23895,0.76105,normal
3.56000,-10.39773,-4.20000,0.00000,-0.02842,0.21789,0.78211,normal
3.58000,-12.56250,-4.40000,-0.07500,-0.70000,0.10000,0.80000,normal
3.60000,-16.95349,-4.44186,-1.14186,-1.57473,-0.15604,0.78132,normal
3.62000,-17.20930,-4.51163,-1.21163,-1.66264,-0.22198,0.75934,normal
3.64000,-17.46512,-4.58140,-1.28140,-1.75055,-0.28791,0.73736,normal
3.66000,-17.72093,-4.65116,-1.35116,-1.83846,-0.35385,0.71538,normal
3.68000,-14.26667,-4.83333,-0.53333,-2.12000,-0.88000,0.34000,normal
3.70000,-9.53860,-3.75263,0.31053,-1.63548,-0.86129,-0.33871,normal
3.72000,-9.45088,-3.54211,0.46842,-1.55484,-0.81290,-0.38710,normal
3.74000,-9.36316,-3.33158,0.62632,-1.47419,-0.76452,-0.43548,normal
3.76000,-9.27544,-3.12105,0.78421,-1.39355,-0.71613,-0.48387,normal
3.78000,-9.18772,-2.91053,0.94211,-1.31290,-0.66774,-0.53226,normal
3.80000,-9.10000,-2.70000,1.10000,-1.23226,-0.61935,-0.58065,normal
3.82000,-4.90241,-0.10482,-0.29880,-1.97500,-1.35625,-1.68750,normal
3.84000,-4.95060,-0.20120,-0.27470,-2.24459,-1.24054,-1.81486,normal
3.86000,-4.99880,-0.29759,-0.25060,-2.32568,-1.13243,-1.84189,normal
3.88000,-5.04699,-0.39398,-0.22651,-2.40676,-1.02432,-1.86892,normal
3.90000,-5.09518,-0.49036,-0.20241,-2.48784,-0.91622,-1.89595,normal
3.92000,-5.25632,-3.38046,-0.94023,-1.70519,-0.80000,-0.58701,normal
3.94000,-5.41724,-3.61034,-1.05517,-1.75714,-0.80000,-0.45714,normal
3.96000,-5.57816,-3.84023,-1.17011,-1.80909,-0.80000,-0.32727,normal
3.98000,-5.73908,-4.07011,-1.28506,-1.86104,-0.80000,-0.19740,normal
4.00000,-5.90000,-4.30000,-1.40000,-0.70000,-0.80000,1.40000,normal
4.02000,-7.77216,-3.98557,-0.71443,-0.22577,-0.66289,1.85567,normal
4.04000,-7.87526,-3.96495,-0.73505,-0.14330,-0.62165,1.91753,normal
4.06000,-7.97835,-3.94433,-0.75567,-0.06082,-0.58041,1.97938,normal
4.08000,-8.08144,-3.92371,-0.77629,0.02165,-0.53918,2.04124,normal
4.10000,-8.18454,-3.90309,-0.79691,0.50000,-0.30000,2.30000,normal
4.12000,-13.13333,-5.40000,-0.90000,-4.48218,-0.23267,3.43861,normal
4.14000,-12.40000,-6.60000,-0.90000,-4.08614,-0.29208,2.96337,normal
4.16000,-11.66667,-7.80000,-0.90000,-3.69010,-0.35149,2.48812,normal
4.18000,-10.93333,-9.00000,-0.90000,-3.29406,-0.41089,2.01287,normal
4.20000,-10.20000,-10.20000,-0.90000,-2.89802,-0.47030,1.53762,normal
4.22000,-10.21250,-5.96250,-2.91250,-1.03000,-0.54000,1.85000,normal
4.24000,-9.88734,-5.85570,-2.61139,1.37067,-0.40000,1.47867,normal
4.26000,-9.55823,-5.70380,-2.30759,1.58400,-0.40000,1.45200,normal
4.28000,-9.22911,-5.55190,-2.00380,1.79733,-0.40000,1.42533,normal
4.30000,-8.90000,-5.40000,-1.70000,2.30000,-0.30000,1.30000,normal
4.32000,-9.68889,-3.97778,0.60000,3.16316,0.51579,0.10000,normal
4.34000,-10.06667,-3.53333,0.60000,3.24737,0.53684,0.10000,normal
4.36000,-10.44444,-3.08889,0.60000,3.33158,0.55789,0.10000,normal
4.38000,-10.82222,-2.64444,0.60000,3.41579,0.57895,0.10000,normal
4.40000,-11.20000,-2.20000,0.60000,3.50000,0.60000,0.10000,normal
4.42000,-15.79130,-2.30000,-0.98696,0.66989,0.07204,-1.57204,normal
4.44000,-15.76957,-2.30000,-0.70435,0.77742,0.02903,-1.52903,normal
4.46000,-15.74783,-2.30000,-0.42174,0.88495,-0.01398,-1.48602,normal
4.48000,-15.72609,-2.30000,-0.13913,0.99247,-0.05699,-1.44301,normal
4.50000,-15.70435,-2.30000,0.14348,1.10000,-0.10000,-1.40000,normal
4.52000,-8.64944,-2.29888,-1.21011,-3.34301,-0.66774,-1.57849,normal
4.54000,-8.53708,-2.07416,-1.23258,-3.42903,-0.60323,-1.53548,normal
4.56000,-8.42472,-1.84944,-1.25506,-3.51505,-0.53871,-1.49247,normal
4.58000,-8.31236,-1.62472,-1.27753,-3.60108,-0.47419,-1.44946,normal
4.60000,-8.20000,-1.40000,-1.30000,-3.68710,-0.40968,-1.40645,normal
4.62000,-8.93488,-3.89302,-2.50698,-2.20000,0.76667,-1.83333,normal
4.64000,-9.05116,-3.86977,-2.53023,0.24324,1.27973,-1.55946,normal
4.66000,-9.16744,-3.84651,-2.55349,0.56757,1.25270,-1.50541,normal
4.68000,-9.28372,-3.82326,-2.57674,0.89189,1.22568,-1.45135,normal
4.70000,-9.40000,-3.80000,-2.60000,2.10000,1.00000,-1.30000,normal
4.72000,-7.03333,-1.83333,-0.77778,2.58621,0.78621,-1.10000,normal
4.74000,-6.90000,-1.70000,-0.73333,2.56322,0.76322,-1.10000,normal
4.76000,-6.76667,-1.56667,-0.68889,2.54023,0.74023,-1.10000,normal
4.78000,-6.63333,-1.43333,-0.64444,2.51724,0.71724,-1.10000,normal
4.80000,-6.50000,-1.30000,-0.60000,1.30000,0.80000,-0.90000,normal
4.82000,-5.84286,-1.44286,-0.68571,0.85435,0.80000,-0.55435,normal
4.84000,-5.90408,-1.50408,-0.66531,0.78913,0.80000,-0.48913,normal
4.86000,-5.96531,-1.56531,-0.64490,0.72391,0.80000,-0.42391,normal
4.88000,-6.02653,-1.62653,-0.62449,0.65870,0.80000,-0.35870,normal
4.90000,-6.08776,-1.68776,-0.60408,0.35000,0.80000,0.30000,normal
4.92000,-8.51209,-3.21209,-1.42418,0.28317,0.46634,1.06733,normal
4.94000,-8.53407,-3.23407,-1.46813,0.26337,0.42673,1.14653,normal
4.96000,-8.55604,-3.25604,-1.51209,0.24356,0.38713,1.22574,normal
4.98000,-8.57802,-3.27802,-1.55604,0.22376,0.34752,1.30495,normal
5.00000,-8.60000,-3.30000,-1.60000,0.20396,0.30792,1.38416,normal
5.02000,-9.51705,-3.21705,-1.57159,-0.10000,0.30000,1.90000,normal
5.04000,-9.58523,-3.28523,-1.45795,-0.17848,0.12152,2.00000,normal
5.06000,-9.65341,-3.35341,-1.34432,-0.15316,0.14684,2.00000,normal
5.08000,-9.72159,-3.42159,-1.23068,-0.12785,0.17215,2.00000,normal
5.10000,-9.78977,-3.48977,-1.11705,-0.10253,0.19747,2.00000,normal
5.12000,-12.37778,-3.62222,-0.74444,0.58804,0.68804,1.88804,normal
5.14000,-12.73333,-3.66667,-0.83333,0.56630,0.66630,1.86630,normal
5.16000,-13.08889,-3.71111,-0.92222,0.54457,0.64457,1.84457,normal
5.18000,-13.44444,-3.75556,-1.01111,0.52283,0.62283,1.82283,normal
5.20000,-13.80000,-3.80000,-1.10000,0.50109,0.60109,1.80109,normal
5.22000,-15.18298,-4.45957,-1.51489,-0.16250,0.21250,1.47500,normal
5.24000,-15.58723,-4.54468,-1.53617,-0.10000,0.23333,1.43333,normal
5.26000,-15.99149,-4.62979,-1.55745,-0.03750,0.25417,1.39167,normal
5.28000,-16.39574,-4.71489,-1.57872,0.02500,0.27500,1.35000,normal
5.30000,-16.80000,-4.80000,-1.60000,0.08750,0.29583,1.30833,normal
5.32000,-9.37957,-2.79032,0.50215,1.99231,-0.09615,-0.21923,normal
5.34000,-9.80968,-2.46774,0.35161,1.94103,-0.07051,-0.34744,normal
5.36000,-10.23978,-2.14516,0.20108,1.88974,-0.04487,-0.47564,normal
5.38000,-10.66989,-1.82258,0.05054,1.83846,-0.01923,-0.60385,normal
5.40000,-11.10000,-1.50000,-0.10000,0.66000,-0.76000,-1.56000,normal
5.42000,-7.72473,-1.43011,-0.65484,-1.04737,-1.28421,-2.33158,normal
5.44000,-7.61720,-1.47312,-0.59032,-1.11053,-1.26316,-2.37368,normal
5.46000,-7.50968,-1.51613,-0.52581,-1.17368,-1.24211,-2.41579,normal
5.48000,-7.40215,-1.55914,-0.46129,-1.23684,-1.22105,-2.45789,normal
5.50000,-7.15000,-1.80000,-0.40000,-1.30000,-1.20000,-2.50000,normal
5.52000,-5.78977,-3.07955,-0.91023,-0.94526,-0.77263,-2.05895,normal
5.54000,-5.76705,-3.03409,-0.93295,-0.86105,-0.73053,-1.99579,normal
5.56000,-5.74432,-2.98864,-0.95568,-0.77684,-0.68842,-1.93263,normal
5.58000,-5.72159,-2.94318,-0.97841,-0.69263,-0.64632,-1.86947,normal
5.60000,-5.70000,-2.75000,-0.85000,-0.60842,-0.60421,-1.80632,normal
5.62000,-6.21023,-2.50000,-0.18977,0.41075,0.01075,-0.76774,normal
5.64000,-6.23295,-2.50000,-0.16705,0.43226,0.03226,-0.70323,normal
5.66000,-6.25568,-2.50000,-0.14432,0.45376,0.05376,-0.63871,normal
5.68000,-6.27841,-2.50000,-0.12159,0.47527,0.07527,-0.57419,normal
5.70000,-6.55000,-2.55000,-0.10000,0.49677,0.09677,-0.50968,normal
5.72000,-7.90706,-2.91412,-0.08588,0.50000,0.20000,0.50759,normal
5.74000,-7.93059,-2.96118,-0.03882,0.50000,0.20000,0.58354,normal
5.76000,-7.95412,-3.00824,0.00824,0.50000,0.20000,0.65949,normal
5.78000,-7.97765,-3.05529,0.05529,0.50000,0.20000,0.73544,normal
5.80000,-8.10000,-3.10000,0.10000,0.35000,0.10000,0.95000,normal
5.82000,-8.51596,-2.48404,0.35213,-0.81333,0.10000,1.08222,normal
5.84000,-8.53723,-2.46277,0.28830,-1.08000,0.10000,1.06000,normal
5.86000,-8.55851,-2.44149,0.22447,-1.34667,0.10000,1.03778,normal
5.88000,-8.57979,-2.42021,0.16064,-1.61333,0.10000,1.01556,normal
5.90000,-8.40000,-2.60000,-0.05000,-3.46000,-0.10000,1.00000,normal
5.92000,-9.69149,-6.35532,-1.93191,-3.24176,0.10000,1.08242,normal
5.94000,-9.94681,-6.69574,-1.97447,-3.04396,0.10000,1.06044,normal
5.96000,-10.20213,-7.03617,-2.01702,-2.84615,0.10000,1.03846,normal
5.98000,-10.45745,-7.37660,-2.05957,-2.64835,0.10000,1.01648,normal
6.00000,-10.95000,-7.95000,-2.10000,-0.50000,0.60000,0.00000,normal
6.02000,-13.92366,-8.91183,-2.43978,1.57290,0.49346,0.20467,normal
6.04000,-13.38602,-7.64301,-2.35376,1.96542,0.38131,-0.00093,normal
6.06000,-12.84839,-6.37419,-2.26774,2.35794,0.26916,-0.20654,normal
6.08000,-12.31075,-5.10538,-2.18172,2.75047,0.15701,-0.41215,normal
6.10000,-11.43333,-3.70000,-1.80000,3.14299,0.04486,-0.61776,normal
6.12000,-7.30854,-2.59512,-1.50244,2.32000,0.34000,-0.54000,normal
6.14000,-7.47927,-2.49756,-1.55122,2.01429,0.21714,-0.60000,normal
6.16000,-7.65000,-2.40000,-1.60000,1.87143,0.24571,-0.60000,normal
6.18000,-7.82073,-2.30244,-1.64878,1.72857,0.27429,-0.60000,normal
6.20000,-7.99146,-2.20488,-1.69756,1.10000,0.20000,-0.45000,normal
6.22000,-9.08358,-3.86716,-2.70000,1.33279,0.10000,0.13279,normal
6.24000,-9.05373,-3.80746,-2.70000,1.39836,0.10000,0.19836,normal
6.26000,-9.02388,-3.74776,-2.70000,1.46393,0.10000,0.26393,normal
6.28000,-8.25000,-2.65000,-2.55000,2.13333,0.56667,0.23333,normal
6.30000,-9.04000,-2.46000,-2.48000,2.20000,0.62169,0.20000,normal
6.32000,-9.08444,-2.52667,-2.45778,2.20000,0.64578,0.20000,normal
6.34000,-9.12889,-2.59333,-2.43556,2.20000,0.66988,0.20000,normal
6.36000,-9.17333,-2.66000,-2.41333,2.20000,0.69398,0.20000,normal
6.38000,-9.70000,-3.19675,-2.30000,2.10000,0.80000,0.30000,normal
6.40000,-9.70000,-3.18049,-2.30000,2.10000,0.80000,0.30000,normal
6.42000,-9.70000,-3.16423,-2.30000,2.10000,0.80000,0.30000,normal
6.44000,-9.70000,-3.14797,-2.30000,2.10000,0.80000,0.30000,normal
6.46000,-9.70000,-3.13171,-2.30000,2.10000,0.80000,0.30000,normal
6.48000,-9.70000,-3.11545,-2.30000,2.10000,0.80000,0.30000,normal
6.50000,-9.70000,-3.00000,-2.25000,2.10000,0.80000,0.30000,normal
6.52000,-9.49506,-2.30000,-1.69753,1.56000,0.80000,-0.07000,normal
6.54000,-9.39630,-2.30000,-1.64815,1.47875,0.82125,-0.12125,normal
6.56000,-9.29753,-2.30000,-1.59877,1.45375,0.84625,-0.14625,normal
6.58000,-9.19877,-2.30000,-1.54938,1.42875,0.87125,-0.17125,normal
6.60000,-9.10000,-2.30000,-1.50000,1.40375,0.89625,-0.19625,normal
6.62000,-8.25172,-1.72069,-1.59310,1.76098,1.20000,0.14268,normal
6.64000,-8.09080,-1.12299,-1.57011,2.00488,1.20000,0.31341,normal
6.66000,-7.92989,-0.52529,-1.54713,2.24878,1.20000,0.48415,normal
6.68000,-7.76897,0.07241,-1.52414,2.49268,1.20000,0.65488,normal
6.70000,-7.60805,0.67011,-1.50115,2.50000,1.90000,1.40000,normal
6.72000,-13.12637,-2.57582,-1.26593,2.52688,1.36344,2.20000,normal
6.74000,-13.17033,-2.20220,-1.37582,2.44086,1.32043,2.20000,normal
6.76000,-13.21429,-1.82857,-1.48571,2.35484,1.27742,2.20000,normal
6.78000,-13.25824,-1.45495,-1.59560,2.26882,1.23441,2.20000,normal
6.80000,-13.60000,-1.00000,-1.80000,1.38571,1.00000,1.91429,normal
6.82000,-17.20323,-1.48495,-2.48925,0.70000,0.13564,1.28713,normal
6.84000,-16.49355,-1.46344,-2.18817,0.70000,0.03663,1.26733,normal
6.86000,-15.78387,-1.44194,-1.88710,0.70000,-0.06238,1.24752,normal
6.88000,-15.07419,-1.42043,-1.58602,0.70000,-0.16139,1.22772,normal
6.90000,-13.05000,-1.05000,-0.75000,0.70000,-0.26040,1.20792,normal
6.92000,-8.12375,-0.30625,-0.31125,-0.40000,-0.70000,0.70000,normal
6.94000,-8.59875,-0.43125,-0.53625,-0.87105,-0.37632,0.65263,normal
6.96000,-9.07375,-0.55625,-0.76125,-0.95000,-0.35000,0.60000,normal
6.98000,-9.54875,-0.68125,-0.98625,-1.02895,-0.32368,0.54737,normal
7.00000,-10.50000,-1.35000,-1.90000,-1.25000,-0.75000,0.15000,normal
7.02000,-8.03889,-1.01667,-1.45333,-0.14023,-0.77011,-0.75977,normal
7.04000,-7.92778,-0.68333,-1.18667,-0.04828,-0.72414,-0.85172,normal
7.06000,-7.81667,-0.35000,-0.92000,0.04368,-0.67816,-0.94368,normal
7.08000,-7.70556,-0.01667,-0.65333,0.13563,-0.63218,-1.03563,normal
7.10000,-7.35000,0.60000,-0.05000,-2.60000,-0.40000,-1.80000,normal
7.12000,-7.70538,-0.70538,0.82473,-3.46170,-0.33936,-1.94043,normal
7.14000,-7.85591,-0.85591,0.71720,-3.63191,-0.27553,-1.98298,normal
7.16000,-8.00645,-1.00645,0.60968,-3.80213,-0.21170,-2.02553,normal
7.18000,-8.15699,-1.15699,0.50215,-3.97234,-0.14787,-2.06809,normal
7.20000,-8.00000,-2.15000,-0.50000,-3.80000,-0.10000,-1.90000,normal
7.22000,-8.16022,-3.16452,-1.80968,0.09278,0.28454,-1.18454,normal
7.24000,-8.24624,-2.97097,-1.68065,0.21649,0.26392,-1.16392,normal
7.26000,-8.33226,-2.77742,-1.55161,0.34021,0.24330,-1.14330,normal
7.28000,-8.41828,-2.58387,-1.42258,0.46392,0.22268,-1.12268,normal
7.30000,-8.61111,-2.41111,-1.13333,0.58763,0.20206,-1.10206,normal
7.32000,-7.61647,-2.19176,-0.74118,0.53333,-0.10000,-0.43333,normal
7.34000,-7.66353,-2.16824,-0.85882,0.64118,-0.05882,-0.23824,normal
7.36000,-7.71059,-2.14471,-0.97647,0.70000,0.00000,-0.15000,normal
7.38000,-7.75765,-2.12118,-1.09412,0.75882,0.05882,-0.06176,normal
7.40000,-7.60000,-2.30000,-1.40000,0.40000,-0.10000,0.35000,normal
7.42000,-7.70000,-2.33936,-0.74787,-1.01915,-0.55106,0.23617,normal
7.44000,-7.70000,-2.65851,-0.81170,-1.16809,-0.61489,0.40638,normal
7.46000,-7.70000,-2.97766,-0.87553,-1.31702,-0.67872,0.57660,normal
7.48000,-7.70000,-3.29681,-0.93936,-1.46596,-0.74255,0.74681,normal
7.50000,-8.20000,-4.35000,-1.00000,-0.53333,-0.23333,1.93333,normal
7.52000,-14.16111,-4.54667,-0.40778,0.04286,0.20000,1.61429,normal
7.54000,-14.27222,-4.81333,-0.78556,0.10000,0.33333,1.50000,normal
7.56000,-14.38333,-5.08000,-1.16333,0.15714,0.46667,1.38571,normal
7.58000,-14.49444,-5.34667,-1.54111,0.21429,0.60000,1.27143,normal
7.60000,-15.15000,-5.55000,-2.20000,0.27143,0.73333,1.15714,normal
7.62000,-9.86452,-1.20968,-1.34516,4.28049,-0.01463,0.38537,normal
7.64000,-9.67097,-1.08065,-1.40968,4.18293,-0.08780,0.31220,normal
7.66000,-9.47742,-0.95161,-1.47419,4.08537,-0.16098,0.23902,normal
7.68000,-9.28387,-0.82258,-1.53871,3.98780,-0.23415,0.16585,normal
7.70000,-9.80000,-0.40000,-1.90000,3.40000,-0.50000,-0.10000,normal
7.72000,-8.85213,-2.57234,-1.23191,0.56444,-0.44667,-0.70000,normal
7.74000,-8.78830,-2.40213,-1.27447,0.52000,-0.38000,-0.70000,normal
7.76000,-8.72447,-2.23191,-1.31702,0.47556,-0.31333,-0.70000,normal
7.78000,-8.66064,-2.06170,-1.35957,0.43111,-0.24667,-0.70000,normal
7.80000,-8.75000,-1.90000,-1.25000,-0.32000,0.00000,-0.70000,normal
7.82000,-6.97021,-2.61489,-1.64468,-0.24526,0.22737,-0.70000,normal
7.84000,-6.92766,-2.63617,-1.70851,-0.16105,0.26947,-0.70000,normal
7.86000,-6.88511,-2.65745,-1.77234,-0.07684,0.31158,-0.70000,normal
7.88000,-6.84255,-2.67872,-1.83617,0.00737,0.35368,-0.70000,normal
7.90000,-6.80000,-2.70000,-1.90000,0.09158,0.39579,-0.70000,normal
7.92000,-7.80814,-2.49186,-1.70000,1.42245,0.70000,-0.60000,normal
7.94000,-7.83140,-2.46860,-1.70000,1.46327,0.70000,-0.60000,normal
7.96000,-7.85465,-2.44535,-1.70000,1.50408,0.70000,-0.60000,normal
7.98000,-7.87791,-2.42209,-1.70000,1.54490,0.70000,-0.60000,normal
8.00000,-7.91667,-2.35000,-1.66667,1.58571,0.70000,-0.60000,normal
8.02000,-9.10247,-1.70247,-1.30000,1.16000,0.58000,-0.72000,normal
8.04000,-9.12716,-1.72716,-1.30000,0.93239,0.50000,-0.80000,normal
8.06000,-9.15185,-1.75185,-1.30000,0.81972,0.50000,-0.80000,normal
8.08000,-9.17654,-1.77654,-1.30000,0.70704,0.50000,-0.80000,normal
8.10000,-9.20000,-1.85000,-1.30000,0.45000,0.50000,-0.80000,normal
8.12000,-8.81136,-2.41136,-1.30000,0.00000,0.51333,-0.37333,normal
8.14000,-8.83409,-2.43409,-1.30000,0.00000,0.53556,-0.32889,normal
8.16000,-8.85682,-2.45682,-1.30000,0.00000,0.55778,-0.28444,normal
8.18000,-8.87955,-2.47955,-1.30000,0.00000,0.58000,-0.24000,normal
8.20000,-9.10000,-2.80000,-0.80000,0.20000,0.60000,0.10000,normal
8.22000,-9.11900,-3.46800,-1.10000,1.28421,0.93368,0.75053,normal
8.24000,-9.25900,-3.54800,-1.10000,1.38947,0.97579,0.81368,normal
8.26000,-9.39900,-3.62800,-1.10000,1.49474,1.01789,0.87684,normal
8.28000,-9.53900,-3.70800,-1.10000,1.60000,1.06000,0.94000,normal
8.30000,-9.67900,-3.78800,-1.10000,1.75000,1.10000,1.20000,normal
8.32000,-14.54719,-2.35506,-2.05618,1.06250,0.78125,1.90938,normal
8.34000,-15.04157,-2.26517,-2.16854,0.97917,0.73958,1.93021,normal
8.36000,-15.53596,-2.17528,-2.28090,0.89583,0.69792,1.95104,normal
8.38000,-16.03034,-2.08539,-2.39326,0.81250,0.65625,1.97188,normal
8.40000,-17.35000,-1.95000,-2.55000,0.72917,0.61458,1.99271,normal
8.42000,-11.45556,-3.58765,-0.58519,-0.72000,-1.28000,1.34000,normal
8.44000,-11.01111,-3.46420,-0.43704,-0.95833,-1.43889,1.00278,normal
8.46000,-10.56667,-3.34074,-0.28889,-1.04167,-1.49444,0.86389,normal
8.48000,-10.12222,-3.21728,-0.14074,-1.12500,-1.55000,0.72500,normal
8.50000,-9.10000,-1.90000,0.40000,-1.30000,-1.40000,0.00000,normal
8.52000,-9.17297,-0.53243,-0.95676,-2.30417,-1.52083,-1.66250,normal
8.54000,-8.84865,-0.72162,-1.03784,-2.44306,-1.54861,-1.74583,normal
8.56000,-8.52432,-0.91081,-1.11892,-2.58194,-1.57639,-1.82917,normal
8.58000,-8.20000,-1.10000,-1.20000,-3.00000,-1.60000,-2.00000,normal
8.60000,-5.80824,-3.00000,-1.53059,-3.07692,-1.26923,-2.16923,normal
8.62000,-5.66706,-3.00000,-1.57765,-2.87179,-1.21795,-2.11795,normal
8.64000,-5.52588,-3.00000,-1.62471,-2.66667,-1.16667,-2.06667,normal
8.66000,-5.38471,-3.00000,-1.67176,-2.46154,-1.11538,-2.01538,normal
8.68000,-4.12474,-2.80619,-1.48763,-0.47477,-0.58318,-0.96636,normal
8.70000,-4.28969,-2.84742,-1.40515,-0.41869,-0.54579,-0.89159,normal
8.72000,-4.45464,-2.88866,-1.32268,-0.36262,-0.50841,-0.81682,normal
8.74000,-4.61959,-2.92990,-1.24021,-0.30654,-0.47103,-0.74206,normal
8.76000,-4.78454,-2.97113,-1.15773,-0.25047,-0.43364,-0.66729,normal
8.78000,-7.45000,-2.72000,-0.19000,0.10000,-0.30000,-0.40000,normal
8.80000,-7.91279,-2.91279,-0.03605,-0.13077,-0.20000,0.74103,normal
8.82000,-7.93605,-2.93605,0.08023,-0.20769,-0.20000,0.84359,normal
8.84000,-7.95930,-2.95930,0.19651,-0.28462,-0.20000,0.94615,normal
8.86000,-7.98256,-2.98256,0.31279,-0.36154,-0.20000,1.04872,normal
8.88000,-8.70000,-11.40000,-0.80000,-4.58333,-1.05000,1.18333,normal
8.90000,-6.73673,-7.48571,-2.38980,-3.36000,-1.00000,1.36000,normal
8.92000,-6.77755,-6.91429,-2.26735,-2.58105,-0.89474,1.42316,normal
8.94000,-6.81837,-6.34286,-2.14490,-1.80211,-0.78947,1.48632,normal
8.96000,-6.85918,-5.77143,-2.02245,-1.02316,-0.68421,1.54947,normal
8.98000,-6.90000,-5.20000,-1.90000,1.20000,0.04000,1.28000,normal
9.00000,-10.97471,-4.56092,-2.41609,4.17558,0.07558,1.51628,normal
9.02000,-11.08966,-4.19310,-1.97931,4.10581,0.00581,1.56279,normal
9.04000,-11.20460,-3.82529,-1.54253,4.03605,-0.06395,1.60930,normal
9.06000,-11.31954,-3.45747,-1.10575,3.96628,-0.13372,1.65581,normal
9.08000,-15.88889,-4.56667,1.72222,2.70000,-0.45000,1.85000,normal
9.10000,-15.57674,-5.11395,1.78837,-2.28725,0.47451,0.60000,normal
9.12000,-15.20465,-5.13721,1.60233,-2.26765,0.43529,0.60000,normal
9.14000,-14.83256,-5.16047,1.41628,-2.24804,0.39608,0.60000,normal
9.16000,-14.46047,-5.18372,1.23023,-2.22843,0.35686,0.60000,normal
9.18000,-12.28571,-6.38571,-2.07143,-2.20882,0.31765,0.60000,normal
9.20000,-9.20000,-4.10000,-2.60000,0.13548,0.05484,0.32258,normal
9.22000,-8.85909,-3.91818,-2.50909,0.97419,0.44194,0.12903,normal
9.24000,-8.51818,-3.73636,-2.41818,2.37231,0.32615,-0.12308,normal
9.26000,-8.17727,-3.55455,-2.32727,2.58769,0.23385,-0.27692,normal
9.28000,-7.83636,-3.37273,-2.23636,2.80308,0.14154,-0.43077,normal
9.30000,-9.10000,-1.50000,0.20000,2.28980,-0.30102,-0.80102,normal
9.32000,-8.79388,-1.47959,0.28163,2.08571,-0.32143,-0.82143,normal
9.34000,-8.48776,-1.45918,0.36327,1.88163,-0.34184,-0.84184,normal
9.36000,-8.18163,-1.43878,0.44490,1.67755,-0.36224,-0.86224,normal
9.38000,-7.87551,-1.41837,0.52653,1.47347,-0.38265,-0.88265,normal
9.40000,-7.30000,-1.00000,0.90000,-0.05000,-0.05000,-1.10000,normal
9.42000,-6.77419,-2.15161,-0.95161,-0.96701,0.31649,-1.30000,normal
9.44000,-6.73118,-2.23763,-1.03763,-0.92577,0.33711,-1.30000,normal
9.46000,-6.68817,-2.32366,-1.12366,-0.88454,0.35773,-1.30000,normal
9.48000,-6.64516,-2.40968,-1.20968,-0.84330,0.37835,-1.30000,normal
9.50000,-6.60215,-2.49570,-1.29570,-0.80206,0.39897,-1.30000,normal
9.52000,-8.10000,-2.30000,-1.59184,1.10505,0.59495,-0.79495,normal
9.54000,-8.10000,-2.30000,-1.57143,1.12525,0.57475,-0.77475,normal
9.56000,-8.10000,-2.30000,-1.55102,1.14545,0.55455,-0.75455,normal
9.58000,-8.10000,-2.30000,-1.53061,1.16566,0.53434,-0.73434,normal
9.60000,-8.10000,-2.30000,-1.51020,1.18586,0.51414,-0.71414,normal
9.62000,-8.19091,-2.02727,-1.31818,1.20000,0.50000,-0.62500,normal
9.64000,-8.46164,-2.33836,-0.78082,0.68621,0.60000,0.11379,normal
9.66000,-8.40685,-2.39315,-0.75342,0.61724,0.60000,0.18276,normal
9.68000,-8.35205,-2.44795,-0.72603,0.54828,0.60000,0.25172,normal
9.70000,-7.90000,-2.60000,-0.80000,0.25000,0.75000,0.80000,normal
9.72000,-7.36452,-5.77419,-1.86774,0.81910,0.90000,1.26742,normal
9.74000,-7.45054,-6.13978,-1.82473,1.11124,0.90000,1.35730,normal
9.76000,-7.53656,-6.50538,-1.78172,1.40337,0.90000,1.44719,normal
9.78000,-7.62258,-6.87097,-1.73871,1.69551,0.90000,1.53708,normal
9.80000,-8.10000,-5.80000,-1.20000,2.30000,1.20000,1.90000,normal
9.82000,-13.18065,-3.91935,-0.16774,2.12609,1.13478,1.83478,normal
9.84000,-13.28817,-3.81183,-0.12473,1.95217,1.06957,1.76957,normal
9.86000,-13.39570,-3.70430,-0.08172,1.77826,1.00435,1.70435,normal
9.88000,-13.50323,-3.59677,-0.03871,1.60435,0.93913,1.63913,normal
9.90000,-14.70000,-3.20000,-0.30000,-0.00714,0.29286,0.18571,normal
9.92000,-15.47474,-2.90000,-0.78211,-0.04286,0.25714,0.11429,normal
9.94000,-15.32737,-2.90000,-0.76105,-0.07857,0.22143,0.04286,normal
9.96000,-15.18000,-2.90000,-0.74000,-0.11429,0.18571,-0.02857,normal
9.98000,-15.03263,-2.90000,-0.71895,-0.15000,0.15000,-0.10000,normal
10.00000,-15.10000,-2.94000,-0.78000,-0.18571,0.11429,-0.17143,normal
10.02000,-10.30000,-3.70000,-0.60000,-0.50000,-0.30000,-0.80000,normal
10.04000,-9.86410,-3.54615,-0.52308,-0.47792,-1.07792,-1.26623,normal
10.06000,-9.42821,-3.39231,-0.44615,-0.45195,-1.05195,-1.34416,normal
10.08000,-8.99231,-3.23846,-0.36923,-0.42597,-1.02597,-1.42208,normal
10.10000,-8.80000,-2.00000,-0.40000,-0.40000,-1.00000,-1.50000,normal
10.12000,-9.70660,-1.94245,-0.69151,-0.51261,-1.01261,-2.07477,normal
10.14000,-9.49906,-2.03679,-0.67264,-0.53063,-1.03063,-2.03874,normal
10.16000,-9.29151,-2.13113,-0.65377,-0.54865,-1.04865,-2.00270,normal
10.18000,-9.08396,-2.22547,-0.63491,-0.56667,-1.06667,-1.96667,normal
10.20000,-8.87642,-2.31981,-0.61604,-0.58468,-1.08468,-1.93063,normal
10.22000,-7.68333,-2.60000,-0.71667,-0.80000,-1.20000,-1.50000,normal
10.24000,-5.44000,-2.14667,-0.70000,-0.64754,-1.17377,-1.17377,normal
10.26000,-5.17333,-2.05778,-0.70000,-0.58197,-1.14098,-1.14098,normal
10.28000,-4.45714,-1.85714,-0.94286,-0.51639,-1.10820,-1.10820,normal
10.30000,-4.70833,-1.76190,-1.00000,-0.20441,-0.49559,-0.28235,normal
10.32000,-4.87500,-1.85714,-1.00000,-0.23382,-0.46618,-0.16471,normal
10.34000,-5.04167,-1.95238,-1.00000,-0.26324,-0.43676,-0.04706,normal
10.36000,-5.20833,-2.04762,-1.00000,-0.29265,-0.40735,0.07059,normal
10.38000,-7.92171,-3.51550,-1.09690,-0.50000,-0.09542,1.41832,normal
10.40000,-8.03023,-3.59302,-1.08140,-0.50000,-0.08015,1.47939,normal
10.42000,-8.13876,-3.67054,-1.06589,-0.50000,-0.06489,1.54046,normal
10.44000,-8.24729,-3.74806,-1.05039,-0.50000,-0.04962,1.60153,normal
10.46000,-8.35581,-3.82558,-1.03488,-0.50000,-0.03435,1.66260,normal
10.48000,-8.46434,-3.90310,-1.01938,-0.50000,-0.01908,1.72366,normal
10.50000,-8.57287,-3.98062,-1.00388,-0.50000,-0.00382,1.78473,normal
10.52000,-9.76190,-4.47460,0.36349,0.62542,0.50847,2.18305,normal
10.54000,-9.66667,-4.41111,0.52222,0.72712,0.54237,2.11525,normal
10.56000,-9.57143,-4.34762,0.68095,0.82881,0.57627,2.04746,normal
10.58000,-9.60000,-2.50000,1.70000,-0.30000,0.35000,0.60000,normal
10.60000,-7.87241,-5.43103,4.46552,-3.31935,-0.84516,-0.12581,normal
10.62000,-8.10230,-6.00575,3.75287,-3.34086,-0.67312,0.06774,normal
10.64000,-8.33218,-6.58046,3.04023,-3.36237,-0.50108,0.26129,normal
10.66000,-8.56207,-7.15517,2.32759,-3.38387,-0.32903,0.45484,normal
10.68000,-9.30909,-6.19242,-1.10303,1.80000,0.40000,0.60000,normal
10.70000,-9.40000,-6.11667,-1.13333,1.87874,0.38425,0.61575,normal
10.72000,-9.49091,-6.04091,-1.16364,1.95748,0.36850,0.63150,normal
10.74000,-9.58182,-5.96515,-1.19394,2.03622,0.35276,0.64724,normal
10.76000,-9.67273,-5.88939,-1.22424,2.11496,0.33701,0.66299,normal
10.78000,-9.76364,-5.81364,-1.25455,2.19370,0.32126,0.67874,normal
10.80000,-9.85455,-5.73788,-1.28485,2.27244,0.30551,0.69449,normal
10.82000,-13.28193,-3.39639,-1.08916,2.36703,0.38022,0.18022,normal
10.84000,-13.16145,-3.37229,-1.01687,2.25714,0.31429,0.11429,normal
10.86000,-13.04096,-3.34819,-0.94458,2.14725,0.24835,0.04835,normal
10.88000,-12.92048,-3.32410,-0.87229,2.03736,0.18242,-0.01758,normal
10.90000,-12.80000,-3.30000,-0.80000,1.92747,0.11648,-0.08352,normal
10.92000,-8.06588,-2.62471,-0.73294,0.60000,0.50000,-1.30000,normal
10.94000,-8.25412,-2.69529,-0.82706,0.60000,0.50000,-1.30000,normal
10.96000,-8.44235,-2.76588,-0.92118,0.60000,0.50000,-1.30000,normal
10.98000,-8.63059,-2.83647,-1.01529,0.60000,0.50000,-1.30000,normal
11.00000,-8.96667,-3.00000,-1.23333,0.80000,0.40000,-1.10000,normal
11.02000,-9.81236,-4.01348,-2.58764,1.32936,-0.01468,-0.48532,normal
11.04000,-9.83483,-3.85618,-2.56517,1.36606,-0.03303,-0.46697,normal
11.06000,-9.85730,-3.69888,-2.54270,1.40275,-0.05138,-0.44862,normal
11.08000,-9.87978,-3.54157,-2.52022,1.43945,-0.06972,-0.43028,normal
11.10000,-9.90000,-2.90000,-2.20000,1.47615,-0.08807,-0.41193,normal
11.12000,-9.33077,-2.13077,-1.82308,1.16000,-0.10000,-0.44000,normal
11.14000,-9.00000,-2.02162,-1.70000,1.00000,0.11600,-0.70000,normal
11.16000,-9.00000,-2.04865,-1.70000,1.00000,0.14267,-0.70000,normal
11.18000,-9.00000,-2.07568,-1.70000,1.00000,0.16933,-0.70000,normal
11.20000,-8.90000,-2.40000,-1.80000,1.00000,0.19600,-0.70000,normal
11.22000,-8.73158,-2.70000,-2.10000,1.10000,0.71134,-0.48866,normal
11.24000,-8.77368,-2.70000,-2.10000,1.10000,0.73196,-0.46804,normal
11.26000,-8.81579,-2.70000,-2.10000,1.10000,0.75258,-0.44742,normal
11.28000,-8.85789,-2.70000,-2.10000,1.10000,0.77320,-0.42680,normal
11.30000,-8.90000,-2.70000,-2.10000,1.10000,0.79381,-0.40619,normal
11.32000,-8.60000,-2.20000,-1.50000,0.78272,0.80000,0.10864,normal
11.34000,-8.60000,-2.20000,-1.50000,0.73333,0.80000,0.13333,normal
11.36000,-8.60000,-2.20000,-1.50000,0.68395,0.80000,0.15802,normal
11.38000,-8.60000,-2.20000,-1.50000,0.63457,0.80000,0.18272,normal
11.40000,-8.50000,-2.20000,-1.50000,0.20000,0.90000,1.10000,normal
11.42000,-8.61413,-2.68152,-2.43478,0.23540,0.93540,1.17080,normal
11.44000,-8.76630,-2.79022,-2.34783,0.27080,0.97080,1.24159,normal
11.46000,-8.91848,-2.89891,-2.26087,0.30619,1.00619,1.31239,normal
11.48000,-9.07065,-3.00761,-2.17391,0.34159,1.04159,1.38319,normal
11.50000,-9.88462,-3.61538,-1.36923,0.37699,1.07699,1.45398,normal
11.52000,-10.01519,-3.90253,-0.39620,0.85000,1.20000,2.05000,normal
11.54000,-10.31899,-3.95316,-0.32025,1.33562,1.33562,2.41781,normal
11.56000,-10.62278,-4.00380,-0.24430,1.39041,1.39041,2.44521,normal
11.58000,-10.92658,-4.05443,-0.16835,1.44521,1.44521,2.47260,normal
11.60000,-12.00000,-4.30000,-0.20000,1.50000,1.50000,2.50000,normal
11.62000,-15.20000,-3.73182,-1.82727,2.81429,1.20000,1.74286,normal
11.64000,-15.86667,-3.58030,-1.88788,2.84286,1.20000,1.62857,normal
11.66000,-16.53333,-3.42879,-1.94848,2.87143,1.20000,1.51429,normal
11.68000,-18.50000,-2.70000,-2.10000,2.90000,1.20000,1.40000,normal
11.70000,-11.96000,-0.84000,-0.45000,1.27059,-1.02588,-0.56471,normal
11.72000,-11.64889,-0.70667,-0.33889,1.03529,-1.07294,-0.68235,normal
11.74000,-11.33778,-0.57333,-0.22778,0.80000,-1.12000,-0.80000,normal
11.76000,-11.02667,-0.44000,-0.11667,0.56471,-1.16706,-0.91765,normal
11.78000,-10.71556,-0.30667,-0.00556,-2.00648,-1.50000,-1.70093,normal
11.80000,-7.87957,0.90430,0.10968,-2.13611,-1.50000,-1.71944,normal
11.82000,-7.70753,0.62473,-0.01935,-2.26574,-1.50000,-1.73796,normal
11.84000,-7.53548,0.34516,-0.14839,-2.39537,-1.50000,-1.75648,normal
11.86000,-7.36344,0.06559,-0.27742,-2.52500,-1.50000,-1.77500,normal
11.88000,-7.00000,-0.80000,-0.90000,-2.65463,-1.50000,-1.79352,normal
11.90000,-6.42169,-1.29759,-1.49759,-2.82143,-1.36429,-1.42857,normal
11.92000,-6.63855,-1.27349,-1.47349,-1.59565,-1.06087,-1.10000,normal
11.94000,-6.85542,-1.24940,-1.44940,-1.36377,-0.97391,-1.10000,normal
11.96000,-7.07229,-1.22530,-1.42530,-1.13188,-0.88696,-1.10000,normal
11.98000,-7.28916,-1.20120,-1.40120,-0.90000,-0.80000,-1.10000,normal
12.00000,-7.22118,-1.84235,-0.78941,0.98602,-0.20000,-0.77204,normal
12.02000,-7.26824,-1.93647,-0.76588,0.96452,-0.20000,-0.72903,normal
12.04000,-7.31529,-2.03059,-0.74235,0.94301,-0.20000,-0.68602,normal
12.06000,-7.36235,-2.12471,-0.71882,0.92151,-0.20000,-0.64301,normal
12.08000,-7.33333,-2.33333,-0.70000,0.90000,-0.20000,-0.60000,normal
12.10000,-7.09043,-2.22872,-0.48085,-0.11978,-0.19011,0.51978,normal
12.12000,-7.06915,-2.29255,-0.43830,-0.16374,-0.16813,0.56374,normal
12.14000,-7.04787,-2.35638,-0.39574,-0.20769,-0.14615,0.60769,normal
12.16000,-7.02660,-2.42021,-0.35319,-0.25165,-0.12418,0.65165,normal
12.18000,-7.00532,-2.48404,-0.31064,-0.29560,-0.10220,0.69560,normal
12.20000,-9.25122,-3.17439,0.42561,0.31609,0.30805,1.40000,normal
12.22000,-9.39756,-3.10122,0.49878,0.36207,0.33103,1.40000,normal
12.24000,-9.54390,-3.02805,0.57195,0.40805,0.35402,1.40000,normal
12.26000,-9.69024,-2.95488,0.64512,0.45402,0.37701,1.40000,normal
12.28000,-10.37273,-2.53636,0.76364,0.50000,0.40000,1.40000,normal
12.30000,-11.05283,-2.04717,0.63774,0.40000,0.50000,1.10000,normal
12.32000,-11.18491,-1.91509,0.73208,-0.02020,0.46566,0.64848,normal
12.34000,-11.31698,-1.78302,0.82642,-0.16162,0.42525,0.58788,normal
12.36000,-11.44906,-1.65094,0.92075,-0.30303,0.38485,0.52727,normal
12.38000,-11.58113,-1.51887,1.01509,-0.44444,0.34444,0.46667,normal
12.40000,-12.20000,-1.40000,1.20000,-0.58586,0.30404,0.40606,normal
12.42000,-15.34070,-2.75465,-0.14884,-1.53871,0.26129,0.28710,normal
12.44000,-15.45698,-3.19651,-0.28837,-1.60323,0.19677,0.26559,normal
12.46000,-15.57326,-3.63837,-0.42791,-1.66774,0.13226,0.24409,normal
12.48000,-15.68953,-4.08023,-0.56744,-1.73226,0.06774,0.22258,normal
12.50000,-15.10000,-4.90000,-0.75000,-1.79677,0.00323,0.20108,normal
12.52000,-9.43721,-2.51628,-0.78140,0.82095,-0.08952,-0.23143,normal
12.54000,-9.53023,-2.30698,-0.73488,0.85905,-0.07048,-0.28857,normal
12.56000,-9.62326,-2.09767,-0.68837,0.89714,-0.05143,-0.34571,normal
12.58000,-9.71628,-1.88837,-0.64186,0.93524,-0.03238,-0.40286,normal
12.60000,-10.00000,-1.90000,-0.80000,0.97333,-0.01333,-0.46000,normal
12.62000,-8.17778,-2.00741,-0.60000,0.54444,-0.30000,-1.11111,normal
12.64000,-8.02963,-2.05679,-0.60000,0.02615,-0.30000,-1.21846,normal
12.66000,-7.88148,-2.10617,-0.60000,-0.09692,-0.30000,-1.24923,normal
12.68000,-7.73333,-2.15556,-0.60000,-0.22000,-0.30000,-1.28000,normal
12.70000,-6.85000,-2.20000,-0.70000,-0.26667,-0.03333,-1.30000,normal
12.72000,-6.08280,-2.41720,-1.01720,-0.04396,0.11868,-1.16264,normal
12.74000,-6.06129,-2.43871,-1.03871,0.02198,0.14066,-1.11868,normal
12.76000,-6.03978,-2.46022,-1.06022,0.08791,0.16264,-1.07473,normal
12.78000,-6.01828,-2.48172,-1.08172,0.15385,0.18462,-1.03077,normal
12.80000,-6.07500,-2.57500,-1.02500,0.70000,0.25000,-0.20000,normal
12.82000,-7.29783,-2.50000,-1.38370,0.70000,0.22065,-0.07935,normal
12.84000,-7.42826,-2.50000,-1.36196,0.70000,0.24239,-0.05761,normal
12.86000,-7.55870,-2.50000,-1.34022,0.70000,0.26413,-0.03587,normal
12.88000,-7.68913,-2.50000,-1.31848,0.70000,0.28587,-0.01413,normal
12.90000,-8.55000,-2.45000,-1.15000,0.29821,0.30000,0.40000,normal
12.92000,-9.10213,-2.70000,-1.03404,0.26250,0.30000,0.40000,normal
12.94000,-9.22979,-2.70000,-1.07660,0.22679,0.30000,0.40000,normal
12.96000,-9.35745,-2.70000,-1.11915,0.19107,0.30000,0.40000,normal
12.98000,-9.48511,-2.70000,-1.16170,0.15536,0.30000,0.40000,normal
13.00000,-9.65000,-2.65000,-1.25000,0.11964,0.30000,0.40000,normal
13.02000,-9.51538,-3.02308,-0.76154,0.00000,0.34444,0.40000,normal
13.04000,-9.47722,-3.12278,-0.60886,0.02083,0.40000,0.42083,normal
13.06000,-9.45190,-3.14810,-0.50759,0.04861,0.40000,0.44861,normal
13.08000,-9.42658,-3.17342,-0.40633,0.07639,0.40000,0.47639,normal
13.10000,-9.40127,-3.19873,-0.30506,0.40000,0.60000,0.70000,normal
13.12000,-10.80909,-2.81364,-0.61364,0.76854,0.58427,0.93146,normal
13.14000,-10.99091,-2.83636,-0.63636,0.72360,0.56180,0.97640,normal
13.16000,-11.17273,-2.85909,-0.65909,0.67865,0.53933,1.02135,normal
13.18000,-11.35455,-2.88182,-0.68182,0.63371,0.51685,1.06629,normal
13.20000,-12.52857,-3.18571,-0.92857,-0.30000,-0.00000,1.60000,normal
13.22000,-16.39462,-3.80538,-1.73978,-0.34000,-0.06000,1.58000,normal
13.24000,-16.24409,-3.95591,-1.65376,-0.38000,-0.12000,1.56000,normal
13.26000,-16.09355,-4.10645,-1.56774,-0.42000,-0.18000,1.54000,normal
13.28000,-15.94301,-4.25699,-1.48172,-0.46000,-0.24000,1.52000,normal
13.30000,-14.90000,-4.70000,-1.00000,-0.50000,-0.30000,1.50000,normal
13.32000,-8.15574,-3.00820,0.61475,1.05065,-0.34935,0.19870,normal
13.34000,-8.05738,-2.58197,0.64754,1.12857,-0.27143,0.04286,normal
13.36000,-7.95902,-2.15574,0.68033,1.20649,-0.19351,-0.11299,normal
13.38000,-9.92500,-0.41250,-1.47500,1.28442,-0.11558,-0.26883,normal
13.40000,-9.33766,-0.53896,-1.30000,-0.90000,-0.80000,-1.80000,normal
13.42000,-9.12987,-0.66883,-1.30000,-1.42500,-0.92500,-1.97500,normal
13.44000,-8.92208,-0.79870,-1.30000,-1.72500,-0.95833,-2.07500,normal
13.46000,-8.71429,-0.92857,-1.30000,-2.02500,-0.99167,-2.17500,normal
13.48000,-6.29333,-3.01667,-0.59000,-2.46721,-0.69180,-2.19180,normal
13.50000,-6.26000,-3.10000,-0.54000,-2.40164,-0.67541,-2.17541,normal
13.52000,-6.22667,-3.18333,-0.49000,-2.33607,-0.65902,-2.15902,normal
13.54000,-6.19333,-3.26667,-0.44000,-2.27049,-0.64262,-2.14262,normal
13.56000,-6.16000,-3.35000,-0.39000,-2.20492,-0.62623,-2.12623,normal
13.58000,-6.12667,-3.43333,-0.34000,-2.13934,-0.60984,-2.10984,normal
13.60000,-5.70000,-3.10000,0.00000,-0.14000,-0.16000,-0.94000,normal
13.62000,-5.80000,-2.60000,0.10000,0.15426,-0.10000,-0.62766,normal
13.64000,-5.80000,-2.60000,0.10000,0.21809,-0.10000,-0.54255,normal
13.66000,-5.80000,-2.60000,0.10000,0.28191,-0.10000,-0.45745,normal
13.68000,-5.80000,-2.60000,0.10000,0.34574,-0.10000,-0.37234,normal
13.70000,-5.80000,-2.60000,0.10000,0.45000,0.02500,0.20000,normal
13.72000,-9.92500,-6.76250,2.12500,-1.61809,-0.10000,1.20000,normal
13.74000,-9.78864,-6.69432,1.80682,-1.46915,-0.10000,1.20000,normal
13.76000,-9.65227,-6.62614,1.48864,-1.32021,-0.10000,1.20000,normal
13.78000,-9.51591,-6.55795,1.17045,-1.17128,-0.10000,1.20000,normal
13.80000,-8.20000,-4.40000,-0.80000,-1.02234,-0.10000,1.20000,normal
13.82000,-9.83488,-3.42791,-1.31860,1.05714,-0.68571,1.27143,normal
13.84000,-9.95116,-3.52093,-1.71395,1.70000,-0.15926,0.88025,normal
13.86000,-10.06744,-3.61395,-2.10930,1.70000,-0.23333,0.85556,normal
13.88000,-10.18372,-3.70698,-2.50465,1.70000,-0.30741,0.83086,normal
13.90000,-10.30000,-3.80000,-2.90000,1.70000,-0.38148,0.80617,normal
13.92000,-9.02299,-2.58851,0.76897,0.53721,-0.18953,0.48953,normal
13.94000,-9.06897,-2.56552,0.90690,0.39767,-0.16628,0.46628,normal
13.96000,-9.11494,-2.54253,1.04483,0.25814,-0.14302,0.44302,normal
13.98000,-9.16092,-2.51954,1.18276,0.11860,-0.11977,0.41977,normal
14.00000,-9.55000,-2.98333,1.25000,-0.70000,0.12500,0.40000,normal
14.02000,-10.89333,-4.11333,-0.08000,-1.06977,0.40000,0.50000,normal
14.04000,-11.04889,-4.13556,-0.21333,-1.02326,0.40000,0.50000,normal
14.06000,-11.20444,-4.15778,-0.34667,-0.97674,0.40000,0.50000,normal
14.08000,-11.36000,-4.18000,-0.48000,-0.93023,0.40000,0.50000,normal
14.10000,-13.70000,-3.80000,-1.65000,0.50000,0.20000,0.10000,normal
14.12000,-12.76804,-3.21649,-0.23402,0.53636,0.23636,0.08182,normal
14.14000,-12.60309,-3.23711,-0.15155,0.57273,0.27273,0.06364,normal
14.16000,-12.43814,-3.25773,-0.06907,0.60909,0.30909,0.04545,normal
14.18000,-12.27320,-3.27835,0.01340,0.64545,0.34545,0.02727,normal
14.20000,-12.10825,-3.29897,0.09588,0.68182,0.38182,0.00909,normal
14.22000,-9.88395,0.71111,0.07531,1.07000,0.22000,-0.20000,normal
14.24000,-10.30370,0.26667,-0.04815,0.41642,0.60000,-0.42090,normal
14.26000,-10.72346,-0.17778,-0.17160,0.29701,0.60000,-0.45075,normal
14.28000,-11.14321,-0.62222,-0.29506,0.17761,0.60000,-0.48060,normal
14.30000,-10.80000,-1.15000,-1.15000,-0.35000,-0.20000,-0.32500,normal
14.32000,-7.71398,-0.83763,-1.34839,-1.31609,-0.36782,-0.08391,normal
14.34000,-7.60645,-1.00968,-1.28387,-1.33908,-0.32184,-0.06092,normal
14.36000,-7.49892,-1.18172,-1.21935,-1.36207,-0.27586,-0.03793,normal
14.38000,-7.39140,-1.35376,-1.15484,-1.38506,-0.22989,-0.01494,normal
14.40000,-7.00000,-2.25000,-1.00000,-0.80000,0.10000,0.20000,normal
14.42000,-6.25161,-3.23441,-0.76559,-0.11398,0.43441,0.51720,normal
14.44000,-6.31613,-3.27742,-0.72258,-0.00645,0.47742,0.53871,normal
14.46000,-6.38065,-3.32043,-0.67957,0.10108,0.52043,0.56022,normal
14.48000,-6.44516,-3.36344,-0.63656,0.20860,0.56344,0.58172,normal
14.50000,-7.70000,-3.45000,-0.30000,0.90000,0.85000,0.60000,normal
14.52000,-9.24045,-3.01910,-1.46742,1.61364,0.78636,0.37273,normal
14.54000,-9.30787,-2.88427,-1.57978,1.63182,0.76818,0.33636,normal
14.56000,-9.37528,-2.74944,-1.69213,1.65000,0.75000,0.30000,normal
14.58000,-9.44270,-2.61461,-1.80449,1.66818,0.73182,0.26364,normal
14.60000,-9.63846,-2.38462,-1.90000,1.68636,0.71364,0.22727,normal
14.62000,-10.50000,-2.10000,-1.70000,1.65000,0.65000,0.15000,normal
14.64000,-8.95833,-1.16250,-0.80000,0.83824,-0.10000,-0.30000,normal
14.66000,-8.90278,-1.24583,-0.80000,0.63235,-0.10000,-0.30000,normal
14.68000,-8.84722,-1.32917,-0.80000,0.42647,-0.10000,-0.30000,normal
14.70000,-8.67143,-1.61429,-0.88571,0.22059,-0.10000,-0.30000,normal
14.72000,-8.73559,-2.72373,-1.04746,-0.37091,0.01455,0.11455,normal
14.74000,-8.83729,-2.79153,-1.18305,-0.29818,0.05091,0.15091,normal
14.76000,-8.93898,-2.85932,-1.31864,-0.22545,0.08727,0.18727,normal
14.78000,-10.31513,-2.09496,-2.49496,0.60598,-0.00598,0.50000,normal
14.80000,-10.41597,-2.06134,-2.46134,0.62308,-0.02308,0.50000,normal
14.82000,-10.51681,-2.02773,-2.42773,0.64017,-0.04017,0.50000,normal
14.84000,-10.61765,-1.99412,-2.39412,0.65726,-0.05726,0.50000,normal
14.86000,-10.71849,-1.96050,-2.36050,0.67436,-0.07436,0.50000,normal
14.88000,-10.81933,-1.92689,-2.32689,0.69145,-0.09145,0.50000,normal
14.90000,-10.10000,-2.75000,-1.75000,0.90000,0.00000,0.80000,normal
14.92000,-10.08095,-2.77738,-1.16429,0.92151,0.02151,0.82151,normal
14.94000,-10.27143,-2.75357,-1.02143,0.94301,0.04301,0.84301,normal
14.96000,-10.46190,-2.72976,-0.87857,0.96452,0.06452,0.86452,normal
14.98000,-10.65238,-2.70595,-0.73571,0.98602,0.08602,0.88602,normal
15.00000,-12.15000,-3.40000,-0.95000,1.20000,0.20000,1.10000,normal
15.02000,-13.68060,-3.40896,-0.86716,2.19091,0.37273,1.37273,normal
15.04000,-13.53134,-3.17015,-1.07612,2.15455,0.26364,1.26364,normal
15.06000,-13.38209,-2.93134,-1.28507,2.11818,0.15455,1.15455,normal
15.08000,-9.70400,1.27200,-1.20000,1.29570,-0.39892,-0.30430,normal
15.10000,-9.72400,1.13200,-1.20000,1.20968,-0.37742,-0.39032,normal
15.12000,-9.74400,0.99200,-1.20000,1.12366,-0.35591,-0.47634,normal
15.14000,-9.76400,0.85200,-1.20000,1.03763,-0.33441,-0.56237,normal
15.16000,-9.78400,0.71200,-1.20000,0.95161,-0.31290,-0.64839,normal
15.18000,-12.65000,-1.40000,-1.70000,1.29783,-0.90217,-1.30000,normal
15.20000,-11.20110,-0.81319,-1.24396,1.27609,-0.92391,-1.30000,normal
15.22000,-10.84945,-0.59341,-1.17802,1.25435,-0.94565,-1.30000,normal
15.24000,-10.49780,-0.37363,-1.11209,1.23261,-0.96739,-1.30000,normal
15.26000,-10.14615,-0.15385,-1.04615,1.21087,-0.98913,-1.30000,normal
15.28000,-6.80000,-0.60000,-0.85000,0.30000,-0.70000,-1.20000,normal
15.30000,-6.17872,-0.94043,-0.77979,0.31754,-0.68246,-1.16491,normal
15.32000,-6.05106,-0.98298,-0.75851,0.33509,-0.66491,-1.12982,normal
15.34000,-5.92340,-1.02553,-0.73723,0.35263,-0.64737,-1.09474,normal
15.36000,-5.79574,-1.06809,-0.71596,0.37018,-0.62982,-1.05965,normal
15.38000,-5.61176,-1.12941,-0.67059,0.38772,-0.61228,-1.02456,normal
15.40000,-5.74000,-1.57000,-0.77000,0.50909,-0.54545,-0.89091,normal
15.42000,-6.08108,-1.86081,-0.77973,0.80000,-0.08485,-0.28485,normal
15.44000,-6.18919,-1.94189,-0.75270,0.80000,-0.05455,-0.25455,normal
15.46000,-6.29730,-2.02297,-0.72568,0.80000,-0.02424,-0.22424,normal
15.48000,-6.75000,-2.25000,-0.60000,0.95000,0.35000,0.15000,normal
15.50000,-9.51529,-2.91529,-0.20000,1.12024,0.52024,0.20000,normal
15.52000,-9.53882,-2.93882,-0.20000,1.14405,0.54405,0.20000,normal
15.54000,-9.56235,-2.96235,-0.20000,1.16786,0.56786,0.20000,normal
15.56000,-9.58588,-2.98588,-0.20000,1.19167,0.59167,0.20000,normal
15.58000,-9.29892,-2.79785,0.60000,1.75000,0.90000,0.05000,normal
15.60000,-9.27742,-2.75484,0.60000,2.23617,0.98191,-0.01809,normal
15.62000,-9.25591,-2.71183,0.60000,2.27872,0.96064,-0.03936,normal
15.64000,-9.23441,-2.66882,0.60000,2.32128,0.93936,-0.06064,normal
15.66000,-9.21290,-2.62581,0.60000,2.36383,0.91809,-0.08191,normal
15.68000,-8.59915,-1.50085,1.20254,2.40000,0.88889,-0.20000,normal
15.70000,-8.58220,-1.51780,1.25339,1.76436,0.60000,-0.09109,normal
15.72000,-8.56525,-1.53475,1.30424,1.68515,0.60000,-0.07129,normal
15.74000,-8.54831,-1.55169,1.35508,1.60594,0.60000,-0.05149,normal
15.76000,-8.53136,-1.56864,1.40593,1.52673,0.60000,-0.03168,normal
15.78000,-8.51441,-1.58559,1.45678,1.44752,0.60000,-0.01188,normal
15.80000,-8.60000,-2.60000,1.30000,0.78000,0.52000,0.02000,normal
15.82000,-9.81702,-2.98298,1.23191,0.68427,0.60000,0.10000,normal
15.84000,-9.83830,-2.96170,1.14681,0.66180,0.60000,0.10000,normal
15.86000,-9.85957,-2.94043,1.06170,0.63933,0.60000,0.10000,normal
15.88000,-9.88085,-2.91915,0.97660,0.61685,0.60000,0.10000,normal
15.90000,-10.00000,-3.10000,0.70000,0.50000,0.60000,0.20000,normal
15.92000,-10.07111,-3.07111,-0.62889,0.91724,0.28276,0.18276,normal
15.94000,-10.02667,-3.02667,-0.67333,0.94023,0.25977,0.15977,normal
15.96000,-9.98222,-2.98222,-0.71778,0.96322,0.23678,0.13678,normal
15.98000,-9.93778,-2.93778,-0.76222,0.98621,0.21379,0.11379,normal
16.00000,-9.20000,-3.00000,-1.10000,0.90092,0.20092,-0.10000,normal
16.02000,-9.31720,-3.11720,-1.41720,0.91927,0.21927,-0.10000,normal
16.04000,-9.33871,-3.13871,-1.43871,0.93761,0.23761,-0.10000,normal
16.06000,-9.36022,-3.16022,-1.46022,0.95596,0.25596,-0.10000,normal
16.08000,-9.38172,-3.18172,-1.48172,0.97431,0.27431,-0.10000,normal
16.10000,-9.20000,-3.20000,-1.70000,0.99266,0.29266,-0.10000,normal
16.12000,-8.90000,-3.20000,-1.80000,1.47778,0.40000,0.08889,normal
16.14000,-8.90000,-3.25195,-1.80000,1.74928,0.52464,0.14928,normal
16.16000,-8.90000,-3.30390,-1.80000,1.80725,0.55362,0.20725,normal
16.18000,-8.90000,-3.35584,-1.80000,1.86522,0.58261,0.26522,normal
16.20000,-9.30000,-3.40000,-2.00000,2.67500,0.66250,0.63750,normal
16.22000,-9.75258,-3.40000,-2.31753,2.81648,0.58352,0.70000,normal
16.24000,-9.81443,-3.40000,-2.33814,2.83846,0.56154,0.70000,normal
16.26000,-9.87629,-3.40000,-2.35876,2.86044,0.53956,0.70000,normal
16.28000,-9.93814,-3.40000,-2.37938,2.88242,0.51758,0.70000,normal
16.30000,-10.00000,-3.40000,-2.40000,2.90000,0.40000,0.70000,normal
16.32000,-9.80000,-3.02889,-2.08556,2.36591,0.20000,0.48295,normal
16.34000,-9.80000,-3.07333,-2.06333,2.32045,0.20000,0.46023,normal
16.36000,-9.80000,-3.11778,-2.04111,2.27500,0.20000,0.43750,normal
16.38000,-9.80000,-3.16222,-2.01889,2.22955,0.20000,0.41477,normal
16.40000,-9.76667,-3.46667,-2.10000,2.10000,0.20000,0.20000,normal
16.42000,-10.03478,-3.26522,-2.21739,2.20000,0.28298,-0.13404,normal
16.44000,-10.07826,-3.22174,-2.23913,2.20000,0.26170,-0.17660,normal
16.46000,-10.12174,-3.17826,-2.26087,2.20000,0.24043,-0.21915,normal
16.48000,-10.16522,-3.13478,-2.28261,2.20000,0.21915,-0.26170,normal
16.50000,-9.97778,-2.87778,-2.07778,2.09000,0.20000,-0.42000,normal
16.52000,-9.90000,-2.57500,-2.08750,1.79873,0.20000,-0.70253,normal
16.54000,-9.90000,-2.52955,-2.06477,1.77342,0.20000,-0.75316,normal
16.56000,-9.90000,-2.48409,-2.04205,1.74810,0.20000,-0.80380,normal
16.58000,-9.90000,-2.43864,-2.01932,1.72278,0.20000,-0.85443,normal
16.60000,-9.93750,-2.40000,-2.03750,1.60000,0.30000,-1.00000,normal
16.62000,-9.77356,-2.80000,-1.74253,1.51613,0.40000,-1.00000,normal
16.64000,-9.52069,-2.80000,-1.62759,1.53763,0.40000,-1.00000,normal
16.66000,-9.26782,-2.80000,-1.51264,1.55914,0.40000,-1.00000,normal
16.68000,-9.01494,-2.80000,-1.39770,1.58065,0.40000,-1.00000,normal
16.70000,-8.20000,-2.60000,-1.00000,1.80000,0.60000,-1.00000,normal
16.72000,-9.78462,-0.71538,0.20154,2.05493,0.90000,-0.63239,normal
16.74000,-9.93846,-0.56154,0.38615,1.99859,0.90000,-0.54789,normal
16.76000,-10.09231,-0.40769,0.57077,1.94225,0.90000,-0.46338,normal
16.78000,-10.10000,-1.53333,0.13333,0.45000,0.35000,0.35000,normal
16.80000,-9.03571,-2.83571,0.06429,0.59794,0.31959,0.40000,normal
16.82000,-9.08333,-2.88333,0.01667,0.70103,0.34021,0.40000,normal
16.84000,-9.13095,-2.93095,-0.03095,0.80412,0.36082,0.40000,normal
16.86000,-9.17857,-2.97857,-0.07857,0.90722,0.38144,0.40000,normal
16.88000,-9.40000,-2.21000,-0.46000,1.43000,0.30000,0.29000,normal
16.90000,-9.58659,-1.65976,-0.68659,1.90000,0.30000,0.10000,normal
16.92000,-9.56220,-1.58659,-0.66220,1.90000,0.30000,0.10000,normal
16.94000,-9.53780,-1.51341,-0.63780,1.90000,0.30000,0.10000,normal
16.96000,-9.51341,-1.44024,-0.61341,1.90000,0.30000,0.10000,normal
16.98000,-8.56667,-2.66667,1.00000,0.89750,0.40000,0.10000,normal
17.00000,-8.48421,-2.76842,1.48421,0.88083,0.40000,0.10000,normal
17.02000,-8.46667,-2.73333,1.46667,0.86417,0.40000,0.10000,normal
17.04000,-8.44912,-2.69825,1.44912,0.84750,0.40000,0.10000,normal
17.06000,-8.43158,-2.66316,1.43158,0.83083,0.40000,0.10000,normal
17.08000,-8.41404,-2.62807,1.41404,0.81417,0.40000,0.10000,normal
17.10000,-8.05714,-2.38571,0.07143,-0.10000,0.20000,0.20000,normal
17.12000,-8.82667,-3.56667,0.01333,-0.35049,0.20000,0.31650,normal
17.14000,-8.87111,-3.67778,0.03556,-0.29223,0.20000,0.33592,normal
17.16000,-8.91556,-3.78889,0.05778,-0.23398,0.20000,0.35534,normal
17.18000,-8.96000,-3.90000,0.08000,-0.17573,0.20000,0.37476,normal
17.20000,-9.34286,-3.91429,0.07143,-0.11748,0.20000,0.39417,normal
17.22000,-10.36962,-3.66582,-0.59241,1.10000,0.00000,-0.11263,normal
17.24000,-10.16709,-3.43797,-0.54177,1.10000,0.00000,-0.15474,normal
17.26000,-9.96456,-3.21013,-0.49114,1.10000,0.00000,-0.19684,normal
17.28000,-9.76203,-2.98228,-0.44051,1.10000,0.00000,-0.23895,normal
17.30000,-9.55789,-2.67368,-0.35789,1.10000,0.00000,-0.28105,normal
17.32000,-9.80000,-2.20000,-0.80000,0.80000,0.00000,-0.80000,normal
17.34000,-9.88000,-2.30667,-0.77333,0.15211,-0.10000,-1.10000,normal
17.36000,-9.96000,-2.41333,-0.74667,0.09577,-0.10000,-1.10000,normal
17.38000,-10.04000,-2.52000,-0.72000,0.03944,-0.10000,-1.10000,normal
17.40000,-10.08000,-3.20000,-0.48000,-0.05000,-0.05000,-0.85000,normal
17.42000,-8.85055,-2.93407,-0.40000,0.04176,0.02088,-0.77912,normal
17.44000,-8.78462,-2.84615,-0.40000,0.08571,0.04286,-0.75714,normal
17.46000,-8.71868,-2.75824,-0.40000,0.12967,0.06484,-0.73516,normal
17.48000,-8.65275,-2.67033,-0.40000,0.17363,0.08681,-0.71319,normal
17.50000,-8.60000,-3.45000,0.25000,0.36000,0.20000,-0.54000,normal
17.52000,-9.10000,-6.71935,2.01075,1.20761,0.18804,-0.08804,normal
17.54000,-9.10000,-6.97742,2.37634,1.40326,0.16630,-0.06630,normal
17.56000,-9.10000,-7.23548,2.74194,1.59891,0.14457,-0.04457,normal
17.58000,-9.10000,-7.49355,3.10753,1.79457,0.12283,-0.02283,normal
17.60000,-11.50000,-8.55000,7.15000,1.99022,0.10109,-0.00109,normal
17.62000,-12.15376,-11.71935,4.33656,0.72632,-1.33158,-2.23158,normal
17.64000,-11.98172,-11.97742,4.37957,0.85789,-1.48947,-2.38947,normal
17.66000,-11.80968,-12.23548,4.42258,0.98947,-1.64737,-2.54737,normal
17.68000,-11.63763,-12.49355,4.46559,1.12105,-1.80526,-2.70526,normal
17.70000,-8.70000,-9.00000,4.50000,3.33750,-3.25000,-2.73750,normal
17.72000,-6.37957,-3.64409,4.33656,3.89655,-3.81724,-2.13103,normal
17.74000,-5.88495,-3.34301,4.37957,3.75862,-3.84023,-2.03908,normal
17.76000,-5.39032,-3.04194,4.42258,3.62069,-3.86322,-1.94713,normal
17.78000,-4.89570,-2.74086,4.46559,3.48276,-3.88621,-1.85517,normal
17.80000,-3.75000,-1.60000,2.80000,1.50000,-1.90000,-0.10000,normal
17.82000,-2.10000,-1.08280,2.51828,1.45604,-1.72418,-0.01209,normal
17.84000,-2.10000,-1.29785,2.53978,1.41209,-1.54835,0.07582,normal
17.86000,-2.10000,-1.51290,2.56129,1.36813,-1.37253,0.16374,normal
17.88000,-2.10000,-1.72796,2.58280,1.32418,-1.19670,0.25165,normal
17.90000,-3.40000,-2.30000,2.80000,1.25000,0.20000,1.25000,normal
17.92000,-4.18280,-3.68172,3.04516,0.78317,1.03366,1.65050,normal
17.94000,-4.39785,-3.66022,2.98065,0.76337,1.07327,1.70990,normal
17.96000,-4.61290,-3.63871,2.91613,0.74356,1.11287,1.76931,normal
17.98000,-4.82796,-3.61720,2.85161,0.72376,1.15248,1.82871,normal
18.00000,-5.70000,-3.40000,4.90000,0.70396,1.19208,1.88812,normal
18.02000,-7.56140,-5.67368,6.03860,-0.90000,1.50000,1.00000,normal
18.04000,-7.80702,-5.56842,5.79298,-0.85918,1.37755,0.91837,normal
18.06000,-8.05263,-5.46316,5.54737,-0.81837,1.25510,0.83673,normal
18.08000,-5.40000,-11.00000,10.80000,2.24000,-0.16000,-0.80000,normal
18.10000,-5.73333,-9.80952,11.26032,2.93051,-0.37627,-0.81695,normal
18.12000,-6.06667,-8.61905,11.72063,2.96441,-0.46102,-0.61356,normal
18.14000,-6.40000,-7.42857,12.18095,2.99831,-0.54576,-0.41017,normal
18.16000,-6.73333,-6.23810,12.64127,3.03220,-0.63051,-0.20678,normal
18.18000,-7.06667,-5.04762,13.10159,3.06610,-0.71525,-0.00339,normal
18.20000,-7.40000,-3.85714,13.56190,3.10000,-0.80000,0.20000,normal
18.22000,-4.89853,-0.32353,11.44559,2.62727,0.08182,0.60909,normal
18.24000,-5.33971,0.73529,11.76912,2.23766,0.05584,0.47922,normal
18.26000,-5.78088,1.79412,12.09265,1.84805,0.02987,0.34935,normal
18.28000,-4.50000,1.00000,9.00000,1.45844,0.00390,0.21948,normal
18.30000,-6.58158,-1.16316,7.13421,-0.29000,-0.02000,-0.21000,normal
18.32000,-6.18684,-1.37368,7.58158,-0.26778,-0.06444,-0.23222,normal
18.34000,-5.79211,-1.58421,8.02895,-0.24556,-0.10889,-0.25444,normal
18.36000,-5.39737,-1.79474,8.47632,-0.22333,-0.15333,-0.27667,normal
18.38000,-5.30000,-1.90833,7.35000,-0.20111,-0.19778,-0.29889,normal
18.40000,-5.30000,-1.95000,7.60000,-0.46543,-0.20000,-0.10000,normal
18.42000,-5.30000,-1.99167,7.85000,-0.41605,-0.20000,-0.10000,normal
18.44000,-5.30000,-2.03333,8.10000,-0.36667,-0.20000,-0.10000,normal
18.46000,-5.30000,-2.07500,8.35000,-0.31728,-0.20000,-0.10000,normal
18.48000,-4.91935,-1.88925,7.49785,-0.09381,-0.30619,0.00000,normal
18.50000,-5.11290,-1.78172,7.47634,-0.07320,-0.32680,0.00000,normal
18.52000,-5.30645,-1.67419,7.45484,-0.05258,-0.34742,0.00000,normal
18.54000,-5.50000,-1.56667,7.43333,-0.03196,-0.36804,0.00000,normal
18.56000,-5.69355,-1.45914,7.41183,-0.01134,-0.38866,0.00000,normal
18.58000,-2.92268,-1.70103,9.18763,0.10000,-0.49796,-0.39796,normal
18.60000,-3.37629,-1.72165,8.94021,0.10000,-0.47755,-0.37755,normal
18.62000,-3.82990,-1.74227,8.69278,0.10000,-0.45714,-0.35714,normal
18.64000,-4.28351,-1.76289,8.44536,0.10000,-0.43673,-0.33673,normal
18.66000,-4.73711,-1.78351,8.19794,0.10000,-0.41633,-0.31633,normal
18.68000,-4.62000,-1.96000,8.64000,0.65000,-0.70000,0.00000,normal
18.70000,-3.28690,0.54524,9.09167,0.22527,-0.78132,0.10000,normal
18.72000,-3.88214,0.30714,8.92500,0.13736,-0.75934,0.10000,normal
18.74000,-4.47738,0.06905,8.75833,0.04945,-0.73736,0.10000,normal
18.76000,-5.07262,-0.16905,8.59167,-0.03846,-0.71538,0.10000,normal
18.78000,-3.06667,-1.07778,9.38889,0.28182,-0.70000,-0.00909,normal
18.80000,-2.46977,-1.28256,9.03488,0.11316,-0.68684,-0.08684,normal
18.82000,-2.56279,-1.25930,9.08140,0.13947,-0.66053,-0.06053,normal
18.84000,-2.65581,-1.23605,9.12791,0.16579,-0.63421,-0.03421,normal
18.86000,-2.74884,-1.21279,9.17442,0.19211,-0.60789,-0.00789,normal
18.88000,-2.19785,-0.88710,9.50860,0.50000,-0.80000,0.40000,normal
18.90000,-2.17634,-0.75806,9.59462,0.45556,-0.77778,0.40000,normal
18.92000,-2.15484,-0.62903,9.68065,0.41111,-0.75556,0.40000,normal
18.94000,-2.13333,-0.50000,9.76667,0.36667,-0.73333,0.40000,normal
18.96000,-2.11183,-0.37097,9.85269,0.32222,-0.71111,0.40000,normal
18.98000,-1.20000,0.85000,10.80000,-2.10976,-0.58374,0.69350,normal
19.00000,-0.98348,0.22957,10.86957,-2.15854,-0.50244,0.66098,normal
19.02000,-0.96609,-1.31826,10.52174,-2.20732,-0.42114,0.62846,normal
19.04000,-0.94870,-2.86609,10.17391,-2.25610,-0.33984,0.59593,normal
19.06000,-0.93130,-4.41391,9.82609,-2.30488,-0.25854,0.56341,normal
19.08000,-0.91391,-5.96174,9.47826,-2.35366,-0.17724,0.53089,normal
19.10000,-1.35000,-0.60000,10.30000,-1.20000,-0.05000,0.80000,normal
19.12000,-1.98652,-1.30000,9.57528,-0.20000,0.67667,0.70000,normal
19.14000,-2.14382,-1.30000,9.53034,-0.20000,0.64333,0.70000,normal
19.16000,-2.30112,-1.30000,9.48539,-0.20000,0.61000,0.70000,normal
19.18000,-2.45843,-1.30000,9.44045,-0.20000,0.57667,0.70000,normal
19.20000,-2.60000,-1.70000,8.70000,-0.20000,0.54333,0.70000,normal
19.22000,-2.36667,-2.27333,7.98667,-0.20000,0.51000,0.70000,normal
19.24000,-0.61477,-2.13295,9.30227,-0.13333,0.14167,0.60000,normal
19.26000,-0.27386,-3.06477,9.71136,0.93607,0.05082,0.16066,normal
19.28000,0.06705,-3.99659,10.12045,0.50984,-0.27705,-0.10164,normal
19.30000,0.40795,-4.92841,10.52955,0.08361,-0.60492,-0.36393,normal
19.32000,0.74886,-5.86023,10.93864,-0.54000,-0.86000,-0.80000,normal
19.34000,2.70149,-3.33731,8.16866,-0.58310,-0.26620,-1.78310,normal
19.36000,2.52239,-2.85970,7.92985,-0.55493,-0.20986,-1.75493,normal
19.38000,2.34328,-2.38209,7.69104,-0.52676,-0.15352,-1.72676,normal
19.40000,1.97778,-1.73333,7.54444,-0.10000,0.00000,-1.60000,normal
19.42000,-1.88837,-1.57209,8.24651,-0.28276,0.06552,-1.28276,normal
19.44000,-1.86512,-1.31628,8.33953,-0.25977,0.01954,-1.25977,normal
19.46000,-1.84186,-1.06047,8.43256,-0.23678,-0.02644,-1.23678,normal
19.48000,-1.81860,-0.80465,8.52558,-0.21379,-0.07241,-1.21379,normal
19.50000,-0.10000,-0.90000,8.35000,-0.10000,-0.20000,-1.20000,normal
19.52000,1.64536,0.83505,7.71237,0.38485,-0.38485,-0.76970,normal
19.54000,1.93402,0.87629,7.60928,0.36465,-0.36465,-0.72929,normal
19.56000,2.22268,0.91753,7.50619,0.34444,-0.34444,-0.68889,normal
19.58000,2.51134,0.95876,7.40309,0.32424,-0.32424,-0.64848,normal
19.60000,2.80000,1.00000,7.30000,0.30404,-0.30404,-0.60808,normal
19.62000,-0.69136,0.45679,7.90247,0.30000,0.00000,-0.20000,normal
19.64000,-1.45679,0.28395,9.11235,0.77857,1.52857,1.04286,normal
19.66000,-2.22222,0.11111,10.32222,0.75000,1.70000,1.10000,normal
19.68000,-2.98765,-0.06173,11.53210,0.72143,1.87143,1.15714,normal
19.70000,-10.80000,-2.30000,9.80000,-0.20000,0.90000,0.65000,normal
19.72000,-9.18696,-2.42826,6.84565,0.65833,1.05937,0.68021,normal
19.74000,-9.88261,-2.75435,6.91087,0.82500,1.12188,0.65937,normal
19.76000,-10.57826,-3.08043,6.97609,0.99167,1.18438,0.63854,normal
19.78000,-11.27391,-3.40652,7.04130,1.15833,1.24688,0.61771,normal
19.80000,-15.20000,-4.30000,18.55000,4.30000,-0.80000,1.70000,normal
19.82000,-5.02727,7.16818,15.71364,-0.54483,-1.31034,0.03448,normal
19.84000,-4.57273,5.28182,13.73636,-1.00460,-1.05747,0.08046,normal
19.86000,-4.11818,3.39545,11.75909,-1.46437,-0.80460,0.12644,normal
19.88000,-3.66364,1.50909,9.78182,-1.92414,-0.55172,0.17241,normal
19.90000,-5.25000,-0.25000,8.95000,-0.30734,0.49633,-0.20367,normal
19.92000,-5.40106,1.02766,10.81064,-0.38073,0.45963,-0.24037,normal
19.94000,-5.16702,0.94255,10.47021,-0.45413,0.42294,-0.27706,normal
19.96000,-4.93298,0.85745,10.12979,-0.52752,0.38624,-0.31376,normal
19.98000,-4.69894,0.77234,9.78936,-0.60092,0.34954,-0.35046,normal
20.00000,-4.05000,0.07000,9.50000,-0.67431,0.31284,-0.38716,normal
20.02000,-1.71316,-2.48289,8.32368,-1.02500,0.38125,-0.40000,normal
20.04000,-1.97632,-2.14079,8.79737,0.06452,0.54677,-0.82258,normal
20.06000,-2.23947,-1.79868,9.27105,0.00000,0.45000,-0.50000,normal
20.08000,-2.50263,-1.45658,9.74474,-0.06452,0.35323,-0.17742,normal
20.10000,-3.30000,-2.80000,8.40000,-0.90000,0.05000,0.80000,normal
20.12000,-4.24706,-1.19118,8.72059,-0.22121,-0.10000,0.37879,normal
20.14000,-4.18824,-1.51471,8.63235,-0.25152,-0.10000,0.34848,normal
20.16000,-4.12941,-1.83824,8.54412,-0.28182,-0.10000,0.31818,normal
20.18000,-3.68966,-1.60000,8.69224,-0.20085,-0.80085,-0.30000,normal
20.20000,-3.62069,-1.60000,8.64052,-0.21795,-0.81795,-0.30000,normal
20.22000,-3.55172,-1.60000,8.58879,-0.23504,-0.83504,-0.30000,normal
20.24000,-3.48276,-1.60000,8.53707,-0.25214,-0.85214,-0.30000,normal
20.26000,-3.41379,-1.60000,8.48534,-0.26923,-0.86923,-0.30000,normal
20.28000,-3.34483,-1.60000,8.43362,-0.28632,-0.88632,-0.30000,normal
20.30000,-3.40000,-2.70000,9.40000,0.80000,-0.60000,-0.15000,normal
20.32000,-2.50000,-2.52000,8.18000,0.94167,-0.52083,0.06250,normal
20.34000,-2.65385,-2.39692,7.53385,0.99722,-0.54861,0.14583,normal
20.36000,-2.80769,-2.27385,6.88769,1.05278,-0.57639,0.22917,normal
20.38000,-3.61111,-0.33333,9.16667,1.13333,-0.70000,0.40000,normal
20.40000,-2.25472,-0.57547,9.50000,0.60000,-0.90000,0.60000,normal
20.42000,-2.17925,-0.36792,9.50000,0.80000,-1.07816,0.50000,normal
20.44000,-2.10377,-0.16038,9.50000,0.80000,-1.05517,0.50000,normal
20.46000,-2.02830,0.04717,9.50000,0.80000,-1.03218,0.50000,normal
20.48000,-1.95283,0.25472,9.50000,0.80000,-1.00920,0.50000,normal
20.50000,-0.31020,0.98163,9.59082,-1.70000,-1.00000,1.00000,normal
20.52000,-0.51429,0.61429,9.40714,-1.62157,-0.90196,0.92157,normal
20.54000,-0.71837,0.24694,9.22347,-1.54314,-0.80392,0.84314,normal
20.56000,-0.92245,-0.12041,9.03980,-1.46471,-0.70588,0.76471,normal
20.58000,-1.12653,-0.48776,8.85612,-1.38627,-0.60784,0.68627,normal
20.60000,-2.20000,0.30000,9.70000,-1.30784,-0.50980,0.60784,normal
20.62000,-0.47857,-0.91071,10.27857,0.09149,0.30851,0.60851,normal
20.64000,-0.43095,-0.93452,10.23095,0.07021,0.32979,0.62979,normal
20.66000,-0.38333,-0.95833,10.18333,0.04894,0.35106,0.65106,normal
20.68000,-0.33571,-0.98214,10.13571,0.02766,0.37234,0.67234,normal
20.70000,-1.20000,-0.55000,9.35000,0.00638,0.39362,0.69362,normal
20.72000,-1.06623,-1.40779,9.65325,0.54000,-0.12000,0.78000,normal
20.74000,-0.72857,-1.48571,9.18571,0.55692,-0.32154,0.90000,normal
20.76000,-0.39091,-1.56364,8.71818,0.49538,-0.35231,0.90000,normal
20.78000,-0.05325,-1.64156,8.25065,0.43385,-0.38308,0.90000,normal
20.80000,6.60000,-6.30000,9.40000,-0.29231,-0.74615,0.62308,normal
20.82000,4.04255,-3.83617,10.14681,-0.68851,-0.41264,-0.77586,normal
20.84000,3.97872,-3.43191,9.97660,-0.84943,-0.43563,-0.91379,normal
20.86000,3.91489,-3.02766,9.80638,-1.01034,-0.45862,-1.05172,normal
20.88000,3.85106,-2.62340,9.63617,-1.17126,-0.48161,-1.18966,normal
20.90000,3.80000,-0.60000,7.40000,-1.20000,-0.10000,-1.10000,normal
20.92000,3.97045,2.33295,7.64432,-0.61848,0.17391,-1.14457,normal
20.94000,3.92500,2.53750,7.71250,-0.64022,0.26087,-1.07935,normal
20.96000,3.87955,2.74205,7.78068,-0.66196,0.34783,-1.01413,normal
20.98000,3.83409,2.94659,7.84886,-0.68370,0.43478,-0.94891,normal
21.00000,0.70000,-1.20000,6.10000,0.40000,1.10000,0.10000,normal
21.02000,-1.56629,-0.33146,9.85281,1.40952,1.76286,0.67238,normal
21.04000,-2.37528,-0.37640,9.78539,1.31429,1.93429,0.74857,normal
21.06000,-3.18427,-0.42135,9.71798,1.21905,2.10571,0.82476,normal
21.08000,-3.99326,-0.46629,9.65056,1.12381,2.27714,0.90095,normal
21.10000,-14.84000,-3.34000,8.52000,1.02857,2.44857,0.97714,normal
21.12000,-13.90000,-2.31000,11.44000,0.90000,-0.10000,0.20000,normal
21.14000,-12.70000,-3.53000,13.92000,-0.23793,-0.43678,-0.46207,normal
21.16000,-11.50000,-4.75000,16.40000,0.03793,-0.89655,-0.73793,normal
21.18000,-10.30000,-5.97000,18.88000,0.31379,-1.35632,-1.01379,normal
21.20000,-9.10000,-7.19000,21.36000,0.58966,-1.81609,-1.28966,normal
21.22000,-2.05584,-6.31558,7.83766,-0.60000,-1.70000,-0.40000,normal
21.24000,-1.17273,-4.62727,8.59091,-0.17746,-1.86901,-0.31549,normal
21.26000,-0.28961,-2.93896,9.34416,0.24507,-2.03803,-0.23099,normal
21.28000,0.59351,-1.25065,10.09740,0.66761,-2.20704,-0.14648,normal
21.30000,1.50000,0.40000,11.60000,0.19677,-0.89355,0.19355,normal
21.32000,0.23263,0.58105,10.01895,0.17527,-0.85054,0.15054,normal
21.34000,0.38000,0.56000,10.04000,0.15376,-0.80753,0.10753,normal
21.36000,0.52737,0.53895,10.06105,0.13226,-0.76452,0.06452,normal
21.38000,0.67474,0.51789,10.08211,0.11075,-0.72151,0.02151,normal
21.40000,1.00000,2.00000,7.80000,-0.38636,0.29091,0.30227,normal
21.42000,-0.60390,0.06732,9.79805,-0.33182,0.25455,0.31136,normal
21.44000,-0.81854,0.76976,9.69073,-0.27727,0.21818,0.32045,normal
21.46000,-1.03317,1.47220,9.58341,-0.22273,0.18182,0.32955,normal
21.48000,-1.24780,2.17463,9.47610,-0.16818,0.14545,0.33864,normal
21.50000,-1.46244,2.87707,9.36878,-0.11364,0.10909,0.34773,normal
21.52000,-1.67707,3.57951,9.26146,-0.05909,0.07273,0.35682,normal
21.54000,-1.89171,4.28195,9.15415,-0.00455,0.03636,0.36591,normal
21.56000,-2.10634,4.98439,9.04683,0.05000,0.00000,0.37500,normal
21.58000,-2.32098,5.68683,8.93951,0.10455,-0.03636,0.38409,normal
21.60000,-2.53561,6.38927,8.83220,0.15909,-0.07273,0.39318,normal
21.62000,-0.80000,-0.64000,10.74000,1.90000,0.26667,-0.26667,normal
21.64000,-0.84638,2.45507,9.99565,0.99091,0.10000,0.08182,normal
21.66000,-1.48406,3.96232,9.56087,0.82830,0.06415,0.20755,normal
21.68000,-2.12174,5.46957,9.12609,0.75283,0.02642,0.32075,normal
21.70000,0.18000,-5.62000,9.60000,-1.78000,-1.04000,1.06000,normal
21.72000,-0.26154,-0.07692,10.23077,-0.10000,-1.15333,1.15333,normal
21.74000,-0.07692,-2.04615,10.13846,-0.10000,-1.08667,1.08667,normal
21.76000,0.10769,-4.01538,10.04615,-0.10000,-1.02000,1.02000,normal
21.78000,2.69048,-0.44286,10.24762,0.34118,-0.91176,0.73529,normal
21.80000,1.96032,-2.06190,11.23175,0.19412,-0.94118,0.82353,normal
21.82000,1.23016,-3.68095,12.21587,0.04706,-0.97059,0.91176,normal
21.84000,0.50000,-5.30000,13.20000,-0.10000,-1.00000,1.00000,normal
21.86000,3.09342,5.83158,10.48026,0.26988,-0.86747,0.66747,normal
21.88000,2.85658,2.56842,9.76974,-0.01928,-0.79518,0.59518,normal
21.90000,2.61974,-0.69474,9.05921,-0.30843,-0.72289,0.52289,normal
21.92000,2.38289,-3.95789,8.34868,-0.59759,-0.65060,0.45060,normal
21.94000,2.10000,-0.70000,10.40000,-0.28000,-0.68000,0.66000,normal
21.96000,2.20526,-0.91053,10.35789,-0.30000,-0.37111,0.55667,normal
21.98000,2.31053,-1.12105,10.31579,-0.30000,-0.32667,0.49000,normal
22.00000,2.41579,-1.33158,10.27368,-0.30000,-0.28222,0.42333,normal
22.02000,2.52105,-1.54211,10.23158,-0.30000,-0.23778,0.35667,normal
22.04000,2.05000,-0.90000,9.50000,-0.10000,-0.10000,0.30000,normal
22.06000,2.78171,-2.10000,9.27317,-0.20000,-0.20000,0.55357,normal
22.08000,2.75732,-2.10000,9.37073,-0.20000,-0.20000,0.62500,normal
22.10000,2.73293,-2.10000,9.46829,-0.20000,-0.20000,0.69643,normal
22.12000,2.70854,-2.10000,9.56585,-0.20000,-0.20000,0.76786,normal
22.14000,2.90000,-1.60000,9.90000,-0.10000,0.00222,1.10222,normal
22.16000,2.65281,-1.71236,9.85506,-0.10000,0.02444,1.12444,normal
22.18000,2.40562,-1.82472,9.81011,-0.10000,0.04667,1.14667,normal
22.20000,2.15843,-1.93708,9.76517,-0.10000,0.06889,1.16889,normal
22.22000,1.91124,-2.04944,9.72022,-0.10000,0.09111,1.19111,normal
22.24000,7.81250,-19.72679,7.72143,-0.10000,0.00000,0.10000,normal
22.26000,6.06250,-14.26250,6.15000,1.15000,0.25000,0.28750,normal
22.28000,4.31250,-8.79821,4.57857,2.40000,0.50000,0.47500,normal
22.30000,3.90000,-3.60000,2.15000,3.65000,0.75000,0.66250,normal
22.32000,5.16790,6.50247,10.41235,1.90000,0.30000,-0.50000,normal
22.34000,5.43951,5.71235,10.46173,-0.37391,-0.03478,-0.67681,normal
22.36000,5.71111,4.92222,10.51111,-0.80870,-0.12174,-0.61884,normal
22.38000,5.98272,4.13210,10.56049,-1.24348,-0.20870,-0.56087,normal
22.40000,6.28000,2.78000,10.24000,-1.67826,-0.29565,-0.50290,normal
22.42000,4.07931,-0.65172,8.87931,-0.88793,-0.26724,0.42241,normal
22.44000,4.52759,-0.03103,9.32759,-0.71552,-0.37069,0.45690,normal
22.46000,4.97586,0.58966,9.77586,-0.54310,-0.47414,0.49138,normal
22.48000,3.19231,2.70769,11.94359,-0.83478,0.71391,1.80000,normal
22.50000,3.14103,2.75897,12.23419,-0.92174,0.74870,1.80000,normal
22.52000,3.08974,2.81026,12.52479,-1.00870,0.78348,1.80000,normal
22.54000,3.03846,2.86154,12.81538,-1.09565,0.81826,1.80000,normal
22.56000,2.98718,2.91282,13.10598,-1.18261,0.85304,1.80000,normal
22.58000,2.93590,2.96410,13.39658,-1.26957,0.88783,1.80000,normal
22.60000,0.17320,4.28041,11.11237,-0.01826,1.80783,2.80522,normal
22.62000,-0.36289,3.88866,11.35979,-0.14000,1.86000,2.84000,normal
22.64000,-0.89897,3.49691,11.60722,-0.26174,1.91217,2.87478,normal
22.66000,-1.43505,3.10515,11.85464,-0.38348,1.96435,2.90957,normal
22.68000,-1.97113,2.71340,12.10206,-0.50522,2.01652,2.94435,normal
22.70000,-3.56923,1.56923,11.80769,-0.62696,2.06870,2.97913,normal
22.72000,-6.56000,0.68000,8.04000,-1.02000,2.42000,2.92000,normal
22.74000,-9.64861,-2.22917,6.53611,-0.51579,2.47895,3.51053,normal
22.76000,-10.17639,-2.14583,6.81389,-0.23509,2.40877,3.54561,normal
22.78000,-10.70417,-2.06250,7.09167,0.04561,2.33860,3.58070,normal
22.80000,-10.50000,-1.90000,5.50000,0.05000,1.55000,2.70000,normal
22.82000,-9.26774,-3.53871,5.38387,-0.01863,1.38137,2.34412,normal
22.84000,-9.00968,-3.58172,5.25484,-0.03824,1.36176,2.28529,normal
22.86000,-8.75161,-3.62473,5.12581,-0.05784,1.34216,2.22647,normal
22.88000,-8.49355,-3.66774,4.99677,-0.07745,1.32255,2.16765,normal
22.90000,-10.60000,-13.52500,7.02500,-0.09706,1.30294,2.10882,normal
22.92000,-7.12500,0.53000,3.45000,-0.32759,-0.46782,-0.56782,normal
22.94000,-6.87500,-0.37000,2.95000,-0.12069,-0.37586,-0.47586,normal
22.96000,-6.62500,-1.27000,2.45000,0.08621,-0.28391,-0.38391,normal
22.98000,-6.37500,-2.17000,1.95000,0.29310,-0.19195,-0.29195,normal
23.00000,-9.36875,6.20625,8.91771,0.50000,-0.10000,-0.20000,normal
23.02000,-8.74375,6.33125,9.27188,1.50000,-0.63529,0.12941,normal
23.04000,-8.11875,6.45625,9.62604,1.10000,-0.68235,0.03529,normal
23.06000,-7.49375,6.58125,9.98021,0.70000,-0.72941,-0.05882,normal
23.08000,-6.86875,6.70625,10.33438,0.30000,-0.77647,-0.15294,normal
23.10000,-6.00000,0.10000,8.00000,-0.20303,-0.09697,0.10909,normal
23.12000,-6.28969,0.68041,7.52165,-0.22323,-0.07677,0.16970,normal
23.14000,-6.80515,0.65979,7.43918,-0.24343,-0.05657,0.23030,normal
23.16000,-7.32062,0.63918,7.35670,-0.26364,-0.03636,0.29091,normal
23.18000,-7.83608,0.61856,7.27423,-0.28384,-0.01616,0.35152,normal
23.20000,-6.25000,-0.70000,8.10000,-0.50000,-0.90000,-0.40000,normal
23.22000,-2.96264,-1.62418,8.32967,0.25862,-0.02184,0.25862,normal
23.24000,-3.66593,-1.40440,8.24176,0.32759,0.07011,0.32759,normal
23.26000,-4.36923,-1.18462,8.15385,0.39655,0.16207,0.39655,normal
23.28000,-5.07253,-0.96484,8.06593,0.46552,0.25402,0.46552,normal
23.30000,-5.65000,0.20000,8.05000,0.00000,0.10000,0.50000,normal
23.32000,-6.03958,0.71979,8.25938,-0.05327,0.20000,0.61776,normal
23.34000,-6.08125,0.74063,8.32188,-0.10935,0.20000,0.63645,normal
23.36000,-6.12292,0.76146,8.38438,-0.16542,0.20000,0.65514,normal
23.38000,-6.16458,0.78229,8.44688,-0.22150,0.20000,0.67383,normal
23.40000,-5.55000,-0.21667,8.16667,-0.27757,0.20000,0.69252,normal
23.42000,-5.84615,0.95000,8.57692,-0.64000,0.40000,0.54000,normal
23.44000,-6.15385,0.61667,8.42308,-0.80000,0.42424,0.47576,normal
23.46000,-6.46154,0.28333,8.26923,-0.80000,0.45455,0.44545,normal
23.48000,-6.76923,-0.05000,8.11538,-0.80000,0.48485,0.41515,normal
23.50000,-5.00000,-0.70000,7.80000,-0.50000,0.20000,0.20000,normal
23.52000,-5.72234,-0.35957,7.67979,-0.50000,0.17895,0.22105,normal
23.54000,-5.95638,-0.31702,7.65851,-0.50000,0.15789,0.24211,normal
23.56000,-6.19043,-0.27447,7.63723,-0.50000,0.13684,0.26316,normal
23.58000,-6.42447,-0.23191,7.61596,-0.50000,0.11579,0.28421,normal
23.60000,-6.90000,0.30000,7.30000,-0.20000,-0.05000,0.25000,normal
23.62000,-6.38409,-0.30000,6.84318,-0.15730,-0.10000,0.20000,normal
23.64000,-6.36136,-0.30000,7.04773,-0.11236,-0.10000,0.20000,normal
23.66000,-6.33864,-0.30000,7.25227,-0.06742,-0.10000,0.20000,normal
23.68000,-6.31591,-0.30000,7.45682,-0.02247,-0.10000,0.20000,normal
23.70000,-6.25000,0.00000,7.25000,0.35000,-0.20000,-0.05000,normal
23.72000,-6.34043,-0.24255,6.87979,0.49223,-0.20000,-0.13689,normal
23.74000,-6.38298,-0.49787,6.85851,0.58932,-0.20000,-0.17573,normal
23.76000,-6.42553,-0.75319,6.83723,0.68641,-0.20000,-0.21456,normal
23.78000,-6.46809,-1.00851,6.81596,0.78350,-0.20000,-0.25340,normal
23.80000,-5.38000,1.62000,9.20000,0.88058,-0.20000,-0.29223,normal
23.82000,-5.24937,-0.21899,7.58861,-0.09873,-0.70380,-0.39747,normal
23.84000,-5.04684,-0.29494,7.94304,-0.07342,-0.77975,-0.34684,normal
23.86000,-4.84430,-0.37089,8.29747,-0.04810,-0.85570,-0.29620,normal
23.88000,-4.64177,-0.44684,8.65190,-0.02278,-0.93165,-0.24557,normal
23.90000,-7.13333,1.73333,7.93333,-0.20000,-0.40000,0.30000,normal
23.92000,-4.13793,0.31724,9.36207,-0.74337,-1.00000,0.08554,normal
23.94000,-4.36782,0.17931,9.79885,-0.81566,-1.00000,0.06145,normal
23.96000,-4.59770,0.04138,10.23563,-0.88795,-1.00000,0.03735,normal
23.98000,-4.82759,-0.09655,10.67241,-0.96024,-1.00000,0.01325,normal
24.00000,-3.10000,-3.90000,7.30000,1.20411,-1.18767,0.60411,normal
24.02000,-2.95000,-1.25000,9.60000,1.23151,-1.10548,0.63151,normal
24.04000,-3.22778,-0.52778,10.04444,1.25890,-1.02329,0.65890,normal
24.06000,-3.50556,0.19444,10.48889,1.28630,-0.94110,0.68630,normal
24.08000,-2.90000,-1.20000,9.30000,0.40000,-0.79774,0.59774,normal
24.10000,-3.01593,-0.35044,9.45044,0.40000,-0.78271,0.58271,normal
24.12000,-2.92743,-0.40354,9.50354,0.40000,-0.76767,0.56767,normal
24.14000,-2.83894,-0.45664,9.55664,0.40000,-0.75263,0.55263,normal
24.16000,-2.75044,-0.50973,9.60973,0.40000,-0.73759,0.53759,normal
24.18000,-2.66195,-0.56283,9.66283,0.40000,-0.72256,0.52256,normal
24.20000,-2.04286,-0.65238,10.09524,0.40000,-0.70752,0.50752,normal
24.22000,-2.00000,-2.30000,13.60000,0.68000,-0.46000,0.76000,normal
24.24000,-1.76471,-1.82941,13.32549,1.10000,-0.32308,0.67692,normal
24.26000,-1.52941,-1.35882,13.05098,1.10000,-0.47692,0.52308,normal
24.28000,2.00000,0.20000,8.80000,0.20000,-1.10000,1.30000,normal
24.30000,4.32818,-4.83727,6.33273,0.58667,-0.96000,0.46000,normal
24.32000,3.65545,-2.52818,6.84182,0.56762,-0.90286,0.40286,normal
24.34000,2.98273,-0.21909,7.35091,0.54857,-0.84571,0.34571,normal
24.36000,2.31000,2.09000,7.86000,0.52952,-0.78857,0.28857,normal
24.38000,1.63727,4.39909,8.36909,0.51048,-0.73143,0.23143,normal
24.40000,6.06000,-0.54000,0.86000,-4.55455,-1.26970,-3.00000,normal
24.42000,7.07053,-2.23263,0.45158,-4.37273,-1.14848,-3.00000,normal
24.44000,7.26000,-2.38000,0.62000,-4.19091,-1.02727,-3.00000,normal
24.46000,7.44947,-2.52737,0.78842,-4.00909,-0.90606,-3.00000,normal
24.48000,7.63895,-2.67474,0.95684,-3.82727,-0.78485,-3.00000,normal
24.50000,6.10000,-2.40000,3.60000,-1.24000,1.78000,-1.68000,normal
24.52000,-1.78333,-1.85000,8.50000,1.53980,3.45306,0.07959,normal
24.54000,-2.42778,-1.51667,8.63333,1.60102,3.53469,0.20204,normal
24.56000,-3.07222,-1.18333,8.76667,1.66224,3.61633,0.32449,normal
24.58000,-3.71667,-0.85000,8.90000,1.72347,3.69796,0.44694,normal
24.60000,-5.64444,-0.32222,8.50000,1.78469,3.77959,0.56939,normal
24.62000,-17.42821,1.14103,9.46667,0.27971,3.07971,1.79855,normal
24.64000,-17.06923,1.34615,8.80000,-0.12609,2.67391,1.76957,normal
24.66000,-16.71026,1.55128,8.13333,-0.53188,2.26812,1.74058,normal
24.68000,-16.35128,1.75641,7.46667,-0.93768,1.86232,1.71159,normal
24.70000,-11.76354,1.33125,5.83958,2.04862,-1.50642,1.10000,normal
24.72000,-11.03438,1.95625,6.63125,1.90183,-1.52477,1.10000,normal
24.74000,-10.30521,2.58125,7.42292,1.75505,-1.54312,1.10000,normal
24.76000,-9.57604,3.20625,8.21458,1.60826,-1.56147,1.10000,normal
24.78000,-8.84688,3.83125,9.00625,1.46147,-1.57982,1.10000,normal
24.80000,-10.26923,-4.80000,9.84615,1.31468,-1.59817,1.10000,normal
24.82000,-15.02614,11.43977,0.53636,-1.38539,-1.19888,-0.54607,normal
24.84000,-11.95795,7.55341,2.35455,-1.72247,-1.37865,-1.17528,normal
24.86000,-8.88977,3.66705,4.17273,-2.05955,-1.55843,-1.80449,normal
24.88000,-5.82159,-0.21932,5.99091,-2.39663,-1.73820,-2.43371,normal
24.90000,-2.75341,-4.10568,7.80909,-0.20000,-0.60000,-0.90000,normal
24.92000,-3.58125,-0.35469,8.94219,-0.83714,0.93143,0.21571,normal
24.94000,-4.45625,-0.63594,8.47344,-0.72286,0.98857,0.24429,normal
24.96000,-5.33125,-0.91719,8.00469,-0.60857,1.04571,0.27286,normal
24.98000,-5.95833,-0.57500,7.52500,-0.46000,1.07000,0.29000,normal
25.00000,-4.80000,-0.61139,8.07468,0.25000,0.45000,0.12500,normal
25.02000,-4.80000,-0.43418,8.02405,0.37419,0.14839,0.30000,normal
25.04000,-4.80000,-0.25696,7.97342,0.34194,0.08387,0.30000,normal
25.06000,-4.80000,-0.07975,7.92278,0.30968,0.01935,0.30000,normal
25.08000,-4.97983,-0.27731,8.42017,-0.10000,-0.40000,0.20000,normal
25.10000,-4.84538,-0.12605,8.55462,-0.10000,-0.40000,0.20000,normal
25.12000,-4.71092,0.02521,8.68908,-0.10000,-0.40000,0.20000,normal
25.14000,-4.57647,0.17647,8.82353,-0.10000,-0.40000,0.20000,normal
25.16000,-4.44202,0.32773,8.95798,-0.10000,-0.40000,0.20000,normal
25.18000,-4.30756,0.47899,9.09244,-0.10000,-0.40000,0.20000,normal
25.20000,-4.46667,0.50000,9.23333,-0.50000,0.00000,0.00000,normal
25.22000,-4.77500,-0.25625,9.96875,-0.12152,-0.21392,-0.20000,normal
25.24000,-4.90000,-0.35000,9.25000,-0.14684,-0.11266,-0.20000,normal
25.26000,-5.02500,-0.44375,8.53125,-0.17215,-0.01139,-0.20000,normal
25.28000,-4.94000,-0.26000,8.62000,-0.19747,0.08987,-0.20000,normal
25.30000,-4.70000,-1.61474,7.32000,0.07692,0.00000,-0.59231,normal
25.32000,-4.70000,-1.38316,7.72000,0.12603,-0.05205,-0.54795,normal
25.34000,-4.70000,-1.15158,8.12000,0.15342,-0.10685,-0.49315,normal
25.36000,-4.70000,-0.92000,8.52000,0.18082,-0.16164,-0.43836,normal
25.38000,-4.60000,-0.80000,8.73333,-0.20000,-0.80000,0.10000,normal
25.40000,-4.00682,-0.54659,6.87045,-0.30989,-0.84396,0.23187,normal
25.42000,-4.41591,-0.34205,7.09773,-0.41978,-0.88791,0.36374,normal
25.44000,-4.82500,-0.13750,7.32500,-0.52967,-0.93187,0.49560,normal
25.46000,-5.23409,0.06705,7.55227,-0.63956,-0.97582,0.62747,normal
25.48000,-4.19421,-1.98760,9.59587,-0.49316,-0.59658,0.60000,normal
25.50000,-4.07851,-1.73967,9.51322,-0.42479,-0.56239,0.60000,normal
25.52000,-3.96281,-1.49174,9.43058,-0.35641,-0.52821,0.60000,normal
25.54000,-3.84711,-1.24380,9.34793,-0.28803,-0.49402,0.60000,normal
25.56000,-3.73140,-0.99587,9.26529,-0.21966,-0.45983,0.60000,normal
25.58000,-3.61570,-0.74793,9.18264,-0.15128,-0.42564,0.60000,normal
25.60000,-3.50000,-0.50000,9.10000,0.05000,-0.30000,0.60000,normal
25.62000,-3.06462,-0.82154,9.30000,0.38133,-0.51867,0.60000,normal
25.64000,-3.15692,-0.85231,9.30000,0.35467,-0.54533,0.60000,normal
25.66000,-3.24923,-0.88308,9.30000,0.32800,-0.57200,0.60000,normal
25.68000,-1.50000,-1.90000,11.70000,0.30133,-0.59867,0.60000,normal
25.70000,0.18421,-3.19474,5.65789,-0.14545,-0.68182,0.95455,normal
25.72000,0.89474,-4.93158,4.55263,0.31429,-0.50000,0.44286,normal
25.74000,1.60526,-6.66842,3.44737,0.21905,-0.27778,-0.50952,normal
25.76000,2.31579,-8.40526,2.34211,0.12381,-0.05556,-1.46190,normal
25.78000,4.09421,-0.74959,7.44050,-2.73220,-0.59153,-2.09153,normal
25.80000,4.07769,-0.31983,7.55620,-2.59661,-0.57458,-2.07458,normal
25.82000,4.06116,0.10992,7.67190,-2.46102,-0.55763,-2.05763,normal
25.84000,4.04463,0.53967,7.78760,-2.32542,-0.54068,-2.04068,normal
25.86000,4.02810,0.96942,7.90331,-2.18983,-0.52373,-2.02373,normal
25.88000,4.01157,1.39917,8.01901,-2.05424,-0.50678,-2.00678,normal
25.90000,3.18265,-1.83265,7.31224,-1.75636,0.02909,-1.27818,normal
25.92000,2.83571,-2.48571,7.55714,-1.64727,0.10182,-1.22364,normal
25.94000,2.48878,-3.13878,7.80204,-1.53818,0.17455,-1.16909,normal
25.96000,2.14184,-3.79184,8.04694,-1.42909,0.24727,-1.11455,normal
25.98000,1.79490,-4.44490,8.29184,-1.32000,0.32000,-1.06000,normal
26.00000,0.18000,-5.06000,8.14000,-1.21091,0.39273,-1.00545,normal
26.02000,-18.11481,-5.76173,3.75185,-0.84186,0.14186,1.14419,normal
26.04000,-15.30000,-5.36667,3.90000,-0.44651,-0.25349,1.00465,normal
26.06000,-12.48519,-4.97160,4.04815,-0.05116,-0.64884,0.86512,normal
26.08000,-9.67037,-4.57654,4.19630,0.34419,-1.04419,0.72558,normal
26.10000,-6.63333,-5.06667,3.96667,0.75714,-1.14286,0.60000,normal
26.12000,-8.38471,5.56706,14.82118,5.71429,-0.20779,1.49610,normal
26.14000,-8.90235,5.14353,15.95059,5.14286,-0.25974,1.47013,normal
26.16000,-9.42000,4.72000,17.08000,4.57143,-0.31169,1.44416,normal
26.18000,-9.93765,4.29647,18.20941,4.00000,-0.36364,1.41818,normal
26.20000,-6.70000,2.30000,12.45000,1.80000,-0.91429,0.37143,normal
26.22000,-5.07363,0.97143,7.86374,0.18444,-1.24667,0.40667,normal
26.24000,-4.04066,0.68571,8.19341,0.16222,-1.31333,0.27333,normal
26.26000,-3.00769,0.40000,8.52308,0.14000,-1.38000,0.14000,normal
26.28000,-1.97473,0.11429,8.85275,0.11778,-1.44667,0.00667,normal
26.30000,-1.05714,0.95714,11.47143,-0.04000,-1.08000,0.42000,normal
26.32000,-1.20000,1.24483,10.68046,0.18171,-0.66341,0.60000,normal
26.34000,-1.20000,1.31379,10.49655,0.15732,-0.61463,0.60000,normal
26.36000,-1.20000,1.38276,10.31264,0.13293,-0.56585,0.60000,normal
26.38000,-1.20000,1.45172,10.12874,0.10854,-0.51707,0.60000,normal
26.40000,-0.80947,0.91684,10.78526,-0.46460,0.32832,0.50000,normal
26.42000,-0.99895,1.25368,10.49053,-0.37611,0.39912,0.50000,normal
26.44000,-1.18842,1.59053,10.19579,-0.28761,0.46991,0.50000,normal
26.46000,-1.37789,1.92737,9.90105,-0.19912,0.54071,0.50000,normal
26.48000,-1.56737,2.26421,9.60632,-0.11062,0.61150,0.50000,normal
26.50000,-1.61250,1.03750,9.58750,-0.02212,0.68230,0.50000,normal
26.52000,-1.81538,1.11538,9.18974,0.08000,0.80000,0.28000,normal
26.54000,-1.89231,1.19231,9.13846,0.20000,0.67576,0.32424,normal
26.56000,-1.96923,1.26923,9.08718,0.20000,0.64545,0.35455,normal
26.58000,-2.04615,1.34615,9.03590,0.20000,0.61515,0.38485,normal
26.60000,-2.40000,1.65000,9.90000,0.30000,-0.30000,0.40000,normal
26.62000,-1.37527,1.60000,9.99785,0.27802,-0.32198,0.37802,normal
26.64000,-1.13871,1.60000,9.89032,0.25604,-0.34396,0.35604,normal
26.66000,-0.90215,1.60000,9.78280,0.23407,-0.36593,0.33407,normal
26.68000,-0.66559,1.60000,9.67527,0.21209,-0.38791,0.31209,normal
26.70000,-1.90000,1.30000,9.40000,0.29355,-1.10645,0.70323,normal
26.72000,-1.40217,1.53913,10.02174,0.25054,-1.14946,0.72473,normal
26.74000,-1.29348,1.58261,9.93478,0.20753,-1.19247,0.74624,normal
26.76000,-1.18478,1.62609,9.84783,0.16452,-1.23548,0.76774,normal
26.78000,-1.07609,1.66957,9.76087,0.12151,-1.27849,0.78925,normal
26.80000,-0.25000,2.50000,9.80000,0.50000,-1.49608,0.89608,normal
26.82000,0.16129,2.67742,9.77742,0.50000,-1.47647,0.87647,normal
26.84000,0.22581,2.54839,9.64839,0.50000,-1.45686,0.85686,normal
26.86000,0.29032,2.41935,9.51935,0.50000,-1.43725,0.83725,normal
26.88000,0.35484,2.29032,9.39032,0.50000,-1.41765,0.81765,normal
26.90000,0.45556,2.60000,9.04444,0.60000,-1.40000,0.68000,normal
26.92000,1.08315,5.21461,10.97865,1.53086,-1.69012,0.28025,normal
26.94000,1.77978,4.87753,10.39438,1.35802,-1.66543,0.23086,normal
26.96000,2.47640,4.54045,9.81011,1.18519,-1.64074,0.18148,normal
26.98000,3.17303,4.20337,9.22584,1.01235,-1.61605,0.13210,normal
27.00000,2.30000,2.60000,9.00000,1.08000,-1.68000,0.46000,normal
27.02000,3.90426,4.99255,8.51596,1.14516,-1.40860,0.71828,normal
27.04000,3.77660,4.71596,8.53723,1.08065,-1.30108,0.73978,normal
27.06000,3.64894,4.43936,8.55851,1.01613,-1.19355,0.76129,normal
27.08000,3.52128,4.16277,8.57979,0.95161,-1.08602,0.78280,normal
27.10000,2.50000,2.60000,8.25000,1.03333,-0.76667,0.56667,normal
27.12000,5.29773,2.57045,8.95227,0.03596,0.27191,1.11798,normal
27.14000,4.86591,2.95682,8.88409,0.08090,0.36180,1.14045,normal
27.16000,4.43409,3.34318,8.81591,0.12584,0.45169,1.16292,normal
27.18000,4.00227,3.72955,8.74773,0.17079,0.54157,1.18539,normal
27.20000,3.50000,4.50000,7.85000,-0.13333,0.55556,1.16667,normal
27.22000,4.80270,1.12432,5.56216,-1.00519,0.38312,1.72078,normal
27.24000,3.18108,1.52973,5.26486,-1.62857,0.35714,2.21429,normal
27.26000,1.55946,1.93514,4.96757,-2.25195,0.33117,2.70779,normal
27.28000,1.60000,1.56000,5.40000,-2.87532,0.30519,3.20130,normal
27.30000,6.92371,-2.60206,6.85979,-0.85000,-0.45000,1.65000,normal
27.32000,7.41856,-2.21031,7.49897,-2.42105,-1.65263,1.33421,normal
27.34000,7.91340,-1.81856,8.13814,-2.26316,-1.75789,1.20263,normal
27.36000,8.40825,-1.42680,8.77732,-2.10526,-1.86316,1.07105,normal
27.38000,8.90309,-1.03505,9.41649,-1.94737,-1.96842,0.93947,normal
27.40000,8.96579,2.75000,6.31316,-1.05652,-2.70870,1.07826,normal
27.42000,9.40439,2.41667,5.73421,-1.28261,-2.74348,0.99130,normal
27.44000,9.84298,2.08333,5.15526,-1.50870,-2.77826,0.90435,normal
27.46000,10.28158,1.75000,4.57632,-1.73478,-2.81304,0.81739,normal
27.48000,10.72018,1.41667,3.99737,-1.96087,-2.84783,0.73043,normal
27.50000,11.15877,1.08333,3.41842,-2.18696,-2.88261,0.64348,normal
27.52000,8.45000,-2.30000,5.60000,-0.59038,-1.48558,-0.20000,normal
27.54000,8.68791,-1.19011,5.13297,-0.55192,-1.42788,-0.20000,normal
27.56000,8.88571,-0.44286,4.95714,-0.51346,-1.37019,-0.20000,normal
27.58000,9.08352,0.30440,4.78132,-0.47500,-1.31250,-0.20000,normal
27.60000,9.28132,1.05165,4.60549,-0.43654,-1.25481,-0.20000,normal
27.62000,7.60000,5.90000,6.20000,-0.40000,-1.00000,-0.15000,normal
27.64000,4.95050,2.75446,12.16832,-0.10769,-0.36154,0.19231,normal
27.66000,4.67327,2.25941,11.91089,1.58254,1.99683,2.70476,normal
27.68000,4.39604,1.76436,11.65347,1.23333,1.93333,2.80000,normal
27.70000,4.11881,1.26931,11.39604,0.88413,1.86984,2.89524,normal
27.72000,3.84158,0.77426,11.13861,0.53492,1.80635,2.99048,normal
27.74000,-2.10000,-6.03226,9.23548,1.28136,2.71864,3.09492,normal
27.76000,-2.10000,-4.61290,8.07419,1.48475,2.51525,3.33220,normal
27.78000,-2.10000,-3.19355,6.91290,1.68814,2.31186,3.56949,normal
27.80000,-1.80000,-1.50000,5.80000,1.30000,2.45000,2.40000,normal
27.82000,-7.79032,-19.80968,26.22581,6.36000,1.22000,-0.48000,normal
27.84000,-6.77957,-14.15376,26.03226,6.31556,1.24222,0.20889,normal
27.86000,-5.76882,-8.49785,25.83871,6.27111,1.26444,0.89778,normal
27.88000,-4.75806,-2.84194,25.64516,6.22667,1.28667,1.58667,normal
27.90000,7.10000,-0.20000,5.00000,0.74800,1.19200,0.21200,normal
27.92000,0.49890,-8.52088,3.81429,1.22800,1.11200,0.33200,normal
27.94000,0.85055,-5.83956,5.24286,1.70800,1.03200,0.45200,normal
27.96000,1.20220,-3.15824,6.67143,2.18800,0.95200,0.57200,normal
27.98000,1.55385,-0.47692,8.10000,2.66800,0.87200,0.69200,normal
28.00000,0.81000,-1.37000,10.51000,2.50000,0.75000,0.70000,normal
28.02000,2.58876,-0.23708,9.57640,0.10909,0.00000,0.43636,normal
28.04000,2.38652,-0.30449,9.35169,0.17632,0.02368,0.42368,normal
28.06000,2.18427,-0.37191,9.12697,0.15000,0.05000,0.45000,normal
28.08000,1.98202,-0.43933,8.90225,0.12368,0.07632,0.47632,normal
28.10000,1.63333,-0.60000,9.03333,0.50000,0.10000,0.50000,normal
28.12000,1.20000,1.31882,9.92235,0.72614,0.10000,0.38523,normal
28.14000,1.20000,0.98941,9.78118,0.61250,0.10000,0.36250,normal
28.16000,1.20000,0.66000,9.64000,0.49886,0.10000,0.33977,normal
28.18000,1.20000,0.33059,9.49882,0.38523,0.10000,0.31705,normal
28.20000,1.51429,0.65714,10.67143,0.40000,0.00000,0.20000,normal
28.22000,1.68046,0.33563,9.88391,0.10000,-0.10000,0.27979,normal
28.24000,1.79540,0.24368,9.86092,0.10000,-0.10000,0.25851,normal
28.26000,1.91034,0.15172,9.83793,0.10000,-0.10000,0.23723,normal
28.28000,2.02529,0.05977,9.81494,0.10000,-0.10000,0.21596,normal
28.30000,1.70000,0.40000,9.90000,0.36667,0.10000,0.43333,normal
28.32000,2.51011,0.59213,10.16629,0.26863,0.23137,0.70000,normal
28.34000,2.39775,0.45730,9.87416,0.22941,0.27059,0.70000,normal
28.36000,2.28539,0.32247,9.58202,0.19020,0.30980,0.70000,normal
28.38000,2.17303,0.18764,9.28989,0.15098,0.34902,0.70000,normal
28.40000,1.24444,0.64444,10.03333,0.11176,0.38824,0.70000,normal
28.42000,0.81974,0.41579,10.96447,0.14000,0.66000,0.70000,normal
28.44000,0.95132,0.52105,10.72763,0.07910,0.72090,0.72090,normal
28.46000,1.08289,0.62632,10.49079,0.04925,0.75075,0.75075,normal
28.48000,1.21447,0.73158,10.25395,0.01940,0.78060,0.78060,normal
28.50000,0.80000,0.45000,9.35000,0.20000,1.10000,1.10000,normal
28.52000,-0.26404,-0.35843,9.85393,0.20000,1.07826,1.05652,normal
28.54000,-0.21910,0.06854,9.92135,0.20000,1.05652,1.01304,normal
28.56000,-0.17416,0.49551,9.98876,0.20000,1.03478,0.96957,normal
28.58000,-0.12921,0.92247,10.05618,0.20000,1.01304,0.92609,normal
28.60000,-0.60000,0.80000,9.90000,0.10000,0.89889,0.70000,normal
28.62000,-0.66383,0.65106,9.85745,0.10000,0.87667,0.70000,normal
28.64000,-0.72766,0.50213,9.81489,0.10000,0.85444,0.70000,normal
28.66000,-0.79149,0.35319,9.77234,0.10000,0.83222,0.70000,normal
28.68000,-0.85532,0.20426,9.72979,0.10000,0.81000,0.70000,normal
28.70000,0.40000,0.30000,7.10000,-1.28911,0.32376,1.21584,normal
28.72000,-1.70638,1.64043,7.65319,-0.73465,0.44257,1.29505,normal
28.74000,-3.81277,2.98085,8.20638,-0.18020,0.56139,1.37426,normal
28.76000,-5.91915,4.32128,8.75957,0.37426,0.68020,1.45347,normal
28.78000,-8.02553,5.66170,9.31277,0.92871,0.79901,1.53267,normal
28.80000,-1.88000,0.33000,9.62000,-0.60000,0.50000,-0.20000,normal
28.82000,-1.77059,-0.07176,9.27176,-0.19036,0.29036,0.70964,normal
28.84000,-1.88824,-0.02471,9.22471,-0.16627,0.26627,0.73373,normal
28.86000,-2.00588,0.02235,9.17765,-0.14217,0.24217,0.75783,normal
28.88000,-2.12353,0.06941,9.13059,-0.11807,0.21807,0.78193,normal
28.90000,-1.90000,0.35000,9.35000,-0.10000,-0.30000,1.00000,normal
28.92000,-1.65227,0.76818,9.76818,-0.32159,-0.50000,1.00000,normal
28.94000,-1.58409,0.72273,9.72273,-0.34432,-0.50000,1.00000,normal
28.96000,-1.51591,0.67727,9.67727,-0.36705,-0.50000,1.00000,normal
28.98000,-1.44773,0.63182,9.63182,-0.38977,-0.50000,1.00000,normal
29.00000,-8.80000,10.60000,10.00000,1.40000,0.00000,1.70000,normal
29.02000,-6.61053,7.56842,9.76842,0.99574,-0.04255,1.42340,normal
29.04000,-4.42105,4.53684,9.53684,0.59149,-0.08511,1.14681,normal
29.06000,-2.23158,1.50526,9.30526,0.18723,-0.12766,0.87021,normal
29.08000,-0.04211,-1.52632,9.07368,-0.21702,-0.17021,0.59362,normal
29.10000,-1.30000,-1.10000,9.20000,0.10000,-0.40000,0.85000,normal
29.12000,-1.29785,0.41828,10.29355,0.18173,-0.53654,0.91827,normal
29.14000,-1.19032,0.33226,9.97097,0.16250,-0.57500,0.93750,normal
29.16000,-1.08280,0.24624,9.64839,0.14327,-0.61346,0.95673,normal
29.18000,-0.97527,0.16022,9.32581,0.12404,-0.65192,0.97596,normal
29.20000,-0.40000,0.95000,10.00000,0.10481,-0.69038,0.99519,normal
29.22000,0.87436,-1.41795,10.01538,0.07000,-1.00000,0.98000,normal
29.24000,0.74615,-0.00769,10.09231,-0.16296,-0.99630,0.80000,normal
29.26000,0.61795,1.40256,10.16923,0.20741,-0.95926,0.80000,normal
29.28000,0.48974,2.81282,10.24615,0.57778,-0.92222,0.80000,normal
29.30000,1.06667,1.30000,10.16667,1.00000,-0.70000,0.60000,normal
29.32000,1.09333,0.69111,9.51778,1.31978,-0.56044,0.60000,normal
29.34000,0.96000,1.18000,9.54000,1.34176,-0.51648,0.60000,normal
29.36000,0.82667,1.66889,9.56222,1.36374,-0.47253,0.60000,normal
29.38000,0.69333,2.15778,9.58444,1.38571,-0.42857,0.60000,normal
29.40000,1.90000,3.70000,10.10000,0.40000,-0.50000,0.90000,normal
29.42000,0.93146,0.06404,9.30674,0.31011,-0.43258,0.98989,normal
29.44000,0.70674,-0.25056,8.11573,0.22022,-0.36517,1.07978,normal
29.46000,0.48202,-0.56517,6.92472,0.13034,-0.29775,1.16966,normal
29.48000,0.25730,-0.87978,5.73371,0.04045,-0.23034,1.25955,normal
29.50000,4.00000,-14.40000,9.10000,0.19811,-2.29623,-1.81226,normal
29.52000,4.44681,-14.74043,9.48298,0.16038,-2.22075,-2.05755,normal
29.54000,4.89362,-15.08085,9.86596,0.12264,-2.14528,-2.30283,normal
29.56000,5.34043,-15.42128,10.24894,0.08491,-2.06981,-2.54811,normal
29.58000,5.78723,-15.76170,10.63191,0.04717,-1.99434,-2.79340,normal
29.60000,4.36667,-9.33333,11.96667,0.00943,-1.91887,-3.03868,normal
29.62000,4.42000,1.94667,5.16000,-1.50000,-1.80000,-4.70000,normal
29.64000,4.28667,2.19111,5.09333,-1.66901,-1.60282,-4.72817,normal
29.66000,4.15333,2.43556,5.02667,-1.83803,-1.40563,-4.75634,normal
29.68000,4.02000,2.68000,4.96000,-2.00704,-1.20845,-4.78451,normal
29.70000,3.40000,7.20000,6.55000,-2.90000,0.40000,-4.10000,normal
29.72000,4.35824,8.98681,6.86154,-3.27778,0.51111,-4.01111,normal
29.74000,4.53407,8.30549,6.70769,-3.65556,0.62222,-3.92222,normal
29.76000,4.70989,7.62418,6.55385,-4.03333,0.73333,-3.83333,normal
29.78000,4.88571,6.94286,6.40000,-4.41111,0.84444,-3.74444,normal
29.80000,-0.05000,1.50000,7.50000,-2.70000,3.20000,-1.00000,normal
29.82000,-0.64457,1.70652,7.14130,-1.35517,3.68276,-0.53793,normal
29.84000,-0.79674,1.92391,7.18478,-1.19425,3.77471,-0.46897,normal
29.86000,-0.94891,2.14130,7.22826,-1.03333,3.86667,-0.40000,normal
29.88000,-1.10109,2.35870,7.27174,-0.87241,3.95862,-0.33103,normal
29.90000,-11.80000,1.10000,11.10000,1.76262,3.36729,0.61402,normal
29.92000,-11.34839,0.99247,10.82043,1.61308,3.23645,0.67009,normal
29.94000,-10.89677,0.88495,10.54086,1.46355,3.10561,0.72617,normal
29.96000,-10.44516,0.77742,10.26129,1.31402,2.97477,0.78224,normal
29.98000,-9.99355,0.66989,9.98172,1.16449,2.84393,0.83832,normal
30.00000,-9.98000,-0.00667,8.35333,1.01495,2.71308,0.89439,normal
30.02000,25.87727,-4.75909,10.13182,-3.34051,-4.15696,-4.72658,normal
30.04000,13.24091,-5.21364,8.22273,-2.27722,-2.53671,-2.90380,normal
30.06000,0.60455,-5.66818,6.31364,-1.21392,-0.91646,-1.08101,normal
30.08000,-12.03182,-6.12273,4.40455,-0.15063,0.70380,0.74177,normal
30.10000,-24.66818,-6.57727,2.49545,0.35000,-1.40000,-1.20000,normal
30.12000,-9.55233,-4.09302,4.59767,-1.87471,0.90690,-1.31494,normal
30.14000,-9.01744,-4.69767,4.13256,-1.13908,0.56207,-1.56782,normal
30.16000,-8.48256,-5.30233,3.66744,-0.40345,0.21724,-1.82069,normal
30.18000,-7.94767,-5.90698,3.20233,0.33218,-0.12759,-2.07356,normal
30.20000,-13.60000,7.75000,9.75000,0.20000,0.10000,-1.20000,normal
30.22000,-11.88280,5.15699,4.89892,-0.52000,-0.96500,-0.34000,normal
30.24000,-9.02258,1.00645,5.84516,-0.28000,-1.18500,-0.66000,normal
30.26000,-6.16237,-3.14409,6.79140,-0.04000,-1.40500,-0.98000,normal
30.28000,-3.30215,-7.29462,7.73763,0.20000,-1.62500,-1.30000,normal
30.30000,-2.80000,1.30000,6.80000,0.44000,-1.84500,-1.62000,normal
30.32000,-3.23011,0.48280,7.87527,1.15556,-0.71111,0.23333,normal
30.34000,-3.66022,-0.33441,8.95054,1.50123,-0.73580,0.30741,normal
30.36000,-4.09032,-1.15161,10.02581,1.84691,-0.76049,0.38148,normal
30.38000,-4.52043,-1.96882,11.10108,2.19259,-0.78519,0.45556,normal
30.40000,-2.32000,2.38000,9.24000,0.40000,-0.40000,0.20000,normal
30.42000,-3.00659,1.22418,9.05604,0.42222,-0.42222,0.17778,normal
30.44000,-2.89670,1.48791,9.12198,0.44444,-0.44444,0.15556,normal
30.46000,-2.78681,1.75165,9.18791,0.46667,-0.46667,0.13333,normal
30.48000,-2.67692,2.01538,9.25385,0.48889,-0.48889,0.11111,normal
30.50000,-1.35000,2.90000,9.90000,0.28750,-0.29062,0.69687,normal
30.52000,-1.81413,3.00326,9.82065,0.20417,-0.22813,0.67604,normal
30.54000,-1.61848,3.11196,9.84239,0.12083,-0.16563,0.65521,normal
30.56000,-1.42283,3.22065,9.86413,0.03750,-0.10312,0.63437,normal
30.58000,-1.22717,3.32935,9.88587,-0.04583,-0.04062,0.61354,normal
30.60000,-1.63333,2.13333,9.46667,-1.00680,0.39903,0.40097,normal
30.62000,-2.04607,2.23371,9.52584,-1.14272,0.37961,0.42039,normal
30.64000,-1.97865,2.52584,9.68315,-1.27864,0.36019,0.43981,normal
30.66000,-1.91124,2.81798,9.84045,-1.41456,0.34078,0.45922,normal
30.68000,-1.84382,3.11011,9.99775,-1.55049,0.32136,0.47864,normal
30.70000,-2.00000,0.80000,9.40000,-1.68641,0.30194,0.49806,normal
30.72000,-2.17333,-2.28667,10.61333,-1.34118,-0.09216,0.40392,normal
30.74000,-2.38286,-1.67714,10.36571,-1.04706,-0.05294,0.42353,normal
30.76000,-2.59238,-1.06762,10.11810,-0.75294,-0.01373,0.44314,normal
30.78000,-2.80190,-0.45810,9.87048,-0.45882,0.02549,0.46275,normal
30.80000,-3.01143,0.15143,9.62286,-0.16471,0.06471,0.48235,normal
30.82000,-3.00000,0.46667,9.53333,-0.40000,-0.10000,0.50000,normal
30.84000,-2.38333,-0.11667,9.51667,-0.32192,-0.34384,0.55616,normal
30.86000,-1.98939,-0.32879,9.54697,-0.34932,-0.39863,0.50137,normal
30.88000,-1.59545,-0.54091,9.57727,-0.37671,-0.45342,0.44658,normal
30.90000,-2.36000,0.12000,10.20000,-0.32500,-0.46250,0.47500,normal
30.92000,-0.26588,-0.05294,9.96706,0.59324,-1.19324,1.01351,normal
30.94000,-0.36000,0.30000,9.92000,0.56622,-1.16622,1.06757,normal
30.96000,-0.45412,0.65294,9.87294,0.53919,-1.13919,1.12162,normal
30.98000,-0.54824,1.00588,9.82588,0.51216,-1.11216,1.17568,normal
31.00000,0.50000,0.40000,9.90000,0.18235,-1.29412,1.00000,normal
31.02000,0.52151,0.50753,9.94301,0.12353,-1.27451,1.00000,normal
31.04000,0.54301,0.61505,9.98602,0.06471,-1.25490,1.00000,normal
31.06000,0.56452,0.72258,10.02903,0.00588,-1.23529,1.00000,normal
31.08000,0.58602,0.83011,10.07204,-0.05294,-1.21569,1.00000,normal
31.10000,0.08000,1.50000,10.16000,0.10000,-1.00000,0.70000,normal
31.12000,1.02442,-1.09419,7.44767,-0.40145,-0.80145,0.50290,normal
31.14000,0.90814,-0.93140,7.98256,-0.43043,-0.83043,0.56087,normal
31.16000,0.79186,-0.76860,8.51744,-0.45942,-0.85942,0.61884,normal
31.18000,0.67558,-0.60581,9.05233,-0.48841,-0.88841,0.67681,normal
31.20000,1.20000,0.70000,3.60000,0.41667,-0.66111,0.75556,normal
31.22000,1.24348,1.26522,3.73043,1.17183,-0.64930,1.81408,normal
31.24000,1.28696,1.83043,3.86087,1.05915,-0.84648,1.87042,normal
31.26000,1.33043,2.39565,3.99130,0.94648,-1.04366,1.92676,normal
31.28000,1.37391,2.96087,4.12174,0.83380,-1.24085,1.98310,normal
31.30000,4.26739,2.12826,3.56304,3.02754,-0.02319,1.50000,normal
31.32000,4.05000,0.98333,3.98333,2.66522,-0.13913,1.50000,normal
31.34000,3.83261,-0.16159,4.40362,2.30290,-0.25507,1.50000,normal
31.36000,3.61522,-1.30652,4.82391,1.94058,-0.37101,1.50000,normal
31.38000,3.39783,-2.45145,5.24420,1.57826,-0.48696,1.50000,normal
31.40000,3.18043,-3.59638,5.66449,1.21594,-0.60290,1.50000,normal
31.42000,2.96304,-4.74130,6.08478,0.85362,-0.71884,1.50000,normal
31.44000,4.80000,-4.90000,7.80000,-1.65000,0.10000,-1.80000,normal
31.46000,4.73936,1.02234,10.23936,-2.10357,0.21696,-1.95089,normal
31.48000,4.67553,1.25638,10.17553,-2.31786,0.23482,-2.00446,normal
31.50000,4.61170,1.49043,10.11170,-2.53214,0.25268,-2.05804,normal
31.52000,4.54787,1.72447,10.04787,-2.74643,0.27054,-2.11161,normal
31.54000,4.84000,-0.92000,7.70000,-2.96071,0.28839,-2.16518,normal
31.56000,3.18462,2.41538,8.22308,-2.92000,0.55000,-2.05000,normal
31.58000,1.62414,4.68391,8.43448,-0.77037,1.16296,-1.47778,normal
31.60000,1.27931,4.91379,8.22759,0.70000,2.00964,-0.19157,normal
31.62000,0.93448,5.14368,8.02069,0.70000,2.20241,-0.02289,normal
31.64000,0.58966,5.37356,7.81379,0.70000,2.39518,0.14578,normal
31.66000,3.66190,22.62540,9.42381,0.70000,2.58795,0.31446,normal
31.68000,-0.71905,12.87937,4.66190,0.70000,2.78072,0.48313,normal
31.70000,-5.10000,3.13333,-0.10000,-2.98846,0.90000,-0.76923,normal
31.72000,-9.48095,-6.61270,-4.86190,3.25455,-1.07273,-0.81818,normal
31.74000,-4.66769,7.62923,8.70462,0.62321,-0.61786,0.03929,normal
31.76000,-1.62154,5.81385,9.99692,0.30179,-0.83214,0.11071,normal
31.78000,1.42462,3.99846,11.28923,-0.01964,-1.04643,0.18214,normal
31.80000,0.50412,0.32165,8.53402,-0.59065,-0.90000,0.16262,normal
31.82000,0.52474,-0.07010,8.20412,-0.57196,-0.90000,0.08785,normal
31.84000,0.54536,-0.46186,7.87423,-0.55327,-0.90000,0.01308,normal
31.86000,0.56598,-0.85361,7.54433,-0.53458,-0.90000,-0.06168,normal
31.88000,0.58660,-1.24536,7.21443,-0.51589,-0.90000,-0.13645,normal
31.90000,-1.46000,1.48000,10.34000,0.72353,-1.19412,-0.50000,normal
31.92000,1.39882,-0.45176,8.94118,1.00395,-1.30000,-0.79605,normal
31.94000,1.56353,0.79529,9.17647,1.08289,-1.30000,-0.71711,normal
31.96000,1.72824,2.04235,9.41176,1.16184,-1.30000,-0.63816,normal
31.98000,1.89294,3.28941,9.64706,1.24079,-1.30000,-0.55921,normal
32.00000,3.25000,2.95000,9.45000,0.60000,-0.60000,-0.20000,normal
32.02000,2.84086,2.71075,9.18817,0.29205,-0.15682,0.16477,normal
32.04000,2.88387,3.24839,9.59677,0.17841,-0.11136,0.23295,normal
32.06000,2.92688,3.78602,10.00538,0.06477,-0.06591,0.30114,normal
32.08000,2.96989,4.32366,10.41398,-0.04886,-0.02045,0.36932,normal
32.10000,2.20000,1.20000,8.80000,-0.95000,0.70000,1.15000,normal
32.12000,2.07097,1.35054,9.18710,-0.82475,0.66238,1.30000,normal
32.14000,1.94194,1.50108,9.57419,-0.74554,0.62277,1.30000,normal
32.16000,1.81290,1.65161,9.96129,-0.66634,0.58317,1.30000,normal
32.18000,1.68387,1.80215,10.34839,-0.58713,0.54356,1.30000,normal
32.20000,1.62500,2.38750,9.48750,-0.50792,0.50396,1.30000,normal
32.22000,1.94375,1.06500,9.00000,-0.08478,0.50000,1.10000,normal
32.24000,2.06875,0.96500,9.00000,-0.04130,0.50000,1.10000,normal
32.26000,2.19375,0.86500,9.00000,0.00217,0.50000,1.10000,normal
32.28000,2.31875,0.76500,9.00000,0.04565,0.50000,1.10000,normal
32.30000,1.84000,1.68000,9.35000,0.08913,0.50000,1.10000,normal
32.32000,1.71429,0.47143,9.34286,0.40000,0.10000,1.35000,normal
32.34000,1.73810,0.92381,9.58095,0.38507,0.14328,1.38507,normal
32.36000,1.76190,1.37619,9.81905,0.47463,0.08358,1.47463,normal
32.38000,1.78571,1.82857,10.05714,0.56418,0.02388,1.56418,normal
32.40000,1.80000,2.22043,10.69677,0.50000,0.50000,1.55000,normal
32.42000,1.80000,2.62903,10.63226,0.70000,0.50000,1.62184,normal
32.44000,1.80000,3.03763,10.56774,0.70000,0.50000,1.64483,normal
32.46000,1.80000,3.44624,10.50323,0.70000,0.50000,1.66782,normal
32.48000,1.80000,3.85484,10.43871,0.70000,0.50000,1.69080,normal
32.50000,0.00167,3.60583,9.59917,0.70000,1.13333,1.63333,normal
32.52000,0.03500,3.72250,9.58250,0.87165,0.98583,1.68583,normal
32.54000,0.06833,3.83917,9.56583,0.84016,0.97008,1.67008,normal
32.56000,0.10167,3.95583,9.54917,0.80866,0.95433,1.65433,normal
32.58000,0.13500,4.07250,9.53250,0.77717,0.93858,1.63858,normal
32.60000,0.16833,4.18917,9.51583,0.74567,0.92283,1.62283,normal
32.62000,0.30000,3.30000,9.15000,0.71417,0.90709,1.60709,normal
32.64000,-1.48602,3.58710,9.22366,0.25238,0.81190,1.28214,normal
32.66000,-1.89462,2.42581,8.68602,0.06190,0.85952,1.21071,normal
32.68000,-2.30323,1.26452,8.14839,-0.12857,0.90714,1.13929,normal
32.70000,-2.71183,0.10323,7.61075,-0.31905,0.95476,1.06786,normal
32.72000,-5.60000,-0.70000,9.80000,-0.50000,0.45000,1.20000,normal
32.74000,-2.32955,-0.44545,2.08182,1.17701,-0.35402,1.53103,normal
32.76000,-1.98864,0.46364,1.44545,1.13103,-0.26207,1.39310,normal
32.78000,-1.64773,1.37273,0.80909,1.08506,-0.17011,1.25517,normal
32.80000,-1.30682,2.28182,0.17273,1.03908,-0.07816,1.11724,normal
32.82000,-0.48000,2.70000,1.24000,0.06667,0.43333,0.30000,normal
32.84000,-0.45652,0.10000,14.20870,-0.28621,0.50000,0.13103,normal
32.86000,0.28261,1.60000,14.05652,-0.26322,0.50000,0.01609,normal
32.88000,1.02174,3.10000,13.90435,-0.24023,0.50000,-0.09885,normal
32.90000,1.76087,4.60000,13.75217,-0.21724,0.50000,-0.21379,normal
32.92000,2.50000,6.10000,13.60000,-1.00000,0.90000,0.00000,normal
32.94000,1.19348,4.27609,12.78478,0.05895,1.18526,0.00000,normal
32.96000,1.04130,4.38478,12.76304,0.14316,1.16421,0.00000,normal
32.98000,0.88913,4.49348,12.74130,0.22737,1.14316,0.00000,normal
33.00000,0.73696,4.60217,12.71957,0.31158,1.12211,0.00000,normal
33.02000,-0.30000,3.50000,12.10000,0.39579,1.10105,0.00000,normal
33.04000,-1.11860,3.59070,10.82558,0.40263,0.59737,0.10263,normal
33.06000,-1.16512,3.56744,10.63953,0.42895,0.57105,0.12895,normal
33.08000,-1.21163,3.54419,10.45349,0.45526,0.54474,0.15526,normal
33.10000,-1.25814,3.52093,10.26744,0.48158,0.51842,0.18158,normal
33.12000,-1.50000,3.90000,10.90000,0.70000,0.05000,0.55000,normal
33.14000,-1.36154,3.80000,10.31923,0.67805,-0.02195,0.60000,normal
33.16000,-1.31026,3.80000,10.34487,0.65366,-0.04634,0.60000,normal
33.18000,-1.25897,3.80000,10.37051,0.62927,-0.07073,0.60000,normal
33.20000,-1.20769,3.80000,10.39615,0.60488,-0.09512,0.60000,normal
33.22000,-0.40000,3.48800,9.20000,0.70000,-0.10000,0.49082,normal
33.24000,-0.40000,3.42800,9.20000,0.70000,-0.10000,0.47041,normal
33.26000,-0.40000,3.36800,9.20000,0.70000,-0.10000,0.45000,normal
33.28000,-0.40000,3.30800,9.20000,0.70000,-0.10000,0.42959,normal
33.30000,-0.40000,3.24800,9.20000,0.70000,-0.10000,0.40918,normal
33.32000,-0.40000,3.30000,8.70000,0.70000,-0.20614,0.39386,normal
33.34000,-0.26000,3.38000,8.52000,0.70000,-0.22368,0.37632,normal
33.36000,-0.12000,3.46000,8.34000,0.70000,-0.24123,0.35877,normal
33.38000,0.02000,3.54000,8.16000,0.70000,-0.25877,0.34123,normal
33.40000,0.16000,3.62000,7.98000,0.70000,-0.27632,0.32368,normal
33.42000,0.30000,3.70000,7.80000,0.70000,-0.29386,0.30614,normal
33.44000,0.79500,3.70000,8.60500,0.40000,-0.20000,0.20000,normal
33.46000,0.74500,3.70000,8.65500,0.18696,-0.20000,0.10000,normal
33.48000,0.69500,3.70000,8.70500,0.15797,-0.20000,0.10000,normal
33.50000,0.64500,3.70000,8.75500,0.12899,-0.20000,0.10000,normal
33.52000,0.45000,3.30000,8.80000,0.10000,-0.20000,0.10000,normal
33.54000,0.32273,3.90000,8.38864,0.10000,-0.30000,0.08652,normal
33.56000,0.36818,3.90000,8.36591,0.10000,-0.30000,0.06404,normal
33.58000,0.41364,3.90000,8.34318,0.10000,-0.30000,0.04157,normal
33.60000,0.45909,3.90000,8.32045,0.10000,-0.30000,0.01910,normal
33.62000,0.28000,3.60000,8.22000,0.20000,-0.15000,0.10000,normal
33.64000,-0.01077,4.40769,9.14462,0.07619,0.20000,0.42381,normal
33.66000,-0.19538,4.25385,9.05231,0.04444,0.20000,0.45556,normal
33.68000,-0.38000,4.10000,8.96000,0.01270,0.20000,0.48730,normal
33.70000,-0.69655,5.00086,9.00000,-0.10000,-0.00484,0.40000,normal
33.72000,-0.62759,5.01810,9.00000,-0.10000,-0.02097,0.40000,normal
33.74000,-0.55862,5.03534,9.00000,-0.10000,-0.03710,0.40000,normal
33.76000,-0.48966,5.05259,9.00000,-0.10000,-0.05323,0.40000,normal
33.78000,-0.42069,5.06983,9.00000,-0.10000,-0.06935,0.40000,normal
33.80000,-0.35172,5.08707,9.00000,-0.10000,-0.08548,0.40000,normal
33.82000,-0.05000,4.71000,8.54000,-0.09000,0.00000,0.30000,normal
33.84000,0.68778,4.27556,8.37556,0.00361,0.00361,0.29639,normal
33.86000,0.66556,4.23111,8.33111,0.02771,0.02771,0.27229,normal
33.88000,0.64333,4.18667,8.28667,0.05181,0.05181,0.24819,normal
33.90000,0.62111,4.14222,8.24222,0.07590,0.07590,0.22410,normal
33.92000,0.65000,4.05000,8.30000,0.10000,0.10000,0.20000,normal
33.94000,0.07907,4.22093,8.62093,0.08902,0.20000,0.10000,normal
33.96000,0.03256,4.26744,8.66744,0.06463,0.20000,0.10000,normal
33.98000,-0.01395,4.31395,8.71395,0.04024,0.20000,0.10000,normal
34.00000,-0.06047,4.36047,8.76047,0.01585,0.20000,0.10000,normal
34.02000,0.55000,3.90000,8.60000,0.13333,0.13333,0.36667,normal
34.04000,0.15532,4.48298,8.88298,0.07176,0.02824,0.50000,normal
34.06000,0.47447,4.46170,8.86170,0.02471,0.07529,0.50000,normal
34.08000,0.79362,4.44043,8.84043,-0.02235,0.12235,0.50000,normal
34.10000,1.11277,4.41915,8.81915,-0.06941,0.16941,0.50000,normal
34.12000,-0.65000,4.80000,8.80000,-0.10000,0.09907,-0.00093,normal
34.14000,-0.56522,4.23478,8.98261,-0.10000,0.08037,-0.01963,normal
34.16000,-0.52174,4.27826,8.96087,-0.10000,0.06168,-0.03832,normal
34.18000,-0.47826,4.32174,8.93913,-0.10000,0.04299,-0.05701,normal
34.20000,-0.43478,4.36522,8.91739,-0.10000,0.02430,-0.07570,normal
34.22000,-0.32000,4.53333,8.92667,-0.10000,0.00561,-0.09439,normal
34.24000,0.20000,4.69250,8.90000,-0.30000,-0.10000,-0.30000,normal
34.26000,0.20000,4.64250,8.90000,-0.27222,-0.10000,-0.27222,normal
34.28000,0.20000,4.59250,8.90000,-0.24444,-0.10000,-0.24444,normal
34.30000,0.20000,4.54250,8.90000,-0.21667,-0.10000,-0.21667,normal
34.32000,0.00000,4.40000,8.90000,0.10000,0.10104,0.10000,normal
34.34000,-0.05313,4.28229,8.43542,0.10000,0.12188,0.10000,normal
34.36000,-0.11563,4.26146,8.47708,0.10000,0.14271,0.10000,normal
34.38000,-0.17813,4.24062,8.51875,0.10000,0.16354,0.10000,normal
34.40000,-0.24063,4.21979,8.56042,0.10000,0.18437,0.10000,normal
34.42000,-0.20000,4.30000,8.75000,-0.12857,0.17143,0.17143,normal
34.44000,-0.43913,4.18478,8.96957,-0.28571,-0.01429,0.01429,normal
34.46000,-0.35217,4.16304,8.92609,-0.26531,-0.03469,0.03469,normal
34.48000,-0.26522,4.14130,8.88261,-0.24490,-0.05510,0.05510,normal
34.50000,-0.17826,4.11957,8.83913,-0.22449,-0.07551,0.07551,normal
34.52000,-0.36667,4.36667,8.93333,-0.20408,-0.09592,0.09592,normal
34.54000,-0.07222,4.47222,8.92889,0.29000,0.09500,0.39000,normal
34.56000,-0.18333,4.58333,8.97333,0.24000,0.07000,0.34000,normal
34.58000,-0.29444,4.69444,9.01778,0.19000,0.04500,0.29000,normal
34.60000,-0.40556,4.80556,9.06222,0.14000,0.02000,0.24000,normal
34.62000,-0.15000,4.65000,8.80000,-0.05000,-0.05000,0.05000,normal
34.64000,-0.38280,4.18280,8.90000,0.00000,0.00000,0.10000,normal
34.66000,-0.36129,4.16129,8.90000,0.00000,0.00000,0.10000,normal
34.68000,-0.33978,4.13978,8.90000,0.00000,0.00000,0.10000,normal
34.70000,-0.31828,4.11828,8.90000,0.00000,0.00000,0.10000,normal
34.72000,-0.26250,4.10000,8.93750,0.00000,0.00000,0.10000,normal
34.74000,0.09011,4.29011,8.98022,-0.11149,0.01149,0.07701,normal
34.76000,0.06813,4.26813,8.93626,-0.13448,0.03448,0.03103,normal
34.78000,0.04615,4.24615,8.89231,-0.15747,0.05747,-0.01494,normal
34.80000,0.02418,4.22418,8.84835,-0.18046,0.08046,-0.06092,normal
34.82000,0.00220,4.20220,8.80440,-0.10000,-0.05000,-0.10000,normal
34.84000,0.83820,4.02697,9.00000,-0.18462,0.14615,0.20000,normal
34.86000,0.56854,4.07191,9.00000,-0.16538,0.20385,0.20000,normal
34.88000,0.29888,4.11685,9.00000,-0.14615,0.26154,0.20000,normal
34.90000,0.02921,4.16180,9.00000,-0.12692,0.31923,0.20000,normal
34.92000,0.60000,3.95000,9.00000,-0.10769,0.37692,0.20000,normal
34.94000,-1.13721,4.25349,9.26279,0.04000,1.12000,0.66000,normal
34.96000,-1.23023,4.13721,9.16977,-0.02353,1.15294,0.62941,normal
34.98000,-1.32326,4.02093,9.07674,-0.05294,1.09412,0.54118,normal
35.00000,-1.41628,3.90465,8.98372,-0.08235,1.03529,0.45294,normal
35.02000,-2.00000,4.00000,8.90000,-0.19151,0.20283,-0.28302,normal
35.04000,-0.80000,3.41809,8.48191,-0.13491,0.22170,-0.16981,normal
35.06000,-0.80000,3.43936,8.46064,-0.07830,0.24057,-0.05660,normal
35.08000,-0.80000,3.46064,8.43936,-0.02170,0.25943,0.05660,normal
35.10000,-0.80000,3.48191,8.41809,0.03491,0.27830,0.16981,normal
35.12000,-0.90000,3.65000,8.42500,0.09151,0.29717,0.28302,normal
35.14000,0.73103,3.66207,9.05862,0.08889,0.42222,0.32222,normal
35.16000,-0.16552,3.86897,8.92069,0.05185,0.49630,0.39630,normal
35.18000,-1.06207,4.07586,8.78276,0.01481,0.57037,0.47037,normal
35.20000,-1.80481,3.49423,8.69327,-0.48475,0.89492,0.11525,normal
35.22000,-1.90096,3.37885,8.55865,-0.43390,0.87797,0.16610,normal
35.24000,-1.99712,3.26346,8.42404,-0.38305,0.86102,0.21695,normal
35.26000,-2.09327,3.14808,8.28942,-0.33220,0.84407,0.26780,normal
35.28000,-2.18942,3.03269,8.15481,-0.28136,0.82712,0.31864,normal
35.30000,-2.28558,2.91731,8.02019,-0.23051,0.81017,0.36949,normal
35.32000,-1.33564,3.21584,9.11188,-0.20000,0.29684,-0.10000,normal
35.34000,-1.51386,3.29505,9.17129,-0.20000,0.27579,-0.10000,normal
35.36000,-1.69208,3.37426,9.23069,-0.20000,0.25474,-0.10000,normal
35.38000,-1.87030,3.45347,9.29010,-0.20000,0.23368,-0.10000,normal
35.40000,-2.04851,3.53267,9.34950,-0.20000,0.21263,-0.10000,normal
35.42000,-2.30000,4.10000,8.90000,-0.30000,-0.03333,-0.08333,normal
35.44000,-1.99278,4.27010,9.48247,-0.30000,-0.38763,0.07526,normal
35.46000,-2.21959,4.35258,9.46186,-0.30000,-0.36701,0.03402,normal
35.48000,-2.44639,4.43505,9.44124,-0.30000,-0.34639,-0.00722,normal
35.50000,-2.67320,4.51753,9.42062,-0.30000,-0.32577,-0.04845,normal
35.52000,-2.90000,4.60000,9.40000,-0.30000,-0.30515,-0.08969,normal
35.54000,-0.32615,5.68769,10.10923,-0.13226,-0.99355,0.68065,normal
35.56000,-1.49538,4.54923,9.46308,-0.29355,-0.96129,0.58387,normal
35.58000,-2.66462,3.41077,8.81692,-0.45484,-0.92903,0.48710,normal
35.60000,0.60000,3.25000,9.35000,0.00000,-1.40000,-0.20000,normal
35.62000,-1.88073,7.84771,10.90734,-0.29048,-0.45238,0.18095,normal
35.64000,-0.85321,7.05872,10.63211,-0.60794,-0.37302,-0.18413,normal
35.66000,0.17431,6.26972,10.35688,-0.92540,-0.29365,-0.54921,normal
35.68000,1.20183,5.48073,10.08165,-1.24286,-0.21429,-0.91429,normal
35.70000,2.22936,4.69174,9.80642,-1.56032,-0.13492,-1.27937,normal
35.72000,2.38462,2.86923,9.13846,-1.87778,-0.05556,-1.64444,normal
35.74000,1.14286,0.90000,9.02857,-0.83000,-0.20000,0.52000,normal
35.76000,1.41053,1.52105,9.32632,-0.12973,-0.14730,0.80000,normal
35.78000,1.17368,2.04737,9.48421,-0.02162,-0.06622,0.80000,normal
35.80000,0.93684,2.57368,9.64211,0.08649,0.01486,0.80000,normal
35.82000,0.70000,3.10000,9.80000,0.19459,0.09595,0.80000,normal
35.84000,0.17143,2.28095,9.29048,-0.20000,0.10000,0.29079,normal
35.86000,0.10000,2.23333,9.26667,-0.20000,0.10000,0.26447,normal
35.88000,0.02857,2.18571,9.24286,-0.20000,0.10000,0.23816,normal
35.90000,-0.04286,2.13810,9.21905,-0.20000,0.10000,0.21184,normal
35.92000,0.65000,2.40000,9.55000,-0.20000,0.10541,0.20000,normal
35.94000,0.40952,2.40000,9.54571,-0.20000,0.12342,0.20000,normal
35.96000,0.31429,2.40000,9.48857,-0.20000,0.14144,0.20000,normal
35.98000,0.21905,2.40000,9.43143,-0.20000,0.15946,0.20000,normal
36.00000,0.12381,2.40000,9.37429,-0.20000,0.17748,0.20000,normal
36.02000,0.02857,2.40000,9.31714,-0.20000,0.19550,0.20000,normal
