timestamp,accel_x,accel_y,accel_z,gyro_x,gyro_y,gyro_z,label
0.00000,0.90000,5.10000,8.20000,0.20000,0.00000,0.00000,normal
0.02000,1.05603,6.04310,8.57672,-0.11228,-0.17544,-0.10000,normal
0.04000,1.14224,5.80172,8.38707,-0.12982,-0.14035,-0.10000,normal
0.06000,1.22845,5.56034,8.19741,-0.14737,-0.10526,-0.10000,normal
0.08000,1.31466,5.31897,8.00776,-0.16491,-0.07018,-0.10000,normal
0.10000,1.40086,5.07759,7.81810,-0.18246,-0.03509,-0.10000,normal
0.12000,1.48707,4.83621,7.62845,-0.20000,0.00000,-0.10000,normal
0.14000,0.18873,5.76197,7.85070,-0.20000,0.00000,-0.02027,normal
0.16000,0.38592,5.67746,7.96338,-0.20000,0.00000,-0.04730,normal
0.18000,0.58310,5.59296,8.07606,-0.20000,0.00000,-0.07432,normal
0.20000,0.78028,5.50845,8.18873,-0.18333,0.00000,-0.08333,normal
0.22000,0.50804,5.00804,8.00000,-0.10000,0.00000,0.00000,normal
0.24000,0.52589,5.02589,8.00000,-0.10000,0.00000,0.00000,normal
0.26000,0.54375,5.04375,8.00000,-0.10000,0.00000,0.00000,normal
0.28000,0.56161,5.06161,8.00000,-0.10000,0.00000,0.00000,normal
0.30000,0.57946,5.07946,8.00000,-0.10000,0.00000,0.00000,normal
0.32000,0.59732,5.09732,8.00000,-0.10000,0.00000,0.00000,normal
0.34000,0.46667,5.30000,7.90000,-0.12500,0.10000,0.10000,normal
0.36000,0.38333,5.30000,7.90000,-0.21628,0.11628,0.11628,normal
0.38000,0.30000,5.30000,7.90000,-0.23953,0.13953,0.13953,normal
0.40000,0.21667,5.30000,7.90000,-0.26279,0.16279,0.16279,normal
0.42000,0.13333,5.30000,7.90000,-0.28605,0.18605,0.18605,normal
0.44000,-2.20000,5.60000,6.40000,-3.25000,0.05000,0.70000,normal
0.46000,-1.81951,3.78293,4.86341,-3.88095,0.10000,0.86786,normal
0.48000,-1.84390,3.63659,4.69268,-4.07143,0.10000,0.93929,normal
0.50000,-1.86829,3.49024,4.52195,-4.26190,0.10000,1.01071,normal
0.52000,-1.89268,3.34390,4.35122,-4.45238,0.10000,1.08214,normal
0.54000,-1.03636,-0.69091,2.84545,-5.05213,0.51915,2.33830,normal
0.56000,-1.21818,-1.14545,3.07273,-4.94574,0.56170,2.42340,normal
0.58000,-1.40000,-1.60000,3.30000,-4.83936,0.60426,2.50851,normal
0.60000,-1.58182,-2.05455,3.52727,-4.73298,0.64681,2.59362,normal
0.62000,-1.76364,-2.50909,3.75455,-4.62660,0.68936,2.67872,normal
0.64000,-2.74494,-5.28652,7.47303,-3.61837,1.52755,3.80000,normal
0.66000,-2.96966,-5.21910,7.33820,-3.65918,1.58878,3.80000,normal
0.68000,-3.19438,-5.15169,7.20337,-3.70000,1.65000,3.80000,normal
0.70000,-3.41910,-5.08427,7.06854,-3.74082,1.71122,3.80000,normal
0.72000,-3.64382,-5.01685,6.93371,-3.78163,1.77245,3.80000,normal
0.74000,-10.20000,-5.90000,4.70000,-3.30000,2.20000,4.10000,normal
0.76000,-10.67619,-5.85238,4.50952,-3.59265,2.54706,4.31324,normal
0.78000,-11.15238,-5.80476,4.31905,-3.79853,2.42941,4.34265,normal
0.80000,-11.62857,-5.75714,4.12857,-4.00441,2.31176,4.37206,normal
0.82000,-12.10476,-5.70952,3.93810,-4.70000,1.95000,4.45000,normal
0.84000,-14.35789,-9.68421,0.47368,-3.92118,0.66235,4.17176,normal
0.86000,-14.27368,-9.85263,0.62105,-3.47412,0.56824,4.10118,normal
0.88000,-14.18947,-10.02105,0.76842,-3.02706,0.47412,4.03059,normal
0.90000,-14.10526,-10.18947,0.91579,-2.58000,0.38000,3.96000,normal
0.92000,-14.02105,-10.35789,1.06316,1.00000,0.20000,3.40000,normal
0.94000,-12.95102,-8.08980,1.46122,1.17857,0.21786,3.36429,normal
0.96000,-12.86939,-7.90612,1.56327,1.35714,0.23571,3.32857,normal
0.98000,-12.78776,-7.72245,1.66531,1.53571,0.25357,3.29286,normal
1.00000,-12.70612,-7.53878,1.76735,1.71429,0.27143,3.25714,normal
1.02000,-12.62449,-7.35510,1.86939,1.89286,0.28929,3.22143,normal
1.04000,-10.17500,-1.65000,3.36250,0.60000,0.33333,0.66667,normal
1.06000,-10.03929,-2.01250,2.91786,-0.87705,0.17049,0.11148,normal
1.08000,-9.96786,-2.26250,2.70357,-1.07377,0.13770,0.01311,normal
1.10000,-9.80000,-2.60000,2.30000,-1.27049,0.10492,-0.08525,normal
1.12000,-9.18393,-3.18929,2.41607,-1.50000,-0.18824,-0.38824,normal
1.14000,-9.13036,-3.15357,2.46964,-0.96957,-0.40000,-0.51522,normal
1.16000,-9.07679,-3.11786,2.52321,-0.92609,-0.40000,-0.53696,normal
1.18000,-9.02321,-3.08214,2.57679,-0.88261,-0.40000,-0.55870,normal
1.20000,-8.96964,-3.04643,2.63036,-0.83913,-0.40000,-0.58043,normal
1.22000,-8.91607,-3.01071,2.68393,-0.60000,-0.35000,-0.60000,normal
1.24000,-8.61146,-2.58854,3.01146,-0.58137,-0.30000,-0.61863,normal
1.26000,-8.63229,-2.56771,3.03229,-0.56176,-0.30000,-0.63824,normal
1.28000,-8.65312,-2.54688,3.05313,-0.54216,-0.30000,-0.65784,normal
1.30000,-8.67396,-2.52604,3.07396,-0.52255,-0.30000,-0.67745,normal
1.32000,-8.69479,-2.50521,3.09479,-0.50294,-0.30000,-0.69706,normal
1.34000,-9.50000,-3.12609,2.80000,0.10745,0.20000,-0.59255,normal
1.36000,-9.50000,-3.21304,2.80000,0.12872,0.20000,-0.57128,normal
1.38000,-9.50000,-3.30000,2.80000,0.15000,0.20000,-0.55000,normal
1.40000,-9.50000,-3.38696,2.80000,0.17128,0.20000,-0.52872,normal
1.42000,-9.50000,-3.47391,2.80000,0.19255,0.20000,-0.50745,normal
1.44000,-10.05333,-4.50000,3.38667,0.20638,-0.10638,-0.40638,normal
1.46000,-9.89778,-4.50000,3.34222,0.22766,-0.12766,-0.42766,normal
1.48000,-9.74222,-4.50000,3.29778,0.24894,-0.14894,-0.44894,normal
1.50000,-9.58667,-4.50000,3.25333,0.27021,-0.17021,-0.47021,normal
1.52000,-9.43111,-4.50000,3.20889,0.29149,-0.19149,-0.49149,normal
1.54000,-9.20000,-5.19647,2.50235,0.40000,-0.35000,-0.75000,normal
1.56000,-9.20000,-5.12588,2.54941,0.41549,-0.41549,-1.00000,normal
1.58000,-9.20000,-5.05529,2.59647,0.44366,-0.44366,-1.00000,normal
1.60000,-9.20000,-4.98471,2.64353,0.47183,-0.47183,-1.00000,normal
1.62000,-9.20000,-4.91412,2.69059,0.50000,-0.50000,-1.00000,normal
1.64000,-8.25161,-4.39032,2.50000,0.50000,-0.50000,-1.10000,normal
1.66000,-8.14409,-4.36882,2.50000,0.50000,-0.50000,-1.10000,normal
1.68000,-8.03656,-4.34731,2.50000,0.50000,-0.50000,-1.10000,normal
1.70000,-7.92903,-4.32581,2.50000,0.50000,-0.50000,-1.10000,normal
1.72000,-7.82151,-4.30430,2.50000,0.50000,-0.50000,-1.10000,normal
1.74000,-8.34615,-3.89077,2.09077,0.92540,-0.28730,-0.58730,normal
1.76000,-8.50000,-3.86000,2.06000,0.98889,-0.25556,-0.55556,normal
1.78000,-8.65385,-3.82923,2.02923,1.05238,-0.22381,-0.52381,normal
1.80000,-9.10000,-3.65000,1.95000,1.30000,-0.20000,-0.30000,normal
1.82000,-11.03548,-1.93226,2.11129,1.57795,0.02205,0.21102,normal
1.84000,-11.22903,-1.83548,2.12742,1.54646,0.05354,0.22677,normal
1.86000,-11.42258,-1.73871,2.14355,1.51496,0.08504,0.24252,normal
1.88000,-11.61613,-1.64194,2.15968,1.48346,0.11654,0.25827,normal
1.90000,-11.80968,-1.54516,2.17581,1.45197,0.14803,0.27402,normal
1.92000,-12.00323,-1.44839,2.19194,1.42047,0.17953,0.28976,normal
1.94000,-12.50000,-1.00000,2.20000,1.19000,0.20000,0.44000,normal
1.96000,-12.07805,-0.91951,2.00000,0.16623,0.53377,0.85065,normal
1.98000,-12.17561,-0.94390,2.00000,0.11429,0.58571,0.92857,normal
2.00000,-12.27317,-0.96829,2.00000,0.06234,0.63766,1.00649,normal
2.02000,-12.37073,-0.99268,2.00000,0.01039,0.68961,1.08442,normal
2.04000,-10.02577,-0.59485,2.00000,-0.60000,0.90000,1.59574,normal
2.06000,-10.12887,-0.57423,2.00000,-0.60000,0.90000,1.57447,normal
2.08000,-10.23196,-0.55361,2.00000,-0.60000,0.90000,1.55319,normal
2.10000,-10.33505,-0.53299,2.00000,-0.60000,0.90000,1.53191,normal
2.12000,-10.43814,-0.51237,2.00000,-0.60000,0.90000,1.51064,normal
2.14000,-9.90000,-0.30000,1.40000,-1.50923,0.40000,1.19538,normal
2.16000,-9.44211,-0.46316,1.72632,-1.57077,0.40000,1.16462,normal
2.18000,-9.26667,-0.53333,1.86667,-1.63231,0.40000,1.13385,normal
2.20000,-8.50000,-0.80000,2.20000,-1.69385,0.40000,1.10308,normal
2.22000,-6.22521,-1.28739,2.18739,-1.59417,0.20000,0.80000,normal
2.24000,-6.25882,-1.27059,2.17059,-1.57476,0.20000,0.80000,normal
2.26000,-6.29244,-1.25378,2.15378,-1.55534,0.20000,0.80000,normal
2.28000,-6.32605,-1.23697,2.13697,-1.53592,0.20000,0.80000,normal
2.30000,-6.35966,-1.22017,2.12017,-1.51650,0.20000,0.80000,normal
2.32000,-6.39328,-1.20336,2.10336,-1.65000,0.15000,0.80000,normal
2.34000,-7.97938,-1.51134,2.02268,-1.80000,0.20000,0.80000,normal
2.36000,-8.12371,-1.53196,2.06392,-1.80000,0.20000,0.80000,normal
2.38000,-8.26804,-1.55258,2.10515,-1.80000,0.20000,0.80000,normal
2.40000,-8.41237,-1.57320,2.14639,-1.80000,0.20000,0.80000,normal
2.42000,-8.55670,-1.59381,2.18763,-1.80000,0.20000,0.80000,normal
2.44000,-10.69032,-3.10000,3.61935,-0.08246,0.90000,1.20351,normal
2.46000,-10.62581,-3.10000,3.74839,0.09298,0.90000,1.23860,normal
2.48000,-10.56129,-3.10000,3.87742,0.26842,0.90000,1.27368,normal
2.50000,-10.55000,-3.10000,4.10000,1.00000,1.06667,1.23333,normal
2.52000,-10.10000,-2.87586,4.70000,1.63889,0.98704,0.77407,normal
2.54000,-10.10000,-2.84138,4.70000,1.69444,0.96852,0.73704,normal
2.56000,-10.10000,-2.80690,4.70000,1.75000,0.95000,0.70000,normal
2.58000,-10.10000,-2.77241,4.70000,1.80556,0.93148,0.66296,normal
2.60000,-10.10000,-2.73793,4.70000,1.86111,0.91296,0.62593,normal
2.62000,-10.10000,-2.70345,4.70000,2.50432,0.49353,0.19568,normal
2.64000,-12.48500,-3.33000,4.34000,2.53309,0.45036,0.16691,normal
2.66000,-12.86500,-3.37000,4.26000,2.56187,0.40719,0.13813,normal
2.68000,-13.24500,-3.41000,4.18000,2.59065,0.36403,0.10935,normal
2.70000,-13.62500,-3.45000,4.10000,2.61942,0.32086,0.08058,normal
2.72000,-14.00500,-3.49000,4.02000,2.64820,0.27770,0.05180,normal
2.74000,-15.84286,-2.45714,3.14286,2.67698,0.23453,0.02302,normal
2.76000,-16.05000,-0.45000,1.35000,2.78889,-0.02222,-0.13333,normal
2.78000,-16.55937,0.08906,1.14062,1.57925,-2.36038,-1.84528,normal
2.80000,-16.62187,0.18281,1.07812,1.27736,-2.51132,-1.95849,normal
2.82000,-16.68437,0.27656,1.01563,0.97547,-2.66226,-2.07170,normal
2.84000,-11.85862,-2.51839,0.48161,-2.29036,-2.69277,-3.60241,normal
2.86000,-11.65172,-2.61034,0.38966,-2.19398,-2.62048,-3.62651,normal
2.88000,-11.44483,-2.70230,0.29770,-2.09759,-2.54819,-3.65060,normal
2.90000,-11.23793,-2.79425,0.20575,-2.00120,-2.47590,-3.67470,normal
2.92000,-11.03103,-2.88621,0.11379,-1.90482,-2.40361,-3.69880,normal
2.94000,-8.54783,-2.86522,-0.78261,0.27568,-1.68739,-3.27477,normal
2.96000,-8.41739,-2.77826,-0.73913,0.38378,-1.66937,-3.23874,normal
2.98000,-8.28696,-2.69130,-0.69565,0.49189,-1.65135,-3.20270,normal
3.00000,-8.15652,-2.60435,-0.65217,0.60000,-1.63333,-3.16667,normal
3.02000,-8.02609,-2.51739,-0.60870,0.70811,-1.61532,-3.13063,normal
3.04000,-5.94615,-1.07692,0.03077,1.20000,-1.35000,-2.70000,normal
3.06000,-5.55600,-0.82933,0.12933,1.06818,-0.97879,-1.96818,normal
3.08000,-5.47600,-0.88267,0.18267,0.97727,-0.91818,-1.87727,normal
3.10000,-5.39600,-0.93600,0.23600,0.88636,-0.85758,-1.78636,normal
3.12000,-5.31600,-0.98933,0.28933,0.65000,-0.70000,-1.50000,normal
3.14000,-6.21268,-2.54085,1.21268,0.13056,0.36111,0.29167,normal
3.16000,-6.43803,-2.82254,1.43803,0.18611,0.47222,0.45833,normal
3.18000,-6.66338,-3.10423,1.66338,0.24167,0.58333,0.62500,normal
3.20000,-6.88873,-3.38592,1.88873,0.29722,0.69444,0.79167,normal
3.22000,-8.94324,-2.67117,4.35045,0.92222,1.93333,2.23333,normal
3.24000,-9.05135,-2.59910,4.47658,0.95926,1.98889,2.28889,normal
3.26000,-9.15946,-2.52703,4.60270,0.99630,2.04444,2.34444,normal
3.28000,-9.26757,-2.45495,4.72883,1.03333,2.10000,2.40000,normal
3.30000,-9.37568,-2.38288,4.85495,1.07037,2.15556,2.45556,normal
3.32000,-9.48378,-2.31081,4.98108,1.50000,2.60000,2.90000,normal
3.34000,-11.74845,0.29897,5.43814,1.20667,2.70000,3.01333,normal
3.36000,-11.99588,0.46392,5.33505,1.07333,2.70000,3.03238,normal
3.38000,-12.24330,0.62887,5.23196,0.94000,2.70000,3.05143,normal
3.40000,-12.49072,0.79381,5.12887,0.80667,2.70000,3.07048,normal
3.42000,-12.73814,0.95876,5.02577,0.67333,2.70000,3.08952,normal
3.44000,-12.30000,-0.30000,3.40000,-1.40000,2.30000,3.00000,normal
3.46000,-10.76977,-1.68372,3.58837,-3.17000,1.28000,2.18000,normal
3.48000,-10.51395,-1.77674,3.79767,-3.08429,1.22286,2.12286,normal
3.50000,-10.25814,-1.86977,4.00698,-2.99857,1.16571,2.06571,normal
3.52000,-10.00233,-1.96279,4.21628,-2.91286,1.10857,2.00857,normal
3.54000,-8.53333,-2.78667,2.79333,-1.78444,0.49222,1.39222,normal
3.56000,-8.64444,-2.74222,2.77111,-1.74000,0.47000,1.37000,normal
3.58000,-8.75556,-2.69778,2.74889,-1.69556,0.44778,1.34778,normal
3.60000,-8.86667,-2.65333,2.72667,-1.65111,0.42556,1.32556,normal
3.62000,-8.97778,-2.60889,2.70444,-1.60667,0.40333,1.30333,normal
3.64000,-9.03371,-3.49326,3.11348,-0.97879,0.50000,1.20000,normal
3.66000,-9.14607,-3.47079,3.15843,-0.91818,0.50000,1.20000,normal
3.68000,-9.25843,-3.44831,3.20337,-0.85758,0.50000,1.20000,normal
3.70000,-9.37079,-3.42584,3.24831,-0.79697,0.50000,1.20000,normal
3.72000,-9.48315,-3.40337,3.29326,-0.73636,0.50000,1.20000,normal
3.74000,-8.97872,-2.70000,3.26809,0.20204,0.50000,0.49592,normal
3.76000,-8.93617,-2.70000,3.20426,0.22245,0.50000,0.45510,normal
3.78000,-8.89362,-2.70000,3.14043,0.24286,0.50000,0.41429,normal
3.80000,-8.85106,-2.70000,3.07660,0.26327,0.50000,0.37347,normal
3.82000,-8.80851,-2.70000,3.01277,0.28367,0.50000,0.33265,normal
3.84000,-11.28750,-2.98750,2.83750,0.44444,0.52222,0.05556,normal
3.86000,-11.95000,-2.95000,3.10000,1.26818,0.45455,-0.44545,normal
3.88000,-12.02692,-3.02692,3.10000,1.40455,0.36364,-0.53636,normal
3.90000,-12.35000,-3.15000,3.00000,2.28000,-0.06000,-0.96000,normal
3.92000,-13.64786,-2.82821,1.56410,3.01887,-0.62830,-1.42830,normal
3.94000,-13.71624,-2.72564,1.51282,3.05660,-0.68491,-1.48491,normal
3.96000,-13.78462,-2.62308,1.46154,3.09434,-0.74151,-1.54151,normal
3.98000,-13.85299,-2.52051,1.41026,3.13208,-0.79811,-1.59811,normal
4.00000,-13.92137,-2.41795,1.35897,3.16981,-0.85472,-1.65472,normal
4.02000,-13.98974,-2.31538,1.30769,2.70000,-1.60000,-2.00000,normal
4.04000,-14.74694,-0.90000,0.48673,1.96961,-1.91863,-2.11863,normal
4.06000,-14.66531,-0.90000,0.46633,1.83235,-1.93824,-2.13824,normal
4.08000,-14.58367,-0.90000,0.44592,1.69510,-1.95784,-2.15784,normal
4.10000,-14.50204,-0.90000,0.42551,1.55784,-1.97745,-2.17745,normal
4.12000,-14.42041,-0.90000,0.40510,1.42059,-1.99706,-2.19706,normal
4.14000,-8.54316,-2.22526,0.38737,-1.10000,-1.78235,-2.50000,normal
4.16000,-8.35368,-2.30947,0.34526,-1.10000,-1.74314,-2.50000,normal
4.18000,-8.16421,-2.39368,0.30316,-1.10000,-1.70392,-2.50000,normal
4.20000,-7.97474,-2.47789,0.26105,-1.10000,-1.66471,-2.50000,normal
4.22000,-7.78526,-2.56211,0.21895,-1.10000,-1.62549,-2.50000,normal
4.24000,-6.95000,-2.75000,-0.25000,-0.89000,-1.46000,-2.50000,normal
4.26000,-6.11928,-2.98072,-0.60000,0.56400,-0.76800,-1.86800,normal
4.28000,-6.14337,-2.95663,-0.60000,0.67067,-0.71467,-1.81467,normal
4.30000,-6.16747,-2.93253,-0.60000,0.77733,-0.66133,-1.76133,normal
4.32000,-6.19157,-2.90843,-0.60000,0.88400,-0.60800,-1.70800,normal
4.34000,-6.41915,-2.20000,0.22553,1.29231,0.11538,-0.47692,normal
4.36000,-6.48298,-2.20000,0.31064,1.27033,0.15934,-0.41099,normal
4.38000,-6.54681,-2.20000,0.39574,1.24835,0.20330,-0.34505,normal
4.40000,-6.61064,-2.20000,0.48085,1.22637,0.24725,-0.27912,normal
4.42000,-6.67447,-2.20000,0.56596,1.20440,0.29121,-0.21319,normal
4.44000,-8.47303,-2.68876,1.92809,1.33750,1.21875,0.81875,normal
4.46000,-8.76517,-2.64382,2.04045,1.42083,1.26042,0.86042,normal
4.48000,-9.05730,-2.59888,2.15281,1.50417,1.30208,0.90208,normal
4.50000,-9.34944,-2.55393,2.26517,1.58750,1.34375,0.94375,normal
4.52000,-9.64157,-2.50899,2.37753,1.67083,1.38542,0.98542,normal
4.54000,-11.46176,-0.13824,5.30588,2.20000,2.00000,1.60000,normal
4.56000,-10.78529,0.18529,5.71765,2.13061,1.69592,1.56531,normal
4.58000,-10.10882,0.50882,6.12941,2.04898,1.57347,1.52449,normal
4.60000,-8.30000,1.40000,5.90000,-0.23333,1.78333,1.20000,normal
4.62000,-9.56439,0.85833,4.69697,-0.47252,1.75649,1.18550,normal
4.64000,-9.64015,0.69167,4.57576,-0.54885,1.71069,1.17023,normal
4.66000,-9.71591,0.52500,4.45455,-0.62519,1.66489,1.15496,normal
4.68000,-9.79167,0.35833,4.33333,-0.70153,1.61908,1.13969,normal
4.70000,-9.86742,0.19167,4.21212,-0.77786,1.57328,1.12443,normal
4.72000,-9.94318,0.02500,4.09091,-0.85420,1.52748,1.10916,normal
4.74000,-10.23333,-1.33333,2.23333,-0.69767,0.79535,0.89767,normal
4.76000,-10.67195,-1.52073,2.60732,-0.67442,0.74884,0.87442,normal
4.78000,-10.40366,-1.54512,2.85122,-0.65116,0.70233,0.85116,normal
4.80000,-10.13537,-1.56951,3.09512,-0.62791,0.65581,0.82791,normal
4.82000,-9.86707,-1.59390,3.33902,-0.60465,0.60930,0.80465,normal
4.84000,-10.43077,-2.90769,4.15385,0.14468,0.60000,0.38511,normal
4.86000,-10.51868,-2.92967,4.02198,0.27234,0.60000,0.34255,normal
4.88000,-10.60659,-2.95165,3.89011,0.40000,0.60000,0.30000,normal
4.90000,-10.69451,-2.97363,3.75824,0.52766,0.60000,0.25745,normal
4.92000,-10.78242,-2.99560,3.62637,0.65532,0.60000,0.21489,normal
4.94000,-9.40323,-2.00968,4.20000,2.08000,0.34000,0.08000,normal
4.96000,-9.18817,-2.03118,4.20000,2.10000,0.27857,0.10000,normal
4.98000,-8.97312,-2.05269,4.20000,2.10000,0.25476,0.10000,normal
5.00000,-8.75806,-2.07419,4.20000,2.10000,0.23095,0.10000,normal
5.02000,-8.54301,-2.09570,4.20000,2.10000,0.20714,0.10000,normal
5.04000,-8.82414,-2.10000,2.77931,2.29231,-0.21538,0.10000,normal
5.06000,-8.98506,-2.10000,2.64138,2.27033,-0.25934,0.10000,normal
5.08000,-9.14598,-2.10000,2.50345,2.24835,-0.30330,0.10000,normal
5.10000,-9.30690,-2.10000,2.36552,2.22637,-0.34725,0.10000,normal
5.12000,-9.46782,-2.10000,2.22759,2.20440,-0.39121,0.10000,normal
5.14000,-12.65618,-3.17865,1.06742,1.05745,-0.58085,-0.41915,normal
5.16000,-12.88090,-3.49326,1.33708,1.18511,-0.53830,-0.46170,normal
5.18000,-13.10562,-3.80787,1.60674,1.31277,-0.49574,-0.50426,normal
5.20000,-13.33034,-4.12247,1.87640,1.44043,-0.45319,-0.54681,normal
5.22000,-13.55506,-4.43708,2.14607,1.56809,-0.41064,-0.58936,normal
5.24000,-15.63651,-3.33651,-0.52540,3.14156,-1.34675,-1.41169,normal
5.26000,-15.31905,-3.01905,-0.65238,3.01169,-1.45065,-1.43766,normal
5.28000,-15.00159,-2.70159,-0.77937,2.88182,-1.55455,-1.46364,normal
5.30000,-13.40000,-1.80000,-1.10000,2.75195,-1.65844,-1.48961,normal
5.32000,-11.38922,-0.90588,1.00294,1.40000,-2.15000,-1.55000,normal
5.34000,-11.17353,-1.02353,1.06176,0.88696,-2.21413,-1.50000,normal
5.36000,-10.95784,-1.14118,1.12059,0.71304,-2.23587,-1.50000,normal
5.38000,-10.74216,-1.25882,1.17941,0.53913,-2.25761,-1.50000,normal
5.40000,-10.52647,-1.37647,1.23824,0.36522,-2.27935,-1.50000,normal
5.42000,-10.31078,-1.49412,1.29706,-0.20000,-2.25000,-1.55000,normal
5.44000,-8.17347,-2.58673,1.36020,-1.48367,-1.85102,-2.03265,normal
5.46000,-8.13265,-2.56633,1.29898,-1.46327,-1.78980,-2.07347,normal
5.48000,-8.09184,-2.54592,1.23776,-1.44286,-1.72857,-2.11429,normal
5.50000,-8.05102,-2.52551,1.17653,-1.42245,-1.66735,-2.15510,normal
5.52000,-8.01020,-2.50510,1.11531,-1.40204,-1.60612,-2.19592,normal
5.54000,-7.60000,-2.38462,0.30000,0.40000,-0.88667,-1.88667,normal
5.56000,-7.60000,-2.34066,0.30000,0.40000,-0.84222,-1.84222,normal
5.58000,-7.60000,-2.29670,0.30000,0.40000,-0.79778,-1.79778,normal
5.60000,-7.60000,-2.25275,0.30000,0.40000,-0.75333,-1.75333,normal
5.62000,-7.60000,-2.20879,0.30000,0.40000,-0.70889,-1.70889,normal
5.64000,-7.33871,-1.80968,1.92903,0.11980,0.12970,-0.78020,normal
5.66000,-7.42473,-1.83118,1.99355,0.15941,0.18911,-0.74059,normal
5.68000,-7.51075,-1.85269,2.05806,0.19901,0.24851,-0.70099,normal
5.70000,-7.59677,-1.87419,2.12258,0.23861,0.30792,-0.66139,normal
5.72000,-7.68280,-1.89570,2.18710,0.27822,0.36733,-0.62178,normal
5.74000,-9.32000,-2.01000,3.91000,1.26000,1.18000,0.24000,normal
5.76000,-10.21111,-1.36667,4.85556,1.93590,1.53590,0.85385,normal
5.78000,-10.33457,-1.21852,4.80617,1.98718,1.58718,0.93077,normal
5.80000,-10.45802,-1.07037,4.75679,2.03846,1.63846,1.00769,normal
5.82000,-10.58148,-0.92222,4.70741,2.08974,1.68974,1.08462,normal
5.84000,-10.73889,0.01556,3.33111,0.18636,2.51364,1.90682,normal
5.86000,-10.85000,0.06000,3.42000,0.14091,2.55909,1.92955,normal
5.88000,-10.96111,0.10444,3.50889,0.09545,2.60455,1.95227,normal
5.90000,-11.07222,0.14889,3.59778,0.05000,2.65000,1.97500,normal
5.92000,-11.18333,0.19333,3.68667,0.00455,2.69545,1.99773,normal
5.94000,-11.28154,0.62154,4.94615,-0.27742,1.76129,2.28710,normal
5.96000,-10.94308,0.68308,4.79231,-0.47097,1.66452,2.25484,normal
5.98000,-10.60462,0.74462,4.63846,-0.66452,1.56774,2.22258,normal
6.00000,-9.40000,0.50000,4.00000,-2.00000,0.90000,1.40000,normal
6.02000,-8.46121,-0.90345,5.58707,-2.00000,0.86721,1.36721,normal
6.04000,-8.40948,-1.04138,5.56983,-2.00000,0.83443,1.33443,normal
6.06000,-8.35776,-1.17931,5.55259,-2.00000,0.80164,1.30164,normal
6.08000,-8.30603,-1.31724,5.53534,-2.00000,0.76885,1.26885,normal
6.10000,-8.25431,-1.45517,5.51810,-2.00000,0.73607,1.23607,normal
6.12000,-8.20259,-1.59310,5.50086,-2.00000,0.70328,1.20328,normal
6.14000,-7.52258,-2.07742,4.56237,-1.38652,0.18652,0.87978,normal
6.16000,-7.58710,-2.01290,4.45484,-1.34157,0.14157,0.81236,normal
6.18000,-7.65161,-1.94839,4.34731,-1.29663,0.09663,0.74494,normal
6.20000,-7.71613,-1.88387,4.23978,-1.25169,0.05169,0.67753,normal
6.22000,-7.78065,-1.81935,4.13226,-1.20674,0.00674,0.61011,normal
6.24000,-9.32667,-0.83333,2.32000,-2.10000,-0.29310,0.09310,normal
6.26000,-9.41556,-0.94444,2.38667,-2.10000,-0.27011,0.07011,normal
6.28000,-9.50444,-1.05556,2.45333,-2.10000,-0.24713,0.04713,normal
6.30000,-9.59333,-1.16667,2.52000,-2.10000,-0.22414,0.02414,normal
6.32000,-9.68222,-1.27778,2.58667,-2.10000,-0.20115,0.00115,normal
6.34000,-10.16484,-1.98242,3.39121,-0.09512,0.20122,0.09756,normal
6.36000,-10.07692,-1.93846,3.36923,0.00244,0.22561,0.04878,normal
6.38000,-9.98901,-1.89451,3.34725,0.10000,0.25000,0.00000,normal
6.40000,-9.90110,-1.85055,3.32527,0.19756,0.27439,-0.04878,normal
6.42000,-9.81319,-1.80659,3.30330,0.29512,0.29878,-0.09756,normal
6.44000,-11.35217,-2.30000,2.80870,1.53529,0.70000,-0.38824,normal
6.46000,-11.48261,-2.30000,2.83043,1.58571,0.70000,-0.37143,normal
6.48000,-11.61304,-2.30000,2.85217,1.63613,0.70000,-0.35462,normal
6.50000,-11.74348,-2.30000,2.87391,1.68655,0.70000,-0.33782,normal
6.52000,-11.87391,-2.30000,2.89565,1.73697,0.70000,-0.32101,normal
6.54000,-12.15000,-3.40000,2.90000,1.78739,0.70000,-0.30420,normal
6.56000,-13.53582,-3.35224,3.07612,2.16667,0.10000,-0.56667,normal
6.58000,-13.71493,-3.11343,2.95672,2.27241,-0.21034,-0.75517,normal
6.60000,-13.89403,-2.87463,2.83731,2.23793,-0.34828,-0.82414,normal
6.62000,-14.07313,-2.63582,2.71791,2.20345,-0.48621,-0.89310,normal
6.64000,-11.12593,-0.57531,1.91235,0.65610,-1.71098,-2.43293,normal
6.66000,-10.97778,-0.52593,1.93704,0.55854,-1.73537,-2.50610,normal
6.68000,-10.82963,-0.47654,1.96173,0.46098,-1.75976,-2.57927,normal
6.70000,-10.68148,-0.42716,1.98642,0.36341,-1.78415,-2.65244,normal
6.72000,-9.68750,-1.03750,1.72500,-0.40000,-2.00000,-3.10000,normal
6.74000,-8.21753,-1.70000,1.40000,-0.38152,-1.98152,-3.10000,normal
6.76000,-8.11443,-1.70000,1.40000,-0.35978,-1.95978,-3.10000,normal
6.78000,-8.01134,-1.70000,1.40000,-0.33804,-1.93804,-3.10000,normal
6.80000,-7.90825,-1.70000,1.40000,-0.31630,-1.91630,-3.10000,normal
6.82000,-7.80515,-1.70000,1.40000,-0.15714,-1.75714,-2.95714,normal
6.84000,-6.34563,-1.50000,1.41359,0.31296,-1.37407,-2.46111,normal
6.86000,-6.26796,-1.50000,1.43301,0.33148,-1.33704,-2.40556,normal
6.88000,-6.19029,-1.50000,1.45243,0.35000,-1.30000,-2.35000,normal
6.90000,-6.11262,-1.50000,1.47184,0.36852,-1.26296,-2.29444,normal
6.92000,-6.03495,-1.50000,1.49126,0.38704,-1.22593,-2.23889,normal
6.94000,-5.70000,-1.60000,1.50000,0.40000,-0.88000,-1.60000,normal
6.96000,-6.66582,-2.07595,1.87595,0.10448,0.32239,0.32687,normal
6.98000,-7.02025,-2.17722,1.97722,0.13433,0.47164,0.50597,normal
7.00000,-7.37468,-2.27848,2.07848,0.16418,0.62090,0.68507,normal
7.02000,-7.72911,-2.37975,2.17975,0.19403,0.77015,0.86418,normal
7.04000,-13.13913,-2.11196,3.77065,1.00000,1.81628,2.51628,normal
7.06000,-13.22609,-1.91630,3.70543,1.00000,1.86279,2.56279,normal
7.08000,-13.31304,-1.72065,3.64022,1.00000,1.90930,2.60930,normal
7.10000,-13.40000,-1.52500,3.57500,1.00000,1.95581,2.65581,normal
7.12000,-13.48696,-1.32935,3.50978,0.85000,2.05000,2.80000,normal
7.14000,-11.86087,-0.25870,3.91957,-0.92947,1.70000,3.09263,normal
7.16000,-11.77391,-0.38913,3.96304,-1.01368,1.70000,3.07158,normal
7.18000,-11.68696,-0.51957,4.00652,-1.09789,1.70000,3.05053,normal
7.20000,-11.60000,-0.65000,4.05000,-1.18211,1.70000,3.02947,normal
7.22000,-11.51304,-0.78043,4.09348,-1.26632,1.70000,3.00842,normal
7.24000,-9.49691,-1.45876,3.58969,-0.85000,0.80000,2.00000,normal
7.26000,-9.29072,-1.37629,3.56907,-0.80000,0.67654,1.72963,normal
7.28000,-9.08454,-1.29381,3.54845,-0.80000,0.65185,1.65556,normal
7.30000,-8.87835,-1.21134,3.52784,-0.80000,0.62716,1.58148,normal
7.32000,-8.67216,-1.12887,3.50722,-0.80000,0.60247,1.50741,normal
7.34000,-6.24615,-2.15385,3.95692,-1.41127,0.18873,0.98873,normal
7.36000,-6.09231,-2.30769,3.83385,-1.43944,0.16056,0.96056,normal
7.38000,-5.93846,-2.46154,3.71077,-1.46761,0.13239,0.93239,normal
7.40000,-5.73333,-2.73333,3.40000,-1.49577,0.10423,0.90423,normal
7.42000,-8.24188,-2.18205,3.40598,-0.39091,-0.00909,0.28182,normal
7.44000,-8.36154,-2.13077,3.42308,-0.37438,-0.02562,0.24876,normal
7.46000,-8.48120,-2.07949,3.44017,-0.35785,-0.04215,0.21570,normal
7.48000,-8.60085,-2.02821,3.45726,-0.34132,-0.05868,0.18264,normal
7.50000,-8.72051,-1.97692,3.47436,-0.32479,-0.07521,0.14959,normal
7.52000,-8.84017,-1.92564,3.49145,-0.30826,-0.09174,0.11653,normal
7.54000,-10.31111,-0.84444,3.51111,-0.40429,-0.10429,-0.20429,normal
7.56000,-10.46441,-0.73559,3.56441,-0.43286,-0.13286,-0.23286,normal
7.58000,-10.53220,-0.66780,3.63220,-0.46143,-0.16143,-0.26143,normal
7.60000,-10.60000,-0.60000,3.70000,-0.49000,-0.19000,-0.29000,normal
7.62000,-10.41359,-1.20777,3.89223,-0.30000,0.00000,-0.40000,normal
7.64000,-10.54951,-1.28544,3.81456,0.04545,0.21136,-0.41136,normal
7.66000,-10.68544,-1.36311,3.73689,0.13636,0.23409,-0.43409,normal
7.68000,-10.82136,-1.44078,3.65922,0.22727,0.25682,-0.45682,normal
7.70000,-10.95728,-1.51845,3.58155,0.31818,0.27955,-0.47955,normal
7.72000,-11.09320,-1.59612,3.50388,0.90000,0.30000,-0.50000,normal
7.74000,-11.53125,-2.03438,3.06562,1.33519,0.36481,-0.50000,normal
7.76000,-11.40625,-2.09687,3.00313,1.37222,0.32778,-0.50000,normal
7.78000,-11.28125,-2.15938,2.94062,1.40926,0.29074,-0.50000,normal
7.80000,-11.15625,-2.22187,2.87813,1.44630,0.25370,-0.50000,normal
7.82000,-11.03125,-2.28438,2.81562,1.48333,0.21667,-0.50000,normal
7.84000,-12.54615,-3.20769,1.34615,1.70000,-0.10000,-0.90000,normal
7.86000,-12.67802,-3.22967,1.19231,1.55778,-0.36333,-1.14222,normal
7.88000,-12.80989,-3.25165,1.03846,1.51333,-0.43000,-1.18667,normal
7.90000,-12.94176,-3.27363,0.88462,1.46889,-0.49667,-1.23111,normal
7.92000,-13.07363,-3.29560,0.73077,1.42444,-0.56333,-1.27556,normal
7.94000,-11.50000,-2.20000,0.40000,0.80000,-1.10000,-2.50000,normal
7.96000,-10.54286,-2.03214,0.36429,0.70909,-1.06970,-2.56061,normal
7.98000,-10.25714,-2.06786,0.43571,0.61818,-1.03939,-2.62121,normal
8.00000,-9.60000,-2.40000,0.60000,0.52727,-1.00909,-2.68182,normal
8.02000,-8.54767,-2.81047,0.17907,0.18462,-0.71538,-2.90000,normal
8.04000,-8.43140,-2.83372,0.13256,0.25294,-0.64706,-2.90000,normal
8.06000,-8.31512,-2.85698,0.08605,0.31176,-0.58824,-2.90000,normal
8.08000,-8.19884,-2.88023,0.03953,0.37059,-0.52941,-2.90000,normal
8.10000,-7.50000,-2.80000,-0.20000,1.31101,-0.09633,-2.29266,normal
8.12000,-7.26042,-2.64062,0.17917,1.36606,-0.07798,-2.25596,normal
8.14000,-7.21875,-2.57812,0.26250,1.42110,-0.05963,-2.21927,normal
8.16000,-7.17708,-2.51562,0.34583,1.47615,-0.04128,-2.18257,normal
8.18000,-7.13542,-2.45312,0.42917,1.53119,-0.02294,-2.14587,normal
8.20000,-7.03333,-2.36667,0.56667,1.58624,-0.00459,-2.10917,normal
8.22000,-6.10814,-1.80000,1.22442,1.79524,0.40476,-0.98571,normal
8.24000,-6.13140,-1.80000,1.29419,1.77143,0.42857,-0.91429,normal
8.26000,-6.15465,-1.80000,1.36395,1.74762,0.45238,-0.84286,normal
8.28000,-6.17791,-1.80000,1.43372,1.72381,0.47619,-0.77143,normal
8.30000,-6.40000,-1.80000,1.70000,1.70000,0.50000,-0.70000,normal
8.32000,-7.67444,-1.77970,3.60677,1.91503,1.22254,0.52254,normal
8.34000,-7.83985,-1.73459,3.62180,1.93815,1.25723,0.55723,normal
8.36000,-8.00526,-1.68947,3.63684,1.96127,1.29191,0.59191,normal
8.38000,-8.17068,-1.64436,3.65188,1.98439,1.32659,0.62659,normal
8.40000,-8.33609,-1.59925,3.66692,2.00751,1.36127,0.66127,normal
8.42000,-8.50150,-1.55414,3.68195,2.03064,1.39595,0.69595,normal
8.44000,-8.66692,-1.50902,3.69699,2.05376,1.43064,0.73064,normal
8.46000,-10.39000,-0.15000,6.04000,2.07688,1.46532,0.76532,normal
8.48000,-10.18362,0.01466,6.23276,2.10000,1.50000,0.80000,normal
8.50000,-10.16638,0.13534,6.26724,2.09600,1.70000,1.80000,normal
8.52000,-10.14914,0.25603,6.30172,2.01600,1.70000,1.80000,normal
8.54000,-10.13190,0.37672,6.33621,1.93600,1.70000,1.80000,normal
8.56000,-10.11466,0.49741,6.37069,1.85600,1.70000,1.80000,normal
8.58000,-9.00000,0.35000,4.90000,1.66000,1.66000,1.78000,normal
8.60000,-11.00000,-0.10000,3.02027,1.19333,1.52667,1.71333,normal
8.62000,-11.00000,-0.10000,3.04730,0.28889,0.98889,1.39444,normal
8.64000,-11.00000,-0.10000,3.07432,0.17778,0.87778,1.33889,normal
8.66000,-10.20000,-0.70000,3.50000,0.04545,0.74545,1.24545,normal
8.68000,-9.30000,-1.47586,4.07586,-0.31250,0.47500,1.07500,normal
8.70000,-9.30000,-1.44138,4.04138,-0.50000,0.26452,0.62903,normal
8.72000,-9.30000,-1.40690,4.00690,-0.50000,0.20000,0.50000,normal
8.74000,-9.21000,-1.99000,3.62000,0.42935,0.20000,0.00000,normal
8.76000,-9.23222,-1.96778,3.66444,0.49457,0.20000,0.00000,normal
8.78000,-9.25444,-1.94556,3.70889,0.55978,0.20000,0.00000,normal
8.80000,-9.27667,-1.92333,3.75333,0.62500,0.20000,0.00000,normal
8.82000,-9.29889,-1.90111,3.79778,0.69022,0.20000,0.00000,normal
8.84000,-9.90870,-1.17391,3.91739,1.10000,0.10000,-0.10000,normal
8.86000,-9.93768,-1.08696,3.97536,1.10000,0.06774,-0.13226,normal
8.88000,-9.96667,-1.00000,4.03333,1.10000,0.03548,-0.16452,normal
8.90000,-9.99565,-0.91304,4.09130,1.10000,0.00323,-0.19677,normal
8.92000,-9.66693,-0.90000,2.98346,0.39744,-0.40000,-0.90256,normal
8.94000,-9.57244,-0.90000,2.93622,0.38034,-0.40000,-0.91966,normal
8.96000,-9.47795,-0.90000,2.88898,0.36325,-0.40000,-0.93675,normal
8.98000,-9.38346,-0.90000,2.84173,0.34615,-0.40000,-0.95385,normal
9.00000,-9.28898,-0.90000,2.79449,0.32906,-0.40000,-0.97094,normal
9.02000,-9.19449,-0.90000,2.74724,0.31197,-0.40000,-0.98803,normal
9.04000,-9.10000,-0.90000,2.70000,0.20220,0.20000,-0.69780,normal
9.06000,-11.64684,-2.23291,2.21899,0.22418,0.20000,-0.67582,normal
9.08000,-11.97595,-2.41013,2.24430,0.24615,0.20000,-0.65385,normal
9.10000,-12.30506,-2.58734,2.26962,0.26813,0.20000,-0.63187,normal
9.12000,-12.63418,-2.76456,2.29494,0.29011,0.20000,-0.60989,normal
9.14000,-13.40349,-3.08605,1.67558,1.31429,-0.25714,-0.61429,normal
9.16000,-13.42674,-2.99302,1.51279,1.38352,-0.43297,-1.14945,normal
9.18000,-13.45000,-2.90000,1.35000,1.36154,-0.47692,-1.21538,normal
9.20000,-13.47326,-2.80698,1.18721,1.33956,-0.52088,-1.28132,normal
9.22000,-13.49651,-2.71395,1.02442,1.31758,-0.56484,-1.34725,normal
9.24000,-11.38000,-1.89667,1.10000,1.26000,-0.68000,-1.52000,normal
9.26000,-11.18000,-1.86333,1.10000,0.54255,-1.21915,-2.51915,normal
9.28000,-10.98000,-1.83000,1.10000,0.41489,-1.26170,-2.56170,normal
9.30000,-10.48000,-1.84000,1.10000,0.22000,-1.34000,-2.64000,normal
9.32000,-7.61818,-1.98636,1.20000,0.11169,-1.18831,-2.88831,normal
9.34000,-7.48182,-1.96364,1.20000,0.13766,-1.16234,-2.86234,normal
9.36000,-7.34545,-1.94091,1.20000,0.16364,-1.13636,-2.83636,normal
9.38000,-7.20909,-1.91818,1.20000,0.18961,-1.11039,-2.81039,normal
9.40000,-6.29500,-1.59900,0.90100,0.50000,-0.88269,-2.48269,normal
9.42000,-6.19500,-1.57900,0.92100,0.50000,-0.84423,-2.44423,normal
9.44000,-6.09500,-1.55900,0.94100,0.50000,-0.80577,-2.40577,normal
9.46000,-5.99500,-1.53900,0.96100,0.50000,-0.76731,-2.36731,normal
9.48000,-5.89500,-1.51900,0.98100,0.50000,-0.72885,-2.32885,normal
9.50000,-5.60000,-1.50000,1.05000,0.40000,-0.23333,-1.46667,normal
9.52000,-5.65217,-2.53696,1.85217,0.41333,0.24000,-0.63333,normal
9.54000,-5.86957,-2.73261,2.06957,0.43238,0.29714,-0.53810,normal
9.56000,-6.08696,-2.92826,2.28696,0.45143,0.35429,-0.44286,normal
9.58000,-6.30435,-3.12391,2.50435,0.47048,0.41143,-0.34762,normal
9.60000,-7.70000,-3.50000,3.80000,0.48952,0.46857,-0.25238,normal
9.62000,-8.69222,-4.83889,3.72333,0.06667,0.70000,0.35556,normal
9.64000,-8.67000,-4.95000,3.79000,-0.50000,0.73684,0.53684,normal
9.66000,-8.64778,-5.06111,3.85667,-0.50000,0.78947,0.58947,normal
9.68000,-8.62556,-5.17222,3.92333,-0.50000,0.84211,0.64211,normal
9.70000,-8.60333,-5.28333,3.99000,-0.50000,0.89474,0.69474,normal
9.72000,-11.34302,-5.34302,5.26512,0.00976,1.39024,2.22927,normal
9.74000,-11.18023,-5.18023,5.45116,0.03415,1.36585,2.30244,normal
9.76000,-11.01744,-5.01744,5.63721,0.05854,1.34146,2.37561,normal
9.78000,-10.85465,-4.85465,5.82326,0.08293,1.31707,2.44878,normal
9.80000,-10.00000,-3.80000,6.20000,0.20000,1.15556,2.74444,normal
9.82000,-9.35625,-1.82500,4.66250,0.29226,1.00000,2.69226,normal
9.84000,-9.43125,-1.72500,4.61250,0.27935,1.00000,2.67935,normal
9.86000,-9.50625,-1.62500,4.56250,0.26645,1.00000,2.66645,normal
9.88000,-9.58125,-1.52500,4.51250,0.25355,1.00000,2.65355,normal
9.90000,-9.65625,-1.42500,4.46250,0.24065,1.00000,2.64065,normal
9.92000,-9.73125,-1.32500,4.41250,0.22774,1.00000,2.62774,normal
9.94000,-9.80625,-1.22500,4.36250,0.21484,1.00000,2.61484,normal
9.96000,-9.88125,-1.12500,4.31250,0.20194,1.00000,2.60194,normal
9.98000,-10.30000,-0.83333,3.57778,-1.22667,0.38667,1.98000,normal
10.00000,-10.01429,-0.92857,3.51429,-1.31556,0.34222,1.91333,normal
10.02000,-9.72857,-1.02381,3.45079,-1.40444,0.29778,1.84667,normal
10.04000,-9.37429,-1.13429,3.40000,-1.49333,0.25333,1.78000,normal
10.06000,-8.74571,-1.30571,3.40000,-1.58222,0.20889,1.71333,normal
10.08000,-6.39664,-2.11007,2.69329,-1.90943,0.09057,1.48113,normal
10.10000,-6.38322,-2.15034,2.66644,-1.94717,0.05283,1.40566,normal
10.12000,-6.36980,-2.19060,2.63960,-1.98491,0.01509,1.33019,normal
10.14000,-6.35638,-2.23087,2.61275,-1.93820,-0.15506,0.99101,normal
10.16000,-6.34295,-2.27114,2.58591,-1.53371,-0.04270,0.96854,normal
10.18000,-6.32953,-2.31141,2.55906,-1.12921,0.06966,0.94607,normal
10.20000,-6.31611,-2.35168,2.53221,-0.72472,0.18202,0.92360,normal
10.22000,-6.30268,-2.39195,2.50537,-0.32022,0.29438,0.90112,normal
10.24000,-8.68615,-2.60000,2.80000,0.34154,0.62769,0.78615,normal
10.26000,-8.90154,-2.60000,2.80000,0.43385,0.68923,0.75538,normal
10.28000,-9.11692,-2.60000,2.80000,0.52615,0.75077,0.72462,normal
10.30000,-10.43333,-2.76667,3.10000,1.05000,1.15000,0.60000,normal
10.32000,-9.67250,-3.06500,3.13750,1.23673,1.03878,0.54082,normal
10.34000,-9.32250,-3.16500,2.88750,0.91020,0.91633,0.62245,normal
10.36000,-12.09412,-3.77059,2.86471,0.90000,1.00000,0.60000,normal
10.38000,-13.06882,-4.39677,3.18602,1.44375,1.07083,0.44167,normal
10.40000,-13.60645,-4.59032,3.35806,1.50625,1.02917,0.35833,normal
10.42000,-14.14409,-4.78387,3.53011,1.56875,0.98750,0.27500,normal
10.44000,-14.68172,-4.97742,3.70215,1.63125,0.94583,0.19167,normal
10.46000,-15.21935,-5.17097,3.87419,1.69375,0.90417,0.10833,normal
10.48000,-14.01250,-1.91250,2.17500,2.32174,-0.36522,-1.47391,normal
10.50000,-14.04821,-1.37679,1.81786,2.35072,-0.45217,-1.70580,normal
10.52000,-14.08393,-0.84107,1.46071,2.37971,-0.53913,-1.93768,normal
10.54000,-13.30000,-1.40000,1.20000,0.60000,-1.60000,-3.50000,normal
10.56000,-12.76607,-1.86429,1.86607,-0.10000,-1.82979,-3.75957,normal
10.58000,-12.73036,-1.72143,1.83036,-0.10000,-1.87234,-3.84468,normal
10.60000,-11.05000,-1.70000,1.10000,-0.03333,-1.70000,-3.96667,normal
10.62000,-8.91667,-2.08333,1.05000,0.13232,-1.48384,-3.88384,normal
10.64000,-8.81250,-2.06250,0.98750,0.17273,-1.46364,-3.86364,normal
10.66000,-8.70833,-2.04167,0.92500,0.21313,-1.44343,-3.84343,normal
10.68000,-8.60417,-2.02083,0.86250,0.25354,-1.42323,-3.82323,normal
10.70000,-8.50000,-2.00000,0.80000,0.29394,-1.40303,-3.80303,normal
10.72000,-6.67273,-2.00000,-0.47955,0.90930,-0.88140,-2.86279,normal
10.74000,-6.58182,-2.00000,-0.41136,0.93256,-0.83488,-2.76977,normal
10.76000,-6.49091,-2.00000,-0.34318,0.95581,-0.78837,-2.67674,normal
10.78000,-6.40000,-2.00000,-0.27500,0.97907,-0.74186,-2.58372,normal
10.80000,-6.30909,-2.00000,-0.20682,1.02000,-0.66000,-2.38000,normal
10.82000,-4.92268,-2.13402,1.32268,1.08427,0.12360,-0.26854,normal
10.84000,-4.96392,-2.19588,1.36392,1.03933,0.19101,-0.17865,normal
10.86000,-5.00515,-2.25773,1.40515,0.99438,0.25843,-0.08876,normal
10.88000,-5.04639,-2.31959,1.44639,0.94944,0.32584,0.00112,normal
10.90000,-5.08763,-2.38144,1.48763,0.90449,0.39326,0.09101,normal
10.92000,-8.17356,-3.60000,3.23678,1.03214,1.42143,1.63214,normal
10.94000,-8.35747,-3.60000,3.32874,1.10357,1.46905,1.70357,normal
10.96000,-8.54138,-3.60000,3.42069,1.17500,1.51667,1.77500,normal
10.98000,-8.72529,-3.60000,3.51264,1.24643,1.56429,1.84643,normal
11.00000,-9.35000,-3.55000,3.70000,1.60000,2.10000,2.70000,normal
11.02000,-12.57143,-1.22857,4.11429,1.36286,1.97524,2.80000,normal
11.04000,-12.53061,-1.12653,4.13469,1.30571,1.93714,2.80000,normal
11.06000,-12.48980,-1.02449,4.15510,1.24857,1.89905,2.80000,normal
11.08000,-12.44898,-0.92245,4.17551,1.19143,1.86095,2.80000,normal
11.10000,-12.40816,-0.82041,4.19592,1.13429,1.82286,2.80000,normal
11.12000,-13.05714,-0.31429,4.14286,-1.10734,1.39450,2.49633,normal
11.14000,-12.92523,-0.46355,4.08411,-1.18073,1.33945,2.45963,normal
11.16000,-12.71963,-0.53832,4.06542,-1.25413,1.28440,2.42294,normal
11.18000,-12.51402,-0.61308,4.04673,-1.32752,1.22936,2.38624,normal
11.20000,-12.30841,-0.68785,4.02804,-1.40092,1.17431,2.34954,normal
11.22000,-12.10280,-0.76262,4.00935,-1.47431,1.11927,2.31284,normal
11.24000,-8.99140,-2.20215,3.70430,-1.49327,0.68654,1.48654,normal
11.26000,-8.90538,-2.22366,3.74731,-1.47404,0.64808,1.44808,normal
11.28000,-8.81935,-2.24516,3.79032,-1.45481,0.60962,1.40962,normal
11.30000,-8.73333,-2.26667,3.83333,-1.43558,0.57115,1.37115,normal
11.32000,-8.64731,-2.28817,3.87634,-1.41635,0.53269,1.33269,normal
11.34000,-6.90000,-2.45000,3.40000,-1.32500,0.35000,1.22500,normal
11.36000,-6.95600,-2.00000,3.08267,-1.00000,0.10000,0.48529,normal
11.38000,-7.19600,-2.00000,3.05600,-1.00000,0.10000,0.45588,normal
11.40000,-7.43600,-2.00000,3.02933,-1.00000,0.10000,0.42647,normal
11.42000,-7.67600,-2.00000,3.00267,-1.00000,0.00000,0.20000,normal
11.44000,-9.48817,-1.61183,3.04731,-0.86863,0.01569,0.10000,normal
11.46000,-9.46667,-1.63333,3.13333,-0.82941,0.03529,0.10000,normal
11.48000,-9.44516,-1.65484,3.21935,-0.79020,0.05490,0.10000,normal
11.50000,-9.42366,-1.67634,3.30538,-0.75098,0.07451,0.10000,normal
11.52000,-9.40215,-1.69785,3.39140,-0.71176,0.09412,0.10000,normal
11.54000,-10.48941,-1.89647,3.89294,-0.08000,0.30000,0.20000,normal
11.56000,-10.41882,-1.87294,3.84588,0.35844,0.31948,0.28052,normal
11.58000,-10.34824,-1.84941,3.79882,0.43636,0.34545,0.25455,normal
11.60000,-10.27765,-1.82588,3.75176,0.51429,0.37143,0.22857,normal
11.62000,-10.20706,-1.80235,3.70471,0.59221,0.39740,0.20260,normal
11.64000,-11.95506,-2.19213,4.20000,2.21860,0.66279,0.09070,normal
11.66000,-12.11236,-2.16966,4.20000,2.26512,0.56977,0.06744,normal
11.68000,-12.26966,-2.14719,4.20000,2.31163,0.47674,0.04419,normal
11.70000,-12.42697,-2.12472,4.20000,2.35814,0.38372,0.02093,normal
11.72000,-12.58427,-2.10225,4.20000,2.35000,-0.15000,-0.40000,normal
11.74000,-10.45556,-1.17778,1.65556,2.08400,-0.74800,-1.13200,normal
11.76000,-10.55657,-1.13737,1.57475,2.06400,-0.80800,-1.17200,normal
11.78000,-10.65758,-1.09697,1.49394,2.04400,-0.86800,-1.21200,normal
11.80000,-10.75859,-1.05657,1.41313,2.02400,-0.92800,-1.25200,normal
11.82000,-10.85960,-1.01616,1.33232,2.00400,-0.98800,-1.29200,normal
11.84000,-11.30575,-2.25172,0.80000,0.50900,-1.50000,-1.50900,normal
11.86000,-11.32874,-2.45862,0.80000,0.52900,-1.50000,-1.52900,normal
11.88000,-11.35172,-2.66552,0.80000,0.54900,-1.50000,-1.54900,normal
11.90000,-11.37471,-2.87241,0.80000,0.56900,-1.50000,-1.56900,normal
11.92000,-11.39770,-3.07931,0.80000,0.58900,-1.50000,-1.58900,normal
11.94000,-11.05000,-2.95000,0.90000,0.70000,-1.43000,-1.84000,normal
11.96000,-10.14250,-3.07750,0.33250,0.81972,-1.16056,-2.11972,normal
11.98000,-9.96750,-3.05250,0.25750,0.84789,-1.10423,-2.14789,normal
12.00000,-9.79250,-3.02750,0.18250,0.87606,-1.04789,-2.17606,normal
12.02000,-9.61750,-3.00250,0.10750,0.93333,-0.88333,-2.20000,normal
12.04000,-8.44894,-3.07447,-0.16170,1.30000,-0.68710,-2.18710,normal
12.06000,-8.36383,-3.03191,-0.09787,1.30000,-0.66559,-2.16559,normal
12.08000,-8.27872,-2.98936,-0.03404,1.30000,-0.64409,-2.14409,normal
12.10000,-8.19362,-2.94681,0.02979,1.30000,-0.62258,-2.12258,normal
12.12000,-8.10851,-2.90426,0.09362,1.30000,-0.60108,-2.10108,normal
12.14000,-7.39111,-3.60889,0.81778,0.70000,0.11020,-1.90000,normal
12.16000,-7.36889,-3.63111,0.86222,0.70000,0.13061,-1.90000,normal
12.18000,-7.34667,-3.65333,0.90667,0.70000,0.15102,-1.90000,normal
12.20000,-7.32444,-3.67556,0.95111,0.70000,0.17143,-1.90000,normal
12.22000,-7.30222,-3.69778,0.99556,0.70000,0.19184,-1.90000,normal
12.24000,-7.31277,-3.88723,2.58936,1.10000,0.70000,-1.70000,normal
12.26000,-7.33404,-3.86596,2.73830,1.20000,0.92468,-1.57532,normal
12.28000,-7.35532,-3.84468,2.88723,1.20000,0.95065,-1.54935,normal
12.30000,-7.37660,-3.82340,3.03617,1.20000,0.97662,-1.52338,normal
12.32000,-7.39787,-3.80213,3.18511,1.20000,1.10909,-1.50000,normal
12.34000,-8.46667,-5.20000,4.00000,1.30000,1.60000,-1.20000,normal
12.36000,-8.40606,-5.20000,4.18182,1.32353,1.60000,-1.15294,normal
12.38000,-8.34545,-5.20000,4.36364,1.34706,1.60000,-1.10588,normal
12.40000,-8.28485,-5.20000,4.54545,1.37059,1.60000,-1.05882,normal
12.42000,-8.22424,-5.20000,4.72727,1.39412,1.60000,-1.01176,normal
12.44000,-9.58140,-4.50465,5.07209,2.30000,1.38795,-1.01205,normal
12.46000,-9.48837,-4.52791,4.93256,2.30000,1.33976,-1.06024,normal
12.48000,-9.39535,-4.55116,4.79302,2.30000,1.29157,-1.10843,normal
12.50000,-9.30233,-4.57442,4.65349,2.30000,1.24337,-1.15663,normal
12.52000,-9.20930,-4.59767,4.51395,2.25000,1.05000,-1.40000,normal
12.54000,-7.56452,-2.44731,4.86452,1.82157,0.80000,-1.46863,normal
12.56000,-7.50000,-2.53333,4.80000,1.72353,0.80000,-1.42941,normal
12.58000,-7.43548,-2.61935,4.73548,1.62549,0.80000,-1.39020,normal
12.60000,-7.37097,-2.70538,4.67097,1.52745,0.80000,-1.35098,normal
12.62000,-7.30645,-2.79140,4.60645,1.42941,0.80000,-1.31176,normal
12.64000,-6.29647,-3.30000,3.99294,1.01684,0.90842,-0.69158,normal
12.66000,-6.27294,-3.30000,3.94588,1.05895,0.92947,-0.67053,normal
12.68000,-6.24941,-3.30000,3.89882,1.10105,0.95053,-0.64947,normal
12.70000,-6.22588,-3.30000,3.85176,1.14316,0.97158,-0.62842,normal
12.72000,-6.20235,-3.30000,3.80471,1.18526,0.99263,-0.60737,normal
12.74000,-6.80941,-2.70471,4.00235,1.27429,1.03714,-0.56286,normal
12.76000,-6.90353,-2.75176,4.02588,1.38857,1.09429,-0.50571,normal
12.78000,-6.99765,-2.79882,4.04941,1.67647,1.22353,-0.07647,normal
12.80000,-7.09176,-2.84588,4.07294,1.63725,1.26275,-0.03725,normal
12.82000,-7.18588,-2.89294,4.09647,1.55000,1.35000,0.05000,normal
12.84000,-7.94444,-3.43333,4.10000,1.41628,1.40000,0.30000,normal
12.86000,-8.03333,-3.50000,4.10000,1.43953,1.40000,0.30000,normal
12.88000,-8.12222,-3.56667,4.10000,1.46279,1.40000,0.30000,normal
12.90000,-8.21111,-3.63333,4.10000,1.48605,1.40000,0.30000,normal
12.92000,-8.30000,-3.70000,4.10000,1.81429,1.50000,0.24286,normal
12.94000,-9.41700,-3.54900,3.60000,2.12385,1.38807,0.08807,normal
12.96000,-9.43700,-3.48900,3.60000,2.16055,1.36972,0.06972,normal
12.98000,-9.45700,-3.42900,3.60000,2.19725,1.35138,0.05138,normal
13.00000,-9.47700,-3.36900,3.60000,2.23394,1.33303,0.03303,normal
13.02000,-9.49700,-3.30900,3.60000,2.27064,1.31468,0.01468,normal
13.04000,-10.10000,-2.40000,3.50000,2.25000,1.30000,-0.10000,normal
13.06000,-10.10000,-2.40000,3.45122,1.68356,1.06712,-0.21644,normal
13.08000,-10.10000,-2.40000,3.40244,1.65616,1.01233,-0.24384,normal
13.10000,-10.10000,-2.40000,3.35366,1.62877,0.95753,-0.27123,normal
13.12000,-10.10000,-2.40000,3.30488,1.60137,0.90274,-0.29863,normal
13.14000,-9.69111,-2.18222,2.47333,1.48556,0.37111,-0.30000,normal
13.16000,-9.66889,-2.13778,2.40667,1.46333,0.32667,-0.30000,normal
13.18000,-9.64667,-2.09333,2.34000,1.44111,0.28222,-0.30000,normal
13.20000,-9.62444,-2.04889,2.27333,1.41889,0.23778,-0.30000,normal
13.22000,-9.60222,-2.00444,2.20667,1.00000,0.10000,-0.20000,normal
13.24000,-9.52366,-2.21183,2.11183,0.68298,0.11702,-0.18298,normal
13.26000,-9.56667,-2.23333,2.13333,0.66170,0.13830,-0.16170,normal
13.28000,-9.60968,-2.25484,2.15484,0.64043,0.15957,-0.14043,normal
13.30000,-9.65269,-2.27634,2.17634,0.61915,0.18085,-0.11915,normal
13.32000,-9.69570,-2.29785,2.19785,0.56000,0.20000,-0.06000,normal
13.34000,-9.30000,-2.51183,2.08817,0.39406,0.30000,0.20000,normal
13.36000,-9.30000,-2.53333,2.06667,0.37426,0.30000,0.20000,normal
13.38000,-9.30000,-2.55484,2.04516,0.35446,0.30000,0.20000,normal
13.40000,-9.30000,-2.57634,2.02366,0.33465,0.30000,0.20000,normal
13.42000,-9.30000,-2.59785,2.00215,0.31485,0.30000,0.20000,normal
13.44000,-9.15000,-2.87500,2.10000,0.61538,0.40000,0.20000,normal
13.46000,-9.21948,-2.86104,1.90000,0.81212,0.38788,0.20000,normal
13.48000,-9.24545,-2.80909,1.90000,0.84242,0.35758,0.20000,normal
13.50000,-9.27143,-2.75714,1.90000,0.87273,0.32727,0.20000,normal
13.52000,-9.29740,-2.70519,1.90000,0.90000,0.30000,0.20000,normal
13.54000,-10.08817,-2.32366,2.01183,0.50000,0.20000,0.10000,normal
13.56000,-10.06667,-2.36667,2.03333,0.50000,0.20000,0.10000,normal
13.58000,-10.04516,-2.40968,2.05484,0.50000,0.20000,0.10000,normal
13.60000,-10.02366,-2.45269,2.07634,0.50000,0.20000,0.10000,normal
13.62000,-10.00215,-2.49570,2.09785,0.50000,0.20000,0.10000,normal
13.64000,-9.21163,-2.18837,1.80000,0.60000,-0.01059,-0.21059,normal
13.66000,-9.25814,-2.14186,1.80000,0.60000,-0.03412,-0.23412,normal
13.68000,-9.30465,-2.09535,1.80000,0.60000,-0.05765,-0.25765,normal
13.70000,-9.35116,-2.04884,1.80000,0.60000,-0.08118,-0.28118,normal
13.72000,-9.39767,-2.00233,1.80000,0.40000,-0.20000,-0.40000,normal
13.74000,-9.27742,-1.50000,1.48710,0.18190,-0.18190,-0.38190,normal
13.76000,-9.40645,-1.50000,1.46559,0.16286,-0.16286,-0.36286,normal
13.78000,-9.53548,-1.50000,1.44409,0.14381,-0.14381,-0.34381,normal
13.80000,-9.66452,-1.50000,1.42258,0.12476,-0.12476,-0.32476,normal
13.82000,-9.79355,-1.50000,1.40108,0.10571,-0.10571,-0.30571,normal
13.84000,-9.49294,-1.40000,2.20353,0.19167,-0.10000,-0.09167,normal
13.86000,-9.44588,-1.40000,2.22706,0.10000,-0.10000,0.00000,normal
13.88000,-9.39882,-1.40000,2.25059,0.10000,-0.10000,0.00000,normal
13.90000,-9.35176,-1.40000,2.27412,0.10000,-0.10000,0.00000,normal
13.92000,-9.30471,-1.40000,2.29765,0.10000,-0.10000,0.00000,normal
13.94000,-10.30471,-2.01882,2.71412,0.60471,-0.00471,-0.40471,normal
13.96000,-10.32824,-2.11294,2.78471,0.62824,-0.02824,-0.42824,normal
13.98000,-10.35176,-2.20706,2.85529,0.65176,-0.05176,-0.45176,normal
14.00000,-10.37529,-2.30118,2.92588,0.67529,-0.07529,-0.47529,normal
14.02000,-10.39882,-2.39529,2.99647,0.69882,-0.09882,-0.49882,normal
14.04000,-10.59239,-4.35978,5.94783,1.91348,-0.74045,-1.44045,normal
14.06000,-10.39674,-4.46848,6.03478,1.93596,-0.80787,-1.50787,normal
14.08000,-10.20109,-4.57717,6.12174,1.95843,-0.87528,-1.57528,normal
14.10000,-10.00543,-4.68587,6.20870,1.98090,-0.94270,-1.64270,normal
14.12000,-9.80978,-4.79457,6.29565,2.60000,-1.40000,-1.90000,normal
14.14000,-8.16129,-2.54839,9.64839,2.52523,-2.02991,-1.57009,normal
14.16000,-8.09677,-2.46237,9.56237,2.43178,-2.06729,-1.53271,normal
14.18000,-8.03226,-2.37634,9.47634,2.33832,-2.10467,-1.49533,normal
14.20000,-7.96774,-2.29032,9.39032,2.24486,-2.14206,-1.45794,normal
14.22000,-7.90323,-2.20430,9.30430,2.15140,-2.17944,-1.42056,normal
14.24000,-7.10000,-1.80000,7.50000,1.30000,-2.40000,-1.08000,normal
14.26000,-7.10886,-1.73165,6.84051,1.41923,-2.40000,-0.76154,normal
14.28000,-7.00759,-1.65570,6.66329,1.44487,-2.40000,-0.71026,normal
14.30000,-6.90633,-1.57975,6.48608,1.47051,-2.40000,-0.65897,normal
14.32000,-6.80506,-1.50380,6.30886,1.49615,-2.40000,-0.60769,normal
14.34000,-4.78776,1.85102,5.95102,1.65789,-1.76842,0.62105,normal
14.36000,-4.76735,1.76939,5.86939,1.57368,-1.70526,0.66316,normal
14.38000,-4.74694,1.68776,5.78776,1.48947,-1.64211,0.70526,normal
14.40000,-4.72653,1.60612,5.70612,1.40526,-1.57895,0.74737,normal
14.42000,-4.70612,1.52449,5.62449,1.32105,-1.51579,0.78947,normal
14.44000,-4.20795,1.50455,6.67614,1.58161,-0.27241,1.59080,normal
14.46000,-4.23068,1.23182,6.60795,1.53563,-0.20345,1.56782,normal
14.48000,-4.25341,0.95909,6.53977,1.48966,-0.13448,1.54483,normal
14.50000,-4.27614,0.68636,6.47159,1.44368,-0.06552,1.52184,normal
14.52000,-4.29886,0.41364,6.40341,1.40000,0.10000,1.60000,normal
14.54000,-3.92917,1.90833,6.10000,0.80000,0.63000,1.17000,normal
14.56000,-3.97083,1.49167,6.10000,0.80000,0.67000,1.13000,normal
14.58000,-4.01250,1.07500,6.10000,0.80000,0.71000,1.09000,normal
14.60000,-4.05417,0.65833,6.10000,0.80000,0.75000,1.05000,normal
14.62000,-4.09583,0.24167,6.10000,0.80000,0.79000,1.01000,normal
14.64000,-3.81882,1.72824,7.53294,-0.21111,1.04444,0.61111,normal
14.66000,-3.91294,1.86941,7.69765,-1.43000,1.20000,0.40000,normal
14.68000,-4.00706,2.01059,7.86235,-1.63000,1.20000,0.40000,normal
14.70000,-4.10118,2.15176,8.02706,-1.83000,1.20000,0.40000,normal
14.72000,-4.19529,2.29294,8.19176,-1.10000,0.90000,0.40000,normal
14.74000,-5.28710,1.49677,11.94194,-1.30000,0.70000,0.30000,normal
14.76000,-5.26559,1.99140,11.51183,-1.58571,0.67403,0.17013,normal
14.78000,-5.24409,2.48602,11.08172,-1.87143,0.64805,0.04026,normal
14.80000,-5.22258,2.98065,10.65161,-2.15714,0.62208,-0.08961,normal
14.82000,-5.20108,3.47527,10.22151,-2.10000,0.70000,-0.20000,normal
14.84000,-6.20323,-3.35484,6.70968,-1.33962,0.70000,0.01604,normal
14.86000,-6.37527,-3.61290,6.55914,-1.15094,0.70000,0.03491,normal
14.88000,-6.54731,-3.87097,6.40860,-0.96226,0.70000,0.05377,normal
14.90000,-6.71935,-4.12903,6.25806,-0.77358,0.70000,0.07264,normal
14.92000,-6.89140,-4.38710,6.10753,-0.58491,0.70000,0.09151,normal
14.94000,-7.54494,0.56292,6.58202,-0.20000,0.70000,0.40000,normal
14.96000,-7.65730,0.72022,6.53708,-0.27500,0.70000,0.42500,normal
14.98000,-7.76966,0.87753,6.49213,-0.35000,0.70000,0.45000,normal
15.00000,-7.88202,1.03483,6.44719,-0.42500,0.70000,0.47500,normal
15.02000,-7.99438,1.19213,6.40225,-0.50000,0.70000,0.50000,normal
15.04000,-10.97000,2.05000,7.21000,-0.60513,0.19615,0.39872,normal
15.06000,-10.90333,1.71667,7.23222,-0.70769,0.11923,0.37308,normal
15.08000,-10.83667,1.38333,7.25444,-0.81026,0.04231,0.34744,normal
15.10000,-10.77000,1.05000,7.27667,-0.91282,-0.03462,0.32179,normal
15.12000,-10.70333,0.71667,7.29889,0.90000,-0.20000,-0.20000,normal
15.14000,-7.20000,1.24516,7.99355,0.60957,-0.41809,-0.28191,normal
15.16000,-7.20000,0.98710,8.31613,0.50319,-0.43936,-0.26064,normal
15.18000,-7.20000,0.72903,8.63871,0.39681,-0.46064,-0.23936,normal
15.20000,-7.20000,0.47097,8.96129,0.29043,-0.48191,-0.21809,normal
15.22000,-7.20000,0.21290,9.28387,-0.50000,-0.70000,0.00000,normal
15.24000,-5.21613,-1.99355,7.52581,0.20000,-0.71560,0.31560,normal
15.26000,-5.40968,-1.64946,7.56882,0.20000,-0.73394,0.33394,normal
15.28000,-5.60323,-1.30538,7.61183,0.20000,-0.75229,0.35229,normal
15.30000,-5.79677,-0.96129,7.65484,0.20000,-0.77064,0.37064,normal
15.32000,-5.99032,-0.61720,7.69785,0.20000,-0.78899,0.38899,normal
15.34000,-4.47059,0.70000,8.72353,-0.80390,-1.50260,1.09870,normal
15.36000,-4.43117,1.02208,9.15584,-0.88182,-1.55455,1.07273,normal
15.38000,-4.82078,1.04805,9.10390,-0.95974,-1.60649,1.04675,normal
15.40000,-5.21039,1.07403,9.05195,-1.03766,-1.65844,1.02078,normal
15.42000,-5.60000,1.10000,9.00000,-0.55000,-1.95000,0.65000,normal
15.44000,-3.28617,-0.85851,8.86915,-0.26000,-2.00000,0.58000,normal
15.46000,-3.26489,-0.79468,8.97553,-0.21789,-2.00000,0.55895,normal
15.48000,-3.24362,-0.73085,9.08191,-0.17579,-2.00000,0.53789,normal
15.50000,-3.22234,-0.66702,9.18830,-0.13368,-2.00000,0.51684,normal
15.52000,-3.20106,-0.60319,9.29468,0.50000,-1.80000,0.30000,normal
15.54000,-0.82766,0.68617,10.93085,0.57263,-1.04526,0.18632,normal
15.56000,-0.87021,0.66489,10.82447,0.53053,-0.96105,0.16526,normal
15.58000,-0.91277,0.64362,10.71809,0.48842,-0.87684,0.14421,normal
15.60000,-0.95532,0.62234,10.61170,0.44632,-0.79263,0.12316,normal
15.62000,-0.99787,0.60106,10.50532,0.40421,-0.70842,0.10211,normal
15.64000,-1.01121,0.73364,10.34486,0.20000,0.33103,0.71034,normal
15.66000,-1.02991,0.78972,10.41963,0.20000,0.38276,0.72759,normal
15.68000,-1.04860,0.84579,10.49439,0.20000,0.43448,0.74483,normal
15.70000,-1.06729,0.90187,10.56916,0.20000,0.48621,0.76207,normal
15.72000,-1.08598,0.95794,10.64393,0.20000,0.53793,0.77931,normal
15.74000,-2.06000,0.06000,9.78000,0.20000,0.58966,0.79655,normal
15.76000,0.50556,-4.66111,6.42361,0.53030,0.76970,0.55455,normal
15.78000,1.06111,-4.77222,6.28472,0.59091,0.70909,0.46364,normal
15.80000,1.61667,-4.88333,6.14583,0.65152,0.64848,0.37273,normal
15.82000,2.17222,-4.99444,6.00694,1.50000,0.84000,0.42000,normal
15.84000,2.43723,-4.02021,6.73511,-0.25393,0.52921,-0.32921,normal
15.86000,2.03298,-3.74362,7.09681,-0.02921,0.57416,-0.37416,normal
15.88000,1.62872,-3.46702,7.45851,0.19551,0.61910,-0.41910,normal
15.90000,1.22447,-3.19043,7.82021,0.42022,0.66404,-0.46404,normal
15.92000,0.82021,-2.91383,8.18191,0.60000,0.40000,-0.90000,normal
15.94000,-2.90323,1.31935,9.08710,0.30000,0.30000,-0.94574,normal
15.96000,-3.07527,1.68495,9.06559,0.30000,0.30000,-0.88191,normal
15.98000,-3.24731,2.05054,9.04409,0.30000,0.30000,-0.81809,normal
16.00000,-3.41935,2.41613,9.02258,0.30000,0.30000,-0.75426,normal
16.02000,-3.59140,2.78172,9.00108,-0.20000,-0.10000,-1.00000,normal
16.04000,-5.18400,0.72000,9.18800,0.30000,-0.11545,-1.10000,normal
16.06000,-5.32400,0.92000,9.16800,0.30000,-0.13364,-1.10000,normal
16.08000,-5.46400,1.12000,9.14800,0.30000,-0.15182,-1.10000,normal
16.10000,-5.60400,1.32000,9.12800,0.30000,-0.17000,-1.10000,normal
16.12000,-5.74400,1.52000,9.10800,0.30000,-0.18818,-1.10000,normal
16.14000,-3.90000,2.50000,8.40000,0.37143,-0.47143,-1.02857,normal
16.16000,-6.65789,3.03684,8.62632,0.38906,0.04375,-0.86719,normal
16.18000,-7.10526,2.95789,8.78421,0.35781,0.16875,-0.77344,normal
16.20000,-7.55263,2.87895,8.94211,0.32656,0.29375,-0.67969,normal
16.22000,-8.00000,2.80000,9.10000,0.16000,0.84000,-0.24000,normal
16.24000,-9.35714,2.52347,8.88980,0.25474,1.72737,0.32737,normal
16.26000,-9.64286,2.74796,9.05306,0.33895,1.76947,0.36947,normal
16.28000,-9.92857,2.97245,9.21633,0.42316,1.81158,0.41158,normal
16.30000,-10.21429,3.19694,9.37959,0.50737,1.85368,0.45368,normal
16.32000,-10.50000,3.42143,9.54286,0.59158,1.89579,0.49579,normal
16.34000,-3.37931,4.03448,6.00345,-3.04353,0.71882,0.41882,normal
16.36000,-3.97701,3.48276,5.68161,-2.90235,0.76588,0.46588,normal
16.38000,-4.57471,2.93103,5.35977,-2.76118,0.81294,0.51294,normal
16.40000,-5.17241,2.37931,5.03793,-2.62000,0.86000,0.56000,normal
16.42000,-5.77011,1.82759,4.71609,-1.40000,0.40000,1.10000,normal
16.44000,-9.83548,-2.26129,6.11935,-0.96286,-0.14571,0.60000,normal
16.46000,-9.72796,-2.19677,5.81828,-0.79143,-0.20286,0.60000,normal
16.48000,-9.62043,-2.13226,5.51720,-0.62000,-0.26000,0.60000,normal
16.50000,-9.51290,-2.06774,5.21613,-0.44857,-0.31714,0.60000,normal
16.52000,-9.40538,-2.00323,4.91505,-0.27714,-0.37429,0.60000,normal
16.54000,-6.67073,-2.19634,8.69390,0.19000,-0.76000,0.17000,normal
16.56000,-6.08537,-2.12317,8.57195,-0.23433,-1.21642,-0.06716,normal
16.58000,-5.50000,-2.05000,8.45000,-0.11493,-1.24627,-0.00746,normal
16.60000,-4.91463,-1.97683,8.32805,0.00448,-1.27612,0.05224,normal
16.62000,-4.32927,-1.90366,8.20610,-0.30000,-1.50000,0.30000,normal
16.64000,-4.01327,-1.01327,8.31327,-0.13956,-1.71209,0.30000,normal
16.66000,-4.03367,-1.03367,8.33367,-0.02967,-1.73407,0.30000,normal
16.68000,-4.05408,-1.05408,8.35408,0.08022,-1.75604,0.30000,normal
16.70000,-4.07449,-1.07449,8.37449,0.19011,-1.77802,0.30000,normal
16.72000,-4.09490,-1.09490,8.39490,0.30000,-1.80000,0.30000,normal
16.74000,-2.19000,-0.62000,9.45000,0.48941,-1.58941,0.31059,normal
16.76000,-2.39000,-0.44222,9.56111,0.46588,-1.56588,0.33412,normal
16.78000,-2.59000,-0.26444,9.67222,0.44235,-1.54235,0.35765,normal
16.80000,-2.79000,-0.08667,9.78333,0.41882,-1.51882,0.38118,normal
16.82000,-2.99000,0.09111,9.89444,0.33333,-1.30000,0.40000,normal
16.84000,-0.63404,-0.12447,10.95532,0.14952,-0.15048,0.70000,normal
16.86000,-0.37872,-0.31596,11.04043,0.22571,-0.07429,0.70000,normal
16.88000,-0.12340,-0.50745,11.12553,0.30190,0.00190,0.70000,normal
16.90000,0.13191,-0.69894,11.21064,0.37810,0.07810,0.70000,normal
16.92000,0.38723,-0.89043,11.29574,0.45429,0.15429,0.70000,normal
16.94000,-2.23333,1.36667,9.60000,0.76667,0.76667,0.80000,normal
16.96000,-2.42208,1.40000,9.44545,0.68676,0.98676,0.61324,normal
16.98000,-2.44805,1.40000,9.26364,0.65735,0.95735,0.64265,normal
17.00000,-2.47403,1.40000,9.08182,0.62794,0.92794,0.67206,normal
17.02000,-2.50000,1.40000,8.90000,0.40000,0.85000,0.70000,normal
17.04000,-3.07802,1.08901,8.95604,-0.26701,0.26701,0.71649,normal
17.06000,-3.03407,1.06703,8.86813,-0.22577,0.22577,0.73711,normal
17.08000,-2.99011,1.04505,8.78022,-0.18454,0.18454,0.75773,normal
17.10000,-2.94615,1.02308,8.69231,-0.14330,0.14330,0.77835,normal
17.12000,-2.90220,1.00110,8.60440,-0.10206,0.10206,0.79897,normal
17.14000,-0.63820,-1.94719,7.97191,0.48750,-0.92500,-0.07500,normal
17.16000,-0.23371,-1.56517,8.15169,0.46667,-0.96667,-0.03333,normal
17.18000,0.17079,-1.18315,8.33146,0.44583,-1.00833,0.00833,normal
17.20000,0.57528,-0.80112,8.51124,0.42500,-1.05000,0.05000,normal
17.22000,0.97978,-0.41910,8.69101,0.40417,-1.09167,0.09167,normal
17.24000,1.92766,-3.54362,7.44149,-0.46923,-0.80256,-0.50000,normal
17.26000,1.97021,-2.84149,7.50532,-0.16154,-0.82821,-0.50000,normal
17.28000,2.01277,-2.13936,7.56915,0.14615,-0.85385,-0.50000,normal
17.30000,2.05532,-1.43723,7.63298,0.45385,-0.87949,-0.50000,normal
17.32000,2.09787,-0.73511,7.69681,0.96667,-0.87778,-0.74444,normal
17.34000,-1.90745,-0.17234,12.78617,-1.17978,-0.51011,-0.98989,normal
17.36000,-2.22660,-0.12979,12.76489,-1.13483,-0.53258,-0.96742,normal
17.38000,-2.54574,-0.08723,12.74362,-1.08989,-0.55506,-0.94494,normal
17.40000,-2.86489,-0.04468,12.72234,-1.04494,-0.57753,-0.92247,normal
17.42000,-3.18404,-0.00213,12.70106,-1.00000,-0.60000,-0.90000,normal
17.44000,-1.48000,-0.30000,13.16000,-1.37471,-0.12529,-1.28736,normal
17.46000,-1.43556,-1.41111,12.62667,-1.32874,-0.17126,-1.26437,normal
17.48000,-1.39111,-2.52222,12.09333,-1.28276,-0.21724,-1.24138,normal
17.50000,-1.34667,-3.63333,11.56000,-1.23678,-0.26322,-1.21839,normal
17.52000,-1.30222,-4.74444,11.02667,1.18333,0.41667,0.36667,normal
17.54000,-1.14194,-0.61613,8.08602,-1.24615,0.42692,0.80000,normal
17.56000,-1.20645,-0.48710,8.06452,-1.16923,0.46538,0.80000,normal
17.58000,-1.27097,-0.35806,8.04301,-1.09231,0.50385,0.80000,normal
17.60000,-1.33548,-0.22903,8.02151,-1.01538,0.54231,0.80000,normal
17.62000,-1.40000,-0.10000,8.00000,-0.93846,0.58077,0.80000,normal
17.64000,-2.80000,-2.11250,7.34375,0.14286,0.69643,0.70000,normal
17.66000,-3.09241,-1.38228,8.95949,0.42857,0.67262,0.70000,normal
17.68000,-3.29494,-0.52152,10.70633,0.71429,0.64881,0.70000,normal
17.70000,-3.49747,0.33924,12.45316,1.00000,0.62500,0.70000,normal
17.72000,-3.70000,1.20000,14.20000,1.28571,0.60119,0.70000,normal
17.74000,-0.80909,-1.47273,8.44545,-0.26203,-0.91266,0.81899,normal
17.76000,-0.33182,-0.65455,8.80909,-0.11013,-0.96329,0.89494,normal
17.78000,0.14545,0.16364,9.17273,0.04177,-1.01392,0.97089,normal
17.80000,0.62273,0.98182,9.53636,0.19367,-1.06456,1.04684,normal
17.82000,1.10000,1.80000,9.90000,0.10000,-1.10000,1.30000,normal
17.84000,1.18421,0.10000,9.71579,-0.56809,-1.18404,1.68404,normal
17.86000,1.16316,0.10000,9.73684,-0.52553,-1.16277,1.66277,normal
17.88000,1.14211,0.10000,9.75789,-0.48298,-1.14149,1.64149,normal
17.90000,1.12105,0.10000,9.77895,-0.44043,-1.12021,1.62021,normal
17.92000,1.10000,0.10000,9.80000,-0.30000,-1.10000,1.60000,normal
17.94000,2.88889,0.56667,10.04444,0.22316,-0.87684,1.20000,normal
17.96000,2.86667,0.10000,9.73333,0.26526,-0.83474,1.20000,normal
17.98000,2.84444,-0.36667,9.42222,0.30737,-0.79263,1.20000,normal
18.00000,2.82222,-0.83333,9.11111,0.34947,-0.75053,1.20000,normal
18.02000,2.80000,-1.30000,8.80000,0.39158,-0.70842,1.20000,normal
18.04000,3.31279,0.13023,10.68837,0.90988,0.42469,1.09012,normal
18.06000,2.96395,-0.14884,10.64186,0.95926,0.54815,1.04074,normal
18.08000,2.61512,-0.42791,10.59535,1.00864,0.67160,0.99136,normal
18.10000,2.26628,-0.70698,10.54884,1.05802,0.79506,0.94198,normal
18.12000,1.91744,-0.98605,10.50233,4.50000,1.30000,0.20000,normal
18.14000,4.38710,9.18387,10.43548,4.25437,1.56796,0.61650,normal
18.16000,3.03226,8.32366,9.66129,3.73010,1.41262,0.63592,normal
18.18000,1.67742,7.46344,8.88710,3.20583,1.25728,0.65534,normal
18.20000,0.32258,6.60323,8.11290,2.68155,1.10194,0.67476,normal
18.22000,-1.03226,5.74301,7.33871,2.15728,0.94660,0.69417,normal
18.24000,0.66154,4.42308,8.91538,-0.31111,0.30000,1.18889,normal
18.26000,0.78462,4.66923,8.94615,-0.34286,0.30000,1.15714,normal
18.28000,0.90769,4.91538,8.97692,-0.37460,0.30000,1.12540,normal
18.30000,1.30000,3.90000,10.10000,-0.70000,0.10000,0.90000,normal
18.32000,1.56897,2.76897,9.12414,-0.29120,0.10000,0.82720,normal
18.34000,1.51724,2.21724,8.83103,-0.16320,0.10000,0.85920,normal
18.36000,1.46552,1.66552,8.53793,-0.03520,0.10000,0.89120,normal
18.38000,1.41379,1.11379,8.24483,0.09280,0.10000,0.92320,normal
18.40000,1.36207,0.56207,7.95172,0.22080,0.10000,0.95520,normal
18.42000,1.31034,0.01034,7.65862,0.34880,0.10000,0.98720,normal
18.44000,1.31446,3.02892,7.71205,1.20000,0.00870,0.50000,normal
18.46000,1.60361,3.60723,7.95301,1.20000,0.03043,0.50000,normal
18.48000,1.89277,4.18554,8.19398,1.20000,0.05217,0.50000,normal
18.50000,2.18193,4.76386,8.43494,1.20000,0.07391,0.50000,normal
18.52000,2.47108,5.34217,8.67590,1.20000,0.09565,0.50000,normal
18.54000,4.46023,4.73182,9.17500,0.50000,0.10000,1.70000,normal
18.56000,4.30114,4.45909,8.67500,0.29014,-0.16338,1.40000,normal
18.58000,4.14205,4.18636,8.17500,0.12113,-0.10704,1.40000,normal
18.60000,3.98295,3.91364,7.67500,-0.04789,-0.05070,1.40000,normal
18.62000,3.82386,3.64091,7.17500,-0.16000,0.10000,1.34000,normal
18.64000,5.04066,-4.32418,7.48132,-0.72857,0.68571,1.41429,normal
18.66000,4.20549,-2.36813,7.81099,-1.15714,0.63810,1.12857,normal
18.68000,3.37033,-0.41209,8.14066,-1.58571,0.59048,0.84286,normal
18.70000,2.53516,1.54396,8.47033,-2.01429,0.54286,0.55714,normal
18.72000,1.70000,3.50000,8.80000,-2.00000,0.50000,0.50000,normal
18.74000,5.67941,5.21912,4.88235,-1.74557,1.91519,0.54557,normal
18.76000,5.03235,5.24853,5.47059,-1.82152,1.94051,0.62152,normal
18.78000,4.38529,5.27794,6.05882,-1.89747,1.96582,0.69747,normal
18.80000,1.56000,1.10000,6.72000,-1.97342,1.99114,0.77342,normal
18.82000,-1.64186,5.64574,8.22946,-0.45500,2.34500,0.70000,normal
18.84000,-2.06047,5.10310,8.52403,-0.35500,2.44500,0.70000,normal
18.86000,-2.47907,4.56047,8.81860,-0.29043,2.50957,0.70000,normal
18.88000,-2.89767,4.01783,9.11318,-0.26915,2.53085,0.70000,normal
18.90000,-3.31628,3.47519,9.40775,-0.24787,2.55213,0.70000,normal
18.92000,-3.73488,2.93256,9.70233,-0.22660,2.57340,0.70000,normal
18.94000,-4.15349,2.38992,9.99690,-0.20532,2.59468,0.70000,normal
18.96000,-2.49091,2.83333,9.55758,-1.17612,-0.05224,-0.15224,normal
18.98000,-2.94545,0.50000,8.34545,-1.11642,0.06716,-0.03284,normal
19.00000,-3.40000,-1.83333,7.13333,-1.05672,0.18657,0.08657,normal
19.02000,-3.85455,-4.16667,5.92121,-0.20000,0.30000,0.20000,normal
19.04000,-0.50896,-2.70299,12.53134,0.45758,0.10000,0.05758,normal
19.06000,-0.92687,-1.50896,11.99403,0.85152,0.10000,0.45152,normal
19.08000,-1.34478,-0.31493,11.45672,1.24545,0.10000,0.84545,normal
19.10000,-0.50000,-0.60000,3.70000,-0.40000,-0.40000,0.00000,normal
19.12000,-3.55294,5.29059,12.97647,0.69898,0.20000,-0.40102,normal
19.14000,-4.37647,5.45529,12.38824,0.96429,0.20000,-0.13571,normal
19.16000,-5.20000,5.62000,11.80000,1.22959,0.20000,0.12959,normal
19.18000,-6.02353,5.78471,11.21176,1.49490,0.20000,0.39490,normal
19.20000,-5.94000,4.82000,8.64000,1.76020,0.20000,0.66020,normal
19.22000,-5.87407,5.21852,7.63704,0.29474,0.21053,0.30526,normal
19.24000,-6.12099,5.61358,7.76049,0.26842,0.26316,0.33158,normal
19.26000,-6.36790,6.00864,7.88395,0.24211,0.31579,0.35789,normal
19.28000,-6.61481,6.40370,8.00741,0.21579,0.36842,0.38421,normal
19.30000,-10.25000,13.15000,18.15000,-1.77273,-0.13636,-0.40000,normal
19.32000,-0.64681,-5.06596,8.92766,-0.61364,0.38182,-0.31818,normal
19.34000,-0.47660,-3.91702,9.73617,-0.13636,0.51818,-0.18182,normal
19.36000,-0.30638,-2.76809,10.54468,0.34091,0.65455,-0.04545,normal
19.38000,-0.13617,-1.61915,11.35319,0.81818,0.79091,0.09091,normal
19.40000,-2.15000,-0.20000,8.35000,0.46000,0.96000,0.26000,normal
19.42000,-4.14874,3.43109,8.33950,0.20000,0.77739,0.41130,normal
19.44000,-3.98067,2.91008,8.27227,0.20000,0.74261,0.42870,normal
19.46000,-3.81261,2.38908,8.20504,0.20000,0.70783,0.44609,normal
19.48000,-3.64454,1.86807,8.13782,0.20000,0.67304,0.46348,normal
19.50000,-3.47647,1.34706,8.07059,0.20000,0.63826,0.48087,normal
19.52000,-3.30840,0.82605,8.00336,0.20000,0.60348,0.49826,normal
19.54000,-5.04045,2.12360,9.83933,0.69423,-0.61058,0.75769,normal
19.56000,-4.29888,2.19101,9.95169,0.50192,-0.62981,0.68077,normal
19.58000,-3.55730,2.25843,10.06404,0.30962,-0.64904,0.60385,normal
19.60000,-2.81573,2.32584,10.17640,0.11731,-0.66827,0.52692,normal
19.62000,-2.07416,2.39326,10.28876,-0.07500,-0.68750,0.45000,normal
19.64000,1.65000,-2.27500,8.12500,-0.50000,-0.80000,0.00000,normal
19.66000,-0.17727,1.32273,7.30455,0.58000,-0.80000,0.14000,normal
19.68000,-0.41364,0.68636,7.17727,-0.34878,-0.80976,0.26585,normal
19.70000,-0.65000,0.05000,7.05000,-0.59268,-0.85854,0.09512,normal
19.72000,-0.88636,-0.58636,6.92273,-0.83659,-0.90732,-0.07561,normal
19.74000,-1.12273,-1.22273,6.79545,-1.08049,-0.95610,-0.24634,normal
19.76000,-1.40000,-1.70000,4.40000,-1.05000,-1.20000,-0.45000,normal
19.78000,-1.00800,-2.18133,4.53333,0.04324,-1.23514,-1.00000,normal
19.80000,-0.76800,-1.40800,5.20000,0.09730,-1.15405,-1.00000,normal
19.82000,-0.52800,-0.63467,5.86667,0.15135,-1.07297,-1.00000,normal
19.84000,-2.70000,1.90000,8.00000,0.24000,-0.98000,-0.94000,normal
19.86000,-1.10000,5.60000,14.85000,-0.48400,-0.85800,-0.31400,normal
19.88000,0.06667,4.10000,13.93333,-0.72400,-0.73800,-0.35400,normal
19.90000,2.98000,0.92000,9.62000,-0.96400,-0.61800,-0.39400,normal
19.92000,2.62500,-0.08750,12.98750,-0.53608,0.40000,-0.58969,normal
19.94000,2.66071,-0.06964,12.54107,-0.68041,0.40000,-0.54845,normal
19.96000,2.69643,-0.05179,12.09464,-0.82474,0.40000,-0.50722,normal
19.98000,2.73214,-0.03393,11.64821,-0.96907,0.40000,-0.46598,normal
20.00000,2.76786,-0.01607,11.20179,-1.11340,0.40000,-0.42474,normal
20.02000,3.60000,-0.90000,7.60000,-1.60000,0.56000,-0.24000,normal
20.04000,2.71942,-2.04757,3.29806,-2.05472,0.97547,-0.10000,normal
20.06000,2.38932,-2.33883,3.53107,-1.99811,1.06981,-0.10000,normal
20.08000,2.05922,-2.63010,3.76408,-1.94151,1.16415,-0.10000,normal
20.10000,1.72913,-2.92136,3.99709,-1.88491,1.25849,-0.10000,normal
20.12000,1.39903,-3.21262,4.23010,-1.82830,1.35283,-0.10000,normal
20.14000,-4.00000,-1.60000,9.20000,0.30000,0.90000,0.40000,normal
20.16000,-4.64198,-1.72346,9.99012,0.37059,0.82941,0.32941,normal
20.18000,-5.28395,-1.84691,10.78025,0.44118,0.75882,0.25882,normal
20.20000,-5.92593,-1.97037,11.57037,0.51176,0.68824,0.18824,normal
20.22000,-6.56790,-2.09383,12.36049,0.58235,0.61765,0.11765,normal
20.24000,-3.25161,2.00323,8.21935,0.31600,0.49200,-0.16800,normal
20.26000,-3.33763,2.17527,8.58495,0.35600,0.47200,-0.08800,normal
20.28000,-3.42366,2.34731,8.95054,0.39600,0.45200,-0.00800,normal
20.30000,-3.50968,2.51935,9.31613,0.43600,0.43200,0.07200,normal
20.32000,-3.59570,2.69140,9.68172,0.47600,0.41200,0.15200,normal
20.34000,-6.97500,1.55000,10.77500,-0.60000,0.30000,0.40000,normal
20.36000,-7.08831,1.40000,10.66753,-0.52405,0.32532,0.45063,normal
20.38000,-7.19221,1.40000,10.51169,-0.44810,0.35063,0.50127,normal
20.40000,-7.29610,1.40000,10.35584,-0.37215,0.37595,0.55190,normal
20.42000,-7.40000,1.40000,10.20000,-0.40000,0.40000,0.70000,normal
20.44000,-11.02642,3.75472,10.85660,0.76290,0.86855,0.88952,normal
20.46000,-10.47925,4.26415,10.96981,0.85968,0.82016,0.87339,normal
20.48000,-9.93208,4.77358,11.08302,0.95645,0.77177,0.85726,normal
20.50000,-9.38491,5.28302,11.19623,1.05323,0.72339,0.84113,normal
20.52000,-8.83774,5.79245,11.30943,1.15000,0.67500,0.82500,normal
20.54000,-5.90000,4.60000,9.10000,1.24677,0.62661,0.80887,normal
20.56000,-7.37333,-2.67333,8.60000,-0.10000,0.60000,0.30000,normal
20.58000,-6.27187,-0.89219,8.62969,0.12203,0.17797,0.16949,normal
20.60000,-5.08437,1.32656,8.66094,0.25763,0.04237,0.13559,normal
20.62000,-3.89687,3.54531,8.69219,0.39322,-0.09322,0.10169,normal
20.64000,-3.54255,0.56596,8.78298,-1.00000,-1.12596,0.48269,normal
20.66000,-3.64894,0.48085,8.74043,-1.00000,-1.18365,0.44423,normal
20.68000,-3.75532,0.39574,8.69787,-1.00000,-1.24135,0.40577,normal
20.70000,-3.86170,0.31064,8.65532,-1.00000,-1.29904,0.36731,normal
20.72000,-3.96809,0.22553,8.61277,-1.00000,-1.35673,0.32885,normal
20.74000,-2.15000,0.00000,9.70000,-0.30000,-1.70000,-0.20000,normal
20.76000,-1.25581,0.01163,9.78527,0.20000,-1.70000,-0.30000,normal
20.78000,-1.20930,-0.08140,9.76977,0.20000,-1.70000,-0.30000,normal
20.80000,-1.16279,-0.17442,9.75426,0.20000,-1.70000,-0.30000,normal
20.82000,-1.11628,-0.26744,9.73876,0.20000,-1.70000,-0.30000,normal
20.84000,-1.06977,-0.36047,9.72326,0.20000,-1.70000,-0.30000,normal
20.86000,-1.02326,-0.45349,9.70775,0.20000,-1.70000,-0.30000,normal
20.88000,-1.28750,0.11250,9.00000,0.42105,-1.70000,-0.17895,normal
20.90000,-0.91250,-0.17917,9.33333,0.45614,-1.70000,-0.14386,normal
20.92000,-0.53750,-0.47083,9.66667,0.49123,-1.70000,-0.10877,normal
20.94000,2.63390,1.06102,10.24746,0.80893,-2.27321,0.60893,normal
20.96000,2.80339,1.36610,10.48475,0.84464,-2.16607,0.64464,normal
20.98000,2.97288,1.67119,10.72203,0.88036,-2.05893,0.68036,normal
21.00000,4.90000,1.85000,11.15000,0.20893,-0.29107,0.70179,normal
21.02000,3.60909,0.70000,10.26364,0.29821,-0.20179,0.71964,normal
21.04000,3.50808,1.14444,10.22323,0.38750,-0.11250,0.73750,normal
21.06000,3.40707,1.58889,10.18283,0.47679,-0.02321,0.75536,normal
21.08000,3.30606,2.03333,10.14242,0.56607,0.06607,0.77321,normal
21.10000,3.20505,2.47778,10.10202,0.65536,0.15536,0.79107,normal
21.12000,3.14878,1.53171,9.28293,0.80000,0.48421,1.12368,normal
21.14000,3.00244,1.33659,9.23415,0.80000,0.43158,1.20263,normal
21.16000,2.85610,1.14146,9.18537,0.80000,0.37895,1.28158,normal
21.18000,2.70976,0.94634,9.13659,0.80000,0.32632,1.36053,normal
21.20000,3.10000,0.00000,7.90000,0.62857,0.30000,1.60000,normal
21.22000,2.49894,0.55851,8.22128,0.78409,0.18409,1.45227,normal
21.24000,2.39255,0.40957,8.34894,0.76136,0.16136,1.38409,normal
21.26000,2.28617,0.26064,8.47660,0.73864,0.13864,1.31591,normal
21.28000,2.17979,0.11170,8.60426,0.71591,0.11591,1.24773,normal
21.30000,2.04000,4.32000,8.22000,1.60000,0.20000,1.40000,normal
21.32000,4.08333,3.20000,9.95000,0.87423,0.00000,1.13711,normal
21.34000,4.46111,2.66667,9.75000,0.95670,0.00000,1.17835,normal
21.36000,4.83889,2.13333,9.55000,1.03918,0.00000,1.21959,normal
21.38000,5.21667,1.60000,9.35000,1.12165,0.00000,1.26082,normal
21.40000,2.83333,3.06667,9.06667,1.00000,-0.10000,1.30000,normal
21.42000,3.32906,3.55641,8.97094,0.90000,0.00000,1.00000,normal
21.44000,3.36325,3.50513,8.93675,0.90000,0.00000,1.00000,normal
21.46000,3.39744,3.45385,8.90256,0.90000,0.00000,1.00000,normal
21.48000,3.43162,3.40256,8.86838,0.90000,0.00000,1.00000,normal
21.50000,3.46581,3.35128,8.83419,0.90000,0.00000,1.00000,normal
21.52000,3.50000,3.30000,8.80000,0.90000,0.00000,1.00000,normal
21.54000,4.04138,2.60690,8.62759,0.27500,0.20000,1.12500,normal
21.56000,4.17931,2.62989,8.71954,0.20000,0.21212,1.20000,normal
21.58000,4.31724,2.65287,8.81149,0.20000,0.24242,1.20000,normal
21.60000,4.45517,2.67586,8.90345,0.20000,0.27273,1.20000,normal
21.62000,4.59310,2.69885,8.99540,0.16000,0.38000,1.24000,normal
21.64000,1.86923,-2.34615,8.23956,0.52593,0.10741,1.17778,normal
21.66000,2.17692,-1.88462,8.12967,0.27901,0.13210,1.10370,normal
21.68000,2.48462,-1.42308,8.01978,0.03210,0.15679,1.02963,normal
21.70000,2.79231,-0.96154,7.90989,-0.21481,0.18148,0.95556,normal
21.72000,3.10000,-0.50000,7.80000,-2.10000,0.20000,-0.50000,normal
21.74000,6.87407,-0.40185,7.00000,-1.71622,0.30000,-0.51622,normal
21.76000,6.83704,0.02407,7.00000,-1.73423,0.30000,-0.53423,normal
21.78000,6.80000,0.45000,7.00000,-1.75225,0.30000,-0.55225,normal
21.80000,6.76296,0.87593,7.00000,-1.77027,0.30000,-0.57027,normal
21.82000,6.72593,1.30185,7.00000,-1.78829,0.30000,-0.58829,normal
21.84000,5.80000,2.60000,6.00000,-0.95000,0.40000,0.10000,normal
21.86000,5.53158,3.76842,7.60000,-0.84396,0.40000,0.25604,normal
21.88000,5.32105,3.47895,7.60000,-0.77802,0.40000,0.32198,normal
21.90000,5.11053,3.18947,7.60000,-0.71209,0.40000,0.38791,normal
21.92000,4.90000,2.90000,7.60000,-0.64615,0.40000,0.45385,normal
21.94000,3.18000,1.92000,13.54000,0.22000,0.32000,0.60000,normal
21.96000,1.22973,2.46622,13.18784,0.78000,-0.11692,0.88308,normal
21.98000,2.20270,5.08784,13.97162,0.38000,-0.14769,0.85231,normal
22.00000,3.17568,7.70946,14.75541,-0.02000,-0.17846,0.82154,normal
22.02000,1.70000,5.30000,12.70000,-0.39800,-0.29700,0.90300,normal
22.04000,7.95789,-0.67368,11.47368,-0.35800,-0.23700,0.96300,normal
22.06000,7.76842,-0.90526,11.30526,-0.31800,-0.17700,1.02300,normal
22.08000,7.57895,-1.13684,11.13684,-0.27800,-0.11700,1.08300,normal
22.10000,7.38947,-1.36842,10.96842,-0.23800,-0.05700,1.14300,normal
22.12000,7.20000,-1.60000,10.80000,0.20000,0.10000,1.30000,normal
22.14000,6.32128,-1.51489,7.34894,0.51263,0.52526,0.51263,normal
22.16000,6.06596,-1.53617,7.56170,0.53368,0.56737,0.53368,normal
22.18000,5.81064,-1.55745,7.77447,0.55474,0.60947,0.55474,normal
22.20000,5.55532,-1.57872,7.98723,0.57579,0.65158,0.57579,normal
22.22000,5.30000,-1.60000,8.20000,0.59684,0.69368,0.59684,normal
22.24000,0.81429,-2.65714,12.01429,0.66593,1.08901,0.70000,normal
22.26000,0.69184,-2.31020,12.03469,0.79780,1.06703,0.70000,normal
22.28000,0.56939,-1.96327,12.05510,0.92967,1.04505,0.70000,normal
22.30000,0.44694,-1.61633,12.07551,1.06154,1.02308,0.70000,normal
22.32000,0.32449,-1.26939,12.09592,1.19341,1.00110,0.70000,normal
22.34000,-2.67031,-3.72344,6.53906,-0.34667,0.90667,0.39333,normal
22.36000,-2.82656,-2.44219,7.07031,-0.08000,0.94000,0.36000,normal
22.38000,-2.98281,-1.16094,7.60156,0.18667,0.97333,0.32667,normal
22.40000,-2.65000,1.55000,5.72500,0.90000,1.30000,0.30000,normal
22.42000,-4.46860,0.79419,7.61628,0.62439,1.60000,0.58293,normal
22.44000,-5.18953,0.63140,8.87209,0.77073,1.60000,0.68049,normal
22.46000,-5.91047,0.46860,10.12791,0.91707,1.60000,0.77805,normal
22.48000,-6.63140,0.30581,11.38372,1.06341,1.60000,0.87561,normal
22.50000,-7.45960,6.22727,11.88283,0.38058,0.09029,0.78544,normal
22.52000,-7.25758,5.86364,11.29697,0.30291,0.05146,0.72718,normal
22.54000,-7.05556,5.50000,10.71111,0.22524,0.01262,0.66893,normal
22.56000,-6.85354,5.13636,10.12525,0.14757,-0.02621,0.61068,normal
22.58000,-6.65152,4.77273,9.53939,0.06990,-0.06505,0.55243,normal
22.60000,-2.91667,2.16667,8.60000,0.60000,-0.20000,0.30000,normal
22.62000,2.03153,0.94054,10.01081,-0.75200,0.43600,0.61200,normal
22.64000,1.72523,0.83243,9.84865,-0.68800,0.48400,0.62800,normal
22.66000,1.41892,0.72432,9.68649,-0.62400,0.53200,0.64400,normal
22.68000,1.11261,0.61622,9.52432,-0.56000,0.58000,0.66000,normal
22.70000,0.80631,0.50811,9.36216,-0.49600,0.62800,0.67600,normal
22.72000,0.50000,0.40000,9.20000,-0.43200,0.67600,0.69200,normal
22.74000,-1.30000,1.70000,9.30000,0.00000,0.83333,0.63333,normal
22.76000,-1.17629,1.53505,9.34124,-0.30000,0.70000,0.71383,normal
22.78000,-1.05258,1.37010,9.38247,-0.30000,0.70000,0.73511,normal
22.80000,-0.92887,1.20515,9.42371,-0.30000,0.70000,0.75638,normal
22.82000,-0.80515,1.04021,9.46495,-0.30000,0.70000,0.77766,normal
22.84000,-0.73333,0.76667,9.43333,-0.30000,0.70000,0.79894,normal
22.86000,-1.68235,2.40000,9.78235,0.18906,0.78906,0.86719,normal
22.88000,-1.88824,2.40000,9.98824,0.15781,0.75781,0.77344,normal
22.90000,-2.09412,2.40000,10.19412,0.12656,0.72656,0.67969,normal
22.92000,-2.30000,2.40000,10.40000,-0.60000,0.50000,0.50000,normal
22.94000,-2.53956,0.04725,9.25275,-0.53725,0.26863,0.50000,normal
22.96000,-2.60549,-0.04066,9.34066,-0.45882,0.22941,0.50000,normal
22.98000,-2.67143,-0.12857,9.42857,-0.38039,0.19020,0.50000,normal
23.00000,-2.73736,-0.21648,9.51648,-0.30196,0.15098,0.50000,normal
23.02000,-1.60000,-0.60000,9.90000,-0.22353,0.11176,0.50000,normal
23.04000,3.59277,-2.34819,7.36024,0.78816,-0.59868,0.39868,normal
23.06000,3.54458,-1.33614,7.09518,0.55132,-0.57237,0.37237,normal
23.08000,3.49639,-0.32410,6.83012,0.31447,-0.54605,0.34605,normal
23.10000,3.44819,0.68795,6.56506,0.07763,-0.51974,0.31974,normal
23.12000,3.40000,1.70000,6.30000,0.20000,-0.50000,-1.10000,normal
23.14000,1.11443,-3.68144,8.10103,0.56774,-0.64839,-1.01613,normal
23.16000,1.13505,-3.08351,8.24536,0.52473,-0.71290,-1.03763,normal
23.18000,1.15567,-2.48557,8.38969,0.48172,-0.77742,-1.05914,normal
23.20000,1.17629,-1.88763,8.53402,0.43871,-0.84194,-1.08065,normal
23.22000,1.19691,-1.28969,8.67835,0.35714,-0.91429,-1.08571,normal
23.24000,-0.34400,-0.05333,8.17867,-0.17187,-1.09062,-1.50469,normal
23.26000,-0.42400,0.21333,8.68533,0.01563,-1.02812,-1.53594,normal
23.28000,-0.50400,0.48000,9.19200,0.20313,-0.96562,-1.56719,normal
23.30000,-0.58400,0.74667,9.69867,0.39063,-0.90312,-1.59844,normal
23.32000,1.33200,1.84400,10.09200,-1.19072,0.23093,-0.98454,normal
23.34000,0.91200,1.70400,10.07200,-1.12887,0.43711,-0.88144,normal
23.36000,0.49200,1.56400,10.05200,-1.06701,0.64330,-0.77835,normal
23.38000,0.07200,1.42400,10.03200,-1.00515,0.84948,-0.67526,normal
23.40000,-0.34800,1.28400,10.01200,-0.94330,1.05567,-0.57216,normal
23.42000,-3.00000,0.04000,11.46000,-0.20000,1.90000,0.00714,normal
23.44000,-3.02029,2.26087,11.67971,-0.20000,1.90000,0.07857,normal
23.46000,-3.04928,2.34783,11.65072,-0.20000,1.90000,0.15000,normal
23.48000,-3.07826,2.43478,11.62174,-0.20000,1.90000,0.22143,normal
23.50000,-2.56667,1.96667,8.63333,-0.20000,1.90000,0.29286,normal
23.52000,-2.79390,0.21829,7.70854,-1.69467,1.59467,0.60000,normal
23.54000,-3.06220,-0.58659,7.73293,-1.66800,1.56800,0.60000,normal
23.56000,-3.33049,-1.39146,7.75732,-1.64133,1.54133,0.60000,normal
23.58000,-3.59878,-2.19634,7.78171,-1.61467,1.51467,0.60000,normal
23.60000,-4.50000,0.65000,7.90000,-0.28571,0.80000,0.48571,normal
23.62000,-4.36036,0.17027,6.62973,-0.51604,0.81604,0.41604,normal
23.64000,-4.66667,-0.10000,6.90000,-0.53491,0.83491,0.43491,normal
23.66000,-4.97297,-0.37027,7.17027,-0.55377,0.85377,0.45377,normal
23.68000,-5.27928,-0.64054,7.44054,-0.57264,0.87264,0.47264,normal
23.70000,-5.58559,-0.91081,7.71081,-0.59151,0.89151,0.49151,normal
23.72000,-4.30000,1.80000,7.50000,0.70000,-0.45000,0.40000,normal
23.74000,-4.45909,1.70909,7.38636,0.45824,-0.60000,0.23736,normal
23.76000,-4.61818,1.61818,7.27273,0.41429,-0.60000,0.17143,normal
23.78000,-4.77727,1.52727,7.15909,0.37033,-0.60000,0.10549,normal
23.80000,-4.93636,1.43636,7.04545,0.32637,-0.60000,0.03956,normal
23.82000,-8.50000,3.87778,12.73333,0.55000,-0.20000,0.10000,normal
23.84000,-7.71972,5.67324,10.87746,1.22714,-0.68429,0.56857,normal
23.86000,-7.86056,5.05352,10.14507,0.91286,-0.65571,0.51143,normal
23.88000,-8.00141,4.43380,9.41268,0.59857,-0.62714,0.45429,normal
23.90000,-5.37143,5.44286,11.15714,0.28846,-0.58462,0.40000,normal
23.92000,-3.38462,2.51538,10.14615,0.05769,-0.27692,0.40000,normal
23.94000,-3.36264,2.25165,9.92637,-0.14348,0.22899,-0.01449,normal
23.96000,-3.34066,1.98791,9.70659,-0.23043,0.28696,-0.04348,normal
23.98000,-3.31868,1.72418,9.48681,-0.31739,0.34493,-0.07246,normal
24.00000,-1.90000,1.50000,9.80000,0.10000,0.40000,-0.20000,normal
24.02000,-3.90667,0.89333,7.96000,-0.31667,-0.05000,0.03333,normal
24.04000,-4.08444,1.04889,7.89333,-0.33889,-0.11667,0.07778,normal
24.06000,-4.26222,1.20444,7.82667,-0.36111,-0.18333,0.12222,normal
24.08000,-4.44000,1.36000,7.76000,-0.38333,-0.25000,0.16667,normal
24.10000,-4.80000,2.10000,7.40000,-0.70000,-0.66667,0.43333,normal
24.12000,-4.48158,0.40000,8.14474,-0.83333,-1.33333,0.50000,normal
24.14000,-4.32368,0.40000,8.33772,-0.73077,-1.38462,0.50000,normal
24.16000,-4.16579,0.40000,8.53070,-0.62821,-1.43590,0.50000,normal
24.18000,-4.00789,0.40000,8.72368,-0.52564,-1.48718,0.50000,normal
24.20000,-3.85000,0.40000,8.91667,-0.42308,-1.53846,0.50000,normal
24.22000,-3.05000,0.90000,9.15000,-0.32051,-1.58974,0.50000,normal
24.24000,-1.12326,0.79419,10.01744,0.10000,-1.80000,0.34167,normal
24.26000,-1.21628,0.77093,10.08721,0.05125,-1.80000,0.38375,normal
24.28000,-1.30930,0.74767,10.15698,-0.02375,-1.80000,0.35875,normal
24.30000,-1.40233,0.72442,10.22674,-0.09875,-1.80000,0.33375,normal
24.32000,-1.49535,0.70116,10.29651,-0.17375,-1.80000,0.30875,normal
24.34000,0.91829,2.75000,11.33415,-0.25000,-1.75000,-0.45000,normal
24.36000,1.04024,1.75000,10.89512,0.68667,-1.43200,-0.22267,normal
24.38000,1.16220,0.75000,10.45610,0.55333,-1.35200,-0.24933,normal
24.40000,1.28415,-0.25000,10.01707,0.42000,-1.27200,-0.27600,normal
24.42000,2.15000,-0.05000,10.00000,0.70000,-1.00000,-0.10000,normal
24.44000,2.47640,1.35169,10.30112,0.38889,-0.26667,0.81111,normal
24.46000,2.25169,1.08202,10.12135,0.36420,-0.19259,0.83580,normal
24.48000,2.02697,0.81236,9.94157,0.33951,-0.11852,0.86049,normal
24.50000,1.80225,0.54270,9.76180,0.31481,-0.04444,0.88519,normal
24.52000,1.10000,1.10000,10.10000,0.41667,0.30000,1.18333,normal
24.54000,2.28854,0.57604,8.66458,0.31414,0.30000,1.30000,normal
24.56000,2.39271,0.43021,8.62292,0.21313,0.30000,1.30000,normal
24.58000,2.49688,0.28437,8.58125,0.11212,0.30000,1.30000,normal
24.60000,2.60104,0.13854,8.53958,0.01111,0.30000,1.30000,normal
24.62000,2.72222,0.02222,8.40000,-0.08990,0.30000,1.30000,normal
24.64000,0.90000,-1.42326,6.70814,0.52857,0.09643,1.51786,normal
24.66000,0.90000,-0.63256,6.73140,0.71905,0.07262,1.63690,normal
24.68000,0.90000,0.15814,6.75465,0.90952,0.04881,1.75595,normal
24.70000,0.90000,0.94884,6.77791,1.10000,0.02500,1.87500,normal
24.72000,1.05000,3.45000,7.85000,1.29048,0.00119,1.99405,normal
24.74000,2.73563,1.80345,11.58851,0.96966,-0.58989,2.15955,normal
24.76000,2.57471,2.56207,11.05977,0.90225,-0.56742,2.06966,normal
24.78000,2.41379,3.32069,10.53103,0.83483,-0.54494,1.97978,normal
24.80000,2.25287,4.07931,10.00230,0.76742,-0.52247,1.88989,normal
24.82000,2.10000,3.50000,8.85000,0.70000,-0.50000,1.80000,normal
24.84000,3.52921,3.67978,10.06854,1.53627,-0.07451,1.30000,normal
24.86000,3.37191,3.63483,9.77640,1.43824,-0.03529,1.30000,normal
24.88000,3.21461,3.58989,9.48427,1.34020,0.00392,1.30000,normal
24.90000,3.05730,3.54494,9.19213,1.24216,0.04314,1.30000,normal
24.92000,2.90000,3.50000,8.90000,1.14412,0.08235,1.30000,normal
24.94000,4.22841,3.78977,9.37159,1.28049,0.71463,1.30000,normal
24.96000,4.06932,3.76705,9.53068,1.18293,0.78780,1.30000,normal
24.98000,3.91023,3.74432,9.68977,1.08537,0.86098,1.30000,normal
25.00000,3.75114,3.72159,9.84886,0.98780,0.93415,1.30000,normal
25.02000,3.70000,3.80000,9.00000,0.86000,1.02000,1.32000,normal
25.04000,2.80000,3.96333,8.58778,0.91852,1.80741,1.09259,normal
25.06000,2.80000,3.89667,8.56556,1.04198,1.85679,1.04321,normal
25.08000,2.80000,3.83000,8.54333,1.16543,1.90617,0.99383,normal
25.10000,2.80000,3.76333,8.52111,1.28889,1.95556,0.94444,normal
25.12000,2.55000,4.05000,8.35000,1.60000,2.10000,0.80000,normal
25.14000,0.85319,4.53511,7.77660,1.58681,1.56044,0.60000,normal
25.16000,0.76809,4.59894,7.73404,1.56484,1.49451,0.60000,normal
25.18000,0.68298,4.66277,7.69149,1.54286,1.42857,0.60000,normal
25.20000,0.59787,4.72660,7.64894,1.52088,1.36264,0.60000,normal
25.22000,0.51277,4.79043,7.60638,1.55000,1.25000,0.55000,normal
25.24000,-0.05312,4.27500,7.69375,0.35909,0.68636,0.78636,normal
25.26000,0.04063,5.02500,7.88125,0.26818,0.65606,0.75606,normal
25.28000,0.13438,5.77500,8.06875,0.17727,0.62576,0.72576,normal
25.30000,1.11111,5.07778,9.15556,-0.40000,0.60000,0.80000,normal
25.32000,4.62857,9.05714,8.07143,-0.43600,0.61200,0.38800,normal
25.34000,5.00952,9.31905,8.19048,-0.51600,0.63867,0.36133,normal
25.36000,5.39048,9.58095,8.30952,-0.59600,0.66533,0.33467,normal
25.38000,5.77143,9.84286,8.42857,-0.67600,0.69200,0.30800,normal
25.40000,-0.80246,6.27541,8.09754,0.27500,1.25000,0.10000,normal
25.42000,-0.81885,6.11148,8.08115,0.47407,1.06111,0.10000,normal
25.44000,-0.83525,5.94754,8.06475,0.43704,1.00556,0.10000,normal
25.46000,-0.85164,5.78361,8.04836,0.40000,0.95000,0.10000,normal
25.48000,-0.86803,5.61967,8.03197,0.36296,0.89444,0.10000,normal
25.50000,-0.88443,5.45574,8.01557,0.32593,0.83889,0.10000,normal
25.52000,-0.90000,5.70000,8.00000,0.50000,0.46667,0.06667,normal
25.54000,-0.99688,5.84688,7.10000,0.56809,0.03191,0.23191,normal
25.56000,-1.39271,5.90938,6.43333,0.52553,0.07447,0.27447,normal
25.58000,-1.78854,5.97188,5.76667,0.48298,0.11702,0.31702,normal
25.60000,-2.18438,6.03438,5.10000,0.44043,0.15957,0.35957,normal
25.62000,-2.58021,6.09688,4.43333,0.25000,0.25000,0.40000,normal
25.64000,-0.98778,3.44111,3.88556,-3.72975,-0.50496,0.08512,normal
25.66000,-0.96556,3.15222,4.04111,-3.82893,-0.52149,0.03554,normal
25.68000,-0.94333,2.86333,4.19667,-3.92810,-0.53802,-0.01405,normal
25.70000,-0.92111,2.57444,4.35222,-4.02727,-0.55455,-0.06364,normal
25.72000,-0.93333,2.23333,5.13333,-4.12645,-0.57107,-0.11322,normal
25.74000,-0.70000,2.54400,6.46800,-4.22562,-0.58760,-0.16281,normal
25.76000,-1.21429,2.51429,7.35714,-1.70000,-0.30000,-0.40000,normal
25.78000,-1.64590,2.57705,8.18197,-1.47187,-0.17187,-0.27187,normal
25.80000,-1.71148,2.54426,8.87049,-1.44062,-0.14062,-0.24062,normal
25.82000,-1.77705,2.51148,9.55902,-1.40938,-0.10938,-0.20938,normal
25.84000,-2.47176,-0.75059,7.54353,-2.89753,0.10741,0.10000,normal
25.86000,-2.37765,-0.58588,7.35529,-2.87284,0.18148,0.10000,normal
25.88000,-2.28353,-0.42118,7.16706,-2.84815,0.25556,0.10000,normal
25.90000,-2.18941,-0.25647,6.97882,-2.82346,0.32963,0.10000,normal
25.92000,-1.80000,-1.30000,6.40000,-2.90000,0.80000,0.10000,normal
25.94000,-1.23684,-0.57368,9.12105,-3.21563,2.34688,0.67813,normal
25.96000,-1.11053,-0.32105,9.16316,-3.23646,2.40938,0.78229,normal
25.98000,-0.98421,-0.06842,9.20526,-3.25729,2.47187,0.88646,normal
26.00000,-0.85789,0.18421,9.24737,-3.27812,2.53437,0.99062,normal
26.02000,-0.73158,0.43684,9.28947,-3.29896,2.59687,1.09479,normal
26.04000,-7.14222,-4.20889,7.66889,-1.45312,4.18125,2.91875,normal
26.06000,-7.49778,-4.23111,8.09111,-1.34896,4.13958,2.96042,normal
26.08000,-7.85333,-4.25333,8.51333,-1.24479,4.09792,3.00208,normal
26.10000,-8.20889,-4.27556,8.93556,-1.14062,4.05625,3.04375,normal
26.12000,-8.56444,-4.29778,9.35778,-1.03646,4.01458,3.08542,normal
26.14000,-11.44000,-4.81455,6.53455,-2.27241,2.81724,3.85517,normal
26.16000,-11.84000,-4.96000,5.88000,-2.20345,2.61034,3.99310,normal
26.18000,-12.24000,-5.10545,5.22545,-1.93611,2.54722,4.05278,normal
26.20000,-14.06000,-4.58000,5.74000,-0.30000,2.15000,3.85000,normal
26.22000,-13.40092,-3.97890,5.96606,1.05000,1.36250,2.52500,normal
26.24000,-13.23578,-3.77706,6.07615,0.97308,1.30481,2.40962,normal
26.26000,-13.07064,-3.57523,6.18624,0.89615,1.24712,2.29423,normal
26.28000,-12.90550,-3.37339,6.29633,0.81923,1.18942,2.17885,normal
26.30000,-12.74037,-3.17156,6.40642,0.74231,1.13173,2.06346,normal
26.32000,-11.40000,-2.20000,5.60000,-0.90377,0.39811,0.49717,normal
26.34000,-10.66327,-0.89184,5.45306,-0.97925,0.36038,0.44057,normal
26.36000,-10.62245,-0.99388,5.28980,-1.05472,0.32264,0.38396,normal
26.38000,-10.58163,-1.09592,5.12653,-1.13019,0.28491,0.32736,normal
26.40000,-10.54082,-1.19796,4.96327,-1.20566,0.24717,0.27075,normal
26.42000,-10.50000,-1.30000,4.80000,-1.28113,0.20943,0.21415,normal
26.44000,-8.89518,-3.20000,3.50964,-1.08144,-0.40619,-0.30000,normal
26.46000,-8.87108,-3.20000,3.55783,-1.01959,-0.42680,-0.30000,normal
26.48000,-8.84699,-3.20000,3.60602,-0.95773,-0.44742,-0.30000,normal
26.50000,-8.82289,-3.20000,3.65422,-0.89588,-0.46804,-0.30000,normal
26.52000,-8.70000,-3.20000,3.70000,-0.83402,-0.48866,-0.30000,normal
26.54000,-9.20000,-2.70000,4.00000,-0.23333,-0.40000,-0.36667,normal
26.56000,-9.47013,-2.40649,3.92338,0.00000,-0.41786,-0.51786,normal
26.58000,-9.54805,-2.30260,3.94935,0.00000,-0.44167,-0.54167,normal
26.60000,-9.62597,-2.19870,3.97532,0.00000,-0.46548,-0.56548,normal
26.62000,-9.76667,-1.90000,3.96667,0.00000,-0.48929,-0.58929,normal
26.64000,-10.00185,-1.29630,3.20370,-0.30000,-0.70000,-1.10370,normal
26.66000,-10.03889,-1.22222,3.27778,-0.30000,-0.70000,-1.14074,normal
26.68000,-10.07593,-1.14815,3.35185,-0.30000,-0.70000,-1.17778,normal
26.70000,-9.40000,-1.00000,2.90000,-0.30000,-0.70000,-1.28000,normal
26.72000,-8.96264,-0.78132,3.30000,0.00000,-0.58519,-1.08519,normal
26.74000,-8.91868,-0.75934,3.30000,0.00000,-0.56049,-1.06049,normal
26.76000,-8.87473,-0.73736,3.30000,0.00000,-0.53580,-1.03580,normal
26.78000,-8.83077,-0.71538,3.30000,0.00000,-0.51111,-1.01111,normal
26.80000,-8.40000,-1.30000,3.20000,0.10182,-0.29818,-0.69636,normal
26.82000,-8.35833,-1.32083,3.20000,0.12000,-0.28000,-0.66000,normal
26.84000,-8.31667,-1.34167,3.20000,0.13818,-0.26182,-0.62364,normal
26.86000,-8.27500,-1.36250,3.20000,0.15636,-0.24364,-0.58727,normal
26.88000,-8.23333,-1.38333,3.20000,0.17455,-0.22545,-0.55091,normal
26.90000,-8.20000,-1.40000,3.15556,0.19273,-0.20727,-0.51455,normal
26.92000,-8.20000,-1.30000,3.29870,0.51000,0.20000,-0.08000,normal
26.94000,-8.20000,-1.30000,3.27273,0.60000,0.21618,0.13235,normal
26.96000,-8.20000,-1.30000,3.24675,0.60000,0.24559,0.19118,normal
26.98000,-8.20000,-1.30000,3.22078,0.60000,0.27500,0.25000,normal
27.00000,-8.50000,-1.50000,3.20000,0.45000,0.40000,0.45000,normal
27.02000,-9.14091,-1.61364,3.40000,0.38556,0.50000,0.70000,normal
27.04000,-9.20909,-1.63636,3.40000,0.36333,0.50000,0.70000,normal
27.06000,-9.27727,-1.65909,3.40000,0.34111,0.50000,0.70000,normal
27.08000,-9.34545,-1.68182,3.40000,0.31889,0.50000,0.70000,normal
27.10000,-9.80000,-1.60000,3.70000,0.30000,0.50000,0.70000,normal
27.12000,-9.86304,-1.48152,3.60000,0.20000,0.38211,0.48211,normal
27.14000,-9.81957,-1.45978,3.60000,0.20000,0.36105,0.46105,normal
27.16000,-9.77609,-1.43804,3.60000,0.20000,0.34000,0.44000,normal
27.18000,-9.73261,-1.41630,3.60000,0.20000,0.31895,0.41895,normal
27.20000,-9.50000,-1.30000,3.70000,0.10000,0.20000,0.20000,normal
27.22000,-9.10000,-1.31364,3.90000,-0.12804,0.08598,0.00000,normal
27.24000,-9.10000,-1.33636,3.90000,-0.16542,0.06729,0.00000,normal
27.26000,-9.10000,-1.35909,3.90000,-0.20280,0.04860,0.00000,normal
27.28000,-9.10000,-1.38182,3.90000,-0.24019,0.02991,0.00000,normal
27.30000,-9.10000,-1.56000,3.82000,-0.27757,0.01121,0.00000,normal
27.32000,-9.00000,-1.80000,3.88571,-0.18000,0.00000,0.00000,normal
27.34000,-8.90000,-1.57703,3.87703,0.00000,0.00000,0.00000,normal
27.36000,-8.90000,-1.55000,3.85000,0.00000,0.00000,0.00000,normal
27.38000,-8.90000,-1.52297,3.82297,0.00000,0.00000,0.00000,normal
27.40000,-9.00000,-1.60000,3.50000,0.00000,0.00000,0.10000,normal
27.42000,-9.21277,-1.60000,3.48723,0.00000,-0.10000,0.00000,normal
27.44000,-9.23404,-1.60000,3.46596,0.00000,-0.10000,0.00000,normal
27.46000,-9.25532,-1.60000,3.44468,0.00000,-0.10000,0.00000,normal
27.48000,-9.27660,-1.60000,3.42340,0.00000,-0.10000,0.00000,normal
27.50000,-9.29787,-1.60000,3.40213,0.00000,-0.10000,0.00000,normal
27.52000,-9.19245,-1.60000,3.30000,0.00000,-0.10000,-0.20000,normal
27.54000,-9.17358,-1.60000,3.30000,0.00000,-0.10000,-0.20000,normal
27.56000,-9.15472,-1.60000,3.30000,0.00000,-0.10000,-0.20000,normal
27.58000,-9.13585,-1.60000,3.30000,0.00000,-0.10000,-0.20000,normal
27.60000,-9.11698,-1.60000,3.30000,0.00000,-0.10000,-0.20000,normal
27.62000,-9.10000,-1.60000,3.20000,0.00000,-0.10000,-0.20000,normal
27.64000,-9.00000,-1.48500,3.31500,-0.01120,-0.08880,-0.20000,normal
27.66000,-9.00000,-1.46500,3.33500,-0.02720,-0.07280,-0.20000,normal
27.68000,-9.00000,-1.44500,3.35500,-0.04320,-0.05680,-0.20000,normal
27.70000,-9.00000,-1.42500,3.37500,-0.05920,-0.04080,-0.20000,normal
27.72000,-9.00000,-1.40500,3.39500,-0.07520,-0.02480,-0.20000,normal
27.74000,-8.93478,-1.53043,3.40000,-0.09120,-0.00880,-0.20000,normal
27.76000,-11.27500,-6.05000,8.20000,-0.14000,0.06000,-0.20000,normal
27.78000,-12.41017,-4.89831,8.72203,4.49298,-0.57719,-1.09649,normal
27.80000,-13.08814,-4.11864,8.85763,4.84386,-0.71754,-1.27193,normal
27.82000,-13.76610,-3.33898,8.99322,5.19474,-0.85789,-1.44737,normal
27.84000,-10.86250,-3.59250,10.17000,3.50778,-3.41556,-2.41556,normal
27.86000,-10.61250,-3.54250,9.97000,3.53000,-3.46000,-2.46000,normal
27.88000,-10.36250,-3.49250,9.77000,3.55222,-3.50444,-2.50444,normal
27.90000,-10.11250,-3.44250,9.57000,3.57444,-3.54889,-2.54889,normal
27.92000,-8.15833,-2.05000,8.60000,3.59667,-3.59333,-2.59333,normal
27.94000,-5.57209,-1.78372,5.67907,3.26923,-3.27033,-2.39011,normal
27.96000,-5.50233,-1.99302,5.37674,3.42308,-3.20440,-2.36813,normal
27.98000,-5.43256,-2.20233,5.07442,3.57692,-3.13846,-2.34615,normal
28.00000,-5.36279,-2.41163,4.77209,3.73077,-3.07253,-2.32418,normal
28.02000,-4.70000,-0.50000,5.20000,3.88462,-3.00659,-2.30220,normal
28.04000,-4.79176,0.51529,8.75882,2.95443,-2.40000,-1.70000,normal
28.06000,-4.76824,0.84471,8.64118,2.80253,-2.40000,-1.70000,normal
28.08000,-4.74471,1.17412,8.52353,2.65063,-2.40000,-1.70000,normal
28.10000,-4.72118,1.50353,8.40588,2.49873,-2.40000,-1.70000,normal
28.12000,-3.80000,1.00000,7.50000,1.83333,-2.13333,-1.70000,normal
28.14000,-2.41489,1.93617,6.13404,1.38298,-1.76596,-1.38298,normal
28.16000,-2.30851,2.10638,6.17660,1.36170,-1.72340,-1.36170,normal
28.18000,-2.20213,2.27660,6.21915,1.34043,-1.68085,-1.34043,normal
28.20000,-2.09574,2.44681,6.26170,1.31915,-1.63830,-1.31915,normal
28.22000,-1.60000,2.60000,6.30000,1.30000,-1.30000,-1.20000,normal
28.24000,-0.37556,4.71222,4.55333,0.68315,-0.56629,-1.06629,normal
28.26000,-0.33111,4.73444,4.28667,0.66067,-0.52135,-1.02135,normal
28.28000,-0.28667,4.75667,4.02000,0.63820,-0.47640,-0.97640,normal
28.30000,-0.24222,4.77889,3.75333,0.61573,-0.43146,-0.93146,normal
28.32000,-0.30000,5.30000,3.30000,0.40000,-0.05000,-0.55000,normal
28.34000,-0.84179,3.80000,7.92985,0.31548,0.21548,0.03095,normal
28.36000,-0.90149,3.80000,8.25821,0.33929,0.23929,0.07857,normal
28.38000,-0.96119,3.80000,8.58657,0.36310,0.26310,0.12619,normal
28.40000,-2.11667,4.60000,8.61667,0.38690,0.28690,0.17381,normal
28.42000,-2.20000,4.60000,8.70000,-0.14000,0.06000,0.02000,normal
28.44000,-1.62500,4.20000,9.37500,-0.13437,0.00000,-0.10000,normal
28.46000,-1.43056,4.08889,9.45833,-0.04062,0.00000,-0.10000,normal
28.48000,-1.23611,3.97778,9.54167,0.05313,0.00000,-0.10000,normal
28.50000,-0.90000,5.30000,8.20000,0.00000,-0.10000,-0.29675,normal
28.52000,-0.88305,5.33390,8.13220,0.00000,-0.10000,-0.28049,normal
28.54000,-0.86610,5.36780,8.06441,0.00000,-0.10000,-0.26423,normal
28.56000,-0.84915,5.40169,7.99661,0.00000,-0.10000,-0.24797,normal
28.58000,-0.83220,5.43559,7.92881,0.00000,-0.10000,-0.23171,normal
28.60000,-0.81525,5.46949,7.86102,0.00000,-0.10000,-0.21545,normal
28.62000,-0.61250,5.03750,7.82500,-0.05000,-0.10000,-0.25000,normal
28.64000,-0.52247,5.21124,8.26629,0.18526,-0.08526,0.00000,normal
28.66000,-0.56742,5.23371,8.19888,0.16421,-0.06421,0.00000,normal
28.68000,-0.61236,5.25618,8.13146,0.14316,-0.04316,0.00000,normal
28.70000,-0.65730,5.27865,8.06404,0.12211,-0.02211,0.00000,normal
28.72000,-0.73333,5.20000,8.01667,0.10105,-0.00105,0.00000,normal
28.74000,0.19070,5.54419,8.39070,-0.11170,-0.18830,-0.01170,normal
28.76000,0.16744,5.40465,8.36744,-0.13298,-0.16702,-0.03298,normal
28.78000,0.14419,5.26512,8.34419,-0.15426,-0.14574,-0.05426,normal
28.80000,0.12093,5.12558,8.32093,-0.17553,-0.12447,-0.07553,normal
28.82000,-0.31000,4.79000,8.51000,-0.19681,-0.10319,-0.09681,normal
28.84000,-0.14651,4.91860,8.69070,0.10000,0.00000,-0.10000,normal
28.86000,-0.26279,4.96512,8.66744,0.10000,0.02439,-0.07561,normal
28.88000,-0.37907,5.01163,8.64419,0.10000,0.04878,-0.05122,normal
28.90000,-0.49535,5.05814,8.62093,0.10000,0.07317,-0.02683,normal
28.92000,-0.50000,4.70000,8.60000,0.10000,0.09756,-0.00244,normal
28.94000,-0.50824,4.97529,8.29176,0.00000,-0.09059,-0.00941,normal
28.96000,-0.53176,4.90471,8.26824,0.00000,-0.06706,-0.03294,normal
28.98000,-0.55529,4.83412,8.24471,0.00000,-0.04353,-0.05647,normal
29.00000,-0.57882,4.76353,8.22118,0.00000,-0.02000,-0.08000,normal
29.02000,-0.70000,4.70000,8.30000,0.00000,0.00000,-0.05000,normal
29.04000,-0.60000,4.94000,8.28667,0.00000,0.00000,-0.01294,normal
29.06000,-0.60000,5.00667,8.26444,0.00000,0.00000,-0.03647,normal
29.08000,-0.60000,5.07333,8.24222,0.00000,0.00000,-0.06000,normal
29.10000,-0.60000,5.14000,8.22000,0.00000,0.00000,-0.08353,normal
29.12000,-0.60000,4.90000,8.30000,0.00000,0.00000,-0.10000,normal
29.14000,-0.58515,5.00000,8.48515,0.10000,0.00000,0.00000,normal
29.16000,-0.56535,5.00000,8.46535,0.10000,0.00000,0.00000,normal
29.18000,-0.54554,5.00000,8.44554,0.10000,0.00000,0.00000,normal
29.20000,-0.52574,5.00000,8.42574,0.10000,0.00000,0.00000,normal
29.22000,-0.50594,5.00000,8.40594,0.10000,0.00000,0.00000,normal
29.24000,-0.30000,4.70000,8.40000,0.05000,0.05000,0.00000,normal
29.26000,-0.24533,4.92267,8.20000,0.08493,0.10000,0.01507,normal
29.28000,-0.29867,4.94933,8.20000,0.05753,0.10000,0.04247,normal
29.30000,-0.35200,4.97600,8.20000,0.03014,0.10000,0.06986,normal
29.32000,-0.25000,4.90000,8.00000,0.00274,0.10000,0.09726,normal
29.34000,-0.66753,5.06494,8.11688,0.00000,0.30000,-0.10000,normal
29.36000,-0.77143,4.85714,8.14286,0.00000,0.30000,-0.10000,normal
29.38000,-0.87532,4.64935,8.16883,0.00000,0.30000,-0.10000,normal
29.40000,-0.97922,4.44156,8.19481,0.10000,0.30000,-0.10000,normal
29.42000,-1.06542,4.92804,8.50000,0.18636,0.28636,-0.10000,normal
29.44000,-1.19626,4.98411,8.50000,0.16818,0.26818,-0.10000,normal
29.46000,-1.32710,5.04019,8.50000,0.15000,0.25000,-0.10000,normal
29.48000,-1.45794,5.09626,8.50000,0.13182,0.23182,-0.10000,normal
29.50000,-1.58879,5.15234,8.50000,0.11364,0.21364,-0.10000,normal
29.52000,-1.20000,4.90000,8.30000,0.10000,0.20000,-0.10000,normal
29.54000,-1.58000,5.38000,8.08000,0.10000,0.20000,-0.10000,normal
29.56000,-1.55143,5.35143,8.05143,0.10000,0.20000,-0.10000,normal
29.58000,-1.52286,5.32286,8.02286,0.10000,0.20000,-0.10000,normal
29.60000,-1.62727,5.23636,8.00000,0.10000,0.20000,-0.10000,normal
29.62000,-0.36311,4.49903,8.09417,0.05000,0.20000,-0.15000,normal
29.64000,-0.90680,4.82913,8.07476,0.48400,1.18933,0.68933,normal
29.66000,-1.45049,5.15922,8.05534,0.40400,1.13600,0.63600,normal
29.68000,-1.99417,5.48932,8.03592,0.32400,1.08267,0.58267,normal
29.70000,-2.53786,5.81942,8.01650,0.24400,1.02933,0.52933,normal
29.72000,-2.05000,5.40000,7.85000,-0.30000,0.30519,-0.09870,normal
29.74000,-2.00857,5.99143,7.60286,-0.30000,0.40909,-0.07273,normal
29.76000,-1.35143,5.64857,7.71714,-0.30000,0.51299,-0.04675,normal
29.78000,-0.69429,5.30571,7.83143,-0.30000,0.61688,-0.02078,normal
29.80000,-2.45556,5.90000,7.91111,-0.30000,0.40000,-0.10000,normal
29.82000,-2.81959,5.50619,7.74639,-0.18100,0.28100,-0.20000,normal
29.84000,-2.69588,5.36186,7.66392,-0.16100,0.26100,-0.20000,normal
29.86000,-2.57216,5.21753,7.58144,-0.14100,0.24100,-0.20000,normal
29.88000,-2.44845,5.07320,7.49897,-0.12100,0.22100,-0.20000,normal
29.90000,-2.32474,4.92887,7.41649,-0.10100,0.20100,-0.20000,normal
29.92000,-4.48495,5.56559,8.93118,-0.03679,-1.24906,-0.19811,normal
29.94000,-3.94731,5.47957,8.75914,-0.09340,-1.32453,-0.34906,normal
29.96000,-3.40968,5.39355,8.58710,-0.15000,-1.40000,-0.50000,normal
29.98000,-2.87204,5.30753,8.41505,-0.20660,-1.47547,-0.65094,normal
30.00000,-2.33441,5.22151,8.24301,-0.26321,-1.55094,-0.80189,normal
30.02000,1.95000,4.35000,8.90000,-0.74286,-1.24286,-0.47143,normal
30.04000,-2.22571,4.52286,8.30000,-0.10000,0.06769,-0.20000,normal
30.06000,-1.88286,4.55143,8.30000,-0.10000,-0.02462,-0.20000,normal
30.08000,-1.54000,4.58000,8.30000,-0.10000,-0.11692,-0.20000,normal
30.10000,-0.50000,4.86000,8.10000,0.00000,-0.30000,-0.10000,normal
30.12000,-0.92874,4.64828,7.81609,0.00000,-0.08500,-0.10000,normal
30.14000,-1.11264,4.71724,7.83908,0.00000,-0.06000,-0.10000,normal
30.16000,-1.29655,4.78621,7.86207,0.00000,-0.03500,-0.10000,normal
30.18000,-1.48046,4.85517,7.88506,0.00000,-0.01000,-0.10000,normal
30.20000,-1.69528,5.09434,8.09811,0.10000,0.10000,0.00000,normal
30.22000,-1.60094,4.98113,8.06038,0.08148,0.10000,-0.01852,normal
30.24000,-1.50660,4.86792,8.02264,0.06296,0.10000,-0.03704,normal
30.26000,-1.41226,4.75472,7.98491,0.04444,0.10000,-0.05556,normal
30.28000,-1.31792,4.64151,7.94717,0.02593,0.10000,-0.07407,normal
30.30000,-1.22358,4.52830,7.90943,0.00741,0.10000,-0.09259,normal
30.32000,-1.70000,4.20841,9.08318,0.20000,0.20000,-0.20481,normal
30.34000,-1.70000,4.22710,9.04579,0.20000,0.20000,-0.22404,normal
30.36000,-1.70000,4.24579,9.00841,0.20000,0.20000,-0.24327,normal
30.38000,-1.70000,4.26449,8.97103,0.20000,0.20000,-0.26250,normal
30.40000,-1.70000,4.28318,8.93364,0.20000,0.20000,-0.28173,normal
30.42000,-1.80000,4.70000,8.73333,0.20000,0.15000,-0.25000,normal
30.44000,0.82593,4.51111,7.58148,-0.09712,-0.09423,-0.29423,normal
30.46000,0.67778,4.73333,7.54444,-0.03942,0.02115,-0.17885,normal
30.48000,0.52963,4.95556,7.50741,0.01827,0.13654,-0.06346,normal
30.50000,0.38148,5.17778,7.47037,0.07596,0.25192,0.05192,normal
30.52000,0.23333,5.40000,7.43333,0.13365,0.36731,0.16731,normal
30.54000,-1.60000,5.40000,7.30000,0.19135,0.48269,0.28269,normal
30.56000,-1.83750,4.87500,6.95000,-0.38462,1.50769,0.20000,normal
30.58000,-1.96250,5.12500,7.11667,-0.28205,1.55897,0.20000,normal
30.60000,-2.08750,5.37500,7.28333,-0.35000,0.65000,-0.35000,normal
30.62000,-5.44000,4.67091,6.60636,-0.38516,0.39609,-0.45547,normal
30.64000,-5.04000,4.78000,6.77000,-0.36953,0.28672,-0.40859,normal
30.66000,-4.64000,4.88909,6.93364,-0.35391,0.17734,-0.36172,normal
30.68000,-4.24000,4.99818,7.09727,-0.33828,0.06797,-0.31484,normal
30.70000,-3.84000,5.10727,7.26091,-0.32266,-0.04141,-0.26797,normal
30.72000,-4.10000,5.60000,7.60000,-0.30703,-0.15078,-0.22109,normal
30.74000,-3.55876,4.75155,8.11134,-0.19130,-2.16522,-0.60435,normal
30.76000,-3.29072,4.58660,8.23505,-0.14783,-1.99130,-0.62609,normal
30.78000,-3.02268,4.42165,8.35876,-0.10435,-1.81739,-0.64783,normal
30.80000,-2.75464,4.25670,8.48247,-0.06087,-1.64348,-0.66957,normal
30.82000,-1.05000,3.80000,9.00000,-0.01739,-1.46957,-0.69130,normal
30.84000,-2.77590,4.50000,8.40964,0.14286,-0.45714,0.15714,normal
30.86000,-2.53494,4.50000,8.50602,-0.30000,-0.43284,-0.01642,normal
30.88000,-2.29398,4.50000,8.60241,-0.30000,-0.49254,-0.04627,normal
30.90000,-2.05301,4.50000,8.69880,-0.30000,-0.55224,-0.07612,normal
30.92000,-1.81205,4.50000,8.79518,-0.30000,-0.63077,-0.06923,normal
30.94000,-1.38571,4.02857,9.60000,-0.08718,-0.79359,-0.20000,normal
30.96000,-1.51758,4.22637,9.44615,-0.03590,-0.76795,-0.20000,normal
30.98000,-1.64945,4.42418,9.29231,0.01538,-0.74231,-0.20000,normal
31.00000,-1.78132,4.62198,9.13846,0.06667,-0.71667,-0.20000,normal
31.02000,-0.65000,4.40000,8.20000,0.14286,-0.58571,-0.38571,normal
31.04000,-0.76559,4.46882,8.36559,0.40000,-0.51474,-0.30000,normal
31.06000,-0.72258,4.55484,8.32258,0.40000,-0.53579,-0.30000,normal
31.08000,-0.67957,4.64086,8.27957,0.40000,-0.55684,-0.30000,normal
31.10000,-0.63656,4.72688,8.23656,0.40000,-0.57789,-0.30000,normal
31.12000,0.17778,5.01111,7.85556,0.40000,-0.59895,-0.30000,normal
31.14000,-0.25079,5.01270,7.13810,0.00000,-0.30000,0.00000,normal
31.16000,-0.37778,5.04444,7.23333,0.00000,-0.30000,0.00000,normal
31.18000,-0.50476,5.07619,7.32857,0.00000,-0.30000,0.00000,normal
31.20000,0.40000,4.20000,8.40000,0.16667,-0.13333,0.00000,normal
