timestamp,accel_x,accel_y,accel_z,gyro_x,gyro_y,gyro_z,label
0.00000,1.70000,5.30000,8.10000,0.00000,0.00000,0.00000,normal
0.02000,1.24706,5.14265,8.00441,-0.28219,0.18219,0.10000,normal
0.04000,1.01176,5.05441,7.85735,-0.25479,0.15479,0.10000,normal
0.06000,0.77647,4.96618,7.71029,-0.22740,0.12740,0.10000,normal
0.08000,1.00000,5.20000,7.60000,-0.20000,0.10000,0.10000,normal
0.10000,1.78807,5.11193,7.81193,-0.10530,0.00000,0.00000,normal
0.12000,1.76972,5.13028,7.83028,-0.12045,0.00000,0.00000,normal
0.14000,1.75138,5.14862,7.84862,-0.13561,0.00000,0.00000,normal
0.16000,1.73303,5.16697,7.86697,-0.15076,0.00000,0.00000,normal
0.18000,1.71468,5.18532,7.88532,-0.16591,0.00000,0.00000,normal
0.20000,1.70000,4.90303,7.80000,-0.18106,0.00000,0.00000,normal
0.22000,1.70000,4.96364,7.80000,-0.19621,0.00000,0.00000,normal
0.24000,1.67647,5.00000,7.78824,-0.10769,0.10769,0.00000,normal
0.26000,1.61765,5.00000,7.75882,-0.12967,0.12967,0.00000,normal
0.28000,1.55882,5.00000,7.72941,-0.15165,0.15165,0.00000,normal
0.30000,1.50000,5.00000,7.70000,-0.17363,0.17363,0.00000,normal
0.32000,1.03846,4.73846,7.20769,-0.19560,0.19560,0.00000,normal
0.34000,0.29041,3.53288,6.19041,-0.57273,0.33636,-0.06364,normal
0.36000,0.07123,3.99863,5.97123,-0.92037,0.37963,0.26111,normal
0.38000,-0.14795,4.46438,5.75205,-0.95741,0.34259,0.37222,normal
0.40000,-0.36712,4.93014,5.53288,-0.99444,0.30556,0.48333,normal
0.42000,-0.62273,0.58409,3.91364,-4.23261,1.23261,0.30000,normal
0.44000,-0.66818,0.15227,4.14091,-4.29783,1.29783,0.30000,normal
0.46000,-0.71364,-0.27955,4.36818,-4.36304,1.36304,0.30000,normal
0.48000,-0.75909,-0.71136,4.59545,-4.42826,1.42826,0.30000,normal
0.50000,-2.00000,-1.60000,6.50000,-4.49348,1.49348,0.30000,normal
0.52000,-1.66180,-0.57416,6.45056,-4.09362,2.03511,0.91170,normal
0.54000,-1.77416,-0.70899,6.36067,-4.26383,2.09894,0.93298,normal
0.56000,-1.88652,-0.84382,6.27079,-4.43404,2.16277,0.95426,normal
0.58000,-1.99888,-0.97865,6.18090,-4.60426,2.22660,0.97553,normal
0.60000,-2.41429,-1.72857,6.15714,-4.77447,2.29043,0.99681,normal
0.62000,-5.53636,-4.42727,7.09773,-4.00632,2.30316,2.11263,normal
0.64000,-5.80909,-4.88182,6.89318,-4.04842,2.32421,2.19684,normal
0.66000,-6.08182,-5.33636,6.68864,-4.09053,2.34526,2.28105,normal
0.68000,-6.35455,-5.79091,6.48409,-4.13263,2.36632,2.36526,normal
0.70000,-7.02500,-6.52500,6.00000,-4.17474,2.38737,2.44947,normal
0.72000,-10.91139,-8.39241,4.10253,-3.89000,2.26000,2.88000,normal
0.74000,-11.13924,-8.24051,4.15316,-3.04815,2.19136,2.90864,normal
0.76000,-11.36709,-8.08861,4.20380,-2.90000,2.16667,2.93333,normal
0.78000,-11.59494,-7.93671,4.25443,-2.75185,2.14198,2.95802,normal
0.80000,-12.10000,-7.40000,4.20000,-2.60370,2.11728,2.98272,normal
0.82000,-12.41538,-6.43077,3.40769,-1.10000,1.70000,3.00000,normal
0.84000,-12.36346,-6.36346,3.32692,-0.86875,1.43750,2.73750,normal
0.86000,-12.32500,-6.32500,3.25000,-0.82708,1.35417,2.65417,normal
0.88000,-11.20000,-5.20000,3.70000,-0.70088,0.79912,1.29735,normal
0.90000,-11.09655,-5.14828,3.66552,-0.71858,0.78142,1.24425,normal
0.92000,-10.99310,-5.09655,3.63103,-0.73628,0.76372,1.19115,normal
0.94000,-10.88966,-5.04483,3.59655,-0.75398,0.74602,1.13805,normal
0.96000,-10.78621,-4.99310,3.56207,-0.77168,0.72832,1.08496,normal
0.98000,-10.68276,-4.94138,3.52759,-0.78938,0.71062,1.03186,normal
1.00000,-9.89800,-4.59800,3.00000,-0.90248,0.19752,0.29504,normal
1.02000,-9.85800,-4.55800,3.00000,-0.91901,0.18099,0.26198,normal
1.04000,-9.81800,-4.51800,3.00000,-0.93554,0.16446,0.22893,normal
1.06000,-9.77800,-4.47800,3.00000,-0.95207,0.14793,0.19587,normal
1.08000,-9.73800,-4.43800,3.00000,-0.96860,0.13140,0.16281,normal
1.10000,-9.60000,-4.35000,2.95000,-0.98512,0.11488,0.12975,normal
1.12000,-9.10556,-4.10000,2.60556,-1.00000,0.05000,0.05000,normal
1.14000,-9.26000,-4.23000,2.04000,-1.09500,-0.20000,-0.10000,normal
1.16000,-9.34000,-4.27000,1.96000,-1.04500,-0.20000,-0.10000,normal
1.18000,-10.00000,-4.10000,1.60000,-0.98667,-0.20667,-0.10000,normal
1.20000,-10.42679,-3.75982,1.38661,-0.85333,-0.27333,-0.10000,normal
1.22000,-10.46250,-3.70625,1.36875,-0.50795,-0.30000,-0.20795,normal
1.24000,-10.49821,-3.65268,1.35089,-0.53068,-0.30000,-0.23068,normal
1.26000,-10.53393,-3.59911,1.33304,-0.55341,-0.30000,-0.25341,normal
1.28000,-10.56964,-3.54554,1.31518,-0.57614,-0.30000,-0.27614,normal
1.30000,-10.87500,-3.25000,1.15000,-0.59886,-0.30000,-0.29886,normal
1.32000,-11.12371,-3.10000,1.08763,-0.89149,-0.30000,-0.60851,normal
1.34000,-11.32990,-3.10000,1.06701,-0.87021,-0.30000,-0.62979,normal
1.36000,-11.53608,-3.10000,1.04639,-0.84894,-0.30000,-0.65106,normal
1.38000,-11.74227,-3.10000,1.02577,-0.82766,-0.30000,-0.67234,normal
1.40000,-11.94845,-3.10000,1.00515,-0.80638,-0.30000,-0.69362,normal
1.42000,-11.40118,-2.67529,1.40000,-0.00612,-0.60000,-0.30612,normal
1.44000,-11.11882,-2.60471,1.40000,-0.02653,-0.60000,-0.32653,normal
1.46000,-10.83647,-2.53412,1.40000,-0.04694,-0.60000,-0.34694,normal
1.48000,-10.55412,-2.46353,1.40000,-0.06735,-0.60000,-0.36735,normal
1.50000,-10.16000,-2.34000,1.38000,-0.08776,-0.60000,-0.38776,normal
1.52000,-9.70000,-2.19494,1.40380,-0.49750,-0.70250,-0.69750,normal
1.54000,-9.70000,-2.09367,1.47975,-0.47250,-0.72750,-0.67250,normal
1.56000,-9.70000,-1.99241,1.55570,-0.44750,-0.75250,-0.64750,normal
1.58000,-9.70000,-1.89114,1.63165,-0.42250,-0.77750,-0.62250,normal
1.60000,-9.40000,-1.40000,1.70000,-0.55000,-0.80000,-0.50000,normal
1.62000,-8.36774,-1.23226,1.60000,-0.90000,-0.78454,-0.20000,normal
1.64000,-8.32473,-1.27527,1.60000,-0.90000,-0.76392,-0.20000,normal
1.66000,-8.28172,-1.31828,1.60000,-0.90000,-0.74330,-0.20000,normal
1.68000,-8.23871,-1.36129,1.60000,-0.90000,-0.72268,-0.20000,normal
1.70000,-7.80000,-1.60000,1.60000,-0.90000,-0.70206,-0.20000,normal
1.72000,-7.35161,-1.74839,1.81613,-0.60000,-0.60000,0.20000,normal
1.74000,-7.28710,-1.81290,1.83763,-0.60000,-0.60000,0.20000,normal
1.76000,-7.22258,-1.87742,1.85914,-0.60000,-0.60000,0.20000,normal
1.78000,-7.15806,-1.94194,1.88065,-0.60000,-0.60000,0.20000,normal
1.80000,-6.80000,-2.10000,1.80000,-0.60000,-0.60000,0.20000,normal
1.82000,-6.71746,-2.71746,1.58254,-0.68235,-0.38235,0.50000,normal
1.84000,-6.74921,-2.74921,1.55079,-0.60000,-0.28537,0.51463,normal
1.86000,-6.78095,-2.78095,1.51905,-0.60000,-0.23659,0.56341,normal
1.88000,-7.35000,-3.25000,1.65000,-0.44000,0.02000,0.76000,normal
1.90000,-7.83130,-3.30000,1.56870,-0.18482,0.21518,0.91518,normal
1.92000,-7.86609,-3.30000,1.53391,-0.16696,0.23304,0.93304,normal
1.94000,-7.90087,-3.30000,1.49913,-0.14911,0.25089,0.95089,normal
1.96000,-7.93565,-3.30000,1.46435,-0.13125,0.26875,0.96875,normal
1.98000,-7.97043,-3.30000,1.42957,-0.11339,0.28661,0.98661,normal
2.00000,-8.70000,-3.50000,2.10000,0.00000,0.38000,1.00000,normal
2.02000,-8.80000,-3.60000,2.40000,0.11604,0.51604,1.00000,normal
2.04000,-8.80000,-3.60000,2.40000,0.13491,0.53491,1.00000,normal
2.06000,-8.80000,-3.60000,2.40000,0.15377,0.55377,1.00000,normal
2.08000,-8.80000,-3.60000,2.40000,0.17264,0.57264,1.00000,normal
2.10000,-8.95000,-3.65000,2.40000,0.19151,0.59151,1.00000,normal
2.12000,-10.80870,-3.49565,2.60870,0.49709,0.60000,0.59417,normal
2.14000,-10.85217,-3.47391,2.65217,0.47767,0.60000,0.55534,normal
2.16000,-10.89565,-3.45217,2.69565,0.45825,0.60000,0.51650,normal
2.18000,-10.93913,-3.43043,2.73913,0.43883,0.60000,0.47767,normal
2.20000,-10.98261,-3.40870,2.78261,0.41942,0.60000,0.43883,normal
2.22000,-12.61000,-3.73000,2.37000,0.40000,0.60000,0.40000,normal
2.24000,-13.15493,-3.80000,2.28169,0.17857,0.40000,-0.07857,normal
2.26000,-13.23944,-3.80000,2.25352,0.22787,0.40000,-0.10000,normal
2.28000,-13.32394,-3.80000,2.22535,0.26066,0.40000,-0.10000,normal
2.30000,-13.30000,-3.75000,2.17500,0.29344,0.40000,-0.10000,normal
2.32000,-10.22841,-3.30000,2.08977,0.30000,-0.10000,-0.50482,normal
2.34000,-10.06932,-3.30000,2.06705,0.30000,-0.10000,-0.55301,normal
2.36000,-9.91023,-3.30000,2.04432,0.30000,-0.10000,-0.60120,normal
2.38000,-9.75114,-3.30000,2.02159,0.30000,-0.10000,-0.64940,normal
2.40000,-9.50000,-3.40000,2.00000,0.30000,-0.10000,-0.69759,normal
2.42000,-9.96308,-2.66308,1.16308,0.58507,-0.41493,-1.10000,normal
2.44000,-9.90154,-2.60154,1.10154,0.55522,-0.44478,-1.10000,normal
2.46000,-9.84000,-2.54000,1.04000,0.52537,-0.47463,-1.10000,normal
2.48000,-8.20000,-2.96667,0.76667,0.10000,-0.50000,-1.10000,normal
2.50000,-7.92644,-3.13678,0.66322,-0.08211,-0.40000,-1.10000,normal
2.52000,-7.83448,-3.18276,0.61724,-0.06105,-0.40000,-1.10000,normal
2.54000,-7.74253,-3.22874,0.57126,-0.04000,-0.40000,-1.10000,normal
2.56000,-7.65057,-3.27471,0.52529,-0.01895,-0.40000,-1.10000,normal
2.58000,-7.30000,-3.29516,0.40484,0.04000,-0.38000,-1.08000,normal
2.60000,-7.30000,-3.27903,0.42097,0.60000,-0.20000,-0.90000,normal
2.62000,-7.30000,-3.26290,0.43710,0.62062,-0.20000,-0.87938,normal
2.64000,-7.30000,-3.24677,0.45323,0.64124,-0.20000,-0.85876,normal
2.66000,-7.30000,-3.23065,0.46935,0.66186,-0.20000,-0.83814,normal
2.68000,-7.30000,-3.21452,0.48548,0.68247,-0.20000,-0.81753,normal
2.70000,-7.30000,-3.10000,0.60000,0.70000,-0.14000,-0.80000,normal
2.72000,-7.11684,-3.13368,0.70000,0.50000,0.10000,-0.47292,normal
2.74000,-7.13789,-3.17579,0.70000,0.50000,0.10000,-0.43125,normal
2.76000,-7.15895,-3.21789,0.70000,0.50000,0.10000,-0.38958,normal
2.78000,-7.18000,-3.26000,0.70000,0.50000,0.10000,-0.34792,normal
2.80000,-7.35000,-3.35000,0.70000,0.50000,0.10000,-0.30625,normal
2.82000,-7.72069,-3.51034,1.02069,0.50000,0.40000,0.21034,normal
2.84000,-7.76667,-3.53333,1.06667,0.50000,0.40000,0.23333,normal
2.86000,-7.81264,-3.55632,1.11264,0.50000,0.40000,0.25632,normal
2.88000,-7.85862,-3.57931,1.15862,0.50000,0.40000,0.27931,normal
2.90000,-8.00000,-3.60000,1.40000,0.50000,0.50000,0.31429,normal
2.92000,-9.04891,-3.70000,1.63261,0.60000,0.60000,0.61038,normal
2.94000,-9.11413,-3.70000,1.67609,0.60000,0.60000,0.62925,normal
2.96000,-9.17935,-3.70000,1.71957,0.60000,0.60000,0.64811,normal
2.98000,-9.24457,-3.70000,1.76304,0.60000,0.60000,0.66698,normal
3.00000,-9.65000,-3.55000,2.05000,0.60000,0.60000,0.68585,normal
3.02000,-11.12532,-3.19747,2.39494,0.46000,0.60000,0.74000,normal
3.04000,-11.37848,-3.17215,2.34430,0.08462,0.60000,0.90000,normal
3.06000,-11.63165,-3.14684,2.29367,0.02308,0.60000,0.90000,normal
3.08000,-11.88481,-3.12152,2.24304,-0.03846,0.60000,0.90000,normal
3.10000,-12.94000,-3.10000,2.12000,-0.10000,0.60000,0.90000,normal
3.12000,-13.41538,-3.20000,2.80000,-0.81136,0.17727,0.88864,normal
3.14000,-13.10769,-3.20000,2.80000,-0.83409,0.13182,0.86591,normal
3.16000,-12.80000,-3.20000,2.80000,-0.85682,0.08636,0.84318,normal
3.18000,-12.49231,-3.20000,2.80000,-0.87955,0.04091,0.82045,normal
3.20000,-10.80000,-3.30000,2.60000,-0.90000,-0.10000,0.60000,normal
3.22000,-9.77761,-2.82239,2.93284,-1.00000,-0.34706,-0.14706,normal
3.24000,-9.74776,-2.85224,2.84328,-1.00000,-0.40588,-0.20588,normal
3.26000,-9.71791,-2.88209,2.75373,-1.00000,-0.46471,-0.26471,normal
3.28000,-8.19672,-2.20082,1.99918,-1.00000,-0.70000,-0.50000,normal
3.30000,-8.13115,-2.21721,1.98279,-1.22742,-0.80000,-0.60000,normal
3.32000,-8.06557,-2.23361,1.96639,-1.25968,-0.80000,-0.60000,normal
3.34000,-8.00000,-2.25000,1.95000,-1.29194,-0.80000,-0.60000,normal
3.36000,-7.93443,-2.26639,1.93361,-1.32419,-0.80000,-0.60000,normal
3.38000,-7.86885,-2.28279,1.91721,-1.35645,-0.80000,-0.60000,normal
3.40000,-7.80328,-2.29918,1.90082,-1.38871,-0.80000,-0.60000,normal
3.42000,-7.16471,-3.00000,1.58588,-1.37500,-0.70000,-0.57500,normal
3.44000,-7.04706,-3.00000,1.53882,-1.28182,-0.70000,-0.48182,normal
3.46000,-6.92941,-3.00000,1.49176,-1.25584,-0.70000,-0.45584,normal
3.48000,-6.81176,-3.00000,1.44471,-1.22987,-0.70000,-0.42987,normal
3.50000,-6.60000,-3.00000,1.35000,-1.20390,-0.70000,-0.40390,normal
3.52000,-6.42069,-3.00000,1.20000,-0.19444,-0.20000,0.00556,normal
3.54000,-6.46667,-3.00000,1.20000,-0.17222,-0.20000,0.02778,normal
3.56000,-6.51264,-3.00000,1.20000,-0.15000,-0.20000,0.05000,normal
3.58000,-6.55862,-3.00000,1.20000,-0.12778,-0.20000,0.07222,normal
3.60000,-7.00000,-3.10000,1.30000,-0.10556,-0.20000,0.09444,normal
3.62000,-8.42791,-3.10000,1.51860,0.40000,0.20723,0.50723,normal
3.64000,-8.49767,-3.10000,1.56512,0.40000,0.23133,0.53133,normal
3.66000,-8.56744,-3.10000,1.61163,0.40000,0.25542,0.55542,normal
3.68000,-8.63721,-3.10000,1.65814,0.40000,0.27952,0.57952,normal
3.70000,-8.60000,-3.20000,1.85000,0.40000,0.40000,0.70000,normal
3.72000,-8.33404,-3.20000,2.30000,0.50000,0.50000,0.68763,normal
3.74000,-8.37660,-3.20000,2.30000,0.50000,0.50000,0.66701,normal
3.76000,-8.41915,-3.20000,2.30000,0.50000,0.50000,0.64639,normal
3.78000,-8.46170,-3.20000,2.30000,0.50000,0.50000,0.62577,normal
3.80000,-8.58889,-3.20000,2.34444,0.50000,0.50000,0.60515,normal
3.82000,-10.11860,-3.20930,2.60930,0.50000,0.60000,0.60000,normal
3.84000,-10.16512,-3.23256,2.63256,0.50000,0.60000,0.60000,normal
3.86000,-10.21163,-3.25581,2.65581,0.50000,0.60000,0.60000,normal
3.88000,-10.25814,-3.27907,2.67907,0.50000,0.60000,0.60000,normal
3.90000,-10.30000,-3.40000,2.30000,0.50000,0.60000,0.60000,normal
3.92000,-11.80484,-4.34355,2.01452,0.64091,0.82727,0.71364,normal
3.94000,-12.48226,-4.44032,2.04677,0.73182,0.88788,0.74394,normal
3.96000,-13.15968,-4.53710,2.07903,0.82273,0.94848,0.77424,normal
3.98000,-13.96667,-4.53333,2.30000,1.50000,0.90000,0.90000,normal
4.00000,-12.77143,-3.48571,2.92857,1.87297,0.25946,0.43243,normal
4.02000,-12.48571,-3.34286,2.96429,1.83694,0.20541,0.34234,normal
4.04000,-12.20000,-3.20000,3.00000,1.80090,0.15135,0.25225,normal
4.06000,-11.91429,-3.05714,3.03571,1.76486,0.09730,0.16216,normal
4.08000,-11.62857,-2.91429,3.07143,1.72883,0.04324,0.07207,normal
4.10000,-10.36000,-3.52000,2.46000,2.25000,-0.55000,-1.10000,normal
4.12000,-10.48763,-4.18969,1.33505,2.65278,-0.75278,-1.21759,normal
4.14000,-10.59072,-3.94227,1.37629,2.70833,-0.80833,-1.23611,normal
4.16000,-10.69381,-3.69485,1.41753,2.76389,-0.86389,-1.25463,normal
4.18000,-10.79691,-3.44742,1.45876,2.81944,-0.91944,-1.27315,normal
4.20000,-10.90000,-3.20000,1.50000,2.87500,-0.97500,-1.29167,normal
4.22000,-9.09121,-1.81319,1.08242,2.86923,-1.20769,-1.40000,normal
4.24000,-9.04725,-1.87912,0.99451,0.58421,-1.29605,-1.49605,normal
4.26000,-9.00330,-1.94505,0.90659,0.47895,-1.26974,-1.46974,normal
4.28000,-8.95934,-2.01099,0.81868,0.37368,-1.24342,-1.44342,normal
4.30000,-8.91538,-2.07692,0.73077,0.26842,-1.21711,-1.41711,normal
4.32000,-7.29241,-2.91899,-0.71139,-1.20000,-0.90000,-1.30000,normal
4.34000,-7.24177,-3.04557,-0.78734,-1.17297,-0.84595,-1.30000,normal
4.36000,-7.19114,-3.17215,-0.86329,-1.14595,-0.79189,-1.30000,normal
4.38000,-7.14051,-3.29873,-0.93924,-1.11892,-0.73784,-1.30000,normal
4.40000,-6.80000,-3.40000,-0.70000,0.00000,-0.30000,-1.05000,normal
4.42000,-6.80000,-3.18081,-0.58081,0.43214,-0.06786,-0.78393,normal
4.44000,-6.80000,-3.16061,-0.56061,0.46786,-0.03214,-0.76607,normal
4.46000,-6.80000,-3.14040,-0.54040,0.50357,0.00357,-0.74821,normal
4.48000,-6.80000,-3.12020,-0.52020,0.53929,0.03929,-0.73036,normal
4.50000,-6.80000,-3.10000,-0.50000,0.57500,0.07500,-0.71250,normal
4.52000,-6.70909,-3.00000,0.50909,0.60000,0.61111,-0.28889,normal
4.54000,-6.73182,-3.00000,0.53182,0.60000,0.71667,-0.16667,normal
4.56000,-6.75455,-3.00000,0.55455,0.60000,0.74444,-0.11111,normal
4.58000,-6.77727,-3.00000,0.57727,0.60000,0.77222,-0.05556,normal
4.60000,-6.80000,-3.00000,0.60000,0.60000,0.80000,0.00000,normal
4.62000,-7.91875,-3.38125,2.03750,1.12258,1.10000,0.61129,normal
4.64000,-7.95000,-3.35000,2.10000,1.18710,1.10000,0.64355,normal
4.66000,-7.98125,-3.31875,2.16250,1.25161,1.10000,0.67581,normal
4.68000,-9.40000,-2.80000,3.00000,1.38333,1.18333,0.78333,normal
4.70000,-9.74779,-2.55221,2.98407,1.26697,1.10000,1.00000,normal
4.72000,-9.80088,-2.49912,2.96637,1.21193,1.10000,1.00000,normal
4.74000,-9.85398,-2.44602,2.94867,1.15688,1.10000,1.00000,normal
4.76000,-9.90708,-2.39292,2.93097,1.10183,1.10000,1.00000,normal
4.78000,-9.96018,-2.33982,2.91327,1.04679,1.10000,1.00000,normal
4.80000,-14.10000,-2.30000,3.70000,0.60000,1.10000,1.10000,normal
4.82000,-14.10000,-2.38000,3.78000,0.46667,1.08333,1.11667,normal
4.84000,-14.10000,-2.46000,3.86000,0.43158,1.06579,1.13421,normal
4.86000,-14.10000,-2.54000,3.94000,0.39649,1.04825,1.15175,normal
4.88000,-14.10000,-2.62000,4.02000,0.36140,1.03070,1.16930,normal
4.90000,-14.10000,-2.70000,4.10000,0.32632,1.01316,1.18684,normal
4.92000,-6.38571,-2.79286,3.45000,0.17500,0.81250,1.26250,normal
4.94000,-6.42338,-2.84935,3.17792,-0.49839,-0.10000,0.29677,normal
4.96000,-6.55325,-2.90130,2.94416,-0.46613,-0.10000,0.23226,normal
4.98000,-6.68312,-2.95325,2.71039,-0.43387,-0.10000,0.16774,normal
5.00000,-7.90000,-3.30000,2.00000,-0.40161,-0.10000,0.10323,normal
5.02000,-11.75000,-3.67500,2.61250,0.89881,-0.40238,-0.00119,normal
5.04000,-11.65909,-3.62955,2.63523,0.87500,-0.45000,-0.02500,normal
5.06000,-11.56818,-3.58409,2.65795,0.85119,-0.49762,-0.04881,normal
5.08000,-11.47727,-3.53864,2.68068,0.82738,-0.54524,-0.07262,normal
5.10000,-10.00000,-3.06667,2.40000,0.80357,-0.59286,-0.09643,normal
5.12000,-8.76897,-2.62299,1.56552,-0.11059,-0.50000,-1.02118,normal
5.14000,-8.90690,-2.66897,1.49655,-0.13412,-0.50000,-1.06824,normal
5.16000,-9.04483,-2.71494,1.42759,-0.15765,-0.50000,-1.11529,normal
5.18000,-9.18276,-2.76092,1.35862,-0.18118,-0.50000,-1.16235,normal
5.20000,-9.20000,-2.70000,0.50000,-0.25000,-0.45000,-1.45000,normal
5.22000,-9.16881,-2.60000,0.30000,-0.28468,-0.38468,-1.51532,normal
5.24000,-9.13211,-2.60000,0.30000,-0.26855,-0.36855,-1.53145,normal
5.26000,-9.09541,-2.60000,0.30000,-0.25242,-0.35242,-1.54758,normal
5.28000,-9.05872,-2.60000,0.30000,-0.23629,-0.33629,-1.56371,normal
5.30000,-9.02202,-2.60000,0.30000,-0.22016,-0.32016,-1.57984,normal
5.32000,-8.06667,-3.10000,1.36667,-0.20403,-0.30403,-1.59597,normal
5.34000,-7.66667,-2.88333,1.46667,0.18462,0.09231,-1.31538,normal
5.36000,-7.61111,-2.85556,1.41111,0.55625,0.25625,-1.04375,normal
5.38000,-7.55556,-2.82778,1.35556,0.61875,0.31875,-0.98125,normal
5.40000,-7.50000,-2.80000,1.30000,0.68125,0.38125,-0.91875,normal
5.42000,-7.91463,-2.29268,2.10732,1.28000,0.60000,-0.14000,normal
5.44000,-7.96341,-2.26829,2.13171,1.27397,0.60000,-0.07397,normal
5.46000,-8.01220,-2.24390,2.15610,1.24658,0.60000,-0.04658,normal
5.48000,-8.06098,-2.21951,2.18049,1.21918,0.60000,-0.01918,normal
5.50000,-8.75000,-2.20000,2.25000,0.90000,0.70000,0.20000,normal
5.52000,-8.91753,-2.21959,2.14124,0.68252,0.70000,0.30000,normal
5.54000,-9.04124,-2.24021,2.07938,0.66311,0.70000,0.30000,normal
5.56000,-9.16495,-2.26082,2.01753,0.64369,0.70000,0.30000,normal
5.58000,-9.28866,-2.28144,1.95567,0.62427,0.70000,0.30000,normal
5.60000,-9.90000,-2.60000,1.70000,0.60485,0.70000,0.30000,normal
5.62000,-12.30353,-3.30000,1.80000,0.70928,1.00309,0.90309,normal
5.64000,-12.56235,-3.30000,1.80000,0.77113,1.02371,0.92371,normal
5.66000,-12.82118,-3.30000,1.80000,0.83299,1.04433,0.94433,normal
5.68000,-13.08000,-3.30000,1.80000,0.89485,1.06495,0.96495,normal
5.70000,-13.50000,-3.30000,1.80000,0.95670,1.08557,0.98557,normal
5.72000,-11.30000,-3.30000,2.40000,1.13333,1.06667,1.13333,normal
5.74000,-11.01429,-3.24805,2.45195,1.07778,0.68889,0.97778,normal
5.76000,-10.72857,-3.19610,2.50390,1.01429,0.65714,0.91429,normal
5.78000,-10.44286,-3.14416,2.55584,0.95079,0.62540,0.85079,normal
5.80000,-9.70000,-3.20000,2.20000,0.50000,0.25000,0.15000,normal
5.82000,-10.73617,-3.40000,1.22766,0.28736,-0.02529,-0.22529,normal
5.84000,-10.77872,-3.40000,1.14255,0.26437,-0.07126,-0.27126,normal
5.86000,-10.82128,-3.40000,1.05745,0.24138,-0.11724,-0.31724,normal
5.88000,-10.86383,-3.40000,0.97234,0.21839,-0.16322,-0.36322,normal
5.90000,-10.00000,-3.30000,0.70000,0.00000,-0.50000,-0.60000,normal
5.92000,-9.12688,-3.41828,0.98172,-0.20000,-0.48506,-0.92989,normal
5.94000,-9.04086,-3.43978,0.96022,-0.20000,-0.46207,-0.97586,normal
5.96000,-8.95484,-3.46129,0.93871,-0.20000,-0.43908,-1.02184,normal
5.98000,-8.86882,-3.48280,0.91720,-0.20000,-0.41609,-1.06782,normal
6.00000,-8.30000,-3.60000,0.40000,0.12000,-0.26000,-1.20000,normal
6.02000,-8.10000,-3.57324,0.27324,0.65270,-0.18243,-1.18243,normal
6.04000,-8.10000,-3.54507,0.24507,0.73378,-0.15541,-1.15541,normal
6.06000,-8.10000,-3.51690,0.21690,0.81486,-0.12838,-1.12838,normal
6.08000,-8.23333,-3.03333,0.43333,0.89595,-0.10135,-1.10135,normal
6.10000,-7.77739,-2.52261,0.31130,0.96364,-0.10000,-0.86364,normal
6.12000,-7.74261,-2.55739,0.32870,0.88602,-0.08602,-0.78602,normal
6.14000,-7.70783,-2.59217,0.34609,0.86452,-0.06452,-0.76452,normal
6.16000,-7.67304,-2.62696,0.36348,0.84301,-0.04301,-0.74301,normal
6.18000,-7.63826,-2.66174,0.38087,0.82151,-0.02151,-0.72151,normal
6.20000,-7.60348,-2.69652,0.39826,0.80000,0.00000,-0.70000,normal
6.22000,-7.52857,-3.00000,0.50000,0.88585,0.11415,-0.38585,normal
6.24000,-7.57253,-3.00000,0.50000,0.86698,0.13302,-0.36698,normal
6.26000,-7.61648,-3.00000,0.50000,0.84811,0.15189,-0.34811,normal
6.28000,-7.66044,-3.00000,0.50000,0.82925,0.17075,-0.32925,normal
6.30000,-7.75000,-3.00000,0.50000,0.81038,0.18962,-0.31038,normal
6.32000,-8.43218,-2.90805,0.71609,0.60000,0.40000,0.20123,normal
6.34000,-8.52414,-2.93103,0.76207,0.60000,0.40000,0.22593,normal
6.36000,-8.61609,-2.95402,0.80805,0.60000,0.40000,0.25062,normal
6.38000,-8.70805,-2.97701,0.85402,0.60000,0.40000,0.27531,normal
6.40000,-8.80000,-3.00000,0.90000,0.60000,0.40000,0.30000,normal
6.42000,-10.62857,-3.10000,1.28571,0.60000,0.50000,0.70600,normal
6.44000,-10.82637,-3.10000,1.26374,0.60000,0.50000,0.72600,normal
6.46000,-11.02418,-3.10000,1.24176,0.60000,0.50000,0.74600,normal
6.48000,-11.22198,-3.10000,1.21978,0.60000,0.50000,0.76600,normal
6.50000,-11.50000,-3.06000,1.22000,0.60000,0.50000,0.78600,normal
6.52000,-12.41000,-2.80000,2.06000,0.20000,0.50000,0.80000,normal
6.54000,-12.25195,-2.80000,2.24805,0.17468,0.47468,0.77468,normal
6.56000,-12.09610,-2.80000,2.40390,0.14937,0.44937,0.74937,normal
6.58000,-11.94026,-2.80000,2.55974,0.12405,0.42405,0.72405,normal
6.60000,-11.46667,-2.86667,2.83333,0.06000,0.38000,0.68000,normal
6.62000,-9.71538,-2.30000,2.30000,-0.50000,-0.01264,0.07471,normal
6.64000,-9.73736,-2.30000,2.30000,-0.50000,-0.03563,0.02874,normal
6.66000,-9.75934,-2.30000,2.30000,-0.50000,-0.05862,-0.01724,normal
6.68000,-9.78132,-2.30000,2.30000,-0.50000,-0.08161,-0.06322,normal
6.70000,-9.90000,-2.30000,2.80000,-0.70000,-0.30000,-0.30000,normal
6.72000,-9.10685,-2.30000,2.40000,-0.90000,-0.51625,-0.40000,normal
6.74000,-8.99726,-2.30000,2.40000,-0.90000,-0.54125,-0.40000,normal
6.76000,-8.88767,-2.30000,2.40000,-0.90000,-0.56625,-0.40000,normal
6.78000,-8.30000,-2.40000,2.00000,-0.90000,-0.59125,-0.40000,normal
6.80000,-7.66522,-2.47681,2.18841,-0.99389,-0.60000,-0.40000,normal
6.82000,-7.62174,-2.44783,2.17391,-0.97863,-0.60000,-0.40000,normal
6.84000,-7.57826,-2.41884,2.15942,-0.96336,-0.60000,-0.40000,normal
6.86000,-7.53478,-2.38986,2.14493,-0.94809,-0.60000,-0.40000,normal
6.88000,-7.49130,-2.36087,2.13043,-0.93282,-0.60000,-0.40000,normal
6.90000,-7.44783,-2.33188,2.11594,-0.91756,-0.60000,-0.40000,normal
6.92000,-7.40435,-2.30290,2.10145,-0.90229,-0.60000,-0.40000,normal
6.94000,-6.58696,-2.42609,1.48696,-0.90000,-0.50000,-0.28800,normal
6.96000,-6.55797,-2.48406,1.45797,-0.90000,-0.50000,-0.26133,normal
6.98000,-6.52899,-2.54203,1.42899,-0.90000,-0.50000,-0.23467,normal
7.00000,-6.50000,-2.60000,1.40000,-0.90000,-0.50000,-0.20800,normal
7.02000,-7.84268,-2.61707,1.20854,-0.30000,-0.10000,0.35000,normal
7.04000,-7.96463,-2.66585,1.23293,-0.30000,-0.07286,0.42714,normal
7.06000,-8.08659,-2.71463,1.25732,-0.30000,-0.04429,0.45571,normal
7.08000,-8.20854,-2.76341,1.28171,-0.30000,-0.01571,0.48429,normal
7.10000,-8.70408,-3.10000,1.60408,-0.30000,0.18750,0.68750,normal
7.12000,-8.74490,-3.10000,1.64490,-0.10000,0.31589,0.90000,normal
7.14000,-8.78571,-3.10000,1.68571,-0.10000,0.33458,0.90000,normal
7.16000,-8.82653,-3.10000,1.72653,-0.10000,0.35327,0.90000,normal
7.18000,-8.86735,-3.10000,1.76735,-0.10000,0.37196,0.90000,normal
7.20000,-9.23333,-3.13333,1.93333,-0.10000,0.39065,0.90000,normal
7.22000,-9.85778,-3.20000,2.02889,0.00000,0.55000,0.95000,normal
7.24000,-9.94667,-3.20000,2.07333,0.00000,0.60000,0.88101,normal
7.26000,-10.03556,-3.20000,2.11778,0.00000,0.60000,0.85570,normal
7.28000,-10.12444,-3.20000,2.16222,0.00000,0.60000,0.83038,normal
7.30000,-10.40000,-3.30000,2.10000,0.00000,0.60000,0.80506,normal
7.32000,-14.65294,-4.00000,2.21059,0.51163,0.68837,0.69419,normal
7.34000,-14.77059,-4.00000,2.23412,0.55814,0.64186,0.67093,normal
7.36000,-14.88824,-4.00000,2.25765,0.60465,0.59535,0.64767,normal
7.38000,-15.00588,-4.00000,2.28118,0.65116,0.54884,0.62442,normal
7.40000,-12.50000,-3.70000,2.20000,0.69767,0.50233,0.60116,normal
7.42000,-10.04776,-3.22388,2.22836,0.41594,0.00000,-0.54783,normal
7.44000,-10.10746,-3.25373,2.13881,0.44493,0.00000,-0.63478,normal
7.46000,-10.16716,-3.28358,2.04925,0.47391,0.00000,-0.72174,normal
7.48000,-10.35000,-3.11250,1.47500,0.60000,-0.30000,-1.10000,normal
7.50000,-9.93119,-2.65872,1.20000,0.58644,-0.60000,-1.41356,normal
7.52000,-9.83945,-2.60367,1.20000,0.56949,-0.60000,-1.43051,normal
7.54000,-9.74771,-2.54862,1.20000,0.55254,-0.60000,-1.44746,normal
7.56000,-9.65596,-2.49358,1.20000,0.53559,-0.60000,-1.46441,normal
7.58000,-9.56422,-2.43853,1.20000,0.51864,-0.60000,-1.48136,normal
7.60000,-7.99899,-2.70303,1.09899,0.50169,-0.60000,-1.49831,normal
7.62000,-7.97879,-2.76364,1.07879,-0.01505,-0.60000,-1.50000,normal
7.64000,-7.95859,-2.82424,1.05859,-0.03656,-0.60000,-1.50000,normal
7.66000,-7.93838,-2.88485,1.03838,-0.05806,-0.60000,-1.50000,normal
7.68000,-7.91818,-2.94545,1.01818,-0.07957,-0.60000,-1.50000,normal
7.70000,-7.55000,-3.20000,0.70000,0.00000,-0.50000,-1.40000,normal
7.72000,-7.48462,-2.80000,0.40000,0.48539,-0.40000,-1.08539,normal
7.74000,-7.46264,-2.80000,0.40000,0.46292,-0.40000,-1.06292,normal
7.76000,-7.44066,-2.80000,0.40000,0.44045,-0.40000,-1.04045,normal
7.78000,-7.41868,-2.80000,0.40000,0.41798,-0.40000,-1.01798,normal
7.80000,-7.30000,-2.90000,0.30000,0.40000,-0.40000,-0.92000,normal
7.82000,-6.80000,-3.00000,0.21828,0.20000,-0.16889,-0.56889,normal
7.84000,-6.80000,-3.00000,0.23978,0.20000,-0.12444,-0.52444,normal
7.86000,-6.80000,-3.00000,0.26129,0.20000,-0.08000,-0.48000,normal
7.88000,-6.80000,-3.00000,0.28280,0.20000,-0.03556,-0.43556,normal
7.90000,-6.90000,-3.20000,0.20000,0.30000,0.40000,0.10000,normal
7.92000,-7.72796,-3.28172,0.47312,0.51698,0.51698,0.35094,normal
7.94000,-7.87849,-3.26022,0.55914,0.53585,0.53585,0.40755,normal
7.96000,-8.02903,-3.23871,0.64516,0.55472,0.55472,0.46415,normal
7.98000,-8.17957,-3.21720,0.73118,0.57358,0.57358,0.52075,normal
8.00000,-9.20000,-3.40000,0.90000,0.59245,0.59245,0.57736,normal
8.02000,-10.84878,-3.39390,1.40610,0.70000,0.80000,1.02727,normal
8.04000,-11.04390,-3.36951,1.43049,0.71429,0.90000,1.21429,normal
8.06000,-11.23902,-3.34512,1.45488,0.74286,0.90000,1.24286,normal
8.08000,-11.43415,-3.32073,1.47927,0.77143,0.90000,1.27143,normal
8.10000,-13.70000,-3.10000,1.80000,0.80000,0.90000,1.30000,normal
8.12000,-15.41594,-2.94058,2.12174,0.26338,0.96338,1.60000,normal
8.14000,-15.01014,-2.99855,2.29565,0.20704,0.90704,1.60000,normal
8.16000,-14.60435,-3.05652,2.46957,0.15070,0.85070,1.60000,normal
8.18000,-9.30000,-2.60000,3.30000,-0.35000,0.50000,1.35000,normal
8.20000,-9.89643,-2.76429,3.18393,-0.90000,0.38505,0.55514,normal
8.22000,-10.00357,-2.83571,3.16607,-0.90000,0.36636,0.49907,normal
8.24000,-10.11071,-2.90714,3.14821,-0.90000,0.34766,0.44299,normal
8.26000,-10.21786,-2.97857,3.13036,-0.90000,0.32897,0.38692,normal
8.28000,-10.32500,-3.05000,3.11250,-0.90000,0.31028,0.33084,normal
8.30000,-9.38544,-2.99126,2.69709,-0.73333,-0.06667,0.06667,normal
8.32000,-9.28835,-2.93301,2.67767,-0.50000,-0.42456,-0.11228,normal
8.34000,-9.19126,-2.87476,2.65825,-0.50000,-0.45965,-0.12982,normal
8.36000,-9.09417,-2.81650,2.63883,-0.50000,-0.49474,-0.14737,normal
8.38000,-8.99709,-2.75825,2.61942,-0.50000,-0.52982,-0.16491,normal
8.40000,-8.90000,-2.70000,2.60000,-0.50000,-0.56491,-0.18246,normal
8.42000,-8.10000,-2.45789,2.32105,-0.50000,-0.60000,-0.20000,normal
8.44000,-7.64085,-2.81972,1.84085,-1.09848,-0.80000,-0.60000,normal
8.46000,-7.55634,-2.84789,1.75634,-1.06818,-0.80000,-0.60000,normal
8.48000,-7.47183,-2.87606,1.67183,-1.03788,-0.80000,-0.60000,normal
8.50000,-7.48750,-3.11250,1.31250,-1.00758,-0.80000,-0.60000,normal
8.52000,-6.92857,-3.10000,1.20000,-0.07831,-0.47831,-0.40000,normal
8.54000,-7.00000,-3.10000,1.20000,-0.03012,-0.43012,-0.40000,normal
8.56000,-7.07143,-3.10000,1.20000,0.01807,-0.38193,-0.40000,normal
8.58000,-7.14286,-3.10000,1.20000,0.06627,-0.33373,-0.40000,normal
8.60000,-7.80000,-2.80000,1.25000,0.60000,0.00000,0.00000,normal
8.62000,-7.94000,-2.80000,1.22000,0.62000,0.02000,0.00000,normal
8.64000,-7.98211,-2.80000,1.24105,0.64000,0.04000,0.00000,normal
8.66000,-8.02421,-2.80000,1.26211,0.66000,0.06000,0.00000,normal
8.68000,-8.06632,-2.80000,1.28316,0.68000,0.08000,0.00000,normal
8.70000,-8.16667,-2.80000,1.43333,0.70000,0.10000,0.00000,normal
8.72000,-8.50000,-2.68646,1.51354,0.70000,0.30000,0.10000,normal
8.74000,-8.50000,-2.66563,1.53437,0.70000,0.30000,0.10000,normal
8.76000,-8.50000,-2.64479,1.55521,0.70000,0.30000,0.10000,normal
8.78000,-8.50000,-2.62396,1.57604,0.70000,0.30000,0.10000,normal
8.80000,-8.50000,-2.60313,1.59688,0.70000,0.30000,0.10000,normal
8.82000,-8.75000,-2.50000,2.05000,0.66667,0.33333,0.10000,normal
8.84000,-8.70000,-2.50000,2.02714,0.44615,0.45385,0.10000,normal
8.86000,-8.70000,-2.50000,2.05571,0.40000,0.50000,0.10000,normal
8.88000,-8.70000,-2.50000,2.08429,0.40000,0.50000,0.10000,normal
8.90000,-9.40000,-2.75000,2.55000,0.68000,0.70000,0.24000,normal
8.92000,-9.70215,-2.77957,2.60000,0.81910,0.70000,0.31910,normal
8.94000,-9.80968,-2.75806,2.60000,0.84157,0.70000,0.34157,normal
8.96000,-9.91720,-2.73656,2.60000,0.86404,0.70000,0.36404,normal
8.98000,-10.02473,-2.71505,2.60000,0.88652,0.70000,0.38652,normal
9.00000,-12.50808,-2.70101,1.89899,0.79545,0.80000,0.50000,normal
9.02000,-12.66970,-2.72121,1.87879,0.77727,0.80000,0.50000,normal
9.04000,-12.83131,-2.74141,1.85859,0.75909,0.80000,0.50000,normal
9.06000,-12.99293,-2.76162,1.83838,0.74091,0.80000,0.50000,normal
9.08000,-13.15455,-2.78182,1.81818,0.72273,0.80000,0.50000,normal
9.10000,-13.30000,-2.85714,1.71429,0.70455,0.80000,0.50000,normal
9.12000,-9.44286,-3.21905,1.26190,0.70990,0.30000,-0.20990,normal
9.14000,-9.30000,-3.26667,1.16667,0.74950,0.30000,-0.24950,normal
9.16000,-9.15714,-3.31429,1.07143,0.78911,0.30000,-0.28911,normal
9.18000,-9.01429,-3.36190,0.97619,0.82871,0.30000,-0.32871,normal
9.20000,-8.99091,-3.40000,0.88182,0.86832,0.30000,-0.36832,normal
9.22000,-10.20000,-3.20000,0.80000,1.20000,-0.00000,-0.60000,normal
9.24000,-10.34900,-2.50000,0.54900,1.03235,-0.15588,-0.60000,normal
9.26000,-10.28900,-2.50000,0.48900,0.88507,-0.20746,-0.60746,normal
9.28000,-10.22900,-2.50000,0.42900,0.82537,-0.23731,-0.63731,normal
9.30000,-10.16900,-2.50000,0.36900,0.76567,-0.26716,-0.66716,normal
9.32000,-10.10900,-2.50000,0.30900,0.70597,-0.29701,-0.69701,normal
9.34000,-9.63433,-2.91642,-0.31642,0.40000,-0.30000,-0.91831,normal
9.36000,-9.51493,-2.94627,-0.34627,0.40000,-0.30000,-0.94648,normal
9.38000,-9.39552,-2.97612,-0.37612,0.40000,-0.30000,-0.97465,normal
9.40000,-8.70000,-3.10000,-0.15000,0.50000,-0.30000,-1.00000,normal
9.42000,-8.26889,-2.78444,-0.18444,1.00000,-0.20000,-0.90000,normal
9.44000,-8.22444,-2.76222,-0.16222,1.00000,-0.20000,-0.90000,normal
9.46000,-8.18000,-2.74000,-0.14000,1.00000,-0.20000,-0.90000,normal
9.48000,-8.13556,-2.71778,-0.11778,1.00000,-0.20000,-0.90000,normal
9.50000,-7.85000,-2.60000,-0.15000,1.00000,-0.20000,-0.90000,normal
9.52000,-7.60000,-2.60000,-0.20000,0.70000,-0.10000,-0.80000,normal
9.54000,-7.60000,-2.60000,-0.20000,0.70000,-0.10000,-0.80000,normal
9.56000,-7.60000,-2.60000,-0.20000,0.70000,-0.10000,-0.80000,normal
9.58000,-7.90171,-2.79829,-0.09658,0.61000,-0.10000,-0.80000,normal
9.60000,-7.91880,-2.78120,-0.06239,0.60000,0.11308,-0.47383,normal
9.62000,-7.93590,-2.76410,-0.02821,0.60000,0.13178,-0.43645,normal
9.64000,-7.95299,-2.74701,0.00598,0.60000,0.15047,-0.39907,normal
9.66000,-7.97009,-2.72991,0.04017,0.60000,0.16916,-0.36168,normal
9.68000,-7.98718,-2.71282,0.07436,0.60000,0.18785,-0.32430,normal
9.70000,-8.00000,-2.90000,0.40000,0.60000,0.30294,0.10588,normal
9.72000,-8.02041,-2.94082,0.44082,0.60000,0.32255,0.14510,normal
9.74000,-8.04082,-2.98163,0.48163,0.60000,0.34216,0.18431,normal
9.76000,-8.06122,-3.02245,0.52245,0.60000,0.36176,0.22353,normal
9.78000,-8.08163,-3.06327,0.56327,0.60000,0.38137,0.26275,normal
9.80000,-8.40000,-3.20000,0.90000,0.65000,0.45000,0.35000,normal
9.82000,-9.34667,-2.98444,1.73111,1.10000,0.50870,0.80000,normal
9.84000,-9.41333,-2.96222,1.77556,1.10000,0.53043,0.80000,normal
9.86000,-9.48000,-2.94000,1.82000,1.10000,0.55217,0.80000,normal
9.88000,-9.54667,-2.91778,1.86444,1.10000,0.57391,0.80000,normal
9.90000,-11.30000,-2.90000,2.10000,1.10000,0.59565,0.80000,normal
9.92000,-11.95814,-3.01047,2.82093,0.59877,0.59877,1.20000,normal
9.94000,-11.86512,-3.03372,2.86744,0.57407,0.57407,1.20000,normal
9.96000,-11.77209,-3.05698,2.91395,0.54938,0.54938,1.20000,normal
9.98000,-11.67907,-3.08023,2.96047,0.52469,0.52469,1.20000,normal
10.00000,-9.40000,-3.00000,3.60000,0.50000,0.50000,1.20000,normal
10.02000,-8.11461,-3.00000,2.79775,-0.10500,-0.10500,0.48500,normal
10.04000,-8.13708,-3.00000,2.64045,-0.13000,-0.13000,0.41000,normal
10.06000,-8.15955,-3.00000,2.48315,-0.15500,-0.15500,0.33500,normal
10.08000,-8.18202,-3.00000,2.32584,-0.18000,-0.18000,0.26000,normal
10.10000,-10.45000,-3.10000,1.95000,0.00000,-0.40000,-0.30000,normal
10.12000,-11.30761,-2.83696,1.88152,-0.01875,-0.51875,-0.31875,normal
10.14000,-11.19891,-2.88043,1.85978,-0.03958,-0.53958,-0.33958,normal
10.16000,-11.09022,-2.92391,1.83804,-0.06042,-0.56042,-0.36042,normal
10.18000,-10.98152,-2.96739,1.81630,-0.08125,-0.58125,-0.38125,normal
10.20000,-8.40000,-3.30000,1.80000,-0.35000,-0.60000,-0.50000,normal
10.22000,-8.31549,-3.32817,1.71549,-0.04074,-0.28025,-0.81975,normal
10.24000,-8.23099,-3.35634,1.63099,0.03333,-0.25556,-0.84444,normal
10.26000,-8.14648,-3.38451,1.54648,0.10741,-0.23086,-0.86914,normal
10.28000,-8.50000,-3.30000,1.10000,0.18148,-0.20617,-0.89383,normal
10.30000,-8.90000,-2.47714,1.30762,0.90000,-0.10000,-0.90000,normal
10.32000,-8.90000,-2.42000,1.32667,0.88929,-0.08929,-0.78929,normal
10.34000,-8.90000,-2.36286,1.34571,0.86548,-0.06548,-0.76548,normal
10.36000,-8.90000,-2.30571,1.36476,0.84167,-0.04167,-0.74167,normal
10.38000,-8.90000,-2.24857,1.38381,0.81786,-0.01786,-0.71786,normal
10.40000,-8.50000,-2.40000,1.70000,0.50000,0.10000,-0.50000,normal
10.42000,-7.98125,-2.51875,1.48125,0.50000,0.11869,-0.48131,normal
10.44000,-7.96042,-2.53958,1.46042,0.50000,0.13738,-0.46262,normal
10.46000,-7.93958,-2.56042,1.43958,0.50000,0.15607,-0.44393,normal
10.48000,-7.91875,-2.58125,1.41875,0.50000,0.17477,-0.42523,normal
10.50000,-7.85000,-2.65000,1.30000,0.50000,0.19346,-0.40654,normal
10.52000,-8.30000,-2.50732,1.70000,0.80000,0.60000,0.00244,normal
10.54000,-8.30000,-2.53171,1.70000,0.80000,0.60000,0.02683,normal
10.56000,-8.30000,-2.55610,1.70000,0.80000,0.60000,0.05122,normal
10.58000,-8.30000,-2.58049,1.70000,0.80000,0.60000,0.07561,normal
10.60000,-8.40000,-2.70000,1.90000,0.80000,0.60000,0.10000,normal
10.62000,-8.58764,-2.81461,2.02921,0.90000,0.80000,0.41091,normal
10.64000,-8.72247,-2.83708,2.07416,0.90000,0.80000,0.42909,normal
10.66000,-8.85730,-2.85955,2.11910,0.90000,0.80000,0.44727,normal
10.68000,-8.99213,-2.88202,2.16404,0.90000,0.80000,0.46545,normal
10.70000,-10.00000,-2.88000,2.32000,0.90000,0.80000,0.48364,normal
10.72000,-10.34375,-2.35625,2.70625,0.90000,0.80000,0.50000,normal
10.74000,-10.68750,-2.26250,2.88333,0.14444,0.80000,0.48889,normal
10.76000,-10.93750,-2.34583,2.99444,-0.01429,0.80000,0.45714,normal
10.78000,-11.18750,-2.42917,3.10556,-0.17302,0.80000,0.42540,normal
10.80000,-13.00000,-3.70000,2.20000,-0.46000,0.72000,0.40000,normal
10.82000,-13.04516,-4.61828,1.44516,0.26316,0.18737,0.28737,normal
10.84000,-12.98065,-4.63978,1.38065,0.36842,0.16632,0.26632,normal
10.86000,-12.91613,-4.66129,1.31613,0.47368,0.14526,0.24526,normal
10.88000,-12.85161,-4.68280,1.25161,0.57895,0.12421,0.22421,normal
10.90000,-11.90000,-4.20000,1.40000,0.68421,0.10316,0.20316,normal
10.92000,-9.88197,-3.30000,1.86721,1.00000,-0.10000,-0.73188,normal
10.94000,-10.04590,-3.30000,1.80164,1.00000,-0.10000,-0.78986,normal
10.96000,-10.20984,-3.30000,1.73607,1.00000,-0.10000,-0.84783,normal
10.98000,-10.53750,-3.11250,1.13750,1.10000,-0.40000,-1.05000,normal
11.00000,-9.50455,-2.28636,0.98636,0.85887,-0.61371,-1.11371,normal
11.02000,-9.37727,-2.26818,0.96818,0.81048,-0.62984,-1.12984,normal
11.04000,-9.25000,-2.25000,0.95000,0.76210,-0.64597,-1.14597,normal
11.06000,-9.12273,-2.23182,0.93182,0.71371,-0.66210,-1.16210,normal
11.08000,-8.99545,-2.21364,0.91364,0.66532,-0.67823,-1.17823,normal
11.10000,-8.90000,-2.47500,0.77500,0.61694,-0.69435,-1.19435,normal
11.12000,-8.58554,-2.80723,0.47831,0.17059,-0.60000,-1.26471,normal
11.14000,-8.53735,-2.83133,0.40602,-0.01204,-0.60000,-1.30000,normal
11.16000,-8.48916,-2.85542,0.33373,-0.03056,-0.60000,-1.30000,normal
11.18000,-8.44096,-2.87952,0.26145,-0.04907,-0.60000,-1.30000,normal
11.20000,-8.20000,-2.80000,0.10000,-0.06759,-0.60000,-1.30000,normal
11.22000,-7.53158,-2.80000,0.04211,-0.08611,-0.60000,-1.30000,normal
11.24000,-7.32105,-2.80000,0.09474,0.10000,-0.40000,-1.10000,normal
11.26000,-7.23455,-2.80000,0.10000,0.30000,-0.25926,-0.77963,normal
11.28000,-7.16182,-2.80000,0.10000,0.30000,-0.18519,-0.74259,normal
11.30000,-6.90000,-2.82500,0.10000,0.30000,-0.11111,-0.70556,normal
11.32000,-6.81163,-2.91163,0.31163,0.40000,0.20805,-0.08391,normal
11.34000,-6.83488,-2.93488,0.33488,0.40000,0.23103,-0.03793,normal
11.36000,-6.85814,-2.95814,0.35814,0.40000,0.25402,0.00805,normal
11.38000,-6.88140,-2.98140,0.38140,0.40000,0.27701,0.05402,normal
11.40000,-7.80000,-3.20000,0.75000,0.40000,0.30000,0.10000,normal
11.42000,-8.25745,-3.41915,0.90000,0.40000,0.61100,0.81100,normal
11.44000,-8.32128,-3.44043,0.90000,0.40000,0.63100,0.83100,normal
11.46000,-8.38511,-3.46170,0.90000,0.40000,0.65100,0.85100,normal
11.48000,-8.44894,-3.48298,0.90000,0.40000,0.67100,0.87100,normal
11.50000,-8.54000,-3.54000,0.98000,0.40000,0.69100,0.89100,normal
11.52000,-9.41000,-3.70500,1.51000,0.40000,0.70000,0.98462,normal
11.54000,-9.46000,-3.73000,1.56000,0.30000,0.90000,1.10000,normal
11.56000,-9.51000,-3.75500,1.61000,0.30000,0.90000,1.10000,normal
11.58000,-9.56000,-3.78000,1.66000,0.30000,0.90000,1.10000,normal
11.60000,-10.90000,-3.75000,2.20000,0.60000,0.90000,1.10000,normal
11.62000,-12.13043,-3.34783,2.45217,0.67722,0.90000,1.10000,normal
11.64000,-12.27536,-3.28986,2.51014,0.65190,0.90000,1.10000,normal
11.66000,-12.42029,-3.23188,2.56812,0.62658,0.90000,1.10000,normal
11.68000,-12.96667,-2.96667,2.76667,0.60127,0.90000,1.10000,normal
11.70000,-13.16909,-2.71455,2.88545,-0.02524,0.27476,0.67476,normal
11.72000,-13.00545,-2.73273,2.86727,-0.06408,0.23592,0.63592,normal
11.74000,-12.84182,-2.75091,2.84909,-0.10291,0.19709,0.59709,normal
11.76000,-12.67818,-2.76909,2.83091,-0.14175,0.15825,0.55825,normal
11.78000,-12.51455,-2.78727,2.81273,-0.18058,0.11942,0.51942,normal
11.80000,-10.38200,-2.89700,2.49700,-0.40000,-0.40087,-0.10261,normal
11.82000,-10.26200,-2.87700,2.47700,-0.40000,-0.41826,-0.15478,normal
11.84000,-10.14200,-2.85700,2.45700,-0.40000,-0.43565,-0.20696,normal
11.86000,-10.02200,-2.83700,2.43700,-0.40000,-0.45304,-0.25913,normal
11.88000,-9.90200,-2.81700,2.41700,-0.40000,-0.47043,-0.31130,normal
11.90000,-9.82727,-2.69091,2.29091,-0.40000,-0.48783,-0.36348,normal
11.92000,-10.50000,-2.30000,1.90000,-0.45455,-0.55455,-0.50909,normal
11.94000,-10.27333,-2.27467,1.57467,-0.61143,-0.90000,-1.01143,normal
11.96000,-10.14000,-2.24800,1.54800,-0.64000,-0.90000,-1.04000,normal
11.98000,-10.00667,-2.22133,1.52133,-0.66857,-0.90000,-1.06857,normal
12.00000,-9.80000,-2.15000,1.55000,-0.69714,-0.90000,-1.09714,normal
12.02000,-8.66292,-2.21236,1.21236,-0.88737,-0.88737,-1.20000,normal
12.04000,-8.59551,-2.23483,1.23483,-0.86632,-0.86632,-1.20000,normal
12.06000,-8.52809,-2.25730,1.25730,-0.84526,-0.84526,-1.20000,normal
12.08000,-8.46067,-2.27978,1.27978,-0.82421,-0.82421,-1.20000,normal
12.10000,-8.00000,-2.30000,1.30000,-0.80316,-0.80316,-1.20000,normal
12.12000,-6.48276,-2.29138,1.40000,-0.29134,-0.59134,-0.69134,normal
12.14000,-6.44828,-2.27414,1.40000,-0.27559,-0.57559,-0.67559,normal
12.16000,-6.41379,-2.25690,1.40000,-0.25984,-0.55984,-0.65984,normal
12.18000,-6.37931,-2.23966,1.40000,-0.24409,-0.54409,-0.64409,normal
12.20000,-6.34483,-2.22241,1.40000,-0.22835,-0.52835,-0.62835,normal
12.22000,-6.31034,-2.20517,1.40000,-0.21260,-0.51260,-0.61260,normal
12.24000,-5.92222,-2.11481,1.41481,-0.25000,-0.40000,-0.30000,normal
12.26000,-5.97778,-2.15185,1.45185,-0.30000,-0.19358,0.21284,normal
12.28000,-6.03333,-2.18889,1.48889,-0.30000,-0.17523,0.24954,normal
12.30000,-6.08889,-2.22593,1.52593,-0.30000,-0.15688,0.28624,normal
12.32000,-6.14444,-2.26296,1.56296,-0.30000,-0.13853,0.32294,normal
12.34000,-6.20000,-2.30000,1.60000,-0.30000,-0.12018,0.35963,normal
12.36000,-7.68235,-2.61373,1.60000,-0.30000,-0.10183,0.39633,normal
12.38000,-7.91765,-2.65294,1.60000,-0.20000,0.30000,1.22500,normal
12.40000,-8.15294,-2.69216,1.60000,-0.20000,0.30000,1.28056,normal
12.42000,-9.55422,-3.10000,2.10000,0.00886,0.70000,1.69114,normal
12.44000,-9.67470,-3.10000,2.10000,0.03418,0.70000,1.66582,normal
12.46000,-9.79518,-3.10000,2.10000,0.05949,0.70000,1.64051,normal
12.48000,-9.91566,-3.10000,2.10000,0.08481,0.70000,1.61519,normal
12.50000,-11.00408,-3.00102,2.09898,-0.00427,0.70000,1.49573,normal
12.52000,-11.08571,-3.02143,2.07857,-0.02137,0.70000,1.47863,normal
12.54000,-11.16735,-3.04184,2.05816,-0.03846,0.70000,1.46154,normal
12.56000,-11.24898,-3.06224,2.03776,-0.05556,0.70000,1.44444,normal
12.58000,-11.33061,-3.08265,2.01735,-0.07265,0.70000,1.42735,normal
12.60000,-11.80000,-3.20000,2.00000,-0.08974,0.70000,1.41026,normal
12.62000,-13.80000,-4.10000,2.20000,-0.20000,0.78571,1.11429,normal
12.64000,-13.43158,-4.04737,2.22632,0.20313,0.59375,0.79375,normal
12.66000,-13.06316,-3.99474,2.25263,0.23438,0.53125,0.73125,normal
12.68000,-12.69474,-3.94211,2.27895,0.26562,0.46875,0.66875,normal
12.70000,-9.90000,-3.80000,2.40000,0.29688,0.40625,0.60625,normal
12.72000,-10.03837,-3.74884,2.28721,0.62558,0.08721,-0.62558,normal
12.74000,-10.10814,-3.65581,2.26395,0.67209,0.06395,-0.67209,normal
12.76000,-10.17791,-3.56279,2.24070,0.71860,0.04070,-0.71860,normal
12.78000,-10.24767,-3.46977,2.21744,0.76512,0.01744,-0.76512,normal
12.80000,-10.10000,-2.40000,1.80000,0.70000,-0.50000,-1.30000,normal
12.82000,-9.76170,-2.41915,1.58085,0.36000,-0.62000,-1.42000,normal
12.84000,-9.71915,-2.44043,1.55957,0.31789,-0.64105,-1.44105,normal
12.86000,-9.67660,-2.46170,1.53830,0.27579,-0.66211,-1.46211,normal
12.88000,-9.63404,-2.48298,1.51702,0.23368,-0.68316,-1.48316,normal
12.90000,-8.90000,-2.70000,1.00000,-0.10000,-0.80000,-1.60000,normal
12.92000,-8.46383,-2.58191,0.56383,-0.10000,-0.70000,-1.70000,normal
12.94000,-8.42128,-2.56064,0.52128,-0.10000,-0.70000,-1.70000,normal
12.96000,-8.37872,-2.53936,0.47872,-0.10000,-0.70000,-1.70000,normal
12.98000,-8.33617,-2.51809,0.43617,-0.10000,-0.70000,-1.70000,normal
13.00000,-8.20000,-2.50000,0.36667,-0.10000,-0.70000,-1.70000,normal
13.02000,-7.78571,-2.80000,0.30000,-0.10000,-0.70000,-1.70000,normal
13.04000,-7.66000,-2.78000,0.28000,0.20333,-0.40000,-1.39667,normal
13.06000,-7.60286,-2.75143,0.25143,0.27000,-0.40000,-1.33000,normal
13.08000,-7.54571,-2.72286,0.22286,0.33667,-0.40000,-1.26333,normal
13.10000,-7.10000,-2.50000,0.10000,0.45000,-0.35000,-1.15000,normal
13.12000,-6.90000,-2.71518,0.20000,0.40000,0.01273,-0.47455,normal
13.14000,-6.90000,-2.73304,0.20000,0.40000,0.03091,-0.43818,normal
13.16000,-6.90000,-2.75089,0.20000,0.40000,0.04909,-0.40182,normal
13.18000,-6.90000,-2.76875,0.20000,0.40000,0.06727,-0.36545,normal
13.20000,-6.90000,-2.78661,0.20000,0.40000,0.08545,-0.32909,normal
13.22000,-7.55000,-2.95000,0.40000,0.30000,0.35000,0.30000,normal
13.24000,-7.72297,-3.02297,0.42297,0.30000,0.42262,0.44524,normal
13.26000,-7.75000,-3.05000,0.45000,0.30000,0.44643,0.49286,normal
13.28000,-7.77703,-3.07703,0.47703,0.30000,0.47024,0.54048,normal
13.30000,-8.32500,-3.35000,0.62500,0.30000,0.49405,0.58810,normal
13.32000,-10.35714,-3.78095,1.42857,0.80103,0.80103,1.40000,normal
13.34000,-10.50000,-3.73333,1.50000,0.82165,0.82165,1.40000,normal
13.36000,-10.64286,-3.68571,1.57143,0.84227,0.84227,1.40000,normal
13.38000,-10.78571,-3.63810,1.64286,0.86289,0.86289,1.40000,normal
13.40000,-11.43333,-3.53333,1.76667,0.88351,0.88351,1.40000,normal
13.42000,-14.30000,-2.70000,2.00000,0.78000,0.90000,1.50000,normal
13.44000,-13.05139,-2.87083,2.51806,0.19273,0.79636,1.59818,normal
13.46000,-12.52361,-2.95417,2.65694,0.04727,0.72364,1.56182,normal
13.48000,-11.99583,-3.03750,2.79583,-0.09818,0.65091,1.52545,normal
13.50000,-9.70000,-3.70000,3.20000,-0.60000,0.50000,1.10000,normal
13.52000,-9.70000,-3.72105,3.20000,-0.44725,0.18242,0.66484,normal
13.54000,-9.70000,-3.74211,3.20000,-0.38132,0.16044,0.62088,normal
13.56000,-9.70000,-3.76316,3.20000,-0.31538,0.13846,0.57692,normal
13.58000,-9.70000,-3.78421,3.20000,-0.24945,0.11648,0.53297,normal
13.60000,-9.70000,-3.00000,2.90000,-0.01250,0.03750,0.37500,normal
13.62000,-9.54255,-2.88085,2.78085,0.28602,-0.41398,-0.12796,normal
13.64000,-9.47872,-2.85957,2.75957,0.26452,-0.43548,-0.17097,normal
13.66000,-9.41489,-2.83830,2.73830,0.24301,-0.45699,-0.21398,normal
13.68000,-9.35106,-2.81702,2.71702,0.22151,-0.47849,-0.25699,normal
13.70000,-9.10000,-2.80000,2.63333,0.20000,-0.50000,-0.30000,normal
13.72000,-7.95873,-2.62063,1.87937,0.00000,-0.60000,-0.70000,normal
13.74000,-7.89524,-2.65238,1.84762,0.00000,-0.60000,-0.70000,normal
13.76000,-7.83175,-2.68413,1.81587,0.00000,-0.60000,-0.70000,normal
13.78000,-7.45455,-2.87273,1.80000,0.00000,-0.60000,-0.70000,normal
13.80000,-7.83168,-2.78416,1.60000,0.50109,-0.49891,-0.70000,normal
13.82000,-7.91089,-2.74455,1.60000,0.52283,-0.47717,-0.70000,normal
13.84000,-7.99010,-2.70495,1.60000,0.54457,-0.45543,-0.70000,normal
13.86000,-8.06931,-2.66535,1.60000,0.56630,-0.43370,-0.70000,normal
13.88000,-8.14851,-2.62574,1.60000,0.58804,-0.41196,-0.70000,normal
13.90000,-7.90000,-2.30202,1.59798,0.49455,-0.39455,-0.60000,normal
13.92000,-7.90000,-2.32222,1.57778,0.47636,-0.37636,-0.60000,normal
13.94000,-7.90000,-2.34242,1.55758,0.45818,-0.35818,-0.60000,normal
13.96000,-7.90000,-2.36263,1.53737,0.44000,-0.34000,-0.60000,normal
13.98000,-7.90000,-2.38283,1.51717,0.42182,-0.32182,-0.60000,normal
14.00000,-7.86250,-2.47500,1.50000,0.40364,-0.30364,-0.60000,normal
14.02000,-7.73214,-2.68929,2.02143,1.00380,0.20380,-0.39620,normal
14.04000,-7.80357,-2.66548,2.06905,1.02911,0.22911,-0.37089,normal
14.06000,-7.87500,-2.64167,2.11667,1.05443,0.25443,-0.34557,normal
14.08000,-7.94643,-2.61786,2.16429,1.07975,0.27975,-0.32025,normal
14.10000,-7.90000,-2.40000,2.90000,1.10000,0.30000,-0.20000,normal
14.12000,-7.88218,-2.50000,3.18218,0.88053,0.40000,-0.20973,normal
14.14000,-7.86238,-2.50000,3.16238,0.84513,0.40000,-0.22743,normal
14.16000,-7.84257,-2.50000,3.14257,0.80973,0.40000,-0.24513,normal
14.18000,-7.82277,-2.50000,3.12277,0.77434,0.40000,-0.26283,normal
14.20000,-7.80297,-2.50000,3.10297,0.73894,0.40000,-0.28053,normal
14.22000,-7.80000,-2.58095,2.93810,0.70354,0.40000,-0.29823,normal
14.24000,-8.23333,-3.21667,3.30000,0.81159,0.61159,-0.18841,normal
14.26000,-8.29394,-3.24697,3.30000,0.84058,0.64058,-0.15942,normal
14.28000,-8.35455,-3.27727,3.30000,0.86957,0.66957,-0.13043,normal
14.30000,-8.90000,-3.60000,3.30000,0.89855,0.69855,-0.10145,normal
14.32000,-9.82759,-3.47241,2.57241,1.10000,0.90000,0.10000,normal
14.34000,-9.87356,-3.42644,2.52644,1.10000,0.90000,0.10000,normal
14.36000,-9.91954,-3.38046,2.48046,1.10000,0.90000,0.10000,normal
14.38000,-9.96552,-3.33448,2.43448,1.10000,0.90000,0.10000,normal
14.40000,-11.05000,-4.15000,2.00000,1.00000,0.90000,0.10000,normal
14.42000,-11.82029,-3.93478,2.11014,1.47500,1.18125,0.13750,normal
14.44000,-12.05217,-3.76087,2.22609,1.57500,1.15625,0.18750,normal
14.46000,-12.28406,-3.58696,2.34203,1.67500,1.13125,0.23750,normal
14.48000,-10.93333,-3.03333,1.93333,1.77500,1.10625,0.28750,normal
14.50000,-10.53628,-3.10000,1.76814,1.40000,0.50000,0.20000,normal
14.52000,-10.46549,-3.10000,1.73274,1.40000,0.47849,0.15699,normal
14.54000,-10.39469,-3.10000,1.69735,1.40000,0.45699,0.11398,normal
14.56000,-10.32389,-3.10000,1.66195,1.40000,0.43548,0.07097,normal
14.58000,-10.25310,-3.10000,1.62655,1.40000,0.41398,0.02796,normal
14.60000,-10.80000,-2.90000,1.00000,1.50000,0.29798,-0.30202,normal
14.62000,-10.77917,-2.92083,0.93750,1.50000,0.27778,-0.32222,normal
14.64000,-10.75833,-2.94167,0.87500,1.50000,0.25758,-0.34242,normal
14.66000,-10.73750,-2.96250,0.81250,1.50000,0.23737,-0.36263,normal
14.68000,-10.71667,-2.98333,0.75000,1.50000,0.21717,-0.38283,normal
14.70000,-9.75000,-3.00000,-0.10000,1.50000,0.14000,-0.40000,normal
14.72000,-9.23043,-3.84783,-0.81739,1.42472,-0.20000,-0.60000,normal
14.74000,-9.14348,-3.78261,-0.83913,1.46966,-0.20000,-0.60000,normal
14.76000,-9.05652,-3.71739,-0.86087,1.51461,-0.20000,-0.60000,normal
14.78000,-8.96957,-3.65217,-0.88261,1.55955,-0.20000,-0.60000,normal
14.80000,-8.70000,-3.50000,-0.70000,1.80000,-0.15000,-0.55000,normal
14.82000,-8.95000,-4.28333,-0.40000,1.70000,0.11277,-0.50000,normal
14.84000,-8.88333,-4.39444,-0.40000,1.70000,0.13404,-0.50000,normal
14.86000,-8.81667,-4.50556,-0.40000,1.70000,0.15532,-0.50000,normal
14.88000,-8.75000,-4.61667,-0.40000,1.70000,0.17660,-0.50000,normal
14.90000,-8.20000,-4.60000,-0.30000,1.70000,0.19787,-0.50000,normal
14.92000,-8.08804,-4.18804,-0.07609,2.36500,0.20000,-0.86500,normal
14.94000,-8.06630,-4.16630,-0.03261,2.38243,0.18243,-0.93514,normal
14.96000,-8.04457,-4.14457,0.01087,2.35541,0.15541,-0.98919,normal
14.98000,-8.02283,-4.12283,0.05435,2.32838,0.12838,-1.04324,normal
15.00000,-8.00109,-4.10109,0.09783,2.30135,0.10135,-1.09730,normal
15.02000,-8.35581,-4.51395,0.22791,2.01548,0.01548,-1.51548,normal
15.04000,-8.44884,-4.53721,0.27442,2.03929,0.03929,-1.53929,normal
15.06000,-8.54186,-4.56047,0.32093,2.06310,0.06310,-1.56310,normal
15.08000,-8.63488,-4.58372,0.36744,2.08690,0.08690,-1.58690,normal
15.10000,-9.40104,-4.69688,1.30312,2.19604,0.10000,-1.50198,normal
15.12000,-9.42188,-4.63437,1.36563,2.15644,0.10000,-1.52178,normal
15.14000,-9.44271,-4.57187,1.42813,2.11683,0.10000,-1.54158,normal
15.16000,-9.46354,-4.50938,1.49062,2.07723,0.10000,-1.56139,normal
15.18000,-9.48438,-4.44688,1.55312,2.03762,0.10000,-1.58119,normal
15.20000,-9.50000,-4.80000,2.20000,1.90000,0.00000,-1.60000,normal
15.22000,-9.93182,-4.63182,2.97955,1.78818,0.00000,-1.48818,normal
15.24000,-9.97727,-4.67727,3.09318,1.77000,0.00000,-1.47000,normal
15.26000,-10.02273,-4.72273,3.20682,1.75182,0.00000,-1.45182,normal
15.28000,-10.06818,-4.76818,3.32045,1.73364,0.00000,-1.43364,normal
15.30000,-9.98333,-6.00000,4.00000,1.71545,0.00000,-1.41545,normal
15.32000,-10.09231,-4.84615,5.26923,2.16667,0.03333,-1.30000,normal
15.34000,-9.64085,-4.28451,5.54789,3.13333,-0.30000,-1.36667,normal
15.36000,-9.21831,-4.03099,5.60423,3.10556,-0.46296,-1.49444,normal
15.38000,-8.79577,-3.77746,5.66056,2.99444,-0.53704,-1.60556,normal
15.40000,-6.92000,-3.14000,6.54000,2.83333,-0.83333,-1.80000,normal
15.42000,-6.58242,-2.79451,6.73516,3.18587,-1.20000,-1.47174,normal
15.44000,-6.56044,-2.66264,6.77912,3.16413,-1.20000,-1.42826,normal
15.46000,-6.53846,-2.53077,6.82308,3.14239,-1.20000,-1.38478,normal
15.48000,-6.51648,-2.39890,6.86703,3.12065,-1.20000,-1.34130,normal
15.50000,-6.25000,-2.46667,7.31667,3.05000,-1.25000,-1.15000,normal
15.52000,-5.12500,-2.05682,6.97955,2.78409,-1.61591,-0.80000,normal
15.54000,-4.87500,-1.85227,7.09318,2.76136,-1.63864,-0.80000,normal
15.56000,-4.62500,-1.64773,7.20682,2.73864,-1.66136,-0.80000,normal
15.58000,-4.37500,-1.44318,7.32045,2.71591,-1.68409,-0.80000,normal
15.60000,-1.70000,-0.05000,7.75000,2.70000,-1.35000,-0.60000,normal
15.62000,-1.49785,0.98387,8.34086,2.53613,-1.26807,-0.50000,normal
15.64000,-1.39032,1.17742,8.38387,2.46891,-1.23445,-0.50000,normal
15.66000,-1.28280,1.37097,8.42688,2.40168,-1.20084,-0.50000,normal
15.68000,-1.17527,1.56452,8.46989,2.33445,-1.16723,-0.50000,normal
15.70000,-0.40000,1.60000,7.80000,2.26723,-1.13361,-0.50000,normal
15.72000,0.07849,2.13978,7.57419,2.20000,-1.10000,-0.50000,normal
15.74000,-0.02903,1.83871,7.44516,1.68000,-0.72000,-0.34000,normal
15.76000,-0.13656,1.53763,7.31613,1.33019,-0.08491,-0.18491,normal
15.78000,-0.24409,1.23656,7.18710,1.48113,-0.00943,-0.10943,normal
15.80000,-0.35161,0.93548,7.05806,1.63208,0.06604,-0.03396,normal
15.82000,-2.12500,2.71500,6.70000,1.73667,0.17333,0.03667,normal
15.84000,-2.25000,2.79000,6.70000,1.70000,0.35000,0.15000,normal
15.86000,-2.37500,2.86500,6.70000,0.77200,0.73200,0.16800,normal
15.88000,-2.50000,2.94000,6.70000,0.61200,0.77200,0.12800,normal
15.90000,-3.80000,2.60000,7.10000,0.29143,0.90000,0.20000,normal
15.92000,-3.76000,2.90000,7.22000,0.23429,0.90000,0.20000,normal
15.94000,-3.71789,2.79474,7.24105,0.17714,0.90000,0.20000,normal
15.96000,-3.67579,2.68947,7.26211,0.12000,0.90000,0.20000,normal
15.98000,-3.63368,2.58421,7.28316,0.06286,0.90000,0.20000,normal
16.00000,-4.08571,2.98571,10.17143,0.00571,0.90000,0.20000,normal
16.02000,-3.63605,3.56163,9.35930,-0.33030,0.18990,-0.01010,normal
16.04000,-3.51977,3.49186,9.10349,-0.39091,0.16970,-0.03030,normal
16.06000,-3.40349,3.42209,8.84767,-0.45152,0.14949,-0.05051,normal
16.08000,-3.28721,3.35233,8.59186,-0.51212,0.12929,-0.07071,normal
16.10000,-3.20000,2.58571,7.82857,-0.57273,0.10909,-0.09091,normal
16.12000,-3.32828,2.50808,7.21212,-0.58000,0.32000,-0.26000,normal
16.14000,-3.46970,2.54848,7.27273,0.21294,0.41294,-0.41294,normal
16.16000,-3.61111,2.58889,7.33333,0.23647,0.43647,-0.43647,normal
16.18000,-3.75253,2.62929,7.39394,0.26000,0.46000,-0.46000,normal
16.20000,-3.89394,2.66970,7.45455,0.28353,0.48353,-0.48353,normal
16.22000,-5.55000,3.05000,8.65000,0.34286,0.40000,-0.47143,normal
16.24000,-5.70952,2.98095,8.66032,-0.02167,0.40000,-0.40000,normal
16.26000,-5.61429,3.17143,8.72381,-0.05500,0.40000,-0.40000,normal
16.28000,-5.51905,3.36190,8.78730,-0.08833,0.40000,-0.40000,normal
16.30000,-4.60811,2.50000,7.70000,-0.33077,0.36923,-0.40000,normal
16.32000,-4.63514,2.50000,7.70000,-0.20000,0.37458,-0.40000,normal
16.34000,-4.66216,2.50000,7.70000,-0.20000,0.34068,-0.40000,normal
16.36000,-4.68919,2.50000,7.70000,-0.20000,0.30678,-0.40000,normal
16.38000,-5.41311,2.08689,7.92623,-0.40000,0.30000,-0.39500,normal
16.40000,-5.44590,2.05410,7.99180,-0.40000,0.30000,-0.38071,normal
16.42000,-5.47869,2.02131,8.05738,-0.40000,0.30000,-0.36643,normal
16.44000,-5.51148,1.98852,8.12295,-0.40000,0.30000,-0.35214,normal
16.46000,-5.54426,1.95574,8.18852,-0.40000,0.30000,-0.33786,normal
16.48000,-5.57705,1.92295,8.25410,-0.40000,0.30000,-0.32357,normal
16.50000,-5.40000,1.73158,7.87895,-0.40000,0.30000,-0.30929,normal
16.52000,-5.39740,2.09870,7.50000,-0.35455,0.30000,-0.40000,normal
16.54000,-5.34545,2.07273,7.50000,-0.28608,0.30000,-0.41392,normal
16.56000,-5.29351,2.04675,7.50000,-0.26076,0.30000,-0.43924,normal
16.58000,-5.24156,2.02078,7.50000,-0.23544,0.30000,-0.46456,normal
16.60000,-5.80000,1.70000,7.93333,-0.21013,0.30000,-0.48987,normal
16.62000,-6.13750,1.10000,7.20000,-0.30000,0.40513,-0.30000,normal
16.64000,-6.28750,1.10000,7.20000,-0.30000,0.43077,-0.30000,normal
16.66000,-6.43750,1.10000,7.20000,-0.30000,0.45641,-0.30000,normal
16.68000,-6.58750,1.10000,7.20000,-0.30000,0.48205,-0.30000,normal
16.70000,-6.90000,1.60000,7.20000,-0.30000,0.50000,-0.20000,normal
16.72000,-6.64086,0.77957,6.74086,-0.36000,0.50000,-0.18000,normal
16.74000,-6.68387,0.75806,6.78387,-0.31789,0.50000,-0.15895,normal
16.76000,-6.72688,0.73656,6.82688,-0.27579,0.50000,-0.13789,normal
16.78000,-6.76989,0.71505,6.86989,-0.23368,0.50000,-0.11684,normal
16.80000,-6.80000,0.96667,7.30000,-0.20000,0.40000,-0.10000,normal
16.82000,-6.73736,0.86264,7.08132,-0.28762,0.40000,-0.08762,normal
16.84000,-6.78132,0.81868,7.05934,-0.26857,0.40000,-0.06857,normal
16.86000,-6.82527,0.77473,7.03736,-0.24952,0.40000,-0.04952,normal
16.88000,-6.86923,0.73077,7.01538,-0.23048,0.40000,-0.03048,normal
16.90000,-6.95455,0.48182,7.00000,-0.21143,0.40000,-0.01143,normal
16.92000,-7.00132,0.49474,6.59868,-0.25000,0.30000,0.00000,normal
16.94000,-7.02763,0.38947,6.57237,-0.17532,0.30000,0.02468,normal
16.96000,-7.05395,0.28421,6.54605,-0.14935,0.30000,0.05065,normal
16.98000,-7.08026,0.17895,6.51974,-0.12338,0.30000,0.07662,normal
17.00000,-7.20000,-0.10000,6.70000,-0.10000,0.20000,0.10000,normal
17.02000,-7.04944,0.43371,6.80000,-0.10000,0.08929,0.20000,normal
17.04000,-6.98202,0.47865,6.80000,-0.10000,0.06548,0.20000,normal
17.06000,-6.91461,0.52360,6.80000,-0.10000,0.04167,0.20000,normal
17.08000,-6.84719,0.56854,6.80000,-0.10000,0.01786,0.20000,normal
17.10000,-6.00000,0.20000,7.00000,-0.10000,-0.05000,0.20000,normal
17.12000,-5.84653,-0.01782,6.93564,-0.10000,-0.10000,0.20000,normal
17.14000,-5.78713,-0.03762,6.97525,-0.10000,-0.10000,0.20000,normal
17.16000,-5.72772,-0.05743,7.01485,-0.10000,-0.10000,0.20000,normal
17.18000,-5.66832,-0.07723,7.05446,-0.10000,-0.10000,0.20000,normal
17.20000,-5.60891,-0.09703,7.09406,-0.10000,-0.10000,0.20000,normal
17.22000,-6.60000,0.25918,6.55102,0.20000,-0.20000,0.20000,normal
17.24000,-6.60000,0.17755,6.65306,0.21067,-0.21067,0.30000,normal
17.26000,-6.60000,0.09592,6.75510,0.23733,-0.23733,0.30000,normal
17.28000,-6.60000,0.01429,6.85714,0.26400,-0.26400,0.30000,normal
17.30000,-6.60000,-0.06735,6.95918,0.29067,-0.29067,0.30000,normal
17.32000,-5.69259,0.82963,7.21481,0.29610,-0.30000,0.30000,normal
17.34000,-5.66790,0.92840,7.26420,0.27013,-0.30000,0.30000,normal
17.36000,-5.64321,1.02716,7.31358,0.24416,-0.30000,0.30000,normal
17.38000,-5.61852,1.12593,7.36296,0.21818,-0.30000,0.30000,normal
17.40000,-8.60000,1.00000,6.30000,0.31667,-0.06667,0.40000,normal
17.42000,-10.50000,1.90430,7.10215,0.48409,0.06818,0.70000,normal
17.44000,-10.50000,2.11935,7.20968,0.46136,0.02273,0.70000,normal
17.46000,-10.50000,2.33441,7.31720,0.43864,-0.02273,0.70000,normal
17.48000,-10.50000,2.54946,7.42473,0.41591,-0.06818,0.70000,normal
17.50000,-6.35000,3.30000,6.40000,0.80000,0.30000,0.20000,normal
17.52000,-6.76344,3.20430,6.64301,0.78198,0.30000,0.21802,normal
17.54000,-6.93548,3.41935,6.79355,0.76396,0.30000,0.23604,normal
17.56000,-7.10753,3.63441,6.94409,0.74595,0.30000,0.25405,normal
17.58000,-7.27957,3.84946,7.09462,0.72793,0.30000,0.27207,normal
17.60000,-8.15000,2.95000,7.20000,0.70991,0.30000,0.29009,normal
17.62000,-6.65325,3.66494,7.18052,0.10909,0.35455,0.34545,normal
17.64000,-6.34156,3.43117,7.05065,-0.10000,0.30000,0.36000,normal
17.66000,-6.02987,3.19740,6.92078,-0.24286,0.30000,0.30286,normal
17.68000,-5.71818,2.96364,6.79091,-0.38571,0.30000,0.24571,normal
17.70000,-5.60000,1.10000,6.10000,-0.50000,0.30000,0.25000,normal
17.72000,-5.64194,1.40000,6.31935,-0.18804,0.18804,0.18804,normal
17.74000,-5.57742,1.40000,6.34086,-0.16630,0.16630,0.16630,normal
17.76000,-5.51290,1.40000,6.36237,-0.14457,0.14457,0.14457,normal
17.78000,-5.44839,1.40000,6.38387,-0.12283,0.12283,0.12283,normal
17.80000,-5.32500,1.60000,6.42500,-0.10109,0.10109,0.10109,normal
17.82000,-4.72791,1.35814,6.42791,0.01429,-0.20000,-0.11429,normal
17.84000,-4.77442,1.28837,6.47442,0.03626,-0.20000,-0.13626,normal
17.86000,-4.82093,1.21860,6.52093,0.05824,-0.20000,-0.15824,normal
17.88000,-4.86744,1.14884,6.56744,0.08022,-0.20000,-0.18022,normal
17.90000,-5.82857,1.82857,6.72857,0.20000,-0.25000,-0.30000,normal
17.92000,-7.63548,2.14839,7.24839,0.10000,-0.20000,-0.18476,normal
17.94000,-7.54946,2.21290,7.31290,0.10000,-0.20000,-0.16571,normal
17.96000,-7.46344,2.27742,7.37742,0.10000,-0.20000,-0.14667,normal
17.98000,-7.37742,2.34194,7.44194,0.10000,-0.20000,-0.12762,normal
18.00000,-6.40000,1.80000,7.40000,0.10000,-0.20000,-0.10857,normal
18.02000,-4.94051,1.64051,6.22532,-0.10000,-0.30000,-0.15714,normal
18.04000,-5.14304,1.84304,6.35190,0.10476,-0.29524,-0.39524,normal
18.06000,-5.34557,2.04557,6.47848,0.13651,-0.26349,-0.36349,normal
18.08000,-5.54810,2.24810,6.60506,0.16825,-0.23175,-0.33175,normal
18.10000,-5.53333,1.23333,7.03333,0.20000,-0.20000,-0.30000,normal
18.12000,-5.20341,0.95568,7.08523,-0.07753,-0.30000,-0.40000,normal
18.14000,-5.36250,0.88750,7.06250,-0.03258,-0.30000,-0.40000,normal
18.16000,-5.52159,0.81932,7.03977,0.01236,-0.30000,-0.40000,normal
18.18000,-5.68068,0.75114,7.01705,0.05730,-0.30000,-0.40000,normal
18.20000,-7.55000,1.50000,6.45000,0.30000,-0.30000,-0.40000,normal
18.22000,-11.59101,2.67303,7.96292,0.30000,0.26250,-0.07500,normal
18.24000,-11.00674,2.92022,8.05281,0.30000,0.19432,-0.02955,normal
18.26000,-10.42247,3.16742,8.14270,0.30000,0.12614,0.01591,normal
18.28000,-9.83820,3.41461,8.23258,0.30000,0.05795,0.06136,normal
18.30000,-5.98969,3.32062,5.80000,-0.10000,-0.10000,-0.10000,normal
18.32000,-5.88660,3.52680,5.80000,0.28378,-0.08378,-0.13243,normal
18.34000,-5.78351,3.73299,5.80000,0.26577,-0.06577,-0.16847,normal
18.36000,-5.68041,3.93918,5.80000,0.24775,-0.04775,-0.20450,normal
18.38000,-5.57732,4.14536,5.80000,0.22973,-0.02973,-0.24054,normal
18.40000,-6.33333,3.38333,5.80000,0.21171,-0.01171,-0.27658,normal
18.42000,-8.08533,2.09733,7.49200,0.11250,0.17500,-0.30000,normal
18.44000,-7.79200,2.04400,7.33200,-0.29643,0.00357,-0.00357,normal
18.46000,-7.49867,1.99067,7.17200,-0.26071,0.03929,-0.03929,normal
18.48000,-7.20533,1.93733,7.01200,-0.22500,0.07500,-0.07500,normal
18.50000,-6.55000,2.05000,7.00000,-0.10000,0.10000,-0.10000,normal
18.52000,-6.47206,1.50441,7.12794,-0.40000,0.20000,0.00000,normal
18.54000,-6.44265,1.29853,7.15735,-0.40000,0.20000,0.00000,normal
18.56000,-6.41324,1.09265,7.18676,-0.40000,0.20000,0.00000,normal
18.58000,-5.91293,0.98707,6.79483,-0.40000,0.20000,0.10000,normal
18.60000,-5.99914,0.90086,6.76034,-0.50000,0.20000,0.20000,normal
18.62000,-6.08534,0.81466,6.72586,-0.50000,0.20000,0.20000,normal
18.64000,-6.17155,0.72845,6.69138,-0.50000,0.20000,0.20000,normal
18.66000,-6.25776,0.64224,6.65690,-0.50000,0.20000,0.20000,normal
18.68000,-6.34397,0.55603,6.62241,-0.50000,0.20000,0.20000,normal
18.70000,-6.28763,0.90412,6.59794,-0.50000,-0.10000,0.30000,normal
18.72000,-6.16392,0.94536,6.57732,-0.51818,-0.10000,0.30000,normal
18.74000,-6.04021,0.98660,6.55670,-0.53636,-0.10000,0.30000,normal
18.76000,-5.91649,1.02784,6.53608,-0.55455,-0.10000,0.30000,normal
18.78000,-5.79278,1.06907,6.51546,-0.57273,-0.10000,0.30000,normal
18.80000,-6.07273,1.20000,6.20000,-0.59091,-0.10000,0.30000,normal
18.82000,-6.88125,-0.27500,7.10000,-0.86667,-0.20000,0.36667,normal
18.84000,-6.80625,-0.17500,7.10000,-0.60000,-0.40000,0.50000,normal
18.86000,-6.73125,-0.07500,7.10000,-0.53103,-0.43448,0.50000,normal
18.88000,-6.65625,0.02500,7.10000,-0.46207,-0.46897,0.50000,normal
18.90000,-6.20000,0.50000,7.00000,-0.40000,-0.50000,0.40000,normal
18.92000,-5.91935,0.68065,7.38065,0.10000,-0.50000,0.30000,normal
18.94000,-5.81183,0.78817,7.48817,0.10000,-0.50000,0.30000,normal
18.96000,-5.70430,0.89570,7.59570,0.10000,-0.50000,0.30000,normal
18.98000,-5.59677,1.00323,7.70323,0.10000,-0.50000,0.30000,normal
19.00000,-5.10000,1.60000,8.20000,-0.15000,-0.60000,0.30000,normal
19.02000,-5.83596,0.76629,7.33258,0.01778,-0.48222,0.31778,normal
19.04000,-6.15056,0.72135,7.24270,0.04000,-0.46000,0.34000,normal
19.06000,-6.46517,0.67640,7.15281,0.06222,-0.43778,0.36222,normal
19.08000,-6.77978,0.63146,7.06292,0.08444,-0.41556,0.38444,normal
19.10000,-6.65000,2.20000,7.80000,0.39189,-0.40000,0.50000,normal
19.12000,-6.39500,2.52800,7.54300,0.33784,-0.40000,0.50000,normal
19.14000,-6.49500,2.76800,7.48300,0.20000,-0.08919,0.50000,normal
19.16000,-6.59500,3.00800,7.42300,0.20000,-0.03514,0.50000,normal
19.18000,-6.69500,3.24800,7.36300,0.20000,0.01892,0.50000,normal
19.20000,-6.79500,3.48800,7.30300,0.20000,0.07297,0.50000,normal
19.22000,-5.95000,5.49545,10.63636,-0.40000,0.40000,0.39385,normal
19.24000,-5.61667,4.79848,10.21212,-0.40000,0.40000,0.36308,normal
19.26000,-5.28333,4.10152,9.78788,-0.40000,0.40000,0.33231,normal
19.28000,-4.95000,3.40455,9.36364,-0.40000,0.40000,0.30154,normal
19.30000,-4.93396,1.36226,7.10000,-0.01226,0.30000,0.30000,normal
19.32000,-4.99057,0.96604,7.10000,-0.03113,0.30000,0.30000,normal
19.34000,-5.04717,0.56981,7.10000,-0.05000,0.30000,0.30000,normal
19.36000,-5.10377,0.17358,7.10000,-0.06887,0.30000,0.30000,normal
19.38000,-5.16038,-0.22264,7.10000,-0.08774,0.30000,0.30000,normal
19.40000,-4.30000,1.40000,7.10000,0.20000,0.10000,0.20000,normal
19.42000,-4.36316,1.37895,7.05789,0.18095,0.10000,0.20000,normal
19.44000,-4.42632,1.35789,7.01579,0.16190,0.10000,0.20000,normal
19.46000,-4.48947,1.33684,6.97368,0.14286,0.10000,0.20000,normal
19.48000,-4.55263,1.31579,6.93158,0.12381,0.10000,0.20000,normal
19.50000,-4.60000,1.90000,6.90000,0.10476,0.10000,0.20000,normal
19.52000,-5.08889,1.76444,7.71333,-0.40000,0.30000,0.10000,normal
19.54000,-5.31111,2.07556,7.84667,-0.37260,0.30000,0.15479,normal
19.56000,-5.53333,2.38667,7.98000,-0.34521,0.30000,0.20959,normal
19.58000,-5.75556,2.69778,8.11333,-0.31781,0.30000,0.26438,normal
19.60000,-6.10000,0.30000,6.00000,-0.56000,-0.16000,-0.06000,normal
19.62000,-6.12151,0.85914,6.30108,-0.50556,-0.01889,-0.20000,normal
19.64000,-6.14301,1.41828,6.60215,-0.39444,-0.04111,-0.20000,normal
19.66000,-6.16452,1.97742,6.90323,-0.28333,-0.06333,-0.20000,normal
19.68000,-6.18602,2.53656,7.20430,-0.17222,-0.08556,-0.20000,normal
19.70000,-3.90000,1.50000,7.50000,-0.10000,-0.30000,0.00000,normal
19.72000,-3.96383,1.39362,7.47872,-0.61778,-0.40000,-0.11778,normal
19.74000,-4.02766,1.28723,7.45745,-0.64000,-0.40000,-0.14000,normal
19.76000,-4.09149,1.18085,7.43617,-0.66222,-0.40000,-0.16222,normal
19.78000,-4.15532,1.07447,7.41489,-0.68444,-0.40000,-0.18444,normal
19.80000,-3.75000,0.75000,8.05000,-0.20000,-0.50000,-0.10000,normal
19.82000,-3.71739,0.79348,7.75543,-0.30000,-0.40000,-0.20000,normal
19.84000,-3.63043,0.57609,7.60326,-0.30000,-0.40000,-0.20000,normal
19.86000,-3.54348,0.35870,7.45109,-0.30000,-0.40000,-0.20000,normal
19.88000,-3.45652,0.14130,7.29891,-0.30000,-0.40000,-0.20000,normal
19.90000,-5.50000,0.58333,6.63333,-0.30000,-0.40000,-0.20000,normal
19.92000,-7.14118,1.46471,6.97647,0.93333,-0.46667,-0.10000,normal
19.94000,-7.42353,1.39412,7.32941,1.25143,-0.40000,-0.06571,normal
19.96000,-7.70588,1.32353,7.68235,1.33714,-0.40000,-0.00857,normal
19.98000,-7.98824,1.25294,8.03529,1.42286,-0.40000,0.04857,normal
20.00000,-7.56000,6.00000,8.62000,2.00000,-0.30000,0.40000,normal
20.02000,-5.04886,6.39773,8.32955,0.75976,-0.20000,0.21341,normal
20.04000,-4.98068,6.26136,8.10227,0.68659,-0.20000,0.23780,normal
20.06000,-4.91250,6.12500,7.87500,0.61341,-0.20000,0.26220,normal
20.08000,-4.84432,5.98864,7.64773,0.54024,-0.20000,0.28659,normal
20.10000,-8.46875,4.37708,10.13958,0.71667,0.18333,0.28333,normal
20.12000,-8.15625,5.14792,10.53542,0.82828,0.21717,0.26566,normal
20.14000,-7.84375,5.91875,10.93125,0.62626,0.23737,0.22525,normal
20.16000,-7.53125,6.68958,11.32708,0.42424,0.25758,0.18485,normal
20.18000,-7.21875,7.46042,11.72292,0.22222,0.27778,0.14444,normal
20.20000,-3.58750,4.75000,8.56250,0.02020,0.29798,0.10404,normal
20.22000,-3.58764,1.34944,6.77528,-0.57798,0.30000,0.31101,normal
20.24000,-3.56517,1.43933,6.73034,-0.54128,0.30000,0.32936,normal
20.26000,-3.54270,1.52921,6.68539,-0.50459,0.30000,0.34771,normal
20.28000,-3.52022,1.61910,6.64045,-0.46789,0.30000,0.36606,normal
20.30000,-3.45556,1.83333,6.51111,-0.43119,0.30000,0.38440,normal
20.32000,-5.21538,2.66154,7.74615,-0.45556,0.40000,0.41111,normal
20.34000,-5.37714,3.11429,7.94571,0.30000,0.40000,0.60000,normal
20.36000,-5.34857,3.25714,8.00286,0.26415,0.36415,0.60000,normal
20.38000,-5.32000,3.40000,8.06000,0.22642,0.32642,0.60000,normal
20.40000,-3.85000,4.55000,7.75000,0.02000,0.30000,0.60000,normal
20.42000,-3.96196,4.13804,7.32065,-0.60000,0.20000,0.71222,normal
20.44000,-4.02717,4.07283,7.34239,-0.60000,0.20000,0.73444,normal
20.46000,-4.09239,4.00761,7.36413,-0.60000,0.20000,0.75667,normal
20.48000,-4.15761,3.94239,7.38587,-0.60000,0.20000,0.77889,normal
20.50000,-4.23333,3.15000,7.65000,-0.58000,0.18000,0.80000,normal
20.52000,-3.88409,3.33182,7.21591,-0.60000,0.00000,1.11310,normal
20.54000,-3.86136,3.37727,7.23864,-0.60000,0.00000,1.13690,normal
20.56000,-3.83864,3.42273,7.26136,-0.60000,0.00000,1.16071,normal
20.58000,-3.81591,3.46818,7.28409,-0.60000,0.00000,1.18452,normal
20.60000,-4.20000,5.10000,8.80000,-1.06667,-0.16667,1.53333,normal
20.62000,-4.11398,5.37957,8.99355,-1.71200,-0.31600,1.83200,normal
20.64000,-4.02796,5.65914,9.18710,-1.85200,-0.33600,1.87200,normal
20.66000,-3.94194,5.93871,9.38065,-1.99200,-0.35600,1.91200,normal
20.68000,-3.85591,6.21828,9.57419,-2.13200,-0.37600,1.95200,normal
20.70000,-4.73333,1.26667,7.13333,-2.27200,-0.39600,1.99200,normal
20.72000,-6.97674,1.48372,8.80930,-1.60000,-0.20000,1.80000,normal
20.74000,-6.93023,1.25116,9.22791,-1.17333,-0.20000,1.57333,normal
20.76000,-6.88372,1.01860,9.64651,-1.12000,-0.20000,1.52000,normal
20.78000,-6.83721,0.78605,10.06512,-1.06667,-0.20000,1.46667,normal
20.80000,-5.96364,1.40000,10.36364,-1.01333,-0.20000,1.41333,normal
20.82000,-2.99012,2.21728,8.23827,0.90000,0.32093,0.77907,normal
20.84000,-2.96543,2.76049,8.58395,0.90000,0.36744,0.73256,normal
20.86000,-2.94074,3.30370,8.92963,0.90000,0.41395,0.68605,normal
20.88000,-2.91605,3.84691,9.27531,0.90000,0.46047,0.63953,normal
20.90000,-1.56667,4.43333,11.90000,0.20000,0.70000,0.30000,normal
20.92000,-1.24889,2.64000,9.43333,-0.15684,0.70000,0.31895,normal
20.94000,-1.56000,2.44000,9.10000,-0.22000,0.70000,0.34000,normal
20.96000,-1.87111,2.24000,8.76667,-0.28316,0.70000,0.36105,normal
20.98000,-2.18222,2.04000,8.43333,-0.34632,0.70000,0.38211,normal
21.00000,-3.35000,1.30000,6.55000,-0.35000,0.50000,0.50000,normal
21.02000,-3.31705,2.23409,6.97045,0.11495,0.10000,0.48505,normal
21.04000,-3.33977,2.27955,7.19773,0.13364,0.10000,0.46636,normal
21.06000,-3.36250,2.32500,7.42500,0.15234,0.10000,0.44766,normal
21.08000,-3.38523,2.37045,7.65227,0.17103,0.10000,0.42897,normal
21.10000,-3.64211,1.98421,8.31579,0.18972,0.10000,0.41028,normal
21.12000,-2.30263,3.22632,8.42105,0.10000,0.00000,0.26190,normal
21.14000,-2.32895,3.48947,8.63158,0.01967,0.00000,0.10656,normal
21.16000,-2.35526,3.75263,8.84211,0.11803,0.00000,0.13934,normal
21.18000,-2.38158,4.01579,9.05263,0.21639,0.00000,0.17213,normal
21.20000,-1.81667,4.31667,10.00000,0.10000,0.00000,0.30000,normal
21.22000,-1.13023,4.42326,8.84419,-0.46588,0.11647,0.20000,normal
21.24000,-1.29302,3.70233,8.77442,-0.56000,0.14000,0.20000,normal
21.26000,-1.45581,2.98140,8.70465,-0.65412,0.16353,0.20000,normal
21.28000,-1.61860,2.26047,8.63488,-0.74824,0.18706,0.20000,normal
21.30000,-1.70588,2.68235,8.48235,-0.40000,0.30000,0.30000,normal
21.32000,-1.76471,2.50588,8.30588,-0.62787,0.30000,0.20000,normal
21.34000,-1.82353,2.32941,8.12941,-0.66066,0.30000,0.20000,normal
21.36000,-1.88235,2.15294,7.95294,-0.69344,0.30000,0.20000,normal
21.38000,-2.31475,1.82213,8.42213,-0.50000,0.40000,0.30000,normal
21.40000,-2.34754,1.87131,8.47131,-0.50000,0.40000,0.30000,normal
21.42000,-2.38033,1.92049,8.52049,-0.50000,0.40000,0.30000,normal
21.44000,-2.41311,1.96967,8.56967,-0.50000,0.40000,0.30000,normal
21.46000,-2.44590,2.01885,8.61885,-0.50000,0.40000,0.30000,normal
21.48000,-2.47869,2.06803,8.66803,-0.50000,0.40000,0.30000,normal
21.50000,-2.76923,1.66923,9.20000,-0.50000,0.40000,0.30000,normal
21.52000,-2.86786,1.09643,9.31071,-0.44167,0.34167,0.20000,normal
21.54000,-2.79643,1.31071,9.33452,-0.21644,0.30000,0.20000,normal
21.56000,-2.72500,1.52500,9.35833,-0.24384,0.30000,0.20000,normal
21.58000,-2.65357,1.73929,9.38214,-0.27123,0.30000,0.20000,normal
21.60000,-3.12000,1.74000,8.50000,-0.29863,0.30000,0.20000,normal
21.62000,-5.58372,2.12791,9.04186,-0.50889,0.70889,0.10889,normal
21.64000,-5.72326,2.17442,9.11163,-0.53111,0.73111,0.13111,normal
21.66000,-5.86279,2.22093,9.18140,-0.55333,0.75333,0.15333,normal
21.68000,-6.00233,2.26744,9.25116,-0.57556,0.77556,0.17556,normal
21.70000,-6.13333,1.42222,9.36667,-0.59778,0.79778,0.19778,normal
21.72000,-3.78571,2.00000,7.50000,-0.60000,0.50000,0.18974,normal
21.74000,-3.76190,1.83333,7.33333,-0.60000,0.50000,0.16410,normal
21.76000,-3.73810,1.66667,7.16667,-0.60000,0.50000,0.13846,normal
21.78000,-3.71429,1.50000,7.00000,-0.60000,0.50000,0.11282,normal
21.80000,-7.12813,1.05937,7.62813,-0.58899,0.69725,0.10275,normal
21.82000,-7.31562,0.78854,7.81562,-0.51560,0.67890,0.12110,normal
21.84000,-7.50312,0.51771,8.00312,-0.44220,0.66055,0.13945,normal
21.86000,-7.69062,0.24688,8.19062,-0.36881,0.64220,0.15780,normal
21.88000,-7.87812,-0.02396,8.37812,-0.29541,0.62385,0.17615,normal
21.90000,-7.94615,0.33846,8.82308,-0.22202,0.60550,0.19450,normal
21.92000,-6.44074,1.43951,7.70000,-0.10000,0.20000,0.20000,normal
21.94000,-6.29259,1.53827,7.70000,-0.10000,0.20000,0.20000,normal
21.96000,-6.14444,1.63704,7.70000,-0.10000,0.20000,0.20000,normal
21.98000,-5.99630,1.73580,7.70000,-0.10000,0.20000,0.20000,normal
22.00000,-5.13333,1.70000,7.56667,-0.25000,0.20000,0.15000,normal
22.02000,-5.88046,0.55862,8.00000,-0.93563,0.38391,0.20000,normal
22.04000,-5.99540,0.21379,8.00000,-0.84368,0.36092,0.20000,normal
22.06000,-6.11034,-0.13103,8.00000,-0.75172,0.33793,0.20000,normal
22.08000,-6.22529,-0.47586,8.00000,-0.65977,0.31494,0.20000,normal
22.10000,-6.00000,0.80000,7.40000,-0.33333,0.13333,0.20000,normal
22.12000,-6.04301,0.71398,7.29247,-0.61176,0.20000,0.20000,normal
22.14000,-6.08602,0.62796,7.18495,-0.62647,0.20000,0.20000,normal
22.16000,-6.12903,0.54194,7.07742,-0.64118,0.20000,0.20000,normal
22.18000,-6.17204,0.45591,6.96989,-0.65588,0.20000,0.20000,normal
22.20000,-5.89677,-0.69435,7.60081,-0.67059,0.20000,0.20000,normal
22.22000,-5.83226,-0.58145,7.61694,-0.68529,0.20000,0.20000,normal
22.24000,-5.76774,-0.46855,7.63306,-0.70000,0.20000,0.20000,normal
22.26000,-5.70323,-0.35565,7.64919,0.00000,0.00000,0.30000,normal
22.28000,-5.63871,-0.24274,7.66532,0.00000,0.00000,0.30000,normal
22.30000,-5.57419,-0.12984,7.68145,0.00000,0.00000,0.30000,normal
22.32000,-5.50968,-0.01694,7.69758,0.00000,0.00000,0.30000,normal
22.34000,-5.48947,-0.08421,7.88947,-0.51250,-0.10000,0.30000,normal
22.36000,-5.45439,-0.36491,7.85439,-0.54821,-0.10000,0.30000,normal
22.38000,-5.41930,-0.64561,7.81930,-0.58393,-0.10000,0.30000,normal
22.40000,-4.69592,-1.20408,7.29184,-0.49231,-0.20769,0.20769,normal
22.42000,-4.67551,-1.22449,7.25102,-0.47308,-0.22692,0.22692,normal
22.44000,-4.65510,-1.24490,7.21020,-0.45385,-0.24615,0.24615,normal
22.46000,-4.63469,-1.26531,7.16939,-0.43462,-0.26538,0.26538,normal
22.48000,-4.61429,-1.28571,7.12857,-0.41538,-0.28462,0.28462,normal
22.50000,-5.80000,-2.10000,7.30000,-0.30000,-0.35000,0.20000,normal
22.52000,-4.84063,0.35312,9.01146,0.87980,-0.42020,0.41010,normal
22.54000,-4.65313,0.41562,8.90729,0.83939,-0.46061,0.43030,normal
22.56000,-4.46563,0.47812,8.80313,0.79899,-0.50101,0.45051,normal
22.58000,-4.27812,0.54063,8.69896,0.75859,-0.54141,0.47071,normal
22.60000,-4.15000,0.10000,8.40000,0.71818,-0.58182,0.49091,normal
22.62000,-4.90000,-1.22632,7.74737,-0.00000,-0.60000,0.30000,normal
22.64000,-4.90000,-0.85789,7.98421,0.52909,-0.40000,0.22182,normal
22.66000,-4.90000,-0.48947,8.22105,0.67455,-0.40000,0.33091,normal
22.68000,-4.90000,-0.12105,8.45789,0.82000,-0.40000,0.44000,normal
22.70000,-7.78617,4.88936,8.89362,1.46800,-0.39600,1.17600,normal
22.72000,-7.50957,4.67660,8.76596,1.30800,-0.37600,1.05600,normal
22.74000,-7.23298,4.46383,8.63830,1.14800,-0.35600,0.93600,normal
22.76000,-6.95638,4.25106,8.51064,0.98800,-0.33600,0.81600,normal
22.78000,-6.67979,4.03830,8.38298,0.82800,-0.31600,0.69600,normal
22.80000,-6.60000,4.40000,7.90000,0.50000,-0.30000,0.65000,normal
22.82000,-4.75667,4.94556,10.11889,0.54762,0.22619,0.58690,normal
22.84000,-4.82333,5.23444,10.14111,0.45238,0.27381,0.56310,normal
22.86000,-4.89000,5.52333,10.16333,0.35714,0.32143,0.53929,normal
22.88000,-4.95667,5.81222,10.18556,0.26190,0.36905,0.51548,normal
22.90000,-4.49895,1.70000,8.00000,-0.33333,0.56667,0.28333,normal
22.92000,-4.47789,1.70000,8.00000,-0.08431,0.60000,0.30000,normal
22.94000,-4.45684,1.70000,8.00000,-0.06471,0.60000,0.30000,normal
22.96000,-4.43579,1.70000,8.00000,-0.04510,0.60000,0.30000,normal
22.98000,-4.41474,1.70000,8.00000,-0.02549,0.60000,0.30000,normal
23.00000,-4.11538,1.15385,6.92308,-0.00588,0.60000,0.30000,normal
23.02000,-4.30875,0.03625,6.72625,-0.10000,0.40000,0.30000,normal
23.04000,-4.33375,0.71125,6.80125,0.11231,0.30000,0.20000,normal
23.06000,-4.35875,1.38625,6.87625,0.14308,0.30000,0.20000,normal
23.08000,-4.38375,2.06125,6.95125,0.17385,0.30000,0.20000,normal
23.10000,-5.25000,2.60000,8.00000,0.10000,0.30000,0.10000,normal
23.12000,-5.16404,2.81798,8.01798,0.10000,0.18926,0.10000,normal
23.14000,-5.11910,2.84045,8.04045,0.10000,0.17273,0.10000,normal
23.16000,-5.07416,2.86292,8.06292,0.10000,0.15620,0.10000,normal
23.18000,-5.02921,2.88539,8.08539,0.10000,0.13967,0.10000,normal
23.20000,-4.49412,2.79412,7.59118,0.10000,0.12314,0.10000,normal
23.22000,-4.37647,2.67647,7.41471,0.10000,0.10661,0.10000,normal
23.24000,-4.31587,1.82857,7.33175,-0.40000,0.20000,-0.30000,normal
23.26000,-4.37937,1.54286,7.45873,-0.40000,0.20000,-0.30000,normal
23.28000,-4.44286,1.25714,7.58571,-0.40000,0.20000,-0.30000,normal
23.30000,-4.70000,1.50000,7.70000,-0.40000,0.20000,-0.30000,normal
23.32000,-4.21081,1.77027,7.09730,-0.30698,-0.09651,-0.30349,normal
23.34000,-4.31892,1.47297,7.07027,-0.35349,-0.07326,-0.32674,normal
23.36000,-4.42703,1.17568,7.04324,-0.40000,-0.05000,-0.35000,normal
23.38000,-4.53514,0.87838,7.01622,-0.44651,-0.02674,-0.37326,normal
23.40000,-4.80000,0.94286,7.71429,-0.49302,-0.00349,-0.39651,normal
23.42000,-4.38780,1.28780,7.86341,0.00000,-0.30000,-0.40000,normal
23.44000,-4.36341,1.26341,7.79024,0.00000,-0.30000,-0.40000,normal
23.46000,-4.33902,1.23902,7.71707,0.00000,-0.30000,-0.40000,normal
23.48000,-4.31463,1.21463,7.64390,0.00000,-0.30000,-0.40000,normal
23.50000,-4.40000,1.10000,7.70000,-0.11667,-0.30000,-0.50000,normal
23.52000,-4.35667,0.96222,8.07556,-0.20000,-0.30000,-0.51512,normal
23.54000,-4.42333,0.91778,8.16444,-0.20000,-0.30000,-0.53837,normal
23.56000,-4.49000,0.87333,8.25333,-0.20000,-0.30000,-0.56163,normal
23.58000,-4.55667,0.82889,8.34222,-0.20000,-0.30000,-0.58488,normal
23.60000,-5.00000,0.80000,7.20000,-0.20000,-0.30000,-0.60000,normal
23.62000,-5.15217,0.84348,7.13478,-0.17826,-0.25652,-0.60000,normal
23.64000,-5.30435,0.88696,7.06957,-0.15652,-0.21304,-0.60000,normal
23.66000,-5.45652,0.93043,7.00435,-0.13478,-0.16957,-0.60000,normal
23.68000,-5.60870,0.97391,6.93913,-0.11304,-0.12609,-0.60000,normal
23.70000,-9.17340,3.69468,11.57660,0.30000,0.13333,0.00000,normal
23.72000,-8.64149,3.58830,11.10851,-0.18889,0.00000,-0.02963,normal
23.74000,-8.10957,3.48191,10.64043,-0.30000,0.00000,-0.06667,normal
23.76000,-7.57766,3.37553,10.17234,-0.41111,0.00000,-0.10370,normal
23.78000,-7.04574,3.26915,9.70426,-0.52222,0.00000,-0.14074,normal
23.80000,-5.29091,1.91818,6.10909,-0.63333,0.00000,-0.17778,normal
23.82000,-7.30000,2.01600,8.53733,-0.33636,0.07273,-0.27273,normal
23.84000,-7.30000,2.17600,8.91067,0.18125,0.38125,-0.26250,normal
23.86000,-7.30000,2.33600,9.28400,0.15000,0.35000,-0.20000,normal
23.88000,-7.30000,2.49600,9.65733,0.11875,0.31875,-0.13750,normal
23.90000,-6.20000,1.10000,7.60000,-0.40000,0.30000,-0.10000,normal
23.92000,-6.09247,1.03548,7.62151,-0.38352,0.30000,-0.10000,normal
23.94000,-5.98495,0.97097,7.64301,-0.36154,0.30000,-0.10000,normal
23.96000,-5.87742,0.90645,7.66452,-0.33956,0.30000,-0.10000,normal
23.98000,-5.76989,0.84194,7.68602,-0.31758,0.30000,-0.10000,normal
24.00000,-5.76000,0.58000,7.22000,-0.30000,0.30000,-0.10000,normal
24.02000,-6.15312,0.05312,7.35312,-0.12167,0.27833,-0.07833,normal
24.04000,-6.21562,0.11562,7.41562,-0.15500,0.24500,-0.04500,normal
24.06000,-6.27813,0.17813,7.47813,-0.18833,0.21167,-0.01167,normal
24.08000,-6.30000,-0.20000,7.11216,-0.29808,0.10000,0.10000,normal
24.10000,-6.30000,-0.20000,7.15270,-0.28526,0.10000,0.10000,normal
24.12000,-6.30000,-0.20000,7.19324,-0.27244,0.10000,0.10000,normal
24.14000,-6.30000,-0.20000,7.23378,-0.25962,0.10000,0.10000,normal
24.16000,-6.30000,-0.20000,7.27432,-0.24679,0.10000,0.10000,normal
24.18000,-6.30000,-0.20000,7.31486,-0.23397,0.10000,0.10000,normal
24.20000,-6.30000,-0.20000,7.35541,-0.22115,0.10000,0.10000,normal
24.22000,-6.30000,-0.20000,7.39595,-0.20833,0.10000,0.10000,normal
24.24000,-5.79667,0.29500,7.30167,-0.20000,0.01250,0.10000,normal
24.26000,-5.73000,0.19500,7.33500,-0.30000,-0.03103,0.10000,normal
24.28000,-5.66333,0.09500,7.36833,-0.30000,-0.06552,0.10000,normal
24.30000,-5.70000,0.00000,7.40000,-0.30000,-0.10000,0.10000,normal
24.32000,-5.50000,-0.40000,7.27833,-0.17966,-0.22034,0.10000,normal
24.34000,-5.50000,-0.40000,7.24500,-0.14576,-0.25424,0.10000,normal
24.36000,-5.50000,-0.40000,7.21167,-0.11186,-0.28814,0.10000,normal
24.38000,-6.06410,-0.28462,8.48462,0.20174,-0.40174,0.10174,normal
24.40000,-5.94444,-0.23333,8.43333,0.21913,-0.41913,0.11913,normal
24.42000,-5.82479,-0.18205,8.38205,0.23652,-0.43652,0.13652,normal
24.44000,-5.70513,-0.13077,8.33077,0.25391,-0.45391,0.15391,normal
24.46000,-5.58547,-0.07949,8.27949,0.27130,-0.47130,0.17130,normal
24.48000,-5.46581,-0.02821,8.22821,0.28870,-0.48870,0.18870,normal
24.50000,-5.20000,-0.50000,7.50000,0.20508,-0.50254,0.10000,normal
24.52000,-5.17849,-0.41398,7.69355,0.23898,-0.51949,0.10000,normal
24.54000,-5.15699,-0.32796,7.88710,0.27288,-0.53644,0.10000,normal
24.56000,-5.13548,-0.24194,8.08065,0.30678,-0.55339,0.10000,normal
24.58000,-5.11398,-0.15591,8.27419,0.34068,-0.57034,0.10000,normal
24.60000,-4.75000,0.30833,8.51667,0.37458,-0.58729,0.10000,normal
24.62000,-6.82308,1.85128,10.12564,0.43846,-0.63846,0.10000,normal
24.64000,-6.51538,2.05641,10.22821,0.80000,-0.30000,0.40909,normal
24.66000,-6.20769,2.26154,10.33077,0.80000,-0.30000,0.43939,normal
24.68000,-5.90000,2.46667,10.43333,0.80000,-0.30000,0.46970,normal
24.70000,-4.48571,1.82857,6.82857,0.80000,-0.30000,0.50000,normal
24.72000,-6.98471,1.87529,8.94353,0.33976,0.30000,0.31325,normal
24.74000,-6.96118,2.29882,9.62588,0.41205,0.30000,0.33735,normal
24.76000,-6.93765,2.72235,10.30824,0.48434,0.30000,0.36145,normal
24.78000,-6.91412,3.14588,10.99059,0.55663,0.30000,0.38554,normal
24.80000,-4.89681,2.29149,7.90000,-0.39455,0.40182,0.40000,normal
24.82000,-4.83298,2.12128,7.90000,-0.34000,0.42000,0.40000,normal
24.84000,-4.76915,1.95106,7.90000,-0.28545,0.43818,0.40000,normal
24.86000,-4.70532,1.78085,7.90000,-0.23091,0.45636,0.40000,normal
24.88000,-4.64149,1.61064,7.90000,-0.17636,0.47455,0.40000,normal
24.90000,-4.70000,1.16000,7.50000,-0.12182,0.49273,0.40000,normal
24.92000,-4.34430,0.96203,7.00633,-0.20909,0.29091,0.20909,normal
24.94000,-4.52152,0.81013,7.03165,-0.30000,0.21587,0.28413,normal
24.96000,-4.69873,0.65823,7.05696,-0.30000,0.24762,0.25238,normal
24.98000,-4.87595,0.50633,7.08228,-0.30000,0.27937,0.22063,normal
25.00000,-4.20000,2.60000,7.60000,0.10000,0.20000,0.20000,normal
25.02000,-4.11304,2.40435,7.51304,0.16782,-0.10000,0.08391,normal
25.04000,-4.02609,2.20870,7.42609,0.12184,-0.10000,0.06092,normal
25.06000,-3.93913,2.01304,7.33913,0.07586,-0.10000,0.03793,normal
25.08000,-3.85217,1.81739,7.25217,0.02989,-0.10000,0.01494,normal
25.10000,-4.40000,1.10000,8.40000,0.10000,-0.20000,-0.10000,normal
25.12000,-4.40000,1.20526,8.40000,0.05745,-0.20000,-0.12128,normal
25.14000,-4.40000,1.31053,8.40000,0.01489,-0.20000,-0.14255,normal
25.16000,-4.40000,1.41579,8.40000,-0.02766,-0.20000,-0.16383,normal
25.18000,-4.40000,1.52105,8.40000,-0.07021,-0.20000,-0.18511,normal
25.20000,-4.10000,1.60000,8.10000,-0.31667,-0.30000,-0.20000,normal
25.22000,-4.07826,1.07826,7.98043,-0.32680,-0.31340,-0.20000,normal
25.24000,-4.16522,1.16522,7.95870,-0.36804,-0.33402,-0.20000,normal
25.26000,-4.25217,1.25217,7.93696,-0.40928,-0.35464,-0.20000,normal
25.28000,-4.33913,1.33913,7.91522,-0.45052,-0.37526,-0.20000,normal
25.30000,-5.36667,1.16667,9.19167,-0.49175,-0.39588,-0.20000,normal
25.32000,-4.91111,1.82222,9.03333,-0.28462,-0.41538,-0.20000,normal
25.34000,-4.71358,1.64938,8.88519,-0.40000,-0.60000,-0.21186,normal
25.36000,-4.51605,1.47654,8.73704,-0.40000,-0.60000,-0.24576,normal
25.38000,-4.31852,1.30370,8.58889,-0.40000,-0.60000,-0.27966,normal
25.40000,-4.39677,0.49785,8.69892,-0.20000,-0.50000,-0.40000,normal
25.42000,-4.33226,0.45484,8.67742,-0.16170,-0.60000,-0.38085,normal
25.44000,-4.26774,0.41183,8.65591,-0.11915,-0.60000,-0.35957,normal
25.46000,-4.20323,0.36882,8.63441,-0.07660,-0.60000,-0.33830,normal
25.48000,-4.13871,0.32581,8.61290,-0.03404,-0.60000,-0.31702,normal
25.50000,-4.50000,1.00000,9.00000,0.15000,-0.55000,0.25000,normal
25.52000,-6.10556,2.74333,12.06778,-0.29140,-0.38172,0.40000,normal
25.54000,-5.99444,2.67667,11.91222,-0.39892,-0.36022,0.40000,normal
25.56000,-5.88333,2.61000,11.75667,-0.50645,-0.33871,0.40000,normal
25.58000,-5.77222,2.54333,11.60111,-0.61398,-0.31720,0.40000,normal
25.60000,-3.98000,0.06000,8.14000,-0.45000,-0.15000,0.45000,normal
25.62000,-4.69551,0.29101,9.72921,0.08302,0.01698,0.48302,normal
25.64000,-4.80787,0.51573,9.99888,0.06415,0.03585,0.46415,normal
25.66000,-4.92022,0.74045,10.26854,0.04528,0.05472,0.44528,normal
25.68000,-5.03258,0.96517,10.53820,0.02642,0.07358,0.42642,normal
25.70000,-3.03846,0.95385,9.13077,0.00755,0.09245,0.40755,normal
25.72000,-2.45128,-0.27436,8.43205,-0.30000,0.28182,0.30000,normal
25.74000,-2.65641,-0.17179,8.56026,0.11944,0.40000,0.38056,normal
25.76000,-2.86154,-0.06923,8.68846,0.14722,0.40000,0.35278,normal
25.78000,-3.06667,0.03333,8.81667,0.17500,0.40000,0.32500,normal
25.80000,-3.80000,0.30000,9.50000,0.30000,0.40000,0.30000,normal
25.82000,-3.95233,0.90000,8.26977,0.00000,0.28690,0.42619,normal
25.84000,-4.02209,0.90000,8.36279,0.00000,0.26310,0.47381,normal
25.86000,-4.09186,0.90000,8.45581,0.00000,0.23929,0.52143,normal
25.88000,-4.16163,0.90000,8.54884,0.00000,0.21548,0.56905,normal
25.90000,-3.70000,1.10000,8.70000,-0.30000,0.00000,0.70000,normal
25.92000,-3.70000,1.33404,8.87021,-0.30000,0.00000,0.70000,normal
25.94000,-3.70000,1.56809,9.04043,-0.30000,0.00000,0.70000,normal
25.96000,-3.70000,1.80213,9.21064,-0.30000,0.00000,0.70000,normal
25.98000,-3.70000,2.03617,9.38085,-0.30000,0.00000,0.70000,normal
26.00000,-4.34286,3.55714,11.18571,-0.95000,-0.20000,1.05000,normal
26.02000,-2.63103,-1.70690,7.23103,-2.25340,-0.50000,1.20000,normal
26.04000,-2.53908,-1.98276,7.13908,-2.19515,-0.50000,1.20000,normal
26.06000,-2.44713,-2.25862,7.04713,-2.13689,-0.50000,1.20000,normal
26.08000,-2.35517,-2.53448,6.95517,-2.07864,-0.50000,1.20000,normal
26.10000,-2.66364,-2.04545,7.63636,-2.02039,-0.50000,1.20000,normal
26.12000,-3.11325,-1.26747,8.02048,-0.90000,-0.50000,1.00000,normal
26.14000,-3.13735,-1.02651,7.87590,-0.55000,-0.75000,1.15000,normal
26.16000,-3.16145,-0.78554,7.73133,-0.49118,-0.80882,1.20882,normal
26.18000,-3.18554,-0.54458,7.58675,-0.43235,-0.86765,1.26765,normal
26.20000,-1.79785,0.20538,9.09892,-0.35556,-1.14444,1.54444,normal
26.22000,-1.75484,0.31290,9.07742,-0.31667,-1.21667,1.58333,normal
26.24000,-1.71183,0.42043,9.05591,-0.33889,-1.23889,1.56111,normal
26.26000,-1.66882,0.52796,9.03441,-0.36111,-1.26111,1.53889,normal
26.28000,-1.62581,0.63548,9.01290,-0.38333,-1.28333,1.51667,normal
26.30000,-0.50000,-0.70000,9.10000,-0.52000,-1.46000,1.60000,normal
26.32000,0.54000,-2.08000,10.42000,-0.23023,-1.54767,1.70000,normal
26.34000,0.69556,-1.72444,10.88667,-0.13721,-1.47791,1.70000,normal
26.36000,0.85111,-1.36889,11.35333,-0.04419,-1.40814,1.70000,normal
26.38000,1.00667,-1.01333,11.82000,0.04884,-1.33837,1.70000,normal
26.40000,1.39574,-0.09574,9.10426,-0.20000,-0.40000,1.30000,normal
26.42000,1.35319,-0.05319,9.14681,0.01765,-0.24706,1.18235,normal
26.44000,1.31064,-0.01064,9.18936,0.03725,-0.18824,1.16275,normal
26.46000,1.26809,0.03191,9.23191,0.05686,-0.12941,1.14314,normal
26.48000,1.22553,0.07447,9.27447,0.07647,-0.07059,1.12353,normal
26.50000,0.46667,0.16667,10.56667,0.09608,-0.01176,1.10392,normal
26.52000,0.43333,0.93333,11.64444,0.17273,0.36364,1.02727,normal
26.54000,0.50741,0.78519,11.29877,0.04545,0.58636,0.90000,normal
26.56000,0.58148,0.63704,10.95309,-0.07576,0.55606,0.90000,normal
26.58000,0.65556,0.48889,10.60741,-0.19697,0.52576,0.90000,normal
26.60000,-0.18750,-1.51250,9.78750,-0.50000,0.45000,1.00000,normal
26.62000,-0.25233,-1.67791,9.15233,-0.06629,0.30000,0.98315,normal
26.64000,-0.32209,-1.51512,9.22209,-0.02135,0.30000,0.96067,normal
26.66000,-0.39186,-1.35233,9.29186,0.02360,0.30000,0.93820,normal
26.68000,-0.46163,-1.18953,9.36163,0.06854,0.30000,0.91573,normal
26.70000,-1.35000,-0.60000,10.45000,0.20000,0.10000,0.70000,normal
26.72000,-1.13736,-0.74176,10.35824,0.10000,0.00000,0.60000,normal
26.74000,-1.07143,-0.78571,10.31429,0.10000,0.00000,0.60000,normal
26.76000,-1.00549,-0.82967,10.27033,0.10000,0.00000,0.60000,normal
26.78000,-0.93956,-0.87363,10.22637,0.10000,0.00000,0.60000,normal
26.80000,-0.86667,-0.23333,9.76667,0.00000,-0.10000,0.40000,normal
26.82000,-1.00000,-0.02727,9.68182,-0.21604,-0.20000,0.30000,normal
26.84000,-1.00000,0.06364,9.65909,-0.23491,-0.20000,0.30000,normal
26.86000,-1.00000,0.15455,9.63636,-0.25377,-0.20000,0.30000,normal
26.88000,-1.00000,0.24545,9.61364,-0.27264,-0.20000,0.30000,normal
26.90000,-0.70909,-0.42727,9.45455,-0.29151,-0.20000,0.30000,normal
26.92000,-0.60000,-0.93721,9.92093,-0.10366,-0.20366,0.29634,normal
26.94000,-0.60000,-0.72791,9.99070,-0.12805,-0.22805,0.27195,normal
26.96000,-0.60000,-0.51860,10.06047,-0.15244,-0.25244,0.24756,normal
26.98000,-0.60000,-0.30930,10.13023,-0.17683,-0.27683,0.22317,normal
27.00000,-0.60000,-0.10000,10.20000,-0.25000,-0.30000,0.20000,normal
27.02000,-0.03256,-1.21628,9.96512,-0.18765,-0.20000,0.11235,normal
27.04000,-0.07907,-1.23953,10.05814,-0.16296,-0.20000,0.13704,normal
27.06000,-0.12558,-1.26279,10.15116,-0.13827,-0.20000,0.16173,normal
27.08000,-0.17209,-1.28605,10.24419,-0.11358,-0.20000,0.18642,normal
27.10000,-0.80000,-0.98788,10.21010,-0.10183,0.10000,0.20000,normal
27.12000,-0.80000,-0.86667,10.31111,-0.12018,0.10000,0.20000,normal
27.14000,-0.80000,-0.74545,10.41212,-0.13853,0.10000,0.20000,normal
27.16000,-0.80000,-0.62424,10.51313,-0.15688,0.10000,0.20000,normal
27.18000,-0.80000,-0.50303,10.61414,-0.17523,0.10000,0.20000,normal
27.20000,0.30000,-1.00000,9.50000,-0.19358,0.10000,0.20000,normal
27.22000,0.21398,-1.43871,8.28280,0.21538,0.15385,0.10769,normal
27.24000,0.10645,-0.98710,8.26129,0.34000,0.22000,0.16000,normal
27.26000,-0.00108,-0.53548,8.23978,0.25429,0.24857,0.10286,normal
27.28000,-0.10860,-0.08387,8.21828,0.16857,0.27714,0.04571,normal
27.30000,-1.90000,-2.80000,8.10000,0.80000,0.65000,0.25000,normal
27.32000,-3.75618,0.55281,10.62809,0.61910,0.52022,0.33933,normal
27.34000,-3.35169,0.73258,10.42584,0.52921,0.54270,0.27191,normal
27.36000,-2.94719,0.91236,10.22360,0.43933,0.56517,0.20449,normal
27.38000,-2.54270,1.09213,10.02135,0.34944,0.58764,0.13708,normal
27.40000,-2.21277,-1.29574,8.09574,0.40638,0.89787,-0.40213,normal
27.42000,-2.34043,-1.25319,8.05319,0.47021,0.87660,-0.42340,normal
27.44000,-2.46809,-1.21064,8.01064,0.53404,0.85532,-0.44468,normal
27.46000,-2.59574,-1.16809,7.96809,0.59787,0.83404,-0.46596,normal
27.48000,-2.72340,-1.12553,7.92553,0.66170,0.81277,-0.48723,normal
27.50000,-3.40109,0.68370,10.00217,0.20185,0.89815,-0.09444,normal
27.52000,-3.42283,0.35761,10.04565,0.22037,0.87963,-0.03889,normal
27.54000,-3.44457,0.03152,10.08913,0.23889,0.86111,0.01667,normal
27.56000,-3.46630,-0.29457,10.13261,0.25741,0.84259,0.07222,normal
27.58000,-3.48804,-0.62065,10.17609,0.27593,0.82407,0.12778,normal
27.60000,-4.17273,0.26364,10.56364,0.29444,0.80556,0.18333,normal
27.62000,-4.26941,0.16941,10.39294,0.20000,0.60909,0.20000,normal
27.64000,-4.22235,0.12235,10.22824,0.14865,0.54865,0.20000,normal
27.66000,-4.17529,0.07529,10.06353,0.09459,0.49459,0.20000,normal
27.68000,-4.12824,0.02824,9.89882,0.04054,0.44054,0.20000,normal
27.70000,-3.30000,0.60000,8.30000,-0.10000,0.32000,0.12000,normal
27.72000,-3.20000,0.53933,8.14045,-0.20000,0.31667,0.20000,normal
27.74000,-3.20000,0.47191,8.18539,-0.20000,0.33889,0.20000,normal
27.76000,-3.20000,0.40449,8.23034,-0.20000,0.36111,0.20000,normal
27.78000,-3.20000,0.33708,8.27528,-0.20000,0.38333,0.20000,normal
27.80000,-3.53333,-0.20000,8.70000,0.00000,0.30000,0.20000,normal
27.82000,-3.32000,-0.30000,8.52000,-0.02111,0.17889,0.20000,normal
27.84000,-3.23111,-0.30000,8.43111,-0.04333,0.15667,0.20000,normal
27.86000,-3.14222,-0.30000,8.34222,-0.06556,0.13444,0.20000,normal
27.88000,-3.05333,-0.30000,8.25333,-0.08778,0.11222,0.20000,normal
27.90000,-3.31250,-0.29583,7.90833,0.30000,-0.20000,0.20000,normal
27.92000,-3.43750,-0.25417,7.99167,0.20000,-0.21607,0.30000,normal
27.94000,-3.56250,-0.21250,8.07500,0.20000,-0.23393,0.30000,normal
27.96000,-3.68750,-0.17083,8.15833,0.20000,-0.25179,0.30000,normal
27.98000,-3.81250,-0.12917,8.24167,0.20000,-0.26964,0.30000,normal
28.00000,-4.29167,-0.26667,9.00833,0.20000,-0.28750,0.30000,normal
28.02000,-3.90000,1.30000,9.20000,0.55455,-0.52727,0.42727,normal
28.04000,-3.81667,1.49444,9.22778,0.70000,-0.60000,0.51515,normal
28.06000,-3.73333,1.68889,9.25556,0.70000,-0.60000,0.54545,normal
28.08000,-3.65000,1.88333,9.28333,0.70000,-0.60000,0.57576,normal
28.10000,-3.10000,2.80000,8.90000,0.35000,-0.60000,0.45000,normal
28.12000,-5.27640,2.02921,10.66292,0.53146,0.01573,0.51573,normal
28.14000,-5.36629,2.29888,11.08989,0.57640,0.03820,0.53820,normal
28.16000,-5.45618,2.56854,11.51685,0.62135,0.06067,0.56067,normal
28.18000,-5.54607,2.83820,11.94382,0.66629,0.08315,0.58315,normal
28.20000,-5.24000,1.64000,9.62000,-0.50000,0.60000,0.40000,normal
28.22000,-5.56170,2.59149,10.72979,0.26000,0.90000,0.32000,normal
28.24000,-5.51915,2.80426,10.98511,0.32316,0.90000,0.34105,normal
28.26000,-5.47660,3.01702,11.24043,0.38632,0.90000,0.36211,normal
28.28000,-5.43404,3.22979,11.49574,0.44947,0.90000,0.38316,normal
28.30000,-3.10000,4.10000,9.40000,-0.25000,0.70000,0.20000,normal
28.32000,-2.39318,1.91023,7.11932,-0.38302,0.71698,0.10000,normal
28.34000,-2.62045,1.56932,7.14205,-0.36415,0.73585,0.10000,normal
28.36000,-2.84773,1.22841,7.16477,-0.34528,0.75472,0.10000,normal
28.38000,-3.07500,0.88750,7.18750,-0.32642,0.77358,0.10000,normal
28.40000,-3.95556,0.68889,8.11111,-0.30755,0.79245,0.10000,normal
28.42000,-3.99114,3.00253,8.76456,0.45833,0.70833,0.19167,normal
28.44000,-3.96582,2.72405,8.66329,0.10448,0.50000,0.30000,normal
28.46000,-3.94051,2.44557,8.56203,-0.01493,0.50000,0.30000,normal
28.48000,-3.91519,2.16709,8.46076,-0.13433,0.50000,0.30000,normal
28.50000,-4.10851,1.37660,7.59787,-0.39588,0.19794,-0.10000,normal
28.52000,-4.19362,1.14255,7.57660,-0.35464,0.17732,-0.10000,normal
28.54000,-4.27872,0.90851,7.55532,-0.31340,0.15670,-0.10000,normal
28.56000,-4.36383,0.67447,7.53404,-0.27216,0.13608,-0.10000,normal
28.58000,-4.44894,0.44043,7.51277,-0.23093,0.11546,-0.10000,normal
28.60000,-3.50000,2.10000,7.50000,-0.05000,-0.05000,-0.25000,normal
28.62000,-3.60000,0.54157,7.22135,0.02021,-0.02021,-0.27979,normal
28.64000,-3.60000,0.69888,7.35618,0.04149,-0.04149,-0.25851,normal
28.66000,-3.60000,0.85618,7.49101,0.06277,-0.06277,-0.23723,normal
28.68000,-3.60000,1.01348,7.62584,0.08404,-0.08404,-0.21596,normal
28.70000,-4.66667,1.50000,9.00000,-0.10000,-0.20000,-0.10000,normal
28.72000,-4.43933,1.54045,8.87865,-0.13303,-0.30000,-0.11651,normal
28.74000,-4.37191,1.58539,8.74382,-0.16972,-0.30000,-0.13486,normal
28.76000,-4.30449,1.63034,8.60899,-0.20642,-0.30000,-0.15321,normal
28.78000,-4.23708,1.67528,8.47416,-0.24312,-0.30000,-0.17156,normal
28.80000,-4.07500,1.22500,7.94167,-0.27982,-0.30000,-0.18991,normal
28.82000,-4.34634,1.28049,8.48659,-0.30000,-0.30000,-0.28182,normal
28.84000,-4.24878,1.42683,8.46220,-0.23714,-0.40000,-0.28143,normal
28.86000,-4.15122,1.57317,8.43780,-0.29429,-0.40000,-0.25286,normal
28.88000,-4.05366,1.71951,8.41341,-0.35143,-0.40000,-0.22429,normal
28.90000,-3.90000,1.50000,8.35000,-0.45000,-0.45000,-0.30000,normal
28.92000,-3.33409,1.46136,8.52955,-0.48556,-0.47111,-0.30000,normal
28.94000,-3.37955,1.14318,8.30227,-0.46333,-0.42667,-0.30000,normal
28.96000,-3.42500,0.82500,8.07500,-0.44111,-0.38222,-0.30000,normal
28.98000,-3.47045,0.50682,7.84773,-0.41889,-0.33778,-0.30000,normal
29.00000,-4.30000,-0.10000,7.60000,0.15000,0.15000,-0.15000,normal
29.02000,-6.17273,2.78182,11.99091,-0.01034,0.00000,-0.01839,normal
29.04000,-5.76364,2.75909,11.60455,-0.14828,0.00000,-0.04138,normal
29.06000,-5.35455,2.73636,11.21818,-0.28621,0.00000,-0.06437,normal
29.08000,-4.94545,2.71364,10.83182,-0.42414,0.00000,-0.08736,normal
29.10000,-7.37634,3.39570,10.78925,0.40000,0.60000,0.20000,normal
29.12000,-7.13978,3.35269,10.68172,0.01509,0.48302,0.28302,normal
29.14000,-6.90323,3.30968,10.57419,-0.07925,0.46415,0.26415,normal
29.16000,-6.66667,3.26667,10.46667,-0.17358,0.44528,0.24528,normal
29.18000,-6.43011,3.22366,10.35914,-0.26792,0.42642,0.22642,normal
29.20000,-5.59286,2.81429,9.65714,-0.36226,0.40755,0.20755,normal
29.22000,-3.93247,0.49351,8.11948,-0.49103,0.30897,0.10897,normal
29.24000,-4.06234,0.46753,8.19740,-0.46538,0.33462,0.13462,normal
29.26000,-4.19221,0.44156,8.27532,-0.43974,0.36026,0.16026,normal
29.28000,-4.32208,0.41558,8.35325,-0.41410,0.38590,0.18590,normal
29.30000,-5.30202,0.68586,8.18586,-0.20404,0.20000,0.20000,normal
29.32000,-5.32222,0.54444,8.04444,-0.24444,0.20000,0.20000,normal
29.34000,-5.34242,0.40303,7.90303,-0.28485,0.20000,0.20000,normal
29.36000,-5.36263,0.26162,7.76162,-0.32525,0.20000,0.20000,normal
29.38000,-5.38283,0.12020,7.62020,-0.36566,0.20000,0.20000,normal
29.40000,-5.45000,-0.35000,7.50000,-0.10000,0.10000,0.30000,normal
29.42000,-5.18966,1.23678,8.42644,-0.03333,-0.01667,0.40000,normal
29.44000,-5.05172,1.28276,8.33448,-0.07500,-0.03750,0.40000,normal
29.46000,-4.91379,1.32874,8.24253,-0.11667,-0.05833,0.40000,normal
29.48000,-4.77586,1.37471,8.15057,-0.15833,-0.07917,0.40000,normal
29.50000,-4.58710,0.02366,8.39785,-0.20000,-0.10000,0.40000,normal
29.52000,-4.45806,0.26022,8.37634,-0.20976,-0.30976,0.30976,normal
29.54000,-4.32903,0.49677,8.35484,-0.23415,-0.33415,0.33415,normal
29.56000,-4.20000,0.73333,8.33333,-0.25854,-0.35854,0.35854,normal
29.58000,-4.07097,0.96989,8.31183,-0.28293,-0.38293,0.38293,normal
29.60000,-3.80000,-1.10000,8.70000,-0.40000,-0.50000,0.40000,normal
29.62000,-3.52022,-0.82022,8.21910,-0.28000,-0.52000,0.40000,normal
29.64000,-3.54270,-0.84270,8.12921,-0.25895,-0.54105,0.40000,normal
29.66000,-3.56517,-0.86517,8.03933,-0.23789,-0.56211,0.40000,normal
29.68000,-3.58764,-0.88764,7.94944,-0.21684,-0.58316,0.40000,normal
29.70000,-3.10000,1.05000,8.50000,0.30000,-0.60000,0.30000,normal
29.72000,-3.01932,1.23864,8.42273,0.38172,-0.70000,0.40000,normal
29.74000,-3.04205,1.28409,8.33182,0.36022,-0.70000,0.40000,normal
29.76000,-3.06477,1.32955,8.24091,0.33871,-0.70000,0.40000,normal
29.78000,-3.08750,1.37500,8.15000,0.31720,-0.70000,0.40000,normal
29.80000,-6.48571,2.25714,9.57143,0.80000,-0.60000,0.60000,normal
29.82000,-5.38407,5.47611,12.07522,1.48702,-0.51298,0.71298,normal
29.84000,-5.01239,5.91858,12.16372,1.47176,-0.52824,0.72824,normal
29.86000,-4.64071,6.36106,12.25221,1.45649,-0.54351,0.74351,normal
29.88000,-4.26903,6.80354,12.34071,1.44122,-0.55878,0.75878,normal
29.90000,-3.89735,7.24602,12.42920,1.42595,-0.57405,0.77405,normal
29.92000,-3.50000,2.20000,9.80000,1.41069,-0.58931,0.78931,normal
29.94000,-2.52500,2.47500,10.97500,0.20625,0.00625,0.49375,normal
29.96000,-2.55135,2.42297,10.82027,0.28462,0.11538,0.40000,normal
29.98000,-2.60541,2.34189,10.63108,0.22308,0.17692,0.40000,normal
30.00000,-2.65946,2.26081,10.44189,0.16154,0.23846,0.40000,normal
30.02000,-2.70000,1.00000,9.50000,0.10000,0.30000,0.40000,normal
30.04000,-2.45873,0.16190,7.91746,-0.18475,0.50000,0.48475,normal
30.06000,-2.39524,0.25714,7.79048,-0.15085,0.50000,0.45085,normal
30.08000,-2.33175,0.35238,7.66349,-0.11695,0.50000,0.41695,normal
30.10000,-2.43646,1.41563,8.12083,-0.29394,0.39394,0.30000,normal
30.12000,-2.58229,1.47813,8.20417,-0.27374,0.37374,0.30000,normal
30.14000,-2.72813,1.54063,8.28750,-0.25354,0.35354,0.30000,normal
30.16000,-2.87396,1.60313,8.37083,-0.23333,0.33333,0.30000,normal
30.18000,-3.01979,1.66563,8.45417,-0.21313,0.31313,0.30000,normal
30.20000,-3.30000,3.00842,7.80842,-0.10000,-0.10000,0.30000,normal
30.22000,-3.30000,3.05053,7.85053,-0.06330,-0.11835,0.33670,normal
30.24000,-3.30000,3.09263,7.89263,-0.02661,-0.13670,0.37339,normal
30.26000,-3.30000,3.13474,7.93474,0.01009,-0.15505,0.41009,normal
30.28000,-3.30000,3.17684,7.97684,0.04679,-0.17339,0.44679,normal
30.30000,-4.16667,3.83333,10.06667,0.08349,-0.19174,0.48349,normal
30.32000,-4.27108,3.39880,10.41446,-0.27500,-0.45833,0.70000,normal
30.34000,-4.22289,3.23012,10.43855,-0.73662,-0.63662,0.78169,normal
30.36000,-4.17470,3.06145,10.46265,-0.79296,-0.69296,0.75352,normal
30.38000,-4.12651,2.89277,10.48675,-0.84930,-0.74930,0.72535,normal
30.40000,-3.22000,1.78000,9.18000,-0.80000,-0.80000,0.60000,normal
30.42000,-2.25233,1.41744,9.15698,-0.50000,-0.91395,0.60000,normal
30.44000,-2.32209,1.44070,9.36628,-0.50000,-0.93721,0.60000,normal
30.46000,-2.39186,1.46395,9.57558,-0.50000,-0.96047,0.60000,normal
30.48000,-2.46163,1.48721,9.78488,-0.50000,-0.98372,0.60000,normal
30.50000,-0.54000,0.68000,8.40000,-1.04000,-1.20000,0.52000,normal
30.52000,-0.41556,0.54222,8.36333,-0.74419,-1.21860,0.63721,normal
30.54000,-0.32667,0.58667,8.43000,-0.67442,-1.24186,0.68372,normal
30.56000,-0.23778,0.63111,8.49667,-0.60465,-1.26512,0.73023,normal
30.58000,-0.14889,0.67556,8.56333,-0.53488,-1.28837,0.77674,normal
30.60000,0.70645,0.70000,9.58495,-0.40000,-1.70185,0.89815,normal
30.62000,0.77097,0.70000,9.43441,-0.40000,-1.72037,0.87963,normal
30.64000,0.83548,0.70000,9.28387,-0.40000,-1.73889,0.86111,normal
30.66000,0.90000,0.70000,9.13333,-0.40000,-1.75741,0.84259,normal
30.68000,0.96452,0.70000,8.98280,-0.40000,-1.77593,0.82407,normal
30.70000,1.86667,0.23333,9.11667,-0.40000,-1.79444,0.80556,normal
30.72000,2.61013,0.42025,11.25063,-0.25455,-1.90000,0.80000,normal
30.74000,2.63544,0.47089,11.37722,0.08226,-1.54677,1.00000,normal
30.76000,2.66076,0.52152,11.50380,0.05000,-1.45000,1.00000,normal
30.78000,2.68608,0.57215,11.63038,0.01774,-1.35323,1.00000,normal
30.80000,3.49570,-0.18925,12.57204,-0.30000,-0.05000,1.00000,normal
30.82000,3.45269,-0.08172,12.29247,-0.55000,0.50000,0.86250,normal
30.84000,3.40968,0.02581,12.01290,-0.65000,0.50000,0.78750,normal
30.86000,3.36667,0.13333,11.73333,-0.75000,0.50000,0.71250,normal
30.88000,3.32366,0.24086,11.45376,-0.85000,0.50000,0.63750,normal
30.90000,2.30309,0.30619,7.42165,0.04286,0.41429,0.21429,normal
30.92000,2.32371,0.34742,7.56598,0.16196,0.37935,0.17935,normal
30.94000,2.34433,0.38866,7.71031,0.22717,0.35761,0.15761,normal
30.96000,2.36495,0.42990,7.85464,0.29239,0.33587,0.13587,normal
30.98000,2.38557,0.47113,7.99897,0.35761,0.31413,0.11413,normal
31.00000,2.20000,0.20000,10.60000,0.58333,0.20000,0.10000,normal
31.02000,2.22198,0.13407,10.46813,0.36701,0.20000,0.10000,normal
31.04000,2.24396,0.06813,10.33626,0.32577,0.20000,0.10000,normal
31.06000,2.26593,0.00220,10.20440,0.28454,0.20000,0.10000,normal
31.08000,2.28791,-0.06374,10.07253,0.24330,0.20000,0.10000,normal
31.10000,1.60833,-1.76667,9.75000,0.20206,0.20000,0.10000,normal
31.12000,0.65663,-1.30000,9.51325,-0.20000,0.30000,0.10000,normal
31.14000,0.58434,-1.30000,9.36867,-0.25000,0.51667,0.10000,normal
31.16000,0.51205,-1.30000,9.22410,-0.35000,0.55000,0.10000,normal
31.18000,0.43976,-1.30000,9.07952,-0.45000,0.58333,0.10000,normal
31.20000,1.10860,-2.00645,8.11290,-0.90000,0.60000,0.20000,normal
31.22000,1.19462,-2.07097,8.24194,-0.78889,0.57778,0.20000,normal
31.24000,1.28065,-2.13548,8.37097,-0.67778,0.55556,0.20000,normal
31.26000,1.36667,-2.20000,8.50000,-0.56667,0.53333,0.20000,normal
31.28000,1.45269,-2.26452,8.62903,-0.45556,0.51111,0.20000,normal
31.30000,0.79706,-2.09118,9.00588,0.01176,0.69608,0.40392,normal
31.32000,0.77745,-2.03235,9.04510,0.07059,0.67647,0.42353,normal
31.34000,0.75784,-1.97353,9.08431,0.12941,0.65686,0.44314,normal
31.36000,0.73824,-1.91471,9.12353,0.18824,0.63725,0.46275,normal
31.38000,0.71863,-1.85588,9.16275,0.24706,0.61765,0.48235,normal
31.40000,0.70000,-1.70000,9.25000,0.60000,0.60000,0.50000,normal
31.42000,0.31573,-0.68427,8.63708,0.04059,0.92970,0.38515,normal
31.44000,0.33820,-0.66180,8.54719,-0.03861,0.96931,0.36535,normal
31.46000,0.36067,-0.63933,8.45730,-0.11782,1.00891,0.34554,normal
31.48000,0.38315,-0.61685,8.36742,-0.19703,1.04851,0.32574,normal
31.50000,0.53636,-0.96364,7.93636,-0.27624,1.08812,0.30594,normal
31.52000,-1.83415,-2.04878,6.50000,-1.10000,1.70000,0.40000,normal
31.54000,-1.93171,-1.90244,6.50000,-2.98636,2.71364,0.42727,normal
31.56000,-2.02927,-1.75610,6.50000,-2.95606,2.74394,0.48788,normal
31.58000,-2.12683,-1.60976,6.50000,-2.92576,2.77424,0.54848,normal
31.60000,-4.80000,-3.33333,5.76667,-2.78000,2.86000,0.72000,normal
31.62000,-5.66552,-3.94713,6.33908,-1.77317,2.78415,1.34756,normal
31.64000,-5.87241,-4.13103,6.63793,-1.57805,2.75976,1.42073,normal
31.66000,-6.07931,-4.31494,6.93678,-1.38293,2.73537,1.49390,normal
31.68000,-6.28621,-4.49885,7.23563,-1.18780,2.71098,1.56707,normal
31.70000,-8.52128,-2.59574,7.19149,-1.10000,2.40000,1.90000,normal
31.72000,-8.62766,-2.57447,7.14894,-1.21111,2.37778,1.90000,normal
31.74000,-8.73404,-2.55319,7.10638,-1.32222,2.35556,1.90000,normal
31.76000,-8.84043,-2.53191,7.06383,-1.43333,2.33333,1.90000,normal
31.78000,-8.94681,-2.51064,7.02128,-1.54444,2.31111,1.90000,normal
31.80000,-10.71290,-3.60645,5.20000,-1.90000,1.70000,1.90000,normal
31.82000,-10.79892,-3.64946,5.20000,-1.56471,1.48235,1.78235,normal
31.84000,-10.88495,-3.69247,5.20000,-1.52549,1.46275,1.76275,normal
31.86000,-10.97097,-3.73548,5.20000,-1.48627,1.44314,1.74314,normal
31.88000,-11.05699,-3.77849,5.20000,-1.44706,1.42353,1.72353,normal
31.90000,-11.38571,-3.87143,5.05714,-1.40784,1.40392,1.70392,normal
31.92000,-10.26429,-4.35238,4.08810,-0.68816,0.79211,0.88816,normal
31.94000,-10.19286,-4.25714,4.06429,-0.60921,0.73947,0.80921,normal
31.96000,-10.12143,-4.16190,4.04048,-0.53026,0.68684,0.73026,normal
31.98000,-10.05000,-4.06667,4.01667,-0.45132,0.63421,0.65132,normal
32.00000,-9.90000,-2.70000,3.50000,0.06667,0.51667,0.15000,normal
32.02000,-9.87802,-2.61209,3.52198,0.50000,0.38222,-0.21778,normal
32.04000,-9.85604,-2.52418,3.54396,0.50000,0.36000,-0.24000,normal
32.06000,-9.83407,-2.43626,3.56593,0.50000,0.33778,-0.26222,normal
32.08000,-9.81209,-2.34835,3.58791,0.50000,0.31556,-0.28444,normal
32.10000,-8.60000,-0.70000,3.90000,0.40000,0.20000,-0.30000,normal
32.12000,-8.63596,-1.27191,3.42135,-0.23158,-0.11579,-0.20000,normal
32.14000,-8.56854,-1.13708,3.44382,-0.27368,-0.13684,-0.20000,normal
32.16000,-8.50112,-1.00225,3.46629,-0.31579,-0.15789,-0.20000,normal
32.18000,-8.43371,-0.86742,3.48876,-0.35789,-0.17895,-0.20000,normal
32.20000,-9.01290,-2.41290,2.78710,-0.40000,-0.20000,-0.20000,normal
32.22000,-9.09892,-2.49892,2.70108,-1.00000,-0.10000,-0.10000,normal
32.24000,-9.18495,-2.58495,2.61505,-0.99273,-0.09636,-0.10000,normal
32.26000,-9.27097,-2.67097,2.52903,-0.92000,-0.06000,-0.10000,normal
32.28000,-9.35699,-2.75699,2.44301,-0.84727,-0.02364,-0.10000,normal
32.30000,-10.00000,-2.50000,2.70000,0.14000,-0.18000,-0.02000,normal
32.32000,-9.91111,-2.43333,2.67778,0.30000,-0.21875,-0.10000,normal
32.34000,-9.82222,-2.36667,2.65556,0.30000,-0.23958,-0.10000,normal
32.36000,-9.73333,-2.30000,2.63333,0.30000,-0.26042,-0.10000,normal
32.38000,-9.64444,-2.23333,2.61111,0.30000,-0.28125,-0.10000,normal
32.40000,-8.95000,-1.80000,2.45000,0.20000,-0.30000,-0.15000,normal
32.42000,-9.01778,-2.11778,2.38222,-0.40000,-0.30000,-0.30000,normal
32.44000,-9.04000,-2.14000,2.36000,-0.40000,-0.30000,-0.30000,normal
32.46000,-9.06222,-2.16222,2.33778,-0.40000,-0.30000,-0.30000,normal
32.48000,-9.08444,-2.18444,2.31556,-0.40000,-0.30000,-0.30000,normal
32.50000,-9.10000,-2.45000,2.20000,0.00000,-0.20000,0.00000,normal
32.52000,-9.07889,-2.37889,2.20000,0.00000,-0.20000,0.00000,normal
32.54000,-9.05667,-2.35667,2.20000,0.00000,-0.20000,0.00000,normal
32.56000,-9.03444,-2.33444,2.20000,0.00000,-0.20000,0.00000,normal
32.58000,-9.01222,-2.31222,2.20000,0.00000,-0.20000,0.00000,normal
32.60000,-9.03636,-2.30000,2.27273,0.00000,-0.20000,0.00000,normal
32.62000,-9.11512,-2.25465,2.40000,0.00000,-0.10000,0.00000,normal
32.64000,-9.13837,-2.18488,2.40000,0.00000,-0.10000,0.00000,normal
32.66000,-9.16163,-2.11512,2.40000,0.00000,-0.10000,0.00000,normal
32.68000,-9.18488,-2.04535,2.40000,0.00000,-0.10000,0.00000,normal
32.70000,-9.05000,-2.15000,2.30000,0.00000,-0.10000,0.00000,normal
32.72000,-9.00000,-2.51446,2.30000,-0.28571,-0.10000,0.10000,normal
32.74000,-9.00000,-2.53855,2.30000,-0.26190,-0.10000,0.10000,normal
32.76000,-9.00000,-2.56265,2.30000,-0.23810,-0.10000,0.10000,normal
32.78000,-9.00000,-2.58675,2.30000,-0.21429,-0.10000,0.10000,normal
32.80000,-9.00000,-2.80000,2.50000,-0.05000,0.00000,0.10000,normal
32.82000,-9.00000,-2.80000,2.50000,0.10000,0.00000,0.10000,normal
32.84000,-9.00000,-2.80000,2.50000,0.10000,0.00000,0.10000,normal
32.86000,-9.00000,-2.80000,2.50000,0.10000,0.00000,0.10000,normal
32.88000,-9.00000,-2.80000,2.50000,0.10000,0.00000,0.10000,normal
32.90000,-8.90000,-2.70000,2.79688,0.10000,0.00000,-0.10000,normal
32.92000,-8.90000,-2.70000,2.77604,0.10000,0.00000,-0.10000,normal
32.94000,-8.90000,-2.70000,2.75521,0.10000,0.00000,-0.10000,normal
32.96000,-8.90000,-2.70000,2.73438,0.10000,0.00000,-0.10000,normal
32.98000,-8.90000,-2.70000,2.71354,0.10000,0.00000,-0.10000,normal
33.00000,-9.00000,-2.70000,2.70000,0.10000,0.00000,-0.10000,normal
33.02000,-9.10000,-2.70000,2.71084,0.00000,0.00000,0.00000,normal
33.04000,-9.10000,-2.70000,2.73494,0.00000,0.00000,0.00000,normal
33.06000,-9.10000,-2.70000,2.75904,0.00000,0.00000,0.00000,normal
33.08000,-9.10000,-2.70000,2.78313,0.00000,0.00000,0.00000,normal
33.10000,-9.10000,-2.70000,2.80000,0.00000,0.00000,0.00000,normal
33.12000,-9.10000,-2.70000,2.81250,0.01294,0.00000,-0.10000,normal
33.14000,-9.10000,-2.70000,2.83750,0.03647,0.00000,-0.10000,normal
33.16000,-9.10000,-2.70000,2.86250,0.06000,0.00000,-0.10000,normal
33.18000,-9.10000,-2.70000,2.88750,0.08353,0.00000,-0.10000,normal
33.20000,-9.20000,-2.70000,3.00000,0.10000,-0.10000,-0.15000,normal
33.22000,-9.27865,-2.82135,2.94270,0.12043,-0.10000,-0.20000,normal
33.24000,-9.25618,-2.84382,2.98764,0.14194,-0.10000,-0.20000,normal
33.26000,-9.23371,-2.86629,3.03258,0.16344,-0.10000,-0.20000,normal
33.28000,-9.21124,-2.88876,3.07753,0.18495,-0.10000,-0.20000,normal
33.30000,-9.25000,-2.90000,3.60000,-0.65000,-0.20000,-0.45000,normal
33.32000,-9.36477,-3.51591,3.57841,-0.91845,-0.20000,-0.51845,normal
33.34000,-9.43295,-3.74318,3.55568,-0.93786,-0.20000,-0.53786,normal
33.36000,-9.50114,-3.97045,3.53295,-0.95728,-0.20000,-0.55728,normal
33.38000,-9.56932,-4.19773,3.51023,-0.97670,-0.20000,-0.57670,normal
33.40000,-10.08182,-5.19091,3.60000,-0.99612,-0.20000,-0.59612,normal
33.42000,-9.70000,-5.59873,3.69747,-0.30000,-0.40000,-0.80000,normal
33.44000,-9.70000,-6.48481,3.46962,0.28788,-0.57576,-1.12424,normal
33.46000,-9.70000,-7.37089,3.24177,0.77273,-0.54545,-1.15455,normal
33.48000,-9.70000,-8.25696,3.01392,1.25758,-0.51515,-1.18485,normal
33.50000,-11.05806,-4.76774,3.84516,7.40000,-1.90000,-0.55000,normal
33.52000,-10.77849,-3.88602,4.14624,7.53656,-2.52258,-0.35914,normal
33.54000,-10.49892,-3.00430,4.44731,7.36452,-2.65161,-0.31613,normal
33.56000,-10.21935,-2.12258,4.74839,7.19247,-2.78065,-0.27312,normal
33.58000,-9.93978,-1.24086,5.04946,7.02043,-2.90968,-0.23011,normal
33.60000,-6.00000,1.20000,7.60000,2.65000,-3.10000,-0.65000,normal
33.62000,-5.29326,0.81461,7.81461,1.50000,-2.75909,-0.67955,normal
33.64000,-5.18090,0.72472,7.72472,1.50000,-2.71364,-0.65682,normal
33.66000,-5.06854,0.63483,7.63483,1.50000,-2.66818,-0.63409,normal
33.68000,-4.95618,0.54494,7.54494,1.50000,-2.62273,-0.61136,normal
33.70000,-3.30323,0.61935,7.50000,0.89695,-1.80000,-0.40000,normal
33.72000,-3.32473,0.74839,7.50000,0.88168,-1.80000,-0.40000,normal
33.74000,-3.34624,0.87742,7.50000,0.86641,-1.80000,-0.40000,normal
33.76000,-3.36774,1.00645,7.50000,0.85115,-1.80000,-0.40000,normal
33.78000,-3.38925,1.13548,7.50000,0.83588,-1.80000,-0.40000,normal
33.80000,-1.93333,2.20000,6.66667,0.82061,-1.80000,-0.40000,normal
33.82000,-1.91429,1.95714,7.01429,0.80534,-1.80000,-0.40000,normal
33.84000,-1.50000,1.77667,7.69222,0.67619,-1.73810,-0.33810,normal
33.86000,-1.50000,1.71000,7.67000,0.55556,-1.52222,-0.16667,normal
33.88000,-1.50000,1.64333,7.64778,0.29792,-0.99583,0.10208,normal
33.90000,-1.50000,1.57667,7.62556,0.25625,-0.91250,0.14375,normal
33.92000,-1.50000,1.51000,7.60333,0.21458,-0.82917,0.18542,normal
33.94000,-1.56875,1.08438,8.71562,0.10000,-0.38939,0.20000,normal
33.96000,-1.50625,1.05312,8.74688,0.10000,-0.35909,0.20000,normal
33.98000,-1.44375,1.02187,8.77813,0.10000,-0.32879,0.20000,normal
34.00000,-1.40000,1.00000,9.40000,0.10000,-0.30000,0.20000,normal
34.02000,-1.16471,1.11765,9.38235,0.10000,-0.18861,0.08861,normal
34.04000,-1.11765,1.14118,9.35882,0.10000,-0.16329,0.06329,normal
34.06000,-1.07059,1.16471,9.33529,0.10000,-0.13797,0.03797,normal
34.08000,-1.02353,1.18824,9.31176,0.10000,-0.11266,0.01266,normal
34.10000,-1.09559,1.29559,9.70000,0.10000,-0.10000,0.00000,normal
34.12000,-1.06618,1.26618,9.70000,0.10000,-0.10000,0.00000,normal
34.14000,-1.03676,1.23676,9.70000,0.10000,-0.10000,0.00000,normal
34.16000,-1.00735,1.20735,9.70000,0.10000,-0.10000,0.00000,normal
34.18000,-1.00000,1.20000,9.95000,0.10000,-0.10000,0.00000,normal
34.20000,-0.53564,1.28812,9.51188,0.01376,-0.08624,0.00000,normal
34.22000,-0.59505,1.26832,9.53168,0.03211,-0.06789,0.00000,normal
34.24000,-0.65446,1.24851,9.55149,0.05046,-0.04954,0.00000,normal
34.26000,-0.71386,1.22871,9.57129,0.06881,-0.03119,0.00000,normal
34.28000,-0.77327,1.20891,9.59109,0.08716,-0.01284,0.00000,normal
34.30000,-0.62222,1.31111,9.43333,0.10000,-0.10000,0.00000,normal
34.32000,-0.62088,1.32088,9.40000,0.10000,-0.10000,0.00000,normal
34.34000,-0.64286,1.34286,9.40000,0.10000,-0.10000,0.00000,normal
34.36000,-0.66484,1.36484,9.40000,0.10000,-0.10000,0.00000,normal
34.38000,-0.68681,1.38681,9.40000,0.10000,-0.10000,0.00000,normal
34.40000,-0.70000,1.40000,9.50000,0.10000,-0.06000,-0.10000,normal
34.42000,-0.73678,1.41839,9.71839,0.10000,0.00000,-0.10000,normal
34.44000,-0.78276,1.44138,9.74138,0.10000,0.00000,-0.10000,normal
34.46000,-0.82874,1.46437,9.76437,0.10000,0.00000,-0.10000,normal
34.48000,-0.87471,1.48736,9.78736,0.10000,0.00000,-0.10000,normal
34.50000,-0.80000,1.60000,9.80000,0.10000,0.00000,-0.10000,normal
34.52000,-0.80000,1.50000,9.78163,0.20000,-0.00341,-0.10000,normal
34.54000,-0.80000,1.50000,9.76122,0.20000,-0.02614,-0.10000,normal
34.56000,-0.80000,1.50000,9.74082,0.20000,-0.04886,-0.10000,normal
34.58000,-0.80000,1.50000,9.72041,0.20000,-0.07159,-0.10000,normal
34.60000,-0.80000,1.50000,9.70000,0.20000,-0.09432,-0.10000,normal
