timestamp,accel_x,accel_y,accel_z,gyro_x,gyro_y,gyro_z,label
0.00000,-1.20000,2.80000,9.50000,-0.10000,-0.10000,0.00000,normal
0.02000,0.19474,2.83158,10.45263,0.10000,0.23333,0.31667,normal
0.04000,-1.10845,2.93803,10.30704,-0.12222,0.52963,0.35370,normal
0.06000,-1.86901,3.36056,9.94085,-0.34444,0.82593,0.39074,normal
0.08000,-2.62958,3.78310,9.57465,-0.10000,0.09083,0.10000,normal
0.10000,-0.62000,2.90000,9.62000,-0.10000,0.07417,0.10000,normal
0.12000,-1.11356,2.10000,9.32712,-0.10000,0.05750,0.10000,normal
0.14000,-1.13051,2.10000,9.36102,-0.10000,0.04083,0.10000,normal
0.16000,-1.14746,2.10000,9.39492,-0.10000,0.02417,0.10000,normal
0.18000,-1.16441,2.10000,9.42881,-0.10000,0.00750,0.10000,normal
0.20000,-1.18136,2.10000,9.46271,0.00000,0.00000,0.10000,normal
0.22000,-1.19831,2.10000,9.49661,0.00000,0.00000,0.10000,normal
0.24000,-0.71263,2.30000,9.22526,0.00000,0.00000,0.10000,normal
0.26000,-0.73368,2.30000,9.26737,0.00000,0.00000,0.10000,normal
0.28000,-0.75474,2.30000,9.30947,0.00000,0.00000,0.10000,normal
0.30000,-0.77579,2.30000,9.35158,0.00000,0.00000,0.10000,normal
0.32000,-0.79684,2.30000,9.39368,0.00000,0.10000,0.10000,normal
0.34000,-0.80000,2.45000,9.00000,-0.10000,0.10000,0.10000,normal
0.36000,-0.81842,2.43684,8.96316,-0.10000,0.10000,0.10000,normal
0.38000,-0.84474,2.48947,8.91053,-0.10000,0.10000,0.10000,normal
0.40000,-0.87105,2.54211,8.85789,-0.60580,0.30145,0.20145,normal
0.42000,-0.89737,2.59474,8.80526,-0.72174,0.33043,0.23043,normal
0.44000,-1.22462,3.41231,7.23846,-0.83768,0.35942,0.25942,normal
0.46000,-1.28615,3.44308,7.08462,-0.95362,0.38841,0.28841,normal
0.48000,-1.34769,3.47385,6.93077,-3.51651,0.90550,1.00550,normal
0.50000,-1.85000,3.45000,6.32500,-3.62661,0.94220,1.04220,normal
0.52000,-2.74522,1.47391,5.38870,-3.73670,0.97890,1.07890,normal
0.54000,-2.81478,1.12609,5.37130,-3.84679,1.01560,1.11560,normal
0.56000,-2.88435,0.77826,5.35391,-3.95688,1.05229,1.15229,normal
0.58000,-2.95391,0.43043,5.33652,-4.06697,1.08899,1.18899,normal
0.60000,-3.02348,0.08261,5.31913,-3.70000,1.30756,1.90756,normal
0.62000,-3.09304,-0.26522,5.30174,-3.70000,1.32437,1.92437,normal
0.64000,-4.34592,-2.01531,5.76122,-3.70000,1.34118,1.94118,normal
0.66000,-4.40714,-2.03571,5.84286,-3.70000,1.35798,1.95798,normal
0.68000,-4.46837,-2.05612,5.92449,-3.70000,1.37479,1.97479,normal
0.70000,-4.52959,-2.07653,6.00612,-3.70000,1.39160,1.99160,normal
0.72000,-4.59082,-2.09694,6.08776,-5.36000,2.18000,2.92000,normal
0.74000,-7.14000,-2.41000,2.16000,-5.64118,2.32059,3.16176,normal
0.76000,-9.83151,-3.67534,0.36438,-5.70000,2.35000,3.25000,normal
0.78000,-10.43425,-3.81233,0.11781,-5.75882,2.37941,3.33824,normal
0.80000,-11.03699,-3.94932,-0.12877,-4.35000,1.90000,4.45000,normal
0.82000,-11.63973,-4.08630,-0.37534,-3.20820,1.90000,4.66230,normal
0.84000,-16.73333,-8.91111,1.32222,-2.58525,1.90000,4.72787,normal
0.86000,-16.82857,-9.22857,1.10000,-1.96230,1.90000,4.79344,normal
0.88000,-16.92381,-9.54603,0.87778,1.68507,1.07313,0.53731,normal
0.90000,-13.90000,-4.20000,1.90000,1.32687,1.02836,0.43284,normal
0.92000,-13.37734,-0.69609,2.03359,0.96866,0.98358,0.32836,normal
0.94000,-13.14297,-0.58672,2.17422,0.61045,0.93881,0.22388,normal
0.96000,-12.90859,-0.47734,2.31484,0.25224,0.89403,0.11940,normal
0.98000,-12.67422,-0.36797,2.45547,-0.10597,0.84925,0.01493,normal
1.00000,-12.43984,-0.25859,2.59609,-0.46418,0.80448,-0.08955,normal
1.02000,-12.20547,-0.14922,2.73672,-1.82929,0.14343,0.32828,normal
1.04000,-10.65000,-5.05000,1.50000,-1.72828,0.06263,0.36869,normal
1.06000,-10.56098,-5.65488,1.22317,-1.62727,-0.01818,0.40909,normal
1.08000,-10.41463,-5.92317,1.24756,-1.52626,-0.09899,0.44949,normal
1.10000,-10.26829,-6.19146,1.27195,-1.42525,-0.17980,0.48990,normal
1.12000,-10.12195,-6.45976,1.29634,0.98000,0.00000,0.90000,normal
1.14000,-7.20000,-4.98462,1.50769,1.00000,0.21333,0.88667,normal
1.16000,-7.86951,-4.88293,1.73780,1.00000,0.24667,0.85333,normal
1.18000,-8.18659,-4.98049,1.66463,1.00000,0.28000,0.82000,normal
1.20000,-8.50366,-5.07805,1.59146,2.10000,-0.20000,0.30000,normal
1.22000,-8.82073,-5.17561,1.51829,2.44138,-0.42069,-0.08276,normal
1.24000,-11.45000,-5.22000,-0.09000,2.48736,-0.44368,-0.17471,normal
1.26000,-11.33889,-5.04222,-0.06778,2.53333,-0.46667,-0.26667,normal
1.28000,-11.22778,-4.86444,-0.04556,2.57931,-0.48966,-0.35862,normal
1.30000,-11.11667,-4.68667,-0.02333,1.58485,-0.70000,-1.30000,normal
1.32000,-11.00556,-4.50889,-0.00111,1.52424,-0.70000,-1.30000,normal
1.34000,-9.88776,-2.81224,0.31224,1.46364,-0.70000,-1.30000,normal
1.36000,-9.86735,-2.83265,0.33265,1.40303,-0.70000,-1.30000,normal
1.38000,-9.84694,-2.85306,0.35306,1.34242,-0.70000,-1.30000,normal
1.40000,-9.82653,-2.87347,0.37347,0.80000,-0.60000,-1.25000,normal
1.42000,-9.80612,-2.89388,0.39388,0.78155,-0.60000,-1.20000,normal
1.44000,-9.57614,-3.29205,0.29205,0.76214,-0.60000,-1.20000,normal
1.46000,-9.50795,-3.26932,0.26932,0.74272,-0.60000,-1.20000,normal
1.48000,-9.43977,-3.24659,0.24659,0.72330,-0.60000,-1.20000,normal
1.50000,-9.37159,-3.22386,0.22386,0.70388,-0.60000,-1.20000,normal
1.52000,-9.30341,-3.20114,0.20114,0.59859,-0.39859,-0.89859,normal
1.54000,-9.20000,-3.01111,0.00000,0.57042,-0.37042,-0.87042,normal
1.56000,-9.07875,-2.97875,0.20000,0.54225,-0.34225,-0.84225,normal
1.58000,-9.05375,-2.95375,0.20000,0.51408,-0.31408,-0.81408,normal
1.60000,-9.02875,-2.92875,0.20000,0.50000,-0.09892,-0.69892,normal
1.62000,-9.00375,-2.90375,0.20000,0.50000,-0.07742,-0.67742,normal
1.64000,-9.37174,-2.90000,0.51196,0.50000,-0.05591,-0.65591,normal
1.66000,-9.50217,-2.90000,0.53370,0.50000,-0.03441,-0.63441,normal
1.68000,-9.63261,-2.90000,0.55543,0.50000,-0.01290,-0.61290,normal
1.70000,-9.76304,-2.90000,0.57717,0.60000,0.10000,-0.40000,normal
1.72000,-9.89348,-2.90000,0.59891,0.47978,0.03933,-0.20000,normal
1.74000,-10.67000,-2.28000,1.45000,0.45730,-0.02809,-0.20000,normal
1.76000,-10.38111,-2.23556,1.56111,0.43483,-0.09551,-0.20000,normal
1.78000,-10.09222,-2.19111,1.67222,0.41236,-0.16292,-0.20000,normal
1.80000,-9.80333,-2.14667,1.78333,-0.10000,-0.13333,-0.20000,normal
1.82000,-9.51444,-2.10222,1.89444,-0.65217,-0.01739,-0.18261,normal
1.84000,-10.38901,-1.33297,0.92198,-0.71739,-0.03913,-0.16087,normal
1.86000,-10.36703,-1.39890,0.96593,-0.78261,-0.06087,-0.13913,normal
1.88000,-10.34505,-1.46484,1.00989,-0.84783,-0.08261,-0.11739,normal
1.90000,-10.32308,-1.53077,1.05385,-1.02222,-0.30000,0.01111,normal
1.92000,-10.30110,-1.59670,1.09780,-1.31316,-0.10395,0.29474,normal
1.94000,-8.85765,-0.28471,2.78000,-1.57632,-0.18289,0.18947,normal
1.96000,-8.64588,-0.70824,3.18000,-1.83947,-0.26184,0.08421,normal
1.98000,-8.43412,-1.13176,3.58000,-2.10263,-0.34079,-0.02105,normal
2.00000,-8.22235,-1.55529,3.98000,-4.00000,-0.40000,0.00000,normal
2.02000,-8.01059,-1.97882,4.38000,-1.66364,-0.46591,0.41705,normal
2.04000,-7.17931,-5.26552,0.92069,-1.48182,-0.42045,0.43977,normal
2.06000,-7.11034,-5.15057,0.98966,-1.30000,-0.37500,0.46250,normal
2.08000,-7.04138,-5.03563,1.05862,-1.11818,-0.32955,0.48523,normal
2.10000,-6.97241,-4.92069,1.12759,0.79706,0.10000,0.39902,normal
2.12000,-6.90345,-4.80575,1.19655,0.73824,0.10000,0.37941,normal
2.14000,-4.48280,-2.84301,1.91720,0.67941,0.10000,0.35980,normal
2.16000,-4.43978,-2.95054,1.96022,0.62059,0.10000,0.34020,normal
2.18000,-4.39677,-3.05806,2.00323,0.56176,0.10000,0.32059,normal
2.20000,-4.35376,-3.16559,2.04624,0.50294,0.10000,0.30098,normal
2.22000,-4.31075,-3.27312,2.08925,1.73797,0.88101,0.70633,normal
2.24000,-9.13516,-4.33846,0.24396,1.88987,0.80506,0.73165,normal
2.26000,-9.22308,-4.18462,0.35385,2.04177,0.72911,0.75696,normal
2.28000,-9.31099,-4.03077,0.46374,2.19367,0.65316,0.78228,normal
2.30000,-9.39890,-3.87692,0.57363,2.42000,0.54000,0.92000,normal
2.32000,-9.48681,-3.72308,0.68352,1.27375,0.80875,0.80000,normal
2.34000,-10.17159,-3.03182,2.23182,1.19875,0.83375,0.80000,normal
2.36000,-10.37614,-3.12273,2.32273,1.12375,0.85875,0.80000,normal
2.38000,-10.58068,-3.21364,2.41364,1.04875,0.88375,0.80000,normal
2.40000,-10.78523,-3.30455,2.50455,1.65000,0.85000,0.50000,normal
2.42000,-10.98977,-3.39545,2.59545,2.25714,0.27857,0.25714,normal
2.44000,-13.13636,-3.01818,1.71818,2.20952,0.25476,0.20952,normal
2.46000,-13.22727,-2.81364,1.51364,2.16190,0.23095,0.16190,normal
2.48000,-13.31818,-2.60909,1.30909,2.11429,0.20714,0.11429,normal
2.50000,-13.40909,-2.40455,1.10455,0.32727,-1.37818,-0.31455,normal
2.52000,-13.50000,-2.20000,0.90000,0.14545,-1.32364,-0.35091,normal
2.54000,-15.03125,-1.65937,1.09375,-0.03636,-1.26909,-0.38727,normal
2.56000,-14.40625,-1.47187,1.21875,-0.21818,-1.21455,-0.42364,normal
2.58000,-13.78125,-1.28437,1.34375,-0.40000,-1.16000,-0.46000,normal
2.60000,-13.15625,-1.09687,1.46875,-0.58182,-1.10545,-0.49636,normal
2.62000,-12.53125,-0.90937,1.59375,-3.02857,-1.05714,-1.20000,normal
2.64000,-6.71250,-1.66364,1.57614,-3.07619,-0.98571,-1.20000,normal
2.66000,-6.46250,-1.84545,1.50795,-3.12381,-0.91429,-1.20000,normal
2.68000,-6.21250,-2.02727,1.43977,-3.17143,-0.84286,-1.20000,normal
2.70000,-5.96250,-2.20909,1.37159,-0.87732,0.00000,-0.09381,normal
2.72000,-5.71250,-2.39091,1.30341,-0.65052,0.00000,-0.03196,normal
2.74000,-6.24000,-5.03000,0.51000,-0.42371,0.00000,0.02990,normal
2.76000,-6.32889,-5.09667,0.53222,-0.19691,0.00000,0.09175,normal
2.78000,-6.41778,-5.16333,0.55444,0.02990,0.00000,0.15361,normal
2.80000,-6.50667,-5.23000,0.57667,1.10000,0.00000,0.40000,normal
2.82000,-6.59556,-5.29667,0.59889,2.06386,0.18193,0.38193,normal
2.84000,-6.80690,-3.15172,1.01379,2.01566,0.15783,0.35783,normal
2.86000,-6.82989,-2.99080,1.05977,1.96747,0.13373,0.33373,normal
2.88000,-6.85287,-2.82989,1.10575,1.91928,0.10964,0.30964,normal
2.90000,-6.87586,-2.66897,1.15172,-0.20472,-0.19906,-0.20094,normal
2.92000,-6.89885,-2.50805,1.19770,-0.29906,-0.18019,-0.21981,normal
2.94000,-6.24149,-1.44149,0.88617,-0.39340,-0.16132,-0.23868,normal
2.96000,-6.30532,-1.50532,0.86489,-0.48774,-0.14245,-0.25755,normal
2.98000,-6.36915,-1.56915,0.84362,-0.58208,-0.12358,-0.27642,normal
3.00000,-6.43298,-1.63298,0.82234,-0.67642,-0.10472,-0.29528,normal
3.02000,-6.49681,-1.69681,0.80106,-1.20000,0.10000,0.10000,normal
3.04000,-7.22857,-3.35714,1.57143,-1.14286,0.27143,0.15714,normal
3.06000,-7.44935,-3.60390,1.51688,-1.08571,0.44286,0.21429,normal
3.08000,-7.76104,-3.73377,1.41299,-1.02857,0.61429,0.27143,normal
3.10000,-8.07273,-3.86364,1.30909,0.80000,-0.10000,0.90000,normal
3.12000,-8.38442,-3.99351,1.20519,0.82151,0.07204,0.85699,normal
3.14000,-13.70109,-5.01630,1.36413,0.84301,0.24409,0.81398,normal
3.16000,-13.15761,-4.86413,1.29891,0.86452,0.41613,0.77097,normal
3.18000,-12.61413,-4.71196,1.23370,0.88602,0.58817,0.72796,normal
3.20000,-12.07065,-4.55978,1.16848,0.69341,0.20110,0.09780,normal
3.22000,-11.52717,-4.40761,1.10326,0.56154,0.22308,0.05385,normal
3.24000,-11.28242,-2.19121,2.89121,0.42967,0.24505,0.00989,normal
3.26000,-11.23846,-2.16923,2.86923,0.29780,0.26703,-0.03407,normal
3.28000,-11.19451,-2.14725,2.84725,0.16593,0.28901,-0.07802,normal
3.30000,-11.15055,-2.12527,2.82527,0.00000,-0.30943,-0.10000,normal
3.32000,-11.10659,-2.10330,2.80330,0.00000,-0.34717,-0.10000,normal
3.34000,-7.61667,-2.35417,2.51146,0.00000,-0.38491,-0.10000,normal
3.36000,-7.28333,-2.27083,2.53229,0.00000,-0.42264,-0.10000,normal
3.38000,-6.95000,-2.18750,2.55313,0.00000,-0.46038,-0.10000,normal
3.40000,-6.61667,-2.10417,2.57396,0.00000,-0.49811,-0.10000,normal
3.42000,-6.28333,-2.02083,2.59479,-0.30000,-0.30000,0.00000,normal
3.44000,-4.50000,-2.10000,2.00000,-0.30000,-0.27222,0.02778,normal
3.46000,-4.57407,-2.22346,1.97531,-0.30000,-0.24444,0.05556,normal
3.48000,-4.64815,-2.34691,1.95062,-0.30000,-0.21667,0.08333,normal
3.50000,-4.72222,-2.47037,1.92593,0.22000,0.20000,0.40000,normal
3.52000,-4.79630,-2.59383,1.90123,0.18095,0.30000,0.50000,normal
3.54000,-7.85000,-3.26000,2.63000,0.15714,0.30000,0.50000,normal
3.56000,-7.96111,-3.39333,2.47444,0.13333,0.30000,0.50000,normal
3.58000,-8.07222,-3.52667,2.31889,0.10952,0.30000,0.50000,normal
3.60000,-8.18333,-3.66000,2.16333,0.79778,0.00000,0.09778,normal
3.62000,-8.29444,-3.79333,2.00778,0.77556,0.00000,0.07556,normal
3.64000,-9.12581,-2.86129,1.76129,0.75333,0.00000,0.05333,normal
3.66000,-9.16882,-2.79677,1.69677,0.73111,0.00000,0.03111,normal
3.68000,-9.21183,-2.73226,1.63226,0.70889,0.00000,0.00889,normal
3.70000,-9.25484,-2.66774,1.56774,0.40893,0.07321,-0.30446,normal
3.72000,-9.29785,-2.60323,1.50323,0.44464,-0.03393,-0.32232,normal
3.74000,-13.81277,-4.18936,2.12766,0.48036,-0.14107,-0.34018,normal
3.76000,-13.21702,-4.01915,2.17021,0.51607,-0.24821,-0.35804,normal
3.78000,-12.62128,-3.84894,2.21277,0.55179,-0.35536,-0.37589,normal
3.80000,-12.02553,-3.67872,2.25532,0.58750,-0.46250,-0.39375,normal
3.82000,-11.42979,-3.50851,2.29787,0.10000,0.50000,-0.70000,normal
3.84000,-10.91667,-2.86667,0.21667,0.32727,-0.07273,-0.60000,normal
3.86000,-16.01600,-3.42533,1.18667,0.35758,-0.37576,-0.60000,normal
3.88000,-14.89600,-3.31867,1.45333,0.38788,-0.67879,-0.60000,normal
3.90000,-13.77600,-3.21200,1.72000,-0.55000,-0.60000,-0.75000,normal
3.92000,-12.65600,-3.10533,1.98667,-0.50000,-0.55778,-0.80000,normal
3.94000,-6.81702,-2.12766,1.71383,-0.50000,-0.51333,-0.80000,normal
3.96000,-6.68936,-2.17021,1.73511,-0.50000,-0.46889,-0.80000,normal
3.98000,-6.56170,-2.21277,1.75638,-0.50000,-0.42444,-0.80000,normal
4.00000,-6.43404,-2.25532,1.77766,0.30215,-0.30000,-0.39570,normal
4.02000,-6.30638,-2.29787,1.79894,0.32366,-0.30000,-0.35269,normal
4.04000,-4.90000,-2.85604,1.65604,0.34516,-0.30000,-0.30968,normal
4.06000,-4.90000,-2.76813,1.56813,0.36667,-0.30000,-0.26667,normal
4.08000,-4.90000,-2.68022,1.48022,0.38817,-0.30000,-0.22366,normal
4.10000,-4.90000,-2.59231,1.39231,-0.10612,-0.39796,0.00204,normal
4.12000,-4.90000,-2.50440,1.30440,-0.16735,-0.37755,0.02245,normal
4.14000,-6.30000,-2.12198,1.20000,-0.22857,-0.35714,0.04286,normal
4.16000,-6.30000,-2.16593,1.20000,-0.28980,-0.33673,0.06327,normal
4.18000,-6.30000,-2.20989,1.20000,-0.35102,-0.31633,0.08367,normal
4.20000,-6.30000,-2.25385,1.20000,-0.71905,-0.20000,0.20000,normal
4.22000,-6.30000,-2.29780,1.20000,-0.95000,-0.20000,0.25000,normal
4.24000,-7.48256,-3.31163,1.20581,-0.97385,-0.14769,0.30000,normal
4.26000,-7.41279,-3.35814,1.22907,-0.94308,-0.08615,0.30000,normal
4.28000,-7.34302,-3.40465,1.25233,-0.91231,-0.02462,0.30000,normal
4.30000,-7.27326,-3.45116,1.27558,-2.01538,0.48654,0.90192,normal
4.32000,-7.20349,-3.49767,1.29884,-2.16923,0.35192,0.92115,normal
4.34000,-16.50400,-3.00400,0.87000,-2.32308,0.21731,0.94038,normal
4.36000,-16.66400,-3.16400,0.67000,-2.47692,0.08269,0.95962,normal
4.38000,-16.82400,-3.32400,0.47000,-2.63077,-0.05192,0.97885,normal
4.40000,-16.98400,-3.48400,0.27000,-2.78462,-0.18654,0.99808,normal
4.42000,-17.14400,-3.64400,0.07000,-0.77143,0.08571,0.48571,normal
4.44000,-15.16471,-5.85882,1.05882,-0.55714,0.06190,0.46190,normal
4.46000,-14.62353,-5.69412,1.29412,-0.34286,0.03810,0.43810,normal
4.48000,-14.08235,-5.52941,1.52941,-0.12857,0.01429,0.41429,normal
4.50000,-13.54118,-5.36471,1.76471,0.56250,0.20000,0.00000,normal
4.52000,-13.00000,-5.20000,2.00000,0.47000,0.18500,0.01500,normal
4.54000,-8.26250,-2.99062,2.69062,0.43000,0.16500,0.03500,normal
4.56000,-8.17917,-2.96979,2.66979,0.39000,0.14500,0.05500,normal
4.58000,-8.09583,-2.94896,2.64896,0.35000,0.12500,0.07500,normal
4.60000,-8.01250,-2.92812,2.62812,0.31000,0.10500,0.09500,normal
4.62000,-7.92917,-2.90729,2.60729,0.24444,-0.24444,0.30000,normal
4.64000,-7.10000,-3.05000,2.20000,0.46829,-0.36585,0.20000,normal
4.66000,-5.06154,-2.83077,2.46923,0.56585,-0.31707,0.20000,normal
4.68000,-4.63846,-2.86923,2.43077,0.69722,0.10833,-0.09444,normal
4.70000,-4.06000,-2.26000,2.56000,0.67870,0.16389,-0.05741,normal
4.72000,-4.67500,-2.76250,2.11250,0.66019,0.21944,-0.02037,normal
4.74000,-4.92500,-2.85179,1.98750,0.64167,0.27500,0.01667,normal
4.76000,-5.17500,-2.94107,1.86250,0.62315,0.33056,0.05370,normal
4.78000,-5.42500,-3.03036,1.73750,0.60463,0.38611,0.09074,normal
4.80000,-5.67500,-3.11964,1.61250,1.00000,0.16923,0.21026,normal
4.82000,-8.40000,-3.80000,1.00000,1.00000,0.11795,0.22735,normal
4.84000,-10.40680,-3.78447,1.56214,1.00000,0.06667,0.24444,normal
4.86000,-10.29029,-3.76505,1.63981,1.00000,0.01538,0.26154,normal
4.88000,-10.17379,-3.74563,1.71748,1.00000,-0.03590,0.27863,normal
4.90000,-10.05728,-3.72621,1.79515,1.00000,-0.08718,0.29573,normal
4.92000,-9.94078,-3.70680,1.87282,0.20000,0.38250,-0.30875,normal
4.94000,-13.79048,-4.21429,1.01429,0.20000,0.33250,-0.33375,normal
4.96000,-13.74286,-4.28571,1.08571,0.20000,0.28250,-0.35875,normal
4.98000,-13.69524,-4.35714,1.15714,0.20000,0.23250,-0.38375,normal
5.00000,-13.64762,-4.42857,1.22857,0.27000,0.06000,-0.47000,normal
5.02000,-13.60000,-4.50000,1.30000,0.20000,-0.07241,-0.60000,normal
5.04000,-11.82584,-3.61798,0.60000,0.20000,-0.02644,-0.60000,normal
5.06000,-12.14045,-3.66292,0.60000,0.20000,0.01954,-0.60000,normal
5.08000,-12.45506,-3.70787,0.60000,0.20000,0.06552,-0.60000,normal
5.10000,-12.76966,-3.75281,0.60000,0.30000,-0.30000,-0.50000,normal
5.12000,-13.08427,-3.79775,0.60000,0.30000,-0.30000,-0.51905,normal
5.14000,-8.50345,-3.06782,1.50805,0.30000,-0.30000,-0.54286,normal
5.16000,-8.22759,-2.97586,1.53103,0.30000,-0.30000,-0.56667,normal
5.18000,-7.95172,-2.88391,1.55402,0.30000,-0.30000,-0.59048,normal
5.20000,-7.67586,-2.79195,1.57701,0.40000,-0.30000,-0.70000,normal
5.22000,-7.40000,-2.70000,1.60000,0.40000,-0.30000,-0.68077,normal
5.24000,-4.34468,-2.50000,1.98617,0.40000,-0.30000,-0.66154,normal
5.26000,-4.25957,-2.50000,1.96489,0.40000,-0.30000,-0.64231,normal
5.28000,-4.17447,-2.50000,1.94362,0.40000,-0.30000,-0.62308,normal
5.30000,-4.08936,-2.50000,1.92234,0.40000,-0.30000,-0.60385,normal
5.32000,-4.00426,-2.50000,1.90106,0.29342,-0.10000,-0.18684,normal
5.34000,-5.80000,-2.70000,0.46667,0.26711,-0.10000,-0.13421,normal
5.36000,-6.62078,-2.84416,0.30000,0.24079,-0.10000,-0.08158,normal
5.38000,-6.88052,-2.89610,0.30000,0.21447,-0.10000,-0.02895,normal
5.40000,-7.14026,-2.94805,0.30000,-0.30000,0.20000,0.65000,normal
5.42000,-7.40000,-3.00000,0.30000,-0.41979,0.47917,0.73958,normal
5.44000,-10.46344,-4.85376,0.54409,-0.44063,0.56250,0.78125,normal
5.46000,-11.02258,-5.09032,0.45806,-0.46146,0.64583,0.82292,normal
5.48000,-11.58172,-5.32688,0.37204,-0.48229,0.72917,0.86458,normal
5.50000,-12.14086,-5.56344,0.28602,0.10000,1.00000,1.10000,normal
5.52000,-12.70000,-5.80000,0.20000,2.04624,0.80000,0.60860,normal
5.54000,-12.87701,-5.15402,1.49540,2.21828,0.80000,0.50108,normal
5.56000,-12.76207,-4.92414,1.47241,2.39032,0.80000,0.39355,normal
5.58000,-12.64713,-4.69425,1.44943,2.56237,0.80000,0.28602,normal
5.60000,-12.53218,-4.46437,1.42644,2.65000,0.95000,-0.35000,normal
5.62000,-12.41724,-4.23448,1.40345,1.75979,0.64742,-0.50000,normal
5.64000,-12.01667,-2.58889,3.10556,1.59485,0.58557,-0.50000,normal
5.66000,-11.68333,-2.54444,3.12778,1.42990,0.52371,-0.50000,normal
5.68000,-11.35000,-2.50000,3.15000,1.26495,0.46186,-0.50000,normal
5.70000,-11.01667,-2.45556,3.17222,1.10000,0.40000,-0.50000,normal
5.72000,-10.68333,-2.41111,3.19444,0.10000,-0.10000,-0.70000,normal
5.74000,-5.50000,-2.60000,2.20000,0.18696,-0.07101,-0.72899,normal
5.76000,-5.45000,-2.62500,2.15000,0.27391,-0.04203,-0.75797,normal
5.78000,-5.40000,-2.65000,2.10000,0.36087,-0.01304,-0.78696,normal
5.80000,-5.35000,-2.67500,2.05000,1.00330,0.10989,-0.89341,normal
5.82000,-5.30000,-2.70000,2.00000,1.02527,0.17582,-0.84945,normal
5.84000,-3.96522,-2.81304,1.89565,1.04725,0.24176,-0.80549,normal
5.86000,-4.07391,-2.83478,1.72174,1.06923,0.30769,-0.76154,normal
5.88000,-4.18261,-2.85652,1.54783,1.09121,0.37363,-0.71758,normal
5.90000,-4.29130,-2.87826,1.37391,1.79592,0.51224,0.00816,normal
5.92000,-4.40000,-2.90000,1.20000,1.77551,0.57347,0.04898,normal
5.94000,-6.91064,-3.60000,1.80000,1.75510,0.63469,0.08980,normal
5.96000,-7.08085,-3.60000,1.80000,1.73469,0.69592,0.13061,normal
5.98000,-7.25106,-3.60000,1.80000,1.71429,0.75714,0.17143,normal
6.00000,-7.42128,-3.60000,1.80000,1.56667,0.70000,0.30000,normal
6.02000,-7.59149,-3.60000,1.80000,1.41735,0.83469,0.28265,normal
6.04000,-10.60460,-4.02414,0.48391,1.43776,0.87551,0.26224,normal
6.06000,-10.90345,-4.09310,0.43793,1.45816,0.91633,0.24184,normal
6.08000,-11.20230,-4.16207,0.39195,1.47857,0.95714,0.22143,normal
6.10000,-11.50115,-4.23103,0.34598,1.49898,0.99796,0.20102,normal
6.12000,-11.80000,-4.30000,0.30000,2.16575,-0.03836,-0.30685,normal
6.14000,-12.40000,-3.80000,0.80000,2.02877,0.20822,-0.33425,normal
6.16000,-12.07500,-3.50000,0.80000,1.89178,0.45479,-0.36164,normal
6.18000,-11.75000,-3.20000,0.80000,1.75479,0.70137,-0.38904,normal
6.20000,-11.42500,-2.90000,0.80000,0.80000,-0.10000,-0.70000,normal
6.22000,-11.10000,-2.60000,0.80000,0.21364,0.36477,-0.55682,normal
6.24000,-8.27204,-2.08387,2.33011,0.12273,0.43295,-0.51136,normal
6.26000,-8.22903,-2.21290,2.22258,0.03182,0.50114,-0.46591,normal
6.28000,-8.18602,-2.34194,2.11505,-0.05909,0.56932,-0.42045,normal
6.30000,-8.14301,-2.47097,2.00753,0.54286,0.70000,0.35714,normal
6.32000,-8.10000,-2.60000,1.90000,1.24754,0.72951,0.72951,normal
6.34000,-6.94265,-4.68088,1.96176,1.41148,0.76230,0.76230,normal
6.36000,-6.85441,-4.65147,1.90294,1.57541,0.79508,0.79508,normal
6.38000,-6.76618,-4.62206,1.84412,2.39024,0.69512,0.69512,normal
6.40000,-8.00000,-4.20000,1.20000,2.35772,0.67886,0.67886,normal
6.42000,-8.47627,-3.88475,1.21525,2.32520,0.66260,0.66260,normal
6.44000,-8.56102,-3.86780,1.23220,2.29268,0.64634,0.64634,normal
6.46000,-8.64576,-3.85085,1.24915,2.26016,0.63008,0.63008,normal
6.48000,-8.73051,-3.83390,1.26610,2.22764,0.61382,0.61382,normal
6.50000,-8.81525,-3.81695,1.28305,2.14000,0.57000,0.57000,normal
6.52000,-8.90000,-3.80000,1.30000,1.69506,0.29753,0.29753,normal
6.54000,-10.50568,-3.58295,1.19432,1.59630,0.24815,0.24815,normal
6.56000,-10.52841,-3.51477,1.17159,1.49753,0.19877,0.19877,normal
6.58000,-10.55114,-3.44659,1.14886,1.39877,0.14938,0.14938,normal
6.60000,-10.57386,-3.37841,1.12614,1.30000,0.10000,0.10000,normal
6.62000,-10.59659,-3.31023,1.10341,-0.12133,-0.30000,-0.61067,normal
6.64000,-9.30123,-3.40123,1.40123,-0.17467,-0.30000,-0.63733,normal
6.66000,-9.32593,-3.42593,1.42593,-0.22800,-0.30000,-0.66400,normal
6.68000,-9.35062,-3.45062,1.45062,-0.28133,-0.30000,-0.69067,normal
6.70000,-9.37531,-3.47531,1.47531,-0.38710,-0.11290,-0.60000,normal
6.72000,-9.40000,-3.50000,1.50000,-0.34409,-0.15591,-0.60000,normal
6.74000,-10.43441,-4.37204,0.62796,-0.30108,-0.19892,-0.60000,normal
6.76000,-10.02581,-4.32903,0.67097,-0.25806,-0.24194,-0.60000,normal
6.78000,-9.61720,-4.28602,0.71398,-0.21505,-0.28495,-0.60000,normal
6.80000,-9.20860,-4.24301,0.75699,1.61000,0.19500,-0.80000,normal
6.82000,-8.80000,-4.20000,0.80000,1.64333,0.17833,-0.80000,normal
6.84000,-10.82766,-3.65851,0.70000,1.67667,0.16167,-0.80000,normal
6.86000,-10.87021,-3.59468,0.70000,1.71000,0.14500,-0.80000,normal
6.88000,-10.91277,-3.53085,0.70000,1.74333,0.12833,-0.80000,normal
6.90000,-10.95532,-3.46702,0.70000,1.77667,0.11167,-0.80000,normal
6.92000,-10.99787,-3.40319,0.70000,1.66000,-0.08000,-0.80000,normal
6.94000,-9.88000,-2.12667,0.70000,0.89310,-0.30000,-1.00172,normal
6.96000,-9.05000,-2.32000,0.68000,0.75517,-0.30000,-1.03621,normal
6.98000,-8.90714,-2.37714,0.62286,0.61724,-0.30000,-1.07069,normal
7.00000,-8.76429,-2.43429,0.56571,0.45000,-0.25000,-1.10000,normal
7.02000,-8.62143,-2.49143,0.50857,0.43000,0.21500,-0.77000,normal
7.04000,-7.87778,-3.41111,0.41111,0.48000,0.24000,-0.72000,normal
7.06000,-7.83333,-3.43333,0.43333,0.53000,0.26500,-0.67000,normal
7.08000,-7.78889,-3.45556,0.45556,0.58000,0.29000,-0.62000,normal
7.10000,-7.74444,-3.47778,0.47778,1.70792,1.10198,0.20198,normal
7.12000,-7.70000,-3.50000,0.50000,1.78713,1.12178,0.22178,normal
7.14000,-7.91398,-3.50000,0.91398,1.86634,1.14158,0.24158,normal
7.16000,-7.93548,-3.50000,0.93548,1.94554,1.16139,0.26139,normal
7.18000,-7.95699,-3.50000,0.95699,2.02475,1.18119,0.28119,normal
7.20000,-7.97849,-3.50000,0.97849,2.16667,1.23333,0.36667,normal
7.22000,-8.00000,-3.50000,1.00000,2.80000,1.49114,0.80000,normal
7.24000,-9.22609,-3.37391,1.50000,2.80000,1.46582,0.80000,normal
7.26000,-9.26957,-3.33043,1.50000,2.80000,1.44051,0.80000,normal
7.28000,-9.31304,-3.28696,1.50000,2.80000,1.41519,0.80000,normal
7.30000,-9.35652,-3.24348,1.50000,2.80000,1.25455,0.72727,normal
7.32000,-9.40000,-3.20000,1.50000,1.95333,0.66000,0.17333,normal
7.34000,-9.70227,-1.10795,2.08409,1.66000,0.58000,0.12000,normal
7.36000,-9.92955,-0.90341,2.49318,1.36667,0.50000,0.06667,normal
7.38000,-10.15682,-0.69886,2.90227,1.07333,0.42000,0.01333,normal
7.40000,-10.38409,-0.49432,3.31136,-1.17895,-0.51684,-0.60421,normal
7.42000,-11.10000,-0.80000,3.05000,-1.07368,-0.60105,-0.62526,normal
7.44000,-14.26667,-4.71667,1.35000,-0.96842,-0.68526,-0.64632,normal
7.46000,-13.60000,-4.73750,1.41250,-0.86316,-0.76947,-0.66737,normal
7.48000,-12.93333,-4.75833,1.47500,-0.75789,-0.85368,-0.68842,normal
7.50000,-12.26667,-4.77917,1.53750,2.30000,0.20000,-0.39630,normal
7.52000,-11.60000,-4.80000,1.60000,2.30000,0.20000,-0.35926,normal
7.54000,-11.17778,-3.61111,-0.25556,2.30000,0.20000,-0.32222,normal
7.56000,-11.13333,-3.63333,-0.16667,2.30000,0.20000,-0.28519,normal
7.58000,-11.08889,-3.65556,-0.07778,2.30000,0.20000,-0.24815,normal
7.60000,-11.04444,-3.67778,0.01111,2.30000,0.20000,-0.21111,normal
7.62000,-11.00000,-3.70000,0.10000,1.59012,0.20988,-0.10988,normal
7.64000,-8.00215,-3.28602,0.25806,1.56543,0.23457,-0.13457,normal
7.66000,-7.85161,-3.26452,0.19355,1.54074,0.25926,-0.15926,normal
7.68000,-7.70108,-3.24301,0.12903,1.51605,0.28395,-0.18395,normal
7.70000,-7.55054,-3.22151,0.06452,1.45000,0.25000,-0.30000,normal
7.72000,-7.40000,-3.20000,0.00000,1.24333,0.10000,-0.30000,normal
7.74000,-9.00000,-3.17582,0.02418,1.17667,0.10000,-0.30000,normal
7.76000,-9.00000,-3.13187,0.06813,1.11000,0.10000,-0.30000,normal
7.78000,-9.00000,-3.08791,0.11209,1.04333,0.10000,-0.30000,normal
7.80000,-9.00000,-3.04396,0.15604,0.63333,0.36667,-0.30000,normal
7.82000,-9.00000,-3.00000,0.20000,0.71895,0.51895,-0.28105,normal
7.84000,-8.43596,-3.40899,0.50000,0.74000,0.54000,-0.26000,normal
7.86000,-8.52584,-3.43146,0.50000,0.76105,0.56105,-0.23895,normal
7.88000,-8.61573,-3.45393,0.50000,0.78211,0.58211,-0.21789,normal
7.90000,-8.70562,-3.47640,0.50000,1.00000,0.60000,-0.10000,normal
7.92000,-8.79551,-3.49888,0.50000,0.98152,0.50000,-0.10000,normal
7.94000,-9.30476,-3.08571,1.10476,0.95978,0.50000,-0.10000,normal
7.96000,-9.32857,-3.01429,1.12857,0.93804,0.50000,-0.10000,normal
7.98000,-9.35238,-2.94286,1.15238,0.91630,0.50000,-0.10000,normal
8.00000,-9.37619,-2.87143,1.17619,0.30000,0.30000,-0.20000,normal
8.02000,-9.40000,-2.80000,1.20000,0.18780,0.18780,-0.20000,normal
8.04000,-9.58000,-2.60000,1.72667,0.16341,0.16341,-0.20000,normal
8.06000,-9.51333,-2.60000,1.81556,0.13902,0.13902,-0.20000,normal
8.08000,-9.44667,-2.60000,1.90444,0.11463,0.11463,-0.20000,normal
8.10000,-9.38000,-2.60000,1.99333,-0.90833,-0.60833,-0.20208,normal
8.12000,-9.31333,-2.60000,2.08222,-0.99167,-0.69167,-0.22292,normal
8.14000,-13.43000,-2.67000,0.43000,-1.07500,-0.77500,-0.24375,normal
8.16000,-12.83000,-2.60333,0.49667,-1.15833,-0.85833,-0.26458,normal
8.18000,-12.23000,-2.53667,0.56333,-1.24167,-0.94167,-0.28542,normal
8.20000,-11.63000,-2.47000,0.63000,-1.52000,0.14000,-0.60000,normal
8.22000,-11.03000,-2.40333,0.69667,-0.68293,0.18049,-0.48049,normal
8.24000,-10.77558,-3.94884,1.03256,-0.53659,0.15610,-0.45610,normal
8.26000,-10.70581,-4.08837,1.12558,-0.39024,0.13171,-0.43171,normal
8.28000,-10.63605,-4.22791,1.21860,-0.24390,0.10732,-0.40732,normal
8.30000,-10.56628,-4.36744,1.31163,0.81636,0.19182,-0.10000,normal
8.32000,-10.05000,-4.50000,1.50000,0.85273,0.17364,-0.10000,normal
8.34000,-8.52105,-2.55263,0.81579,0.88909,0.15545,-0.10000,normal
8.36000,-8.41579,-2.48947,0.83684,0.92545,0.13727,-0.10000,normal
8.38000,-8.31053,-2.42632,0.85789,0.96182,0.11909,-0.10000,normal
8.40000,-8.20526,-2.36316,0.87895,0.99818,0.10091,-0.10000,normal
8.42000,-8.10000,-2.30000,0.90000,-0.31000,0.09500,-0.10000,normal
8.44000,-8.69024,-2.30488,1.89756,-0.36000,0.07000,-0.10000,normal
8.46000,-8.59268,-2.35366,1.87317,-0.41000,0.04500,-0.10000,normal
8.48000,-8.49512,-2.40244,1.84878,-0.46000,0.02000,-0.10000,normal
8.50000,-8.39756,-2.45122,1.82439,-0.10000,-0.20000,0.00000,normal
8.52000,-8.30000,-2.50000,1.80000,1.03596,-0.20000,0.08202,normal
8.54000,-4.45556,-1.22222,2.26667,1.08090,-0.20000,0.05955,normal
8.56000,-4.36667,-1.06667,2.40000,1.12584,-0.20000,0.03708,normal
8.58000,-4.27778,-0.91111,2.53333,1.17079,-0.20000,0.01461,normal
8.60000,-4.18889,-0.75556,2.66667,-0.10000,0.59891,0.00109,normal
8.62000,-4.10000,-0.60000,2.80000,-0.10000,0.57717,0.02283,normal
8.64000,-7.63978,-3.08387,1.07204,-0.10000,0.55543,0.04457,normal
8.66000,-7.85484,-3.21290,1.02903,-0.10000,0.53370,0.06630,normal
8.68000,-8.06989,-3.34194,0.98602,-0.10000,0.51196,0.08804,normal
8.70000,-8.28495,-3.47097,0.94301,0.76667,0.40000,0.63333,normal
8.72000,-8.50000,-3.60000,0.90000,0.90000,0.41698,0.70000,normal
8.74000,-10.17778,-3.82222,0.95556,0.90000,0.43585,0.70000,normal
8.76000,-10.53333,-3.86667,0.86667,0.90000,0.45472,0.70000,normal
8.78000,-10.88889,-3.91111,0.77778,0.90000,0.47358,0.70000,normal
8.80000,-11.24444,-3.95556,0.68889,0.90000,0.49245,0.70000,normal
8.82000,-11.60000,-4.00000,0.60000,1.35714,0.39286,0.67143,normal
8.84000,-17.42381,-5.24286,1.38095,1.48000,0.30000,0.48000,normal
8.86000,-16.66216,-3.81216,-0.00541,1.44923,0.45385,0.44923,normal
8.88000,-17.52703,-3.67703,-0.16757,1.41846,0.60769,0.41846,normal
8.90000,-18.39189,-3.54189,-0.32973,-0.61290,-0.70215,-0.70430,normal
8.92000,-19.25676,-3.40676,-0.49189,-0.74194,-0.72366,-0.74731,normal
8.94000,-9.45484,-1.30000,1.11935,-0.87097,-0.74516,-0.79032,normal
8.96000,-9.13226,-1.30000,1.16237,-1.00000,-0.76667,-0.83333,normal
8.98000,-8.80968,-1.30000,1.20538,-1.12903,-0.78817,-0.87634,normal
9.00000,-8.48710,-1.30000,1.24839,-1.99302,-0.60000,-0.89884,normal
9.02000,-8.16452,-1.30000,1.29140,-1.85349,-0.60000,-0.87558,normal
9.04000,-4.84886,-3.72045,0.91023,-1.71395,-0.60000,-0.85233,normal
9.06000,-4.73523,-3.76591,0.93295,-1.57442,-0.60000,-0.82907,normal
9.08000,-4.62159,-3.81136,0.95568,-1.43488,-0.60000,-0.80581,normal
9.10000,-4.50795,-3.85682,0.97841,0.79151,-0.20000,-0.09151,normal
9.12000,-3.80000,-3.80000,0.90000,0.77264,-0.20000,-0.07264,normal
9.14000,-4.85000,-2.75000,0.40000,0.75377,-0.20000,-0.05377,normal
9.16000,-5.03750,-2.68750,0.40000,0.73491,-0.20000,-0.03491,normal
9.18000,-5.22500,-2.62500,0.40000,0.71604,-0.20000,-0.01604,normal
9.20000,-5.41250,-2.56250,0.40000,0.58235,-0.20000,0.21176,normal
9.22000,-5.60000,-2.50000,0.40000,-0.50441,0.10147,0.60000,normal
9.24000,-7.66977,-2.71395,0.37907,-0.59265,0.13088,0.60000,normal
9.26000,-7.90233,-2.76047,0.30930,-0.68088,0.16029,0.60000,normal
9.28000,-8.13488,-2.80698,0.23953,-0.76912,0.18971,0.60000,normal
9.30000,-8.36744,-2.85349,0.16977,-0.06277,1.30000,0.71489,normal
9.32000,-8.60000,-2.90000,0.10000,0.04362,1.30000,0.75745,normal
9.34000,-13.18710,-4.79032,0.06989,0.15000,1.30000,0.80000,normal
9.36000,-14.02581,-4.91935,0.02688,0.25638,1.30000,0.84255,normal
9.38000,-14.86452,-5.04839,-0.01613,0.36277,1.30000,0.88511,normal
9.40000,-15.70323,-5.17742,-0.05914,1.39687,0.99375,0.19375,normal
9.42000,-17.45000,-5.35000,-0.05000,1.37604,0.95208,0.15208,normal
9.44000,-12.38571,-3.04286,1.85714,1.35521,0.91042,0.11042,normal
9.46000,-12.65102,-2.96122,1.79592,1.33437,0.86875,0.06875,normal
9.48000,-12.91633,-2.87959,1.73469,1.31354,0.82708,0.02708,normal
9.50000,-13.18163,-2.79796,1.67347,0.10000,-0.10000,-0.40000,normal
9.52000,-13.44694,-2.71633,1.61224,-0.33789,-0.13789,-0.40000,normal
9.54000,-8.04545,-1.21818,3.26364,-0.38000,-0.18000,-0.40000,normal
9.56000,-7.90909,-1.26364,3.17273,-0.42211,-0.22211,-0.40000,normal
9.58000,-7.77273,-1.30909,3.08182,-0.46421,-0.26421,-0.40000,normal
9.60000,-7.63636,-1.35455,2.99091,-0.50000,-0.40000,-0.40000,normal
9.62000,-7.50000,-1.40000,2.90000,0.70976,-0.37805,0.13293,normal
9.64000,-3.10964,-1.73373,0.97590,0.95366,-0.32927,0.20610,normal
9.66000,-3.15783,-1.90241,0.85542,1.19756,-0.28049,0.27927,normal
9.68000,-3.20602,-2.07108,0.73494,1.44146,-0.23171,0.35244,normal
9.70000,-3.25422,-2.23976,0.61446,-1.20000,0.60000,0.30000,normal
9.72000,-4.35000,-0.70000,1.25000,-1.26818,0.57727,0.34545,normal
9.74000,-7.91954,-2.26437,3.06322,-1.33636,0.55455,0.39091,normal
9.76000,-8.21839,-2.42529,2.97126,-1.40455,0.53182,0.43636,normal
9.78000,-8.51724,-2.58621,2.87931,-1.47273,0.50909,0.48182,normal
9.80000,-8.81609,-2.74713,2.78736,0.20737,0.59789,0.40000,normal
9.82000,-9.43333,-3.26667,2.50000,0.35474,0.55579,0.40000,normal
9.84000,-12.90870,-5.32826,-0.34239,0.50211,0.51368,0.40000,normal
9.86000,-13.69130,-5.37174,-0.40761,0.64947,0.47158,0.40000,normal
9.88000,-14.47391,-5.41522,-0.47283,0.79684,0.42947,0.40000,normal
9.90000,-15.25652,-5.45870,-0.53804,1.14000,0.22000,0.34000,normal
9.92000,-17.60000,-5.40000,-0.30000,1.24000,-0.89500,-0.26000,normal
9.94000,-11.44681,-2.34043,0.70000,1.14000,-0.72000,-0.36000,normal
9.96000,-12.04255,-2.12766,0.70000,1.04000,-0.54500,-0.46000,normal
9.98000,-12.63830,-1.91489,0.70000,0.94000,-0.37000,-0.56000,normal
10.00000,-13.23404,-1.70213,0.70000,0.40000,0.40000,-0.70000,normal
10.02000,-15.05000,-1.70000,0.65000,-0.81351,-0.80000,-0.90270,normal
10.04000,-6.98925,-2.04516,1.63978,-0.94865,-0.80000,-0.92973,normal
10.06000,-6.68817,-2.10968,1.55376,-1.08378,-0.80000,-0.95676,normal
10.08000,-6.38710,-2.17419,1.46774,-1.21892,-0.80000,-0.98378,normal
10.10000,-6.08602,-2.23871,1.38172,-0.78925,-0.40215,-0.69570,normal
10.12000,-5.35000,-2.30000,1.15000,-0.68172,-0.42366,-0.65269,normal
10.14000,-4.95909,-3.30000,1.21023,-0.57419,-0.44516,-0.60968,normal
10.16000,-4.86818,-3.30000,1.23295,-0.46667,-0.46667,-0.56667,normal
10.18000,-4.77727,-3.30000,1.25568,-0.35914,-0.48817,-0.52366,normal
10.20000,-4.68636,-3.30000,1.27841,0.50000,-0.20000,0.10196,normal
10.22000,-4.60000,-3.30000,1.20000,0.50000,-0.20000,0.12157,normal
10.24000,-6.44494,-2.60000,0.90000,0.50000,-0.20000,0.14118,normal
10.26000,-6.53483,-2.60000,0.90000,0.50000,-0.20000,0.16078,normal
10.28000,-6.62472,-2.60000,0.90000,0.50000,-0.20000,0.18039,normal
10.30000,-6.71461,-2.60000,0.90000,0.50000,-0.20000,0.20000,normal
10.32000,-7.05000,-2.55000,0.90000,-0.53375,0.13375,0.42250,normal
10.34000,-10.53294,-3.00706,0.29647,-0.60875,0.20875,0.47250,normal
10.36000,-11.19176,-3.14824,0.22588,-0.68375,0.28375,0.52250,normal
10.38000,-11.85059,-3.28941,0.15529,-0.75875,0.35875,0.57250,normal
10.40000,-12.50941,-3.43059,0.08471,-0.69565,0.01087,0.89565,normal
10.42000,-13.16824,-3.57176,0.01412,-0.65217,0.11957,0.85217,normal
10.44000,-12.18409,-4.40000,1.51818,-0.60870,0.22826,0.80870,normal
10.46000,-12.59318,-4.40000,1.33636,-0.56522,0.33696,0.76522,normal
10.48000,-13.00227,-4.40000,1.15455,-0.52174,0.44565,0.72174,normal
10.50000,-13.41136,-4.40000,0.97273,0.40000,0.80000,0.50000,normal
10.52000,-15.00000,-4.50000,0.55000,1.30000,0.38000,0.16000,normal
10.54000,-9.97283,-2.78043,3.24783,1.30000,0.35647,0.11294,normal
10.56000,-9.55978,-2.56304,3.33478,1.30000,0.33294,0.06588,normal
10.58000,-9.14674,-2.34565,3.42174,1.30000,0.30941,0.01882,normal
10.60000,-8.73370,-2.12826,3.50870,-0.25000,0.20000,-0.15000,normal
10.62000,-8.32065,-1.91087,3.59565,-0.55938,0.04062,-0.08021,normal
10.64000,-7.18696,-1.82826,2.15652,-0.62188,-0.02188,-0.05937,normal
10.66000,-7.01304,-1.87174,2.24348,-0.68438,-0.08438,-0.03854,normal
10.68000,-6.83913,-1.91522,2.33043,-0.74688,-0.14688,-0.01771,normal
10.70000,-6.66522,-1.95870,2.41739,-1.00000,-0.50000,0.00000,normal
10.72000,-5.80000,-2.10000,2.70000,-0.68000,-0.28000,0.08000,normal
10.74000,-4.42778,-3.17222,1.50000,-0.41739,-0.09565,0.10000,normal
10.76000,-4.93889,-3.06111,1.50000,-0.21449,0.02029,0.10000,normal
10.78000,-5.45000,-2.95000,1.50000,-0.01159,0.13623,0.10000,normal
10.80000,-5.96111,-2.83889,1.50000,0.31011,0.29663,0.30000,normal
10.82000,-6.47222,-2.72778,1.50000,0.37753,0.27416,0.30000,normal
10.84000,-9.11236,-3.73371,2.45506,0.44494,0.25169,0.30000,normal
10.86000,-9.33708,-3.80112,2.36517,0.51236,0.22921,0.30000,normal
10.88000,-9.56180,-3.86854,2.27528,0.57978,0.20674,0.30000,normal
10.90000,-9.78652,-3.93596,2.18539,0.49464,0.59464,0.00000,normal
10.92000,-10.30000,-3.85000,2.05000,0.45893,0.55893,0.00000,normal
10.94000,-12.31183,-2.93011,0.96989,0.42321,0.52321,0.00000,normal
10.96000,-13.04301,-2.97312,0.92688,0.38750,0.48750,0.00000,normal
10.98000,-13.77419,-3.01613,0.88387,0.35179,0.45179,0.00000,normal
11.00000,-14.50538,-3.05914,0.84086,0.31607,0.41607,0.00000,normal
11.02000,-15.85000,-3.45000,0.65000,-0.00353,-0.08235,-0.49647,normal
11.04000,-10.24545,-2.94545,1.02727,-0.02706,0.03529,-0.47294,normal
11.06000,-10.35000,-2.78333,0.60000,-0.05059,0.15294,-0.44941,normal
11.08000,-11.43333,-2.75556,0.43333,-0.07412,0.27059,-0.42588,normal
11.10000,-12.51667,-2.72778,0.26667,-0.09765,0.38824,-0.40235,normal
11.12000,-13.60000,-2.70000,0.10000,-0.70000,-0.60588,-0.50588,normal
11.14000,-8.90000,-2.50000,2.30000,-0.70000,-0.64510,-0.54510,normal
11.16000,-7.89245,-2.36415,1.18491,-0.70000,-0.68431,-0.58431,normal
11.18000,-7.77925,-2.32642,0.95849,-0.39281,-0.30360,-0.29640,normal
11.20000,-5.60000,-2.26667,1.30000,-0.36403,-0.31799,-0.28201,normal
11.22000,-5.76522,-2.82319,1.32319,-0.33525,-0.33237,-0.26763,normal
11.24000,-5.72174,-2.85217,1.35217,-0.30647,-0.34676,-0.25324,normal
11.26000,-5.67826,-2.88116,1.38116,-0.27770,-0.36115,-0.23885,normal
11.28000,-5.63478,-2.91014,1.41014,-0.24892,-0.37554,-0.22446,normal
11.30000,-5.59130,-2.93913,1.43913,-0.22014,-0.38993,-0.21007,normal
11.32000,-5.54783,-2.96812,1.46812,0.10000,-0.29467,0.10267,normal
11.34000,-5.50435,-2.99710,1.49710,0.10000,-0.24133,0.12933,normal
11.36000,-5.29706,-2.49118,0.85588,0.10000,-0.18800,0.15600,normal
11.38000,-5.62059,-2.46176,0.70882,0.10000,-0.13467,0.18267,normal
11.40000,-5.94412,-2.43235,0.56176,-0.16667,-0.20000,0.36667,normal
11.42000,-6.26765,-2.40294,0.41471,-0.68778,0.16111,0.41222,normal
11.44000,-9.45349,-3.24651,0.73721,-0.66556,0.27222,0.43444,normal
11.46000,-10.33721,-3.36279,0.83023,-0.64333,0.38333,0.45667,normal
11.48000,-11.22093,-3.47907,0.92326,-0.62111,0.49444,0.47889,normal
11.50000,-12.10465,-3.59535,1.01628,-0.55000,0.80000,0.65000,normal
11.52000,-13.65556,-3.81111,1.07778,-0.09000,0.20000,0.89000,normal
11.54000,-13.37037,-3.88765,1.99506,-0.06500,0.20000,0.86500,normal
11.56000,-13.07407,-3.76420,1.94568,-0.04000,0.20000,0.84000,normal
11.58000,-12.77778,-3.64074,1.89630,-0.01500,0.20000,0.81500,normal
11.60000,-12.48148,-3.51728,1.84691,0.60000,0.55000,0.55000,normal
11.62000,-13.90000,-3.20000,1.20000,0.67882,0.37882,0.50000,normal
11.64000,-13.81591,-3.27955,2.28182,0.65529,0.35529,0.50000,normal
11.66000,-13.40682,-3.23409,2.46364,0.63176,0.33176,0.50000,normal
11.68000,-12.99773,-3.18864,2.64545,0.60824,0.30824,0.50000,normal
11.70000,-12.58864,-3.14318,2.82727,-0.20707,-0.10707,0.00000,normal
11.72000,-11.45000,-2.70000,3.15000,-0.22727,-0.12727,0.00000,normal
11.74000,-6.45106,-2.11489,3.05532,-0.24747,-0.14747,0.00000,normal
11.76000,-6.23830,-2.13617,2.99149,-0.26768,-0.16768,0.00000,normal
11.78000,-6.02553,-2.15745,2.92766,-0.28788,-0.18788,0.00000,normal
11.80000,-5.81277,-2.17872,2.86383,0.10506,-0.50000,-0.30253,normal
11.82000,-5.60000,-2.20000,2.80000,0.15570,-0.50000,-0.32785,normal
11.84000,-5.15714,-2.67143,1.85714,0.20633,-0.50000,-0.35316,normal
11.86000,-4.83968,-2.60794,1.98413,0.25696,-0.50000,-0.37848,normal
11.88000,-4.52222,-2.54444,2.11111,0.20000,0.06000,-0.38000,normal
11.90000,-5.55000,-2.35000,1.65000,0.50000,-0.30000,-0.29143,normal
11.92000,-9.93267,-3.00000,1.81980,0.50000,-0.30000,-0.27238,normal
11.94000,-9.59604,-3.00000,1.91881,0.50000,-0.30000,-0.25333,normal
11.96000,-9.25941,-3.00000,2.01782,0.50000,-0.30000,-0.23429,normal
11.98000,-8.92277,-3.00000,2.11683,0.50000,-0.30000,-0.21524,normal
12.00000,-8.58614,-3.00000,2.21584,0.20000,0.10000,-0.20000,normal
12.02000,-8.51333,-2.60667,2.25333,0.20000,0.07979,-0.22021,normal
12.04000,-10.58837,-2.59419,1.18256,0.20000,0.05851,-0.24149,normal
12.06000,-10.54186,-2.57093,1.11279,0.20000,0.03723,-0.26277,normal
12.08000,-10.49535,-2.54767,1.04302,0.20000,0.01596,-0.28404,normal
12.10000,-10.44884,-2.52442,0.97326,0.02000,0.52000,-0.14000,normal
12.12000,-10.40233,-2.50116,0.90349,0.48605,-0.15814,-0.12791,normal
12.14000,-11.82326,-3.07209,1.41628,0.46279,-0.08837,-0.17442,normal
12.16000,-11.56744,-2.97907,1.13721,0.43953,-0.01860,-0.22093,normal
12.18000,-11.31163,-2.88605,0.85814,0.41628,0.05116,-0.26744,normal
12.20000,-11.05581,-2.79302,0.57907,0.05000,-0.10000,-0.25000,normal
12.22000,-10.80000,-2.70000,0.30000,-0.15644,-0.03762,-0.20000,normal
12.24000,-11.10814,-2.60814,1.56744,-0.21584,-0.07723,-0.20000,normal
12.26000,-11.13140,-2.63140,1.47442,-0.27525,-0.11683,-0.20000,normal
12.28000,-11.15465,-2.65465,1.38140,-0.33465,-0.15644,-0.20000,normal
12.30000,-11.17791,-2.67791,1.28837,-0.39406,-0.19604,-0.20000,normal
12.32000,-11.05000,-2.69000,1.20000,-0.59130,-0.19565,-0.39565,normal
12.34000,-5.70000,-2.10000,1.40000,-0.53333,-0.16667,-0.36667,normal
12.36000,-5.62405,-2.17595,1.40000,-0.47536,-0.13768,-0.33768,normal
12.38000,-5.54810,-2.25190,1.40000,-0.41739,-0.10870,-0.30870,normal
12.40000,-5.47215,-2.32785,1.40000,0.20521,0.00521,-0.08958,normal
12.42000,-5.30000,-2.45000,1.45000,0.22604,0.02604,-0.04792,normal
12.44000,-5.74433,-2.60000,1.27113,0.24687,0.04687,-0.00625,normal
12.46000,-5.95052,-2.60000,1.22990,0.26771,0.06771,0.03542,normal
12.48000,-6.15670,-2.60000,1.18866,0.28854,0.08854,0.07708,normal
12.50000,-6.36289,-2.60000,1.14742,-0.21531,-0.29388,0.30000,normal
12.52000,-6.56907,-2.60000,1.10619,-0.31735,-0.25306,0.30000,normal
12.54000,-7.48889,-2.02222,0.76667,-0.41939,-0.21224,0.30000,normal
12.56000,-7.66667,-2.06667,0.70000,-0.52143,-0.17143,0.30000,normal
12.58000,-7.84444,-2.11111,0.63333,-0.62347,-0.13061,0.30000,normal
12.60000,-8.02222,-2.15556,0.56667,-0.91429,-0.02857,0.30000,normal
12.62000,-8.20000,-2.20000,0.50000,-1.15465,0.61512,0.53023,normal
12.64000,-13.14086,-4.24516,0.80000,-1.08488,0.63837,0.57674,normal
12.66000,-13.48495,-4.30968,0.80000,-1.01512,0.66163,0.62326,normal
12.68000,-13.82903,-4.37419,0.80000,-0.94535,0.68488,0.66977,normal
12.70000,-14.17312,-4.43871,0.80000,-0.62000,0.63000,0.77000,normal
12.72000,-14.60000,-4.52500,0.82500,0.52963,0.41481,0.67037,normal
12.74000,-13.93667,-3.57556,1.42444,0.57901,0.43951,0.62099,normal
12.76000,-14.00333,-3.53111,1.46889,0.62840,0.46420,0.57160,normal
12.78000,-14.07000,-3.48667,1.51333,0.67778,0.48889,0.52222,normal
12.80000,-14.13667,-3.44222,1.55778,0.49540,-0.10115,-0.30115,normal
12.82000,-13.80000,-3.10000,1.70000,0.40345,-0.12414,-0.32414,normal
12.84000,-8.82889,-1.88778,2.62444,0.31149,-0.14713,-0.34713,normal
12.86000,-8.51778,-1.86556,2.66889,0.21954,-0.17011,-0.37011,normal
12.88000,-8.20667,-1.84333,2.71333,0.12759,-0.19310,-0.39310,normal
12.90000,-7.89556,-1.82111,2.75778,-0.39630,-0.40000,-0.70000,normal
12.92000,-6.40000,-1.70000,2.80000,-0.37778,-0.40000,-0.70000,normal
12.94000,-5.11531,-2.11531,1.88469,-0.35926,-0.40000,-0.70000,normal
12.96000,-5.13571,-2.13571,1.86429,-0.34074,-0.40000,-0.70000,normal
12.98000,-5.15612,-2.15612,1.84388,-0.32222,-0.40000,-0.70000,normal
13.00000,-5.17653,-2.17653,1.82347,-0.30370,-0.40000,-0.70000,normal
13.02000,-5.19694,-2.19694,1.80306,0.58667,0.10533,-0.30000,normal
13.04000,-7.40000,-1.71429,1.68571,0.45333,0.15867,-0.30000,normal
13.06000,-8.04699,-2.08193,1.76506,0.32000,0.21200,-0.30000,normal
13.08000,-8.43253,-2.39518,1.83735,0.18667,0.26533,-0.30000,normal
13.10000,-8.81807,-2.70843,1.90964,-1.00000,0.09888,-0.10225,normal
13.12000,-9.20361,-3.02169,1.98193,-1.00000,0.07640,-0.14719,normal
13.14000,-9.08140,-3.42791,1.02558,-1.00000,0.05393,-0.19213,normal
13.16000,-9.03488,-3.49767,0.83953,-1.00000,0.03146,-0.23708,normal
13.18000,-8.98837,-3.56744,0.65349,-1.00000,0.00899,-0.28202,normal
13.20000,-8.94186,-3.63721,0.46744,0.40521,-0.11042,0.10000,normal
13.22000,-11.35714,-4.12857,-0.14286,0.42604,-0.15208,0.10000,normal
13.24000,-15.58571,-5.10000,0.18571,0.44687,-0.19375,0.10000,normal
13.26000,-15.10220,-4.94615,0.31758,0.46771,-0.23542,0.10000,normal
13.28000,-14.61868,-4.79231,0.44945,0.48854,-0.27708,0.10000,normal
13.30000,-14.13516,-4.63846,0.58132,-0.10291,-0.20000,-0.20291,normal
13.32000,-12.20000,-3.90000,0.80000,-0.12233,-0.20000,-0.22233,normal
13.34000,-12.84194,-2.89355,0.51613,-0.14175,-0.20000,-0.24175,normal
13.36000,-12.49785,-3.15161,0.53763,-0.16117,-0.20000,-0.26117,normal
13.38000,-12.15376,-3.40968,0.55914,-0.18058,-0.20000,-0.28058,normal
13.40000,-11.80968,-3.66774,0.58065,-0.20000,-0.20000,-0.30000,normal
13.42000,-10.40000,-4.20000,0.40000,0.52500,0.02500,-0.39167,normal
13.44000,-7.12588,-3.96706,0.41647,0.60833,0.10833,-0.36389,normal
13.46000,-6.91412,-3.87294,0.46353,0.69167,0.19167,-0.33611,normal
13.48000,-6.70235,-3.77882,0.51059,0.77500,0.27500,-0.30833,normal
13.50000,-6.49059,-3.68471,0.55765,0.47237,0.19605,0.00000,normal
13.52000,-6.40000,-3.40000,0.70000,0.28816,0.16974,0.00000,normal
13.54000,-6.57794,-1.81176,2.02206,0.10395,0.14342,0.00000,normal
13.56000,-6.54853,-1.69412,2.05147,-0.08026,0.11711,0.00000,normal
13.58000,-6.51912,-1.57647,2.08088,0.10194,-0.30000,0.20097,normal
13.60000,-7.04444,-3.61111,0.26667,0.14078,-0.30000,0.22039,normal
13.62000,-7.07615,-4.06422,0.10000,0.17961,-0.30000,0.23981,normal
13.64000,-7.03945,-4.00917,0.10000,0.21845,-0.30000,0.25922,normal
13.66000,-7.00275,-3.95413,0.10000,0.25728,-0.30000,0.27864,normal
13.68000,-6.96606,-3.89908,0.10000,0.29612,-0.30000,0.29806,normal
13.70000,-6.92936,-3.84404,0.10000,-0.15357,-0.18661,0.40000,normal
13.72000,-6.85000,-2.80000,-0.05000,-0.22500,-0.16875,0.40000,normal
13.74000,-6.95758,-2.85758,-0.11919,-0.29643,-0.15089,0.40000,normal
13.76000,-7.01818,-2.91818,-0.13939,-0.36786,-0.13304,0.40000,normal
13.78000,-7.07879,-2.97879,-0.15960,-0.43929,-0.11518,0.40000,normal
13.80000,-7.13939,-3.03939,-0.17980,-0.61250,-0.06250,0.40000,normal
13.82000,-7.20000,-3.10000,-0.20000,-1.20000,1.20000,0.90000,normal
13.84000,-16.47407,-6.53704,-0.02593,-1.20000,0.95821,1.20000,normal
13.86000,-16.96790,-6.78395,-0.19877,-1.20000,0.68955,1.20000,normal
13.88000,-17.46173,-7.03086,-0.37160,-1.20000,0.42090,1.20000,normal
13.90000,-17.95556,-7.27778,-0.54444,-1.80957,0.09362,-0.80957,normal
13.92000,-14.90000,-6.70000,-0.10000,-1.87340,0.05106,-0.87340,normal
13.94000,-15.00440,-3.75275,-0.64725,-1.93723,0.00851,-0.93723,normal
13.96000,-14.34505,-3.84066,-0.55934,-2.00106,-0.03404,-1.00106,normal
13.98000,-13.68571,-3.92857,-0.47143,-2.06489,-0.07660,-1.06489,normal
14.00000,-13.02637,-4.01648,-0.38352,-1.70000,0.10000,-1.40000,normal
14.02000,-11.56667,-4.36667,-0.26667,-0.70482,0.22169,-1.15663,normal
14.04000,-6.67931,-5.97931,-0.21034,-0.48795,0.24578,-1.10843,normal
14.06000,-6.63333,-5.93333,-0.23333,-0.27108,0.26988,-1.06024,normal
14.08000,-6.58736,-5.88736,-0.25632,-0.05422,0.29398,-1.01205,normal
14.10000,-6.54138,-5.84138,-0.27931,2.26667,0.20877,0.17895,normal
14.12000,-6.00000,-5.30000,-0.90000,2.60000,0.22632,0.33684,normal
14.14000,-5.61224,-4.19796,-0.73061,2.93333,0.24386,0.49474,normal
14.16000,-5.87755,-2.32041,0.10612,3.26667,0.26140,0.65263,normal
14.18000,-6.14286,-0.44286,0.94286,3.60000,0.27895,0.81053,normal
14.20000,-6.40816,1.43469,1.77959,3.93333,0.29649,0.96842,normal
14.22000,-6.67347,3.31224,2.61633,1.40149,0.49104,0.29552,normal
14.24000,-7.46835,-4.00127,0.49747,1.43134,0.31194,0.20597,normal
14.26000,-6.83544,-4.02658,0.44684,1.46119,0.13284,0.11642,normal
14.28000,-6.20253,-4.05190,0.39620,1.49104,-0.04627,0.02687,normal
14.30000,-5.56962,-4.07722,0.34557,2.70227,0.39773,-0.39773,normal
14.32000,-3.80000,-3.80000,-0.10000,2.72500,0.37500,-0.37500,normal
14.34000,-6.87979,-3.43191,-1.08830,2.74773,0.35227,-0.35227,normal
14.36000,-6.98617,-3.47447,-0.93936,2.77045,0.32955,-0.32955,normal
14.38000,-7.09255,-3.51702,-0.79043,2.79318,0.30682,-0.30682,normal
14.40000,-7.19894,-3.55957,-0.64149,2.80549,2.79451,0.70769,normal
14.42000,-7.90000,-4.00000,-0.40000,2.91538,2.68462,0.86154,normal
14.44000,-23.73871,-6.71613,-2.77742,3.02527,2.57473,1.01538,normal
14.46000,-24.19032,-6.73763,-3.01398,3.13516,2.46484,1.16923,normal
14.48000,-24.64194,-6.75914,-3.25054,3.24505,2.35495,1.32308,normal
14.50000,-25.09355,-6.78065,-3.48710,3.40377,0.88113,-0.31132,normal
14.52000,-16.20000,-6.30000,-2.90000,3.42264,0.78679,-0.36792,normal
14.54000,-14.52872,-1.97234,-2.76809,3.44151,0.69245,-0.42453,normal
14.56000,-14.16702,-1.80213,-2.72553,3.46038,0.59811,-0.48113,normal
14.58000,-13.80532,-1.63191,-2.68298,3.47925,0.50377,-0.53774,normal
14.60000,-13.44362,-1.46170,-2.64043,3.49811,0.40943,-0.59434,normal
14.62000,-12.71111,-1.30000,-2.47778,1.50000,0.11429,-1.20000,normal
14.64000,-10.50000,-3.40000,-0.90000,0.82344,0.52344,-1.05312,normal
14.66000,-9.04474,-4.66053,0.56579,0.85469,0.55469,-0.99062,normal
14.68000,-8.65000,-4.95000,0.75000,0.88594,0.58594,-0.92813,normal
14.70000,-8.25526,-5.23947,0.93421,4.72128,1.59574,0.30000,normal
14.72000,-7.70000,-6.20000,0.00000,4.82766,1.57447,0.30000,normal
14.74000,-7.32667,-4.46667,-2.08667,4.93404,1.55319,0.30000,normal
14.76000,-7.37111,-4.24444,-2.06444,5.04043,1.53191,0.30000,normal
14.78000,-7.41556,-4.02222,-2.04222,5.14681,1.51064,0.30000,normal
14.80000,-7.46000,-3.80000,-2.02000,4.66782,0.69080,-0.00460,normal
14.82000,-7.63333,-3.46667,-2.10000,4.50690,0.64483,-0.02759,normal
14.84000,-9.25000,-1.97500,-1.31250,4.34598,0.59885,-0.05057,normal
14.86000,-9.34091,-1.92955,-1.15341,4.18506,0.55287,-0.07356,normal
14.88000,-9.43182,-1.88409,-0.99432,4.02414,0.50690,-0.09655,normal
14.90000,-9.52273,-1.83864,-0.83523,1.28077,-0.09519,-0.51442,normal
14.92000,-12.55000,-2.40000,-0.15000,1.20385,-0.07596,-0.57212,normal
14.94000,-11.63750,-3.00000,0.20000,1.12692,-0.05673,-0.62981,normal
14.96000,-11.01250,-3.00000,0.20000,1.05000,-0.03750,-0.68750,normal
14.98000,-10.38750,-3.00000,0.20000,0.97308,-0.01827,-0.74519,normal
15.00000,-9.76250,-3.00000,0.20000,0.90000,0.03000,-0.82000,normal
15.02000,-9.02000,-2.96000,0.12000,1.71538,0.40769,-1.39231,normal
15.04000,-9.62791,-3.20000,-0.07209,1.76667,0.43333,-1.36667,normal
15.06000,-9.69767,-3.20000,-0.00233,1.81795,0.45897,-1.34103,normal
15.08000,-9.76744,-3.20000,0.06744,1.86923,0.48462,-1.31538,normal
15.10000,-9.83721,-3.20000,0.13721,2.40000,0.60000,-1.10000,normal
15.12000,-10.60000,-3.10000,0.20000,2.50000,0.67831,-1.02169,normal
15.14000,-9.89070,-2.25349,0.50000,2.50000,0.65422,-1.04578,normal
15.16000,-9.86744,-2.13721,0.50000,2.50000,0.63012,-1.06988,normal
15.18000,-9.84419,-2.02093,0.50000,2.50000,0.60602,-1.09398,normal
15.20000,-9.82093,-1.90465,0.50000,1.57670,0.39223,-0.88447,normal
15.22000,-9.20000,-1.30000,0.90000,1.51845,0.37282,-0.84563,normal
15.24000,-9.68298,-0.71702,1.18298,1.46019,0.35340,-0.80680,normal
15.26000,-9.66170,-0.73830,1.16170,1.40194,0.33398,-0.76796,normal
15.28000,-9.64043,-0.75957,1.14043,1.34369,0.31456,-0.72913,normal
15.30000,-9.61915,-0.78085,1.11915,0.77778,0.10000,-0.48889,normal
15.32000,-9.50000,-1.00000,1.10000,0.58765,0.32469,-0.27531,normal
15.34000,-8.43226,-1.44839,1.40000,0.56296,0.37407,-0.22593,normal
15.36000,-8.47527,-1.51290,1.40000,0.53827,0.42346,-0.17654,normal
15.38000,-8.51828,-1.57742,1.40000,0.51358,0.47284,-0.12716,normal
15.40000,-8.56129,-1.64194,1.40000,0.39677,0.90323,0.70645,normal
15.42000,-8.80000,-1.80000,1.33333,0.37527,0.92473,0.74946,normal
15.44000,-9.84545,-2.53409,1.70000,0.35376,0.94624,0.79247,normal
15.46000,-9.93636,-2.60227,1.70000,0.33226,0.96774,0.83548,normal
15.48000,-10.02727,-2.67045,1.70000,0.31075,0.98925,0.87849,normal
15.50000,-10.11818,-2.73864,1.70000,-0.30000,0.70000,1.20000,normal
15.52000,-10.20000,-3.00000,1.60000,-0.32151,0.70000,1.17849,normal
15.54000,-10.06374,-2.81209,1.57582,-0.34301,0.70000,1.15699,normal
15.56000,-9.99780,-2.83407,1.53187,-0.36452,0.70000,1.13548,normal
15.58000,-9.93187,-2.85604,1.48791,-0.38602,0.70000,1.11398,normal
15.60000,-9.86593,-2.87802,1.44396,-0.46667,0.43333,0.86667,normal
15.62000,-9.80000,-2.90000,1.40000,-0.76522,0.30000,0.70000,normal
15.64000,-8.97209,-3.42093,2.24419,-0.72174,0.30000,0.70000,normal
15.66000,-8.90233,-3.72326,2.10465,-0.67826,0.30000,0.70000,normal
15.68000,-8.83256,-4.02558,1.96512,-0.63478,0.30000,0.70000,normal
15.70000,-8.76279,-4.32791,1.82558,0.05000,0.15000,0.60000,normal
15.72000,-9.30000,-4.50000,1.40000,0.40000,0.00000,0.50000,normal
15.74000,-10.26235,-4.28118,1.02824,0.40000,0.00000,0.50000,normal
15.76000,-10.16824,-4.23412,1.09882,0.40000,0.00000,0.50000,normal
15.78000,-10.07412,-4.18706,1.16941,0.40000,0.00000,0.50000,normal
15.80000,-9.98000,-4.14000,1.24000,-0.11522,-0.09239,0.19239,normal
15.82000,-9.90000,-3.80000,1.20000,-0.15870,-0.07065,0.17065,normal
15.84000,-9.40000,-3.71702,0.88298,-0.20217,-0.04891,0.14891,normal
15.86000,-9.40000,-3.73830,0.86170,-0.24565,-0.02717,0.12717,normal
15.88000,-9.40000,-3.75957,0.84043,-0.28913,-0.00543,0.10543,normal
15.90000,-9.40000,-3.78085,0.81915,0.00526,0.00000,-0.40526,normal
15.92000,-9.20000,-3.90000,0.95000,0.02632,0.00000,-0.42632,normal
15.94000,-9.90213,-3.66596,0.70000,0.04737,0.00000,-0.44737,normal
15.96000,-10.02979,-3.62340,0.70000,0.06842,0.00000,-0.46842,normal
15.98000,-10.15745,-3.58085,0.70000,0.08947,0.00000,-0.48947,normal
16.00000,-10.28511,-3.53830,0.70000,0.20000,-0.09588,-0.70000,normal
16.02000,-9.90000,-3.35000,0.80000,0.20000,-0.07526,-0.70000,normal
16.04000,-9.02472,-3.00000,0.98764,0.20000,-0.05464,-0.70000,normal
16.06000,-9.06966,-3.00000,0.96517,0.20000,-0.03402,-0.70000,normal
16.08000,-9.11461,-3.00000,0.94270,0.20000,-0.01340,-0.70000,normal
16.10000,-9.15955,-3.00000,0.92022,0.30000,0.00000,-0.70000,normal
16.12000,-9.35000,-2.95000,1.00000,0.60000,0.00000,-0.59211,normal
16.14000,-9.60000,-2.48140,1.20930,0.60000,0.00000,-0.56579,normal
16.16000,-9.60000,-2.43488,1.23256,0.60000,0.00000,-0.53947,normal
16.18000,-9.60000,-2.38837,1.25581,0.60000,0.00000,-0.51316,normal
16.20000,-9.60000,-2.34186,1.27907,0.19889,0.00000,-0.40000,normal
16.22000,-9.56667,-2.16667,1.33333,0.17667,0.00000,-0.40000,normal
16.24000,-9.41236,-2.13708,1.46292,0.15444,0.00000,-0.40000,normal
16.26000,-9.43483,-2.20449,1.39551,0.13222,0.00000,-0.40000,normal
16.28000,-9.45730,-2.27191,1.32809,0.11000,0.00000,-0.40000,normal
16.30000,-9.47978,-2.33933,1.26067,0.30000,0.00000,-0.10000,normal
16.32000,-9.46000,-2.32000,1.28000,0.27647,0.02353,-0.07647,normal
16.34000,-9.38667,-2.31333,1.11333,0.25294,0.04706,-0.05294,normal
16.36000,-9.36444,-2.33556,1.13556,0.22941,0.07059,-0.02941,normal
16.38000,-9.34222,-2.35778,1.15778,0.20588,0.09412,-0.00588,normal
16.40000,-9.32000,-2.38000,1.18000,-0.10000,0.10000,0.10000,normal
16.42000,-9.40000,-2.70000,1.10000,-0.10000,0.10000,0.10000,normal
16.44000,-9.30000,-3.01684,1.10000,-0.10000,0.10000,0.10000,normal
16.46000,-9.30000,-3.03789,1.10000,-0.10000,0.10000,0.10000,normal
16.48000,-9.30000,-3.05895,1.10000,-0.10000,0.10000,0.10000,normal
16.50000,-9.30000,-3.08000,1.10000,-0.10000,0.10000,0.10000,normal
16.52000,-9.35000,-3.15000,1.10000,-0.10000,0.10000,0.10000,normal
16.54000,-9.60488,-3.50000,0.90000,-0.07705,0.00000,0.10000,normal
16.56000,-9.62927,-3.50000,0.90000,-0.04426,0.00000,0.10000,normal
16.58000,-9.65366,-3.50000,0.90000,-0.01148,0.00000,0.10000,normal
16.60000,-9.67805,-3.50000,0.90000,0.20000,0.00000,-0.00430,normal
16.62000,-9.62000,-3.50000,0.94000,0.20000,0.00000,-0.02581,normal
16.64000,-9.38478,-3.38478,1.00000,0.20000,0.00000,-0.04731,normal
16.66000,-9.36304,-3.36304,1.00000,0.20000,0.00000,-0.06882,normal
16.68000,-9.34130,-3.34130,1.00000,0.20000,0.00000,-0.09032,normal
16.70000,-9.31957,-3.31957,1.00000,0.20000,0.00000,0.00000,normal
16.72000,-9.40000,-3.20000,1.05000,0.20000,0.00000,0.00000,normal
16.74000,-9.31333,-3.01333,1.00000,0.20000,0.00000,0.00000,normal
16.76000,-9.33556,-3.03556,1.00000,0.20000,0.00000,0.00000,normal
16.78000,-9.35778,-3.05778,1.00000,0.20000,0.00000,0.00000,normal
16.80000,-9.38000,-3.08000,1.00000,0.10000,0.00381,0.00000,normal
16.82000,-9.20000,-3.10000,1.10000,0.10000,0.02286,0.00000,normal
16.84000,-9.30000,-3.11613,1.01613,0.10000,0.04190,0.00000,normal
16.86000,-9.30000,-3.13763,1.03763,0.10000,0.06095,0.00000,normal
16.88000,-9.30000,-3.15914,1.05914,0.10000,0.08000,0.00000,normal
16.90000,-9.30000,-3.18065,1.08065,0.10000,0.09905,0.00000,normal
16.92000,-9.30000,-3.11000,1.10000,0.10000,0.10000,0.00000,normal
16.94000,-9.30000,-3.20000,1.10000,0.10000,0.10000,0.00000,normal
16.96000,-9.27436,-3.17436,1.12564,0.10000,0.10000,0.00000,normal
16.98000,-9.24872,-3.14872,1.15128,0.10000,0.10000,0.00000,normal
17.00000,-9.22308,-3.12308,1.17692,-6.27353,-0.41471,-0.50980,normal
17.02000,-9.50000,-0.90000,2.40000,-6.56765,-0.47353,-0.54902,normal
17.04000,-9.78800,-0.14800,0.67200,-6.86176,-0.53235,-0.58824,normal
17.06000,-9.76800,-0.22800,0.29200,-7.15588,-0.59118,-0.62745,normal
17.08000,-9.74800,-0.30800,-0.08800,-7.45000,-0.65000,-0.66667,normal
17.10000,-9.72800,-0.38800,-0.46800,-7.90000,-1.20000,-0.85000,normal
17.12000,-9.70800,-0.46800,-0.84800,-2.12469,-0.74074,-0.76049,normal
17.14000,-8.21481,-8.63086,-3.65062,-1.65556,-0.66667,-0.71111,normal
17.16000,-8.28889,-8.28519,-3.40370,-1.18642,-0.59259,-0.66173,normal
17.18000,-8.36296,-7.93951,-3.15679,-0.71728,-0.51852,-0.61235,normal
17.20000,-8.43704,-7.59383,-2.90988,5.80841,0.72523,0.50841,normal
17.22000,-8.90000,-7.15000,-1.95000,5.82710,0.78131,0.52710,normal
17.24000,-8.25161,-4.16237,-0.56559,5.84579,0.83738,0.54579,normal
17.26000,-8.31613,-3.99032,-0.52258,5.86449,0.89346,0.56449,normal
17.28000,-8.38065,-3.81828,-0.47957,5.88318,0.94953,0.58318,normal
17.30000,-8.44516,-3.64624,-0.43656,5.90000,1.00000,0.60000,normal
17.32000,-8.53000,-3.56000,-0.37000,3.91923,0.98205,0.69103,normal
17.34000,-8.91084,-2.58916,0.40361,3.68846,0.93077,0.66538,normal
17.36000,-8.98313,-2.51687,0.42771,3.45769,0.87949,0.63974,normal
17.38000,-9.05542,-2.44458,0.45181,3.22692,0.82821,0.61410,normal
17.40000,-9.12771,-2.37229,0.47590,0.69302,0.29884,0.39884,normal
17.42000,-9.20000,-2.30000,0.50000,0.55349,0.27558,0.37558,normal
17.44000,-9.64333,-1.97222,1.01444,0.41395,0.25233,0.35233,normal
17.46000,-9.71000,-2.08333,1.03667,0.27442,0.22907,0.32907,normal
17.48000,-9.77667,-2.19444,1.05889,0.13488,0.20581,0.30581,normal
17.50000,-9.84333,-2.30556,1.08111,-0.48889,0.01111,0.01111,normal
17.52000,-9.80000,-3.05000,1.30000,-0.48202,0.00000,-0.21798,normal
17.54000,-8.83478,-3.33261,1.48370,-0.45955,0.00000,-0.24045,normal
17.56000,-8.74783,-3.37609,1.46196,-0.43708,0.00000,-0.26292,normal
17.58000,-8.66087,-3.41957,1.44022,-0.41461,0.00000,-0.28539,normal
17.60000,-8.57391,-3.46304,1.41848,-0.12857,0.20000,-0.07143,normal
17.62000,-8.50000,-3.40000,1.60000,-0.21786,0.20000,0.01786,normal
17.64000,-9.66531,-3.71633,1.36735,-0.24167,0.20000,0.04167,normal
17.66000,-9.74694,-3.73673,1.32653,-0.26548,0.20000,0.06548,normal
17.68000,-9.82857,-3.75714,1.28571,-0.28929,0.20000,0.08929,normal
17.70000,-9.91020,-3.77755,1.24490,-0.36111,0.13889,0.10000,normal
17.72000,-9.99184,-3.79796,1.20408,-0.91154,0.00000,-0.01154,normal
17.74000,-9.27500,-4.55000,1.11250,-0.93718,0.00000,-0.03718,normal
17.76000,-9.22955,-4.64091,1.13523,-0.96282,0.00000,-0.06282,normal
17.78000,-9.18409,-4.73182,1.15795,-0.98846,0.00000,-0.08846,normal
17.80000,-9.13864,-4.82273,1.18068,-0.70000,-0.10000,-0.50449,normal
17.82000,-9.05000,-5.55000,1.10000,-0.70000,-0.10000,-0.52697,normal
17.84000,-8.90000,-6.16742,0.98652,-0.70000,-0.10000,-0.54944,normal
17.86000,-8.90000,-6.27978,0.96404,-0.70000,-0.10000,-0.57191,normal
17.88000,-8.90000,-6.39213,0.94157,-0.70000,-0.10000,-0.59438,normal
17.90000,-8.90000,-6.50449,0.91910,0.10000,-0.30769,-1.30769,normal
17.92000,-9.15000,-7.75000,0.75000,0.10000,-0.34615,-1.34615,normal
17.94000,-9.83191,-7.06596,0.88298,0.10000,-0.38462,-1.38462,normal
17.96000,-9.74681,-7.02340,0.86170,0.10000,-0.42308,-1.42308,normal
17.98000,-9.66170,-6.98085,0.84043,0.10000,-0.46154,-1.46154,normal
18.00000,-9.57660,-6.93830,0.81915,0.10000,-0.50000,-1.50000,normal
18.02000,-9.15000,-6.90000,1.10000,-0.80000,-0.61605,-2.70000,normal
18.04000,-10.90128,-8.90769,-0.29744,-0.80000,-0.64074,-2.70000,normal
18.06000,-10.92692,-9.06154,-0.24615,-0.80000,-0.66543,-2.70000,normal
18.08000,-10.95256,-9.21538,-0.19487,-0.80000,-0.69012,-2.70000,normal
18.10000,-10.97821,-9.36923,-0.14359,0.90698,-0.89767,-2.90465,normal
18.12000,-10.54000,-9.58000,0.04000,0.97674,-0.87442,-2.95116,normal
18.14000,-7.24222,-8.09889,0.50000,1.04651,-0.85116,-2.99767,normal
18.16000,-7.15333,-7.94333,0.50000,1.11628,-0.82791,-3.04419,normal
18.18000,-7.06444,-7.78778,0.50000,1.18605,-0.80465,-3.09070,normal
18.20000,-6.97556,-7.63222,0.50000,1.09780,-0.79780,-2.89341,normal
18.22000,-6.90000,-7.20000,0.40000,1.07582,-0.77582,-2.82747,normal
18.24000,-4.98298,-7.98191,2.05426,1.05385,-0.75385,-2.76154,normal
18.26000,-4.72766,-7.96064,2.11809,1.03187,-0.73187,-2.69560,normal
18.28000,-4.47234,-7.93936,2.18191,1.00989,-0.70989,-2.62967,normal
18.30000,-4.21702,-7.91809,2.24574,1.90290,-0.30145,-2.19710,normal
18.32000,-2.53333,-7.83333,2.25000,1.96087,-0.33043,-2.13913,normal
18.34000,-1.00625,-7.51875,2.50000,2.01884,-0.35942,-2.08116,normal
18.36000,-0.85000,-7.55000,2.50000,2.07681,-0.38841,-2.02319,normal
18.38000,-0.69375,-7.58125,2.50000,1.68182,-0.31818,-1.46364,normal
18.40000,0.43000,-6.84000,4.49000,1.63204,-0.40000,-1.28932,normal
18.42000,0.55752,-6.79204,4.68850,1.69029,-0.40000,-1.26990,normal
18.44000,0.64602,-6.93363,4.67080,1.74854,-0.40000,-1.25049,normal
18.46000,0.73451,-7.07522,4.65310,1.80680,-0.40000,-1.23107,normal
18.48000,0.82301,-7.21681,4.63540,1.86505,-0.40000,-1.21165,normal
18.50000,0.91150,-7.35841,4.61770,1.40319,-0.50000,-0.90000,normal
18.52000,1.00000,-7.50000,4.60000,1.42447,-0.50000,-0.90000,normal
18.54000,1.00000,-5.37955,6.76591,1.44574,-0.50000,-0.90000,normal
18.56000,1.00000,-5.53864,6.69773,1.46702,-0.50000,-0.90000,normal
18.58000,1.00000,-5.69773,6.62955,1.48830,-0.50000,-0.90000,normal
18.60000,1.00000,-5.85682,6.56136,1.00000,-0.77143,-0.58571,normal
18.62000,1.00000,-6.46667,6.73333,1.17108,-0.60000,-0.37108,normal
18.64000,1.72299,-5.69655,6.44598,1.12289,-0.60000,-0.32289,normal
18.66000,1.76897,-5.48966,6.53793,1.07470,-0.60000,-0.27470,normal
18.68000,1.81494,-5.28276,6.62989,1.02651,-0.60000,-0.22651,normal
18.70000,1.86092,-5.07586,6.72184,0.60000,0.70000,0.80000,normal
18.72000,1.90000,-6.20000,8.60000,0.60000,0.70000,0.77826,normal
18.74000,1.20000,-6.37634,10.22796,0.60000,0.70000,0.75652,normal
18.76000,1.20000,-6.09677,10.01290,0.60000,0.70000,0.73478,normal
18.78000,1.20000,-5.81720,9.79785,0.60000,0.70000,0.71304,normal
18.80000,1.20000,-5.53763,9.58280,0.90000,0.46667,0.66667,normal
18.82000,1.30000,-3.60000,6.80000,0.31111,0.90000,0.70000,normal
18.84000,0.80112,-4.89101,9.68202,0.36667,0.90000,0.70000,normal
18.86000,0.55393,-4.86854,9.63708,0.42222,0.90000,0.70000,normal
18.88000,0.30674,-4.84607,9.59213,0.47778,0.90000,0.70000,normal
18.90000,0.05955,-4.82360,9.54719,0.20444,0.39444,0.20222,normal
18.92000,-0.18764,-4.80112,9.50225,0.29333,0.28333,0.24667,normal
18.94000,1.07222,-3.48889,8.59556,0.38222,0.17222,0.29111,normal
18.96000,1.18333,-3.93333,7.97333,0.47111,0.06111,0.33556,normal
18.98000,1.29444,-4.37778,7.35111,0.56000,-0.05000,0.38000,normal
19.00000,1.40556,-4.82222,6.72889,0.20430,-0.20215,-0.00215,normal
19.02000,1.45000,-3.06667,8.63333,0.29032,-0.24516,-0.04516,normal
19.04000,0.17727,-4.71364,9.74091,0.37634,-0.28817,-0.08817,normal
19.06000,-0.02727,-4.23636,9.30909,0.46237,-0.33118,-0.13118,normal
19.08000,-0.23182,-3.75909,8.87727,0.54839,-0.37419,-0.17419,normal
19.10000,-0.43636,-3.28182,8.44545,0.00278,-1.18611,0.10000,normal
19.12000,0.11111,-3.96667,8.63333,0.02130,-1.09352,0.10000,normal
19.14000,2.15862,-4.18276,9.10690,0.03981,-1.00093,0.10000,normal
19.16000,2.06667,-4.36667,8.90000,0.05833,-0.90833,0.10000,normal
19.18000,1.97471,-4.55057,8.69310,0.07685,-0.81574,0.10000,normal
19.20000,1.88276,-4.73448,8.48621,0.09537,-0.72315,0.10000,normal
19.22000,1.53889,-4.16667,8.56111,0.11000,-0.51000,0.28000,normal
19.24000,2.60000,-3.80000,9.70000,-0.15455,-0.42727,0.32727,normal
19.26000,2.85641,-4.28718,9.49487,-0.21515,-0.45758,0.35758,normal
19.28000,3.11282,-4.77436,9.28974,-0.27576,-0.48788,0.38788,normal
19.30000,3.36923,-5.26154,9.08462,0.27340,1.00000,0.80000,normal
19.32000,4.00000,-5.65000,8.95000,0.16702,1.00000,0.80000,normal
19.34000,2.05161,-5.57957,9.42151,0.06064,1.00000,0.80000,normal
19.36000,2.11613,-5.42903,8.94839,-0.04574,1.00000,0.80000,normal
19.38000,2.18065,-5.27849,8.47527,-0.15213,1.00000,0.80000,normal
19.40000,2.24516,-5.12796,8.00215,0.11124,0.58876,0.60000,normal
19.42000,2.30000,-3.45000,8.10000,0.15618,0.54382,0.60000,normal
19.44000,1.14045,-3.77303,8.04270,0.20112,0.49888,0.60000,normal
19.46000,1.20787,-3.72809,8.44719,0.24607,0.45393,0.60000,normal
19.48000,1.27528,-3.68315,8.85169,0.29101,0.40899,0.60000,normal
19.50000,1.34270,-3.63820,9.25618,-0.10000,0.23514,-0.14324,normal
19.52000,-0.10000,-4.00000,6.50000,-0.10000,0.09099,-0.01712,normal
19.54000,0.45161,-3.00000,7.92366,-0.10000,-0.05315,0.10901,normal
19.56000,0.51613,-3.00000,8.20323,-0.10000,-0.19730,0.23514,normal
19.58000,0.58065,-3.00000,8.48280,-0.10000,-0.34144,0.36126,normal
19.60000,0.64516,-3.00000,8.76237,-0.10000,-0.48559,0.48739,normal
19.62000,0.76923,-3.20769,8.88462,0.28824,-0.41765,-0.20588,normal
19.64000,0.80000,-4.21250,8.63750,0.22941,-0.50588,-0.23529,normal
19.66000,0.82500,-4.20000,8.97500,0.17059,-0.59412,-0.26471,normal
19.68000,0.85132,-3.98947,9.26447,0.11176,-0.68235,-0.29412,normal
19.70000,0.87763,-3.77895,9.55395,-0.09468,-0.70000,-0.20000,normal
19.72000,0.80000,-4.00000,10.20000,-0.07340,-0.70000,-0.20000,normal
19.74000,2.32526,-4.72842,9.07158,-0.05213,-0.70000,-0.20000,normal
19.76000,2.47263,-4.64421,9.15579,-0.03085,-0.70000,-0.20000,normal
19.78000,2.62000,-4.56000,9.24000,-0.00957,-0.70000,-0.20000,normal
19.80000,2.76737,-4.47579,9.32421,-0.00119,0.30357,0.00119,normal
19.82000,3.10000,-4.20000,9.60000,-0.02500,0.37500,0.02500,normal
19.84000,1.71818,-3.79091,10.40909,-0.04881,0.44643,0.04881,normal
19.86000,1.58182,-4.10909,10.59091,-0.07262,0.51786,0.07262,normal
19.88000,1.44545,-4.42727,10.77273,-0.09643,0.58929,0.09643,normal
19.90000,1.30909,-4.74545,10.95455,0.10614,0.61228,0.09386,normal
19.92000,1.10000,-3.96667,7.93333,0.12368,0.64737,0.07632,normal
19.94000,1.26211,-3.16737,7.03789,0.14123,0.68246,0.05877,normal
19.96000,1.22000,-3.02000,7.08000,0.15877,0.71754,0.04123,normal
19.98000,1.17789,-2.87263,7.12211,0.17632,0.75263,0.02368,normal
20.00000,1.13579,-2.72526,7.16421,0.19386,0.78772,0.00614,normal
20.02000,0.98333,-2.71667,7.40000,0.10000,0.60000,0.00000,normal
20.04000,-0.28750,-3.98750,8.40000,0.30862,0.29138,0.09138,normal
20.06000,-1.21250,-3.47000,8.26500,0.34310,0.25690,0.05690,normal
20.08000,-1.08750,-3.57000,8.21500,0.37759,0.22241,0.02241,normal
20.10000,-0.96250,-3.67000,8.16500,-0.00273,-0.50000,-0.20000,normal
20.12000,-0.83750,-3.77000,8.11500,-0.05727,-0.50000,-0.20000,normal
20.14000,-0.06330,-3.40734,7.63670,-0.11182,-0.50000,-0.20000,normal
20.16000,0.02844,-3.42569,7.72844,-0.16636,-0.50000,-0.20000,normal
20.18000,0.12018,-3.44404,7.82018,-0.22091,-0.50000,-0.20000,normal
20.20000,0.21193,-3.46239,7.91193,-0.27545,-0.50000,-0.20000,normal
20.22000,0.30367,-3.48073,8.00367,0.28750,-0.60625,-0.09375,normal
20.24000,0.39541,-3.49908,8.09541,0.23750,-0.63125,-0.06875,normal
20.26000,-0.25143,-3.96571,9.55143,0.18750,-0.65625,-0.04375,normal
20.28000,-0.33714,-3.90857,9.63714,0.13750,-0.68125,-0.01875,normal
20.30000,-0.42286,-3.85143,9.72286,-0.50000,-0.90000,0.20000,normal
20.32000,-0.20000,-3.30000,9.80000,0.40299,-0.49851,0.30000,normal
20.34000,2.29412,-5.73529,8.34118,0.46269,-0.46866,0.30000,normal
20.36000,2.27059,-5.47647,8.50588,0.52239,-0.43881,0.30000,normal
20.38000,2.24706,-5.21765,8.67059,0.58209,-0.40896,0.30000,normal
20.40000,2.22353,-4.95882,8.83529,-0.21458,0.51458,0.90729,normal
20.42000,2.20000,-4.70000,9.00000,-0.25625,0.55625,0.92813,normal
20.44000,2.10220,-3.71429,11.14945,-0.29792,0.59792,0.94896,normal
20.46000,1.83846,-4.00000,11.21538,-0.33958,0.63958,0.96979,normal
20.48000,1.57473,-4.28571,11.28132,-0.38125,0.68125,0.99062,normal
20.50000,1.31099,-4.57143,11.34725,0.60000,0.70000,0.60000,normal
20.52000,0.40000,-4.66667,9.23333,0.55506,0.74494,0.60000,normal
20.54000,1.70645,-3.27419,8.81613,0.51011,0.78989,0.60000,normal
20.56000,1.38387,-3.23118,9.00968,0.46517,0.83483,0.60000,normal
20.58000,1.06129,-3.18817,9.20323,0.42022,0.87978,0.60000,normal
20.60000,0.73871,-3.14516,9.39677,0.69612,0.69612,0.39612,normal
20.62000,0.41613,-3.10215,9.59032,0.67670,0.67670,0.37670,normal
20.64000,-0.19438,-3.10000,8.54045,0.65728,0.65728,0.35728,normal
20.66000,-0.35169,-3.10000,8.60787,0.63786,0.63786,0.33786,normal
20.68000,-0.50899,-3.10000,8.67528,0.61845,0.61845,0.31845,normal
20.70000,-0.66629,-3.10000,8.74270,0.30000,0.30000,0.30000,normal
20.72000,-0.40000,-2.20000,8.60000,-0.22025,-0.04051,0.07975,normal
20.74000,0.11282,-3.43333,8.18462,-0.24557,-0.09114,0.05443,normal
20.76000,0.24103,-3.76667,8.03077,-0.27089,-0.14177,0.02911,normal
20.78000,0.36923,-4.10000,7.87692,-0.29620,-0.19241,0.00380,normal
20.80000,0.49744,-4.43333,7.72308,0.08065,-0.41935,-0.20000,normal
20.82000,0.45000,-3.25000,9.20000,0.01613,-0.48387,-0.20000,normal
20.84000,0.27312,-3.74516,9.94624,-0.04839,-0.54839,-0.20000,normal
20.86000,0.35914,-3.68065,10.11828,-0.11290,-0.61290,-0.20000,normal
20.88000,0.44516,-3.61613,10.29032,-0.17742,-0.67742,-0.20000,normal
20.90000,0.53118,-3.55161,10.46237,0.20449,-0.79101,-0.29551,normal
20.92000,1.10000,-4.00000,9.70000,0.22697,-0.74607,-0.27303,normal
20.94000,2.60000,-4.10000,9.63077,0.24944,-0.70112,-0.25056,normal
20.96000,2.60000,-4.10000,9.67473,0.27191,-0.65618,-0.22809,normal
20.98000,2.60000,-4.10000,9.71868,0.29438,-0.61124,-0.20562,normal
21.00000,2.60000,-4.10000,9.76264,-0.59687,0.11875,0.00625,normal
21.02000,1.85000,-2.90000,10.20000,-0.57604,0.24375,0.04792,normal
21.04000,1.83913,-4.57391,11.78696,-0.55521,0.36875,0.08958,normal
21.06000,1.51304,-4.79130,11.89565,-0.53438,0.49375,0.13125,normal
21.08000,1.18696,-5.00870,12.00435,-0.51354,0.61875,0.17292,normal
21.10000,0.86087,-5.22609,12.11304,-0.26667,0.93333,0.20000,normal
21.12000,-0.67273,-3.18182,9.17273,0.28209,0.11791,-0.10000,normal
21.14000,1.25238,-2.67619,8.51905,0.16269,0.23731,-0.10000,normal
21.16000,1.13333,-2.86667,8.56667,0.04328,0.35672,-0.10000,normal
21.18000,1.01429,-3.05714,8.61429,-0.07612,0.47612,-0.10000,normal
21.20000,0.89524,-3.24762,8.66190,-0.09326,0.40000,0.10000,normal
21.22000,-0.25000,-3.05000,7.80000,-0.07079,0.40000,0.10000,normal
21.24000,-0.47312,-2.52688,7.49140,-0.04831,0.40000,0.10000,normal
21.26000,-0.55914,-2.44086,7.59892,-0.02584,0.40000,0.10000,normal
21.28000,-0.64516,-2.35484,7.70645,-0.00337,0.40000,0.10000,normal
21.30000,-0.73118,-2.26882,7.81398,0.42553,-0.02128,0.06809,normal
21.32000,-1.35000,-2.70000,7.80000,0.12766,-0.10638,-0.05957,normal
21.34000,-2.11064,-3.20000,8.63404,-0.17021,-0.19149,-0.18723,normal
21.36000,-1.34468,-3.20000,7.78298,-0.46809,-0.27660,-0.31489,normal
21.38000,-0.57872,-3.20000,6.93191,-0.76596,-0.36170,-0.44255,normal
21.40000,0.18723,-3.20000,6.08085,-0.29528,-1.00000,-0.09057,normal
21.42000,-0.13333,-2.43333,9.46667,-0.27642,-1.00000,-0.05283,normal
21.44000,0.55455,-3.59545,9.85909,-0.25755,-1.00000,-0.01509,normal
21.46000,0.64545,-3.75455,9.79091,-0.23868,-1.00000,0.02264,normal
21.48000,0.73636,-3.91364,9.72273,-0.21981,-1.00000,0.06038,normal
21.50000,0.82727,-4.07273,9.65455,-0.20094,-1.00000,0.09811,normal
21.52000,0.90000,-4.91000,9.31000,0.10000,-0.80000,0.00000,normal
21.54000,1.40253,-3.99494,9.40759,0.01364,-0.77121,0.02879,normal
21.56000,1.45316,-3.89367,9.55949,-0.07727,-0.74091,0.05909,normal
21.58000,1.50380,-3.79241,9.71139,-0.16818,-0.71061,0.08939,normal
21.60000,1.55443,-3.69114,9.86329,0.51364,-0.29091,0.20455,normal
21.62000,1.60000,-3.50000,9.70000,0.58182,-0.24545,0.22727,normal
21.64000,1.88444,-4.93778,9.14667,0.65000,-0.20000,0.25000,normal
21.66000,1.86222,-4.84889,9.21333,0.71818,-0.15455,0.27273,normal
21.68000,1.84000,-4.76000,9.28000,0.78636,-0.10909,0.29545,normal
21.70000,1.81778,-4.67111,9.34667,-1.08696,0.38261,0.39565,normal
21.72000,1.70000,-4.00000,11.40000,-1.02174,0.29565,0.37391,normal
21.74000,1.10000,-7.17204,9.75376,-0.95652,0.20870,0.35217,normal
21.76000,1.10000,-7.02151,9.58172,-0.89130,0.12174,0.33043,normal
21.78000,1.10000,-6.87097,9.40968,-0.82609,0.03478,0.30870,normal
21.80000,1.10000,-6.72043,9.23763,0.90096,0.79615,0.30769,normal
21.82000,2.60000,-4.50000,7.60000,0.92019,0.71923,0.46154,normal
21.84000,1.63708,-6.78989,7.66067,0.93942,0.64231,0.61538,normal
21.86000,1.23258,-5.08202,7.90787,0.95865,0.56538,0.76923,normal
21.88000,0.82809,-3.37416,8.15506,0.97788,0.48846,0.92308,normal
21.90000,0.42360,-1.66629,8.40225,0.99712,0.41154,1.07692,normal
21.92000,-0.90000,-0.78421,8.66316,0.11515,0.19697,0.40000,normal
21.94000,-0.80000,-1.60000,8.30000,0.26667,0.16667,0.40000,normal
21.96000,-0.19459,-4.52973,9.03243,0.41818,0.13636,0.40000,normal
21.98000,-0.41081,-4.34054,8.73514,0.56970,0.10606,0.40000,normal
22.00000,-0.62703,-4.15135,8.43784,0.70543,-0.40000,-0.10543,normal
22.02000,0.10000,-1.60000,7.10000,0.72717,-0.40000,-0.12717,normal
22.04000,0.77312,-3.14624,7.26452,0.74891,-0.40000,-0.14891,normal
22.06000,0.85914,-3.31828,7.45806,0.77065,-0.40000,-0.17065,normal
22.08000,0.94516,-3.49032,7.65161,0.79239,-0.40000,-0.19239,normal
22.10000,1.03118,-3.66237,7.84516,0.19310,-0.20345,-0.20000,normal
22.12000,1.03333,-3.53333,8.56667,0.14713,-0.22644,-0.20000,normal
22.14000,1.00000,-3.15556,10.13111,0.10115,-0.24943,-0.20000,normal
22.16000,1.00000,-3.37778,10.17556,0.05517,-0.27241,-0.20000,normal
22.18000,1.00000,-3.60000,10.22000,0.00920,-0.29540,-0.20000,normal
22.20000,1.00000,-3.82222,10.26444,-0.11212,-0.38788,-0.30000,normal
22.22000,1.80000,-4.40000,10.20000,-0.15253,-0.34747,-0.30000,normal
22.24000,2.40000,-3.78172,10.18280,-0.19293,-0.30707,-0.30000,normal
22.26000,2.40000,-3.76022,10.39785,-0.23333,-0.26667,-0.30000,normal
22.28000,2.40000,-3.73871,10.61290,-0.27374,-0.22626,-0.30000,normal
22.30000,2.40000,-3.71720,10.82796,-0.09000,-0.06000,-0.16000,normal
22.32000,2.54545,-4.06364,10.92727,-0.21471,0.51471,0.10735,normal
22.34000,1.65238,-3.25714,11.01905,-0.27353,0.57353,0.13676,normal
22.36000,1.53333,-3.40000,11.06667,-0.33235,0.63235,0.16618,normal
22.38000,1.41429,-3.54286,11.11429,-0.39118,0.69118,0.19559,normal
22.40000,1.29524,-3.68571,11.16190,-0.15000,0.42500,-0.11250,normal
22.42000,1.10000,-2.80000,6.80000,-0.06667,0.46667,-0.13333,normal
22.44000,1.22421,-3.34105,6.56000,0.01667,0.50833,-0.15417,normal
22.46000,1.14000,-3.72000,6.96000,0.10000,0.55000,-0.17500,normal
22.48000,1.05579,-4.09895,7.36000,0.18333,0.59167,-0.19583,normal
22.50000,0.97158,-4.47789,7.76000,-1.58144,0.56907,-0.19175,normal
22.52000,-2.70000,-1.30000,8.60000,-1.39588,0.25979,-0.10928,normal
22.54000,-1.95914,-3.43548,6.52903,-1.21031,-0.04948,-0.02680,normal
22.56000,-0.96989,-3.24194,6.91613,-1.02474,-0.35876,0.05567,normal
22.58000,0.01935,-3.04839,7.30323,-0.83918,-0.66804,0.13814,normal
22.60000,1.00860,-2.85484,7.69032,-0.30000,0.60000,-0.20000,normal
22.62000,-0.85000,-4.60000,7.25000,0.07955,-0.22045,0.05909,normal
22.64000,0.57528,-2.61685,7.83146,0.05682,-0.24318,0.01364,normal
22.66000,0.84494,-2.79663,8.03371,0.03409,-0.26591,-0.03182,normal
22.68000,1.11461,-2.97640,8.23596,0.01136,-0.28864,-0.07727,normal
22.70000,1.38427,-3.15618,8.43820,0.00000,0.10000,0.00000,normal
22.72000,-0.20000,-2.70000,8.90000,-0.53614,-0.31807,0.00000,normal
22.74000,-0.65385,-3.07692,7.86923,-0.58434,-0.34217,0.00000,normal
22.76000,-0.58791,-3.18681,7.82527,-0.63253,-0.36627,0.00000,normal
22.78000,-0.52198,-3.29670,7.78132,-0.68072,-0.39036,0.00000,normal
22.80000,-0.45604,-3.40659,7.73736,-0.61081,0.39640,0.49279,normal
22.82000,-1.80000,-4.20000,6.60000,-0.71892,0.36036,0.42072,normal
22.84000,-4.67719,-2.28509,7.56316,-0.82703,0.32432,0.34865,normal
22.86000,-4.64211,-2.72368,7.35263,-0.93514,0.28829,0.27658,normal
22.88000,-4.60702,-3.16228,7.14211,-1.04324,0.25225,0.20450,normal
22.90000,-4.57193,-3.60088,6.93158,-1.15135,0.21622,0.13243,normal
22.92000,-4.53684,-4.03947,6.72105,0.17396,-0.48437,0.30521,normal
22.94000,-4.50175,-4.47807,6.51053,0.06979,-0.42187,0.32604,normal
22.96000,1.78169,-5.41690,10.61408,-0.03438,-0.35937,0.34688,normal
22.98000,1.58451,-5.44507,10.30423,-0.13854,-0.29687,0.36771,normal
23.00000,1.38732,-5.47324,9.99437,-0.24271,-0.23437,0.38854,normal
23.02000,1.10000,-5.80000,9.05000,0.20000,-0.12222,0.40000,normal
23.04000,-0.14000,-5.56000,8.03000,0.17679,-0.22321,0.40000,normal
23.06000,-0.05522,-4.50000,8.61493,0.14107,-0.25893,0.40000,normal
23.08000,0.03433,-4.50000,8.64478,0.10536,-0.29464,0.40000,normal
23.10000,0.12388,-4.50000,8.67463,-0.08000,-0.09000,0.60000,normal
23.12000,0.00000,-5.00000,8.55000,-0.03556,-0.06778,0.60000,normal
23.14000,-0.01935,-5.74194,9.03871,0.00889,-0.04556,0.60000,normal
23.16000,-0.04086,-5.67742,9.08172,0.05333,-0.02333,0.60000,normal
23.18000,-0.06237,-5.61290,9.12473,0.09778,-0.00111,0.60000,normal
23.20000,-0.08387,-5.54839,9.16774,-0.38713,0.20000,0.90000,normal
23.22000,-0.60000,-5.00000,8.90000,-0.36733,0.20000,0.90000,normal
23.24000,-0.51667,-4.97917,8.87917,-0.34752,0.20000,0.90000,normal
23.26000,-0.43333,-4.95833,8.85833,-0.32772,0.20000,0.90000,normal
23.28000,-0.35000,-4.93750,8.83750,-0.30792,0.20000,0.90000,normal
23.30000,-0.26667,-4.91667,8.81667,-0.29429,0.30000,1.10571,normal
23.32000,0.20000,-5.23333,8.46667,-0.27524,0.30000,1.12476,normal
23.34000,-1.45618,-6.38764,7.54382,-0.25619,0.30000,1.14381,normal
23.36000,-1.38876,-6.52247,7.61124,-0.23714,0.30000,1.16286,normal
23.38000,-1.32135,-6.65730,7.67865,-0.21810,0.30000,1.18190,normal
23.40000,-1.25393,-6.79213,7.74607,-0.17500,0.32500,1.17500,normal
23.42000,-2.15000,-4.20000,8.20000,-0.23429,0.54571,2.19714,normal
23.44000,0.96145,-4.52410,9.29398,0.42286,1.00286,2.16857,normal
23.46000,1.37108,-6.01807,9.92048,1.08000,1.46000,2.14000,normal
23.48000,1.78072,-7.51205,10.54699,1.73714,1.91714,2.11143,normal
23.50000,2.19036,-9.00602,11.17349,-0.10000,1.30000,1.90000,normal
23.52000,2.60000,-10.50000,11.80000,0.19545,1.20909,1.80909,normal
23.54000,-4.24222,-8.79778,5.29333,0.49091,1.11818,1.71818,normal
23.56000,-4.73111,-8.50889,5.42667,0.78636,1.02727,1.62727,normal
23.58000,-5.22000,-8.22000,5.56000,1.08182,0.93636,1.53636,normal
23.60000,-5.70889,-7.93111,5.69333,-2.01236,-0.17978,0.80674,normal
23.62000,-6.30000,-3.83333,8.00000,-1.72022,-0.11236,0.82921,normal
23.64000,-4.57865,-2.64045,6.59775,-1.42809,-0.04494,0.85169,normal
23.66000,-4.08427,-3.47191,6.44045,-1.13596,0.02247,0.87416,normal
23.68000,-3.58989,-4.30337,6.28315,-0.84382,0.08989,0.89663,normal
23.70000,-3.09551,-5.13483,6.12584,-0.20000,0.20680,0.69320,normal
23.72000,-5.50000,-3.10000,5.60000,-0.20000,0.22621,0.67379,normal
23.74000,-4.63830,-2.69149,6.28085,-0.20000,0.24563,0.65437,normal
23.76000,-4.68085,-2.90426,6.25957,-0.20000,0.26505,0.63495,normal
23.78000,-4.72340,-3.11702,6.23830,-0.20000,0.28447,0.61553,normal
23.80000,-4.76596,-3.32979,6.21702,-0.05000,0.25000,0.55000,normal
23.82000,-6.33000,-3.38000,5.53000,-0.08000,-0.09200,0.61200,normal
23.84000,-4.94186,-3.57209,6.12326,0.05333,-0.03867,0.69200,normal
23.86000,-4.82558,-4.31628,6.16977,0.18667,0.01467,0.77200,normal
23.88000,-4.70930,-5.06047,6.21628,0.32000,0.06800,0.85200,normal
23.90000,-4.59302,-5.80465,6.26279,0.60000,0.00000,0.70000,normal
23.92000,-5.80000,-3.66667,7.86667,-0.12021,0.07979,0.50000,normal
23.94000,-6.60928,-0.33711,7.94433,-0.14149,0.05851,0.50000,normal
23.96000,-6.62990,-0.41959,7.82062,-0.16277,0.03723,0.50000,normal
23.98000,-6.65052,-0.50206,7.69691,-0.18404,0.01596,0.50000,normal
24.00000,-6.67113,-0.58454,7.57320,0.10000,0.00000,0.60000,normal
24.02000,-6.69175,-0.66701,7.44948,0.48171,-0.01829,0.38171,normal
24.04000,-6.43704,-1.09259,6.26296,0.45732,-0.04268,0.35732,normal
24.06000,-6.56049,-1.06790,6.13951,0.43293,-0.06707,0.33293,normal
24.08000,-6.68395,-1.04321,6.01605,0.40854,-0.09146,0.30854,normal
24.10000,-6.80741,-1.01852,5.89259,0.47778,-0.11481,0.18519,normal
24.12000,-6.98333,-1.91667,5.88333,0.42222,-0.15185,0.14815,normal
24.14000,-7.05333,-0.70667,5.13111,0.36667,-0.18889,0.11111,normal
24.16000,-6.98667,-0.57333,5.17556,0.31111,-0.22593,0.07407,normal
24.18000,-6.92000,-0.44000,5.22000,0.25556,-0.26296,0.03704,normal
24.20000,-6.85333,-0.30667,5.26444,0.20000,-0.30000,0.00000,normal
24.22000,-6.73571,0.50000,6.30000,-0.20303,-0.29697,0.00303,normal
24.24000,-4.88675,-3.16506,8.86386,-0.23333,-0.26667,0.03333,normal
24.26000,-5.17590,-3.38193,8.74337,-0.26364,-0.23636,0.06364,normal
24.28000,-5.46506,-3.59880,8.62289,-0.29394,-0.20606,0.09394,normal
24.30000,-5.75422,-3.81566,8.50241,-0.27640,-0.30000,0.18652,normal
24.32000,-5.70000,-3.30000,10.10000,-0.11910,-0.30000,0.09663,normal
24.34000,-9.21075,-5.49785,9.06129,0.03820,-0.30000,0.00674,normal
24.36000,-9.57634,-5.02473,8.54516,0.19551,-0.30000,-0.08315,normal
24.38000,-9.94194,-4.55161,8.02903,0.35281,-0.30000,-0.17303,normal
24.40000,-10.30753,-4.07849,7.51290,2.21818,-0.78295,-2.20341,normal
24.42000,-2.60000,0.05000,2.90000,1.67273,-0.66932,-2.22614,normal
24.44000,0.10220,-1.34176,12.95714,1.12727,-0.55568,-2.24886,normal
24.46000,-0.16154,-2.33077,12.10000,0.58182,-0.44205,-2.27159,normal
24.48000,-0.42527,-3.31978,11.24286,0.03636,-0.32841,-2.29432,normal
24.50000,-0.68901,-4.30879,10.38571,0.30000,-0.25663,0.51084,normal
24.52000,-6.00000,-4.10000,6.60000,0.30000,-0.16024,0.53494,normal
24.54000,-4.42836,-1.56716,6.80000,0.30000,-0.06386,0.55904,normal
24.56000,-4.33881,-1.77612,6.80000,0.30000,0.03253,0.58313,normal
24.58000,-4.24925,-1.98507,6.80000,0.70909,0.15455,0.88182,normal
24.60000,-4.77273,-2.34545,8.27273,1.10000,0.20000,0.70000,normal
24.62000,-5.75283,-1.40000,8.31415,0.20260,0.12468,0.57532,normal
24.64000,-5.52642,-1.40000,8.18208,-0.00519,0.15065,0.54935,normal
24.66000,-5.30000,-1.40000,8.05000,-0.21299,0.17662,0.52338,normal
24.68000,-5.07358,-1.40000,7.91792,-0.60000,0.20000,0.60000,normal
24.70000,-4.84717,-1.40000,7.78585,0.47798,0.60000,0.93119,normal
24.72000,-4.61500,-3.24200,7.92400,0.56972,0.60000,0.96789,normal
24.74000,-4.71500,-3.52200,8.08400,0.66147,0.60000,1.00459,normal
24.76000,-4.81500,-3.80200,8.24400,0.75321,0.60000,1.04128,normal
24.78000,-4.91500,-4.08200,8.40400,0.84495,0.60000,1.07798,normal
24.80000,-5.01500,-4.36200,8.56400,1.00000,0.60000,1.10000,normal
24.82000,-7.10000,-1.50000,10.50000,0.91579,0.57895,1.07895,normal
24.84000,-7.65882,-2.59882,9.69647,0.83158,0.55789,1.05789,normal
24.86000,-8.01176,-2.15176,10.35529,0.74737,0.53684,1.03684,normal
24.88000,-8.36471,-1.70471,11.01412,0.66316,0.51579,1.01579,normal
24.90000,-8.71765,-1.25765,11.67294,0.50909,0.27273,0.95455,normal
24.92000,-6.00000,2.70000,10.00000,0.57465,0.13803,0.14930,normal
24.94000,-7.43187,1.97912,3.65275,0.51831,0.22254,0.03662,normal
24.96000,-7.60769,2.48462,3.32308,0.46197,0.30704,-0.07606,normal
24.98000,-7.78352,2.99011,2.99341,0.40563,0.39155,-0.18873,normal
25.00000,-7.95934,3.49560,2.66374,-1.00000,0.30000,-0.20000,normal
25.02000,-5.65000,2.05000,1.35000,-1.44368,0.44368,-0.22184,normal
25.04000,-5.42021,1.89787,1.20000,-1.48966,0.48966,-0.24483,normal
25.06000,-5.44149,1.68511,1.20000,-1.53563,0.53563,-0.26782,normal
25.08000,-5.46277,1.47234,1.20000,-1.58161,0.58161,-0.29080,normal
25.10000,-5.48404,1.25957,1.20000,-3.75699,1.40538,0.00538,normal
25.12000,-7.00000,0.70000,4.35000,-3.58495,1.42688,0.02688,normal
25.14000,-9.27732,-2.24536,3.23196,-3.41290,1.44839,0.04839,normal
25.16000,-9.13299,-2.53402,2.79897,-3.24086,1.46989,0.06989,normal
25.18000,-8.98866,-2.82268,2.36598,-3.06882,1.49140,0.09140,normal
25.20000,-8.84433,-3.11134,1.93299,0.60000,2.49429,0.09429,normal
25.22000,-8.70000,-3.40000,1.50000,0.60000,2.47524,0.07524,normal
25.24000,-9.27303,-3.14157,2.40449,0.60000,2.45619,0.05619,normal
25.26000,-9.38539,-3.05169,2.71910,0.60000,2.43714,0.03714,normal
25.28000,-9.49775,-2.96180,3.03371,0.60000,2.41810,0.01810,normal
25.30000,-9.61011,-2.87191,3.34831,0.35000,2.35000,0.05000,normal
25.32000,-8.62857,-2.60000,4.30000,0.41429,2.54286,0.40000,normal
25.34000,-9.98989,-4.77079,3.28539,0.60476,2.44762,0.40000,normal
25.36000,-10.28202,-4.72584,3.26292,0.79524,2.35238,0.40000,normal
25.38000,-10.57416,-4.68090,3.24045,0.98571,2.25714,0.40000,normal
25.40000,-10.86629,-4.63596,3.21798,1.49643,1.09762,-0.20119,normal
25.42000,-11.54000,-3.62000,3.38000,1.42500,1.05000,-0.22500,normal
25.44000,-11.76786,-0.56786,3.00000,1.35357,1.00238,-0.24881,normal
25.46000,-11.69643,-0.49643,3.00000,1.28214,0.95476,-0.27262,normal
25.48000,-11.62500,-0.42500,3.00000,1.21071,0.90714,-0.29643,normal
25.50000,-11.55357,-0.35357,3.00000,1.30000,0.38830,-0.20000,normal
25.52000,-11.10000,-2.40000,2.80000,1.30000,0.36702,-0.20000,normal
25.54000,-11.00645,-2.24194,3.05484,1.30000,0.34574,-0.20000,normal
25.56000,-10.79140,-2.17742,3.22688,1.30000,0.32447,-0.20000,normal
25.58000,-10.57634,-2.11290,3.39892,1.30000,0.30319,-0.20000,normal
25.60000,-10.36129,-2.04839,3.57097,1.79412,0.19412,0.00000,normal
25.62000,-9.00000,-2.30000,1.70000,1.77451,0.17451,0.00000,normal
25.64000,-8.95684,-1.49158,1.23789,1.75490,0.15490,0.00000,normal
25.66000,-9.02000,-1.26000,1.28000,1.73529,0.13529,0.00000,normal
25.68000,-9.08316,-1.02842,1.32211,1.71569,0.11569,0.00000,normal
25.70000,-9.14632,-0.79684,1.36421,1.35000,-0.02500,0.11250,normal
25.72000,-11.10000,0.40000,1.70000,0.28800,-0.43200,0.30000,normal
25.74000,-11.41852,0.88765,1.04444,0.10133,-0.48533,0.30000,normal
25.76000,-11.49259,0.83827,0.82222,-0.08533,-0.53867,0.30000,normal
25.78000,-11.56667,0.78889,0.60000,-0.27200,-0.59200,0.30000,normal
25.80000,-11.64074,0.73951,0.37778,-2.22174,-0.98370,0.09457,normal
25.82000,-12.05000,-0.90000,-0.50000,-2.30870,-0.91848,0.07283,normal
25.84000,-10.53261,-1.85217,-1.37717,-2.39565,-0.85326,0.05109,normal
25.86000,-10.92391,-1.67826,-1.70326,-2.48261,-0.78804,0.02935,normal
25.88000,-11.31522,-1.50435,-2.02935,-2.56957,-0.72283,0.00761,normal
25.90000,-11.70652,-1.33043,-2.35543,-3.70870,-0.85652,-0.19130,normal
25.92000,-12.13333,-1.43333,-1.80000,-3.73043,-0.74783,-0.16957,normal
25.94000,-11.61778,-3.20000,-1.21556,-3.75217,-0.63913,-0.14783,normal
25.96000,-11.92889,-3.20000,-1.23778,-3.77391,-0.53043,-0.12609,normal
25.98000,-12.24000,-3.20000,-1.26000,-3.79565,-0.42174,-0.10435,normal
26.00000,-12.55111,-3.20000,-1.28222,-3.04712,-0.29038,0.80962,normal
26.02000,-10.10000,-3.60000,-0.60000,-2.83558,-0.25192,0.84808,normal
26.04000,-8.27065,-5.53696,1.26630,-2.62404,-0.21346,0.88654,normal
26.06000,-8.11848,-5.58043,1.46196,-2.41250,-0.17500,0.92500,normal
26.08000,-7.96630,-5.62391,1.65761,-2.20096,-0.13654,0.96346,normal
26.10000,-7.81413,-5.66739,1.85326,-1.40000,-0.05000,1.05000,normal
26.12000,-6.60000,-4.75000,2.50000,0.46667,0.85556,1.01111,normal
26.14000,-7.50260,-4.50519,3.29481,0.55625,0.92813,1.02813,normal
26.16000,-7.52857,-4.55714,3.24286,0.61875,0.95938,1.05938,normal
26.18000,-7.55455,-4.60909,3.19091,0.68125,0.99062,1.09062,normal
26.20000,-7.58052,-4.66104,3.13896,2.04301,1.40000,0.69570,normal
26.22000,-7.90000,-4.60000,2.70000,2.25806,1.40000,0.67419,normal
26.24000,-8.95000,-5.86667,3.56667,2.47312,1.40000,0.65269,normal
26.26000,-8.88333,-5.82222,3.65556,2.68817,1.40000,0.63118,normal
26.28000,-8.81667,-5.77778,3.74444,2.90323,1.40000,0.60968,normal
26.30000,-8.75000,-5.73333,3.83333,3.98571,0.09286,-0.60238,normal
26.32000,-8.90000,-3.10000,0.50000,3.70000,-0.05000,-0.65000,normal
26.34000,-8.73372,1.43837,-1.25116,3.41429,-0.19286,-0.69762,normal
26.36000,-8.43140,1.50814,-1.34419,3.12857,-0.33571,-0.74524,normal
26.38000,-8.12907,1.57791,-1.43721,2.84286,-0.47857,-0.79286,normal
26.40000,-7.82674,1.64767,-1.53023,0.88972,-0.30000,-0.28972,normal
26.42000,-9.80000,-2.10000,-1.40000,0.87103,-0.30000,-0.27103,normal
26.44000,-9.40217,-1.72174,-1.58043,0.85234,-0.30000,-0.25234,normal
26.46000,-9.29348,-1.63478,-1.55870,0.83364,-0.30000,-0.23364,normal
26.48000,-9.18478,-1.54783,-1.53696,0.81495,-0.30000,-0.21495,normal
26.50000,-9.07609,-1.46087,-1.51522,0.55714,0.08571,-0.20000,normal
26.52000,-9.80000,-1.50000,-2.20000,-0.12571,-0.09571,-0.40000,normal
26.54000,-9.18125,-0.61250,-1.49375,-0.29714,-0.06714,-0.40000,normal
26.56000,-9.10625,-0.66250,-1.46875,-0.46857,-0.03857,-0.40000,normal
26.58000,-9.03125,-0.71250,-1.44375,-0.64000,-0.01000,-0.40000,normal
26.60000,-8.95625,-0.76250,-1.41875,-1.41263,0.09368,-0.30000,normal
26.62000,-9.11429,-1.22857,-1.68571,-1.45474,0.07263,-0.30000,normal
26.64000,-10.20000,-2.45568,-0.42955,-1.49684,0.05158,-0.30000,normal
26.66000,-10.20000,-2.38750,-0.47500,-1.53895,0.03053,-0.30000,normal
26.68000,-10.20000,-2.31932,-0.52045,-1.58105,0.00947,-0.30000,normal
26.70000,-10.20000,-2.25114,-0.56591,-2.50000,0.10235,-0.39529,normal
26.72000,-9.90000,-2.20000,-0.80000,-2.50000,0.12588,-0.34824,normal
26.74000,-10.10000,-2.25517,-0.08621,-2.50000,0.14941,-0.30118,normal
26.76000,-10.10000,-2.34713,-0.06322,-2.50000,0.17294,-0.25412,normal
26.78000,-10.10000,-2.43908,-0.04023,-2.50000,0.19647,-0.20706,normal
26.80000,-10.10000,-2.53103,-0.01724,-1.49346,0.10000,0.41308,normal
26.82000,-12.00000,-3.40000,-0.30000,-1.47477,0.10000,0.45047,normal
26.84000,-12.85806,-3.41935,-0.16129,-1.45607,0.10000,0.48785,normal
26.86000,-12.92258,-3.44086,-0.11828,-1.43738,0.10000,0.52523,normal
26.88000,-12.98710,-3.46237,-0.07527,-1.41869,0.10000,0.56262,normal
26.90000,-13.05161,-3.48387,-0.03226,-1.40000,0.10000,0.60000,normal
26.92000,-13.05455,-3.90909,0.66364,0.20000,-0.10000,0.80000,normal
26.94000,-10.21429,-4.88095,1.88095,0.35873,-0.00476,0.76825,normal
26.96000,-10.00000,-4.83333,1.83333,0.51746,0.09048,0.73651,normal
26.98000,-9.78571,-4.78571,1.78571,0.67619,0.18571,0.70476,normal
27.00000,-9.57143,-4.73810,1.73810,2.00638,-0.51277,-0.31915,normal
27.02000,-12.05000,-4.25000,0.70000,2.02766,-0.55532,-0.38298,normal
27.04000,-11.54891,-3.58913,0.73696,2.04894,-0.59787,-0.44681,normal
27.06000,-11.13587,-3.45870,0.78043,2.07021,-0.64043,-0.51064,normal
27.08000,-10.72283,-3.32826,0.82391,2.09149,-0.68298,-0.57447,normal
27.10000,-10.30978,-3.19783,0.86739,1.48696,-1.20652,-0.98696,normal
27.12000,-9.45000,-1.85000,-0.60000,1.44348,-1.22826,-0.94348,normal
27.14000,-9.15761,-2.38478,-0.74348,1.40000,-1.25000,-0.90000,normal
27.16000,-9.09239,-2.51522,-0.65652,1.35652,-1.27174,-0.85652,normal
27.18000,-9.02717,-2.64565,-0.56957,1.31304,-1.29348,-0.81304,normal
27.20000,-8.96196,-2.77609,-0.48261,0.30000,-1.10000,-1.00625,normal
27.22000,-9.00000,-2.95000,-0.40000,0.30000,-1.10000,-1.04792,normal
27.24000,-7.85281,-2.96854,-0.83146,0.30000,-1.10000,-1.08958,normal
27.26000,-7.78539,-2.92360,-0.87640,0.30000,-1.10000,-1.13125,normal
27.28000,-7.71798,-2.87865,-0.92135,0.30000,-1.10000,-1.17292,normal
27.30000,-7.65056,-2.83371,-0.96629,0.26957,-1.06957,-1.23043,normal
27.32000,-7.32727,-2.80000,-1.00000,0.70000,-0.30000,-1.20000,normal
27.34000,-8.63902,-3.50000,-1.30000,0.79231,-0.36154,-1.13846,normal
27.36000,-8.73659,-3.50000,-1.30000,0.88462,-0.42308,-1.07692,normal
27.38000,-8.83415,-3.50000,-1.30000,0.97692,-0.48462,-1.01538,normal
27.40000,-8.93171,-3.50000,-1.30000,1.00000,-0.40000,-0.49333,normal
27.42000,-8.80000,-3.00000,-1.10000,1.00000,-0.40000,-0.47111,normal
27.44000,-8.37872,-2.77979,-0.79894,1.00000,-0.40000,-0.44889,normal
27.46000,-8.25106,-2.75851,-0.69255,1.00000,-0.40000,-0.42667,normal
27.48000,-8.12340,-2.73723,-0.58617,1.00000,-0.40000,-0.40444,normal
27.50000,-7.99574,-2.71596,-0.47979,1.10612,0.30612,0.00612,normal
27.52000,-8.40000,-3.20000,-0.20000,1.12653,0.32653,0.02653,normal
27.54000,-8.48152,-3.10000,0.15543,1.14694,0.34694,0.04694,normal
27.56000,-8.45978,-3.10000,0.22065,1.16735,0.36735,0.06735,normal
27.58000,-8.43804,-3.10000,0.28587,1.18776,0.38776,0.08776,normal
27.60000,-8.41630,-3.10000,0.35109,1.26667,0.46667,0.16667,normal
27.62000,-8.40000,-2.90000,0.90000,1.07179,0.71410,0.50000,normal
27.64000,-8.89355,-2.66129,1.11935,1.02051,0.73974,0.50000,normal
27.66000,-9.10860,-2.61828,1.14086,0.96923,0.76538,0.50000,normal
27.68000,-9.32366,-2.57527,1.16237,0.91795,0.79103,0.50000,normal
27.70000,-9.53871,-2.53226,1.18387,0.55000,0.90000,0.60000,normal
27.72000,-12.33333,-2.06667,1.10000,-0.47692,0.40000,0.48077,normal
27.74000,-11.02135,-1.90000,1.86292,-0.57949,0.40000,0.45513,normal
27.76000,-10.90899,-1.90000,1.95281,-0.68205,0.40000,0.42949,normal
27.78000,-10.79663,-1.90000,2.04270,-0.78462,0.40000,0.40385,normal
27.80000,-10.68427,-1.90000,2.13258,-1.08723,0.39362,0.10000,normal
27.82000,-11.10000,-2.60000,1.50000,-1.04468,0.37234,0.10000,normal
27.84000,-11.06000,-2.76000,1.52000,-1.00213,0.35106,0.10000,normal
27.86000,-11.01789,-2.71789,1.54105,-0.95957,0.32979,0.10000,normal
27.88000,-10.97579,-2.67579,1.56211,-0.91702,0.30851,0.10000,normal
27.90000,-10.93368,-2.63368,1.58316,-0.49714,0.30000,-0.10000,normal
27.92000,-10.50000,-2.46667,1.66667,-0.47810,0.30000,-0.10000,normal
27.94000,-8.78523,-2.30000,2.10000,-0.45905,0.30000,-0.10000,normal
27.96000,-8.76250,-2.30000,2.10000,-0.44000,0.30000,-0.10000,normal
27.98000,-8.73977,-2.30000,2.10000,-0.42095,0.30000,-0.10000,normal
28.00000,-8.71705,-2.30000,2.10000,-0.40190,0.30000,-0.10000,normal
28.02000,-8.30000,-2.30000,1.90000,0.00000,0.30000,0.11507,normal
28.04000,-8.63704,-2.28519,1.69259,0.00000,0.30000,0.14247,normal
28.06000,-8.76049,-2.23580,1.66790,0.00000,0.30000,0.16986,normal
28.08000,-8.88395,-2.18642,1.64321,0.00000,0.30000,0.19726,normal
28.10000,-9.00741,-2.13704,1.61852,-1.30549,0.09451,0.20000,normal
28.12000,-9.40000,-2.50000,1.90000,-1.32747,0.07253,0.20000,normal
28.14000,-9.14490,-2.97347,1.46327,-1.34945,0.05055,0.20000,normal
28.16000,-9.08367,-3.05510,1.42245,-1.37143,0.02857,0.20000,normal
28.18000,-9.02245,-3.13673,1.38163,-1.39341,0.00659,0.20000,normal
28.20000,-8.96122,-3.21837,1.34082,-0.69121,0.10000,0.20000,normal
28.22000,-8.90000,-3.30000,1.30000,-0.64725,0.10000,0.20000,normal
28.24000,-8.75000,-3.66667,1.45000,-0.60330,0.10000,0.20000,normal
28.26000,-8.81667,-3.62222,1.51667,-0.55934,0.10000,0.20000,normal
28.28000,-8.88333,-3.57778,1.58333,-0.51538,0.10000,0.20000,normal
28.30000,-8.95000,-3.53333,1.65000,-0.10000,0.10000,0.49300,normal
28.32000,-9.40000,-3.90000,0.80000,-0.10000,0.10000,0.47300,normal
28.34000,-9.44719,-3.50000,1.05281,-0.10000,0.10000,0.45300,normal
28.36000,-9.51461,-3.50000,0.98539,-0.10000,0.10000,0.43300,normal
28.38000,-9.58202,-3.50000,0.91798,-0.10000,0.10000,0.41300,normal
28.40000,-9.64944,-3.50000,0.85056,-1.40909,-0.20000,0.09091,normal
28.42000,-9.00000,-2.90000,0.90000,-1.51316,-0.17368,-0.01316,normal
28.44000,-9.08571,-3.41071,0.92143,-1.53947,-0.12105,-0.03947,normal
28.46000,-9.27619,-3.43452,0.96905,-1.56579,-0.06842,-0.06579,normal
28.48000,-9.46667,-3.45833,1.01667,-1.59211,-0.01579,-0.09211,normal
28.50000,-9.65714,-3.48214,1.06429,-0.98222,-0.50000,-0.40889,normal
28.52000,-11.52000,-4.08000,0.16000,-0.89333,-0.50000,-0.45333,normal
28.54000,-10.58333,-4.15000,0.81667,-0.80444,-0.50000,-0.49778,normal
28.56000,-10.29444,-4.08333,0.83889,-0.71556,-0.50000,-0.54222,normal
28.58000,-10.00556,-4.01667,0.86111,-0.62667,-0.50000,-0.58667,normal
28.60000,-9.71667,-3.95000,0.88333,0.52609,-0.40000,-0.90000,normal
28.62000,-11.20000,-3.30000,0.80000,0.59130,-0.40000,-0.90000,normal
28.64000,-11.42021,-3.47979,1.24043,0.65652,-0.40000,-0.90000,normal
28.66000,-11.44149,-3.45851,1.28298,0.72174,-0.40000,-0.90000,normal
28.68000,-11.46277,-3.43723,1.32553,0.78696,-0.40000,-0.90000,normal
28.70000,-11.48404,-3.41596,1.36809,0.67087,-0.80971,-0.99029,normal
28.72000,-10.40000,-2.30000,1.20000,0.61262,-0.82913,-0.97087,normal
28.74000,-10.04457,-1.98152,0.96304,0.55437,-0.84854,-0.95146,normal
28.76000,-9.97935,-1.95978,0.91957,0.49612,-0.86796,-0.93204,normal
28.78000,-9.91413,-1.93804,0.87609,0.43786,-0.88738,-0.91262,normal
28.80000,-9.84891,-1.91630,0.83261,0.00000,-0.90000,-0.79091,normal
28.82000,-9.00000,-2.21667,0.66667,-0.10000,-0.88961,-0.58961,normal
28.84000,-8.80000,-2.40964,0.50000,-0.10000,-0.86364,-0.56364,normal
28.86000,-8.80000,-2.43373,0.50000,-0.10000,-0.83766,-0.53766,normal
28.88000,-8.80000,-2.45783,0.50000,-0.10000,-0.81169,-0.51169,normal
28.90000,-8.80000,-2.48193,0.50000,-0.20353,-0.49647,0.20353,normal
28.92000,-8.95000,-2.77500,0.62500,-0.22706,-0.47294,0.22706,normal
28.94000,-8.81379,-2.60000,0.67241,-0.25059,-0.44941,0.25059,normal
28.96000,-8.83678,-2.60000,0.62644,-0.27412,-0.42588,0.27412,normal
28.98000,-8.85977,-2.60000,0.58046,-0.29765,-0.40235,0.29765,normal
29.00000,-8.88276,-2.60000,0.53448,-0.72581,-0.48710,0.51290,normal
29.02000,-8.85000,-2.70000,0.75000,-0.76882,-0.46559,0.53441,normal
29.04000,-8.87957,-2.60000,1.04086,-0.81183,-0.44409,0.55591,normal
29.06000,-8.85806,-2.60000,1.08387,-0.85484,-0.42258,0.57742,normal
29.08000,-8.83656,-2.60000,1.12688,-0.89785,-0.40108,0.59892,normal
29.10000,-8.81505,-2.60000,1.16989,-1.40909,-0.40000,0.80000,normal
29.12000,-9.80000,-2.90000,0.50000,-1.42727,-0.40000,0.80000,normal
29.14000,-9.71489,-2.87872,0.56383,-1.44545,-0.40000,0.80000,normal
29.16000,-9.62979,-2.85745,0.62766,-1.46364,-0.40000,0.80000,normal
29.18000,-9.54468,-2.83617,0.69149,-1.48182,-0.40000,0.80000,normal
29.20000,-9.45957,-2.81489,0.75532,-1.50000,-0.40000,0.80000,normal
29.22000,-8.80000,-2.90000,0.73333,-1.68873,0.00000,1.10563,normal
29.24000,-9.71084,-3.43253,0.23253,-1.63239,0.00000,1.13380,normal
29.26000,-9.73494,-3.50482,0.30482,-1.57606,0.00000,1.16197,normal
29.28000,-9.75904,-3.57711,0.37711,-1.51972,0.00000,1.19014,normal
29.30000,-9.78313,-3.64940,0.44940,-0.78495,0.40753,1.50000,normal
29.32000,-9.40000,-3.50000,0.85000,-0.74194,0.42903,1.50000,normal
29.34000,-9.48172,-3.42043,0.80000,-0.69892,0.45054,1.50000,normal
29.36000,-9.56774,-3.44194,0.80000,-0.65591,0.47204,1.50000,normal
29.38000,-9.65376,-3.46344,0.80000,-0.61290,0.49355,1.50000,normal
29.40000,-9.73978,-3.48495,0.80000,-0.20889,0.29111,1.19111,normal
29.42000,-10.23333,-4.03333,1.03333,-0.23111,0.26889,1.16889,normal
29.44000,-10.56629,-3.51573,1.61685,-0.25333,0.24667,1.14667,normal
29.46000,-10.52135,-3.40337,1.63933,-0.27556,0.22444,1.12444,normal
29.48000,-10.47640,-3.29101,1.66180,-0.29778,0.20222,1.10222,normal
29.50000,-10.43146,-3.17865,1.68427,-1.62243,-0.10000,0.08879,normal
29.52000,-9.60000,-2.40000,1.70000,-1.65981,-0.10000,0.07009,normal
29.54000,-9.52043,-2.64086,1.60000,-1.69720,-0.10000,0.05140,normal
29.56000,-9.54194,-2.68387,1.60000,-1.73458,-0.10000,0.03271,normal
29.58000,-9.56344,-2.72688,1.60000,-1.77196,-0.10000,0.01402,normal
29.60000,-9.58495,-2.76989,1.60000,-1.80000,-0.10000,-0.07143,normal
29.62000,-9.56000,-2.92000,1.60000,-1.29118,-0.20000,-0.10000,normal
29.64000,-8.79259,-3.08519,1.40741,-1.23235,-0.20000,-0.10000,normal
29.66000,-8.76790,-3.03580,1.43210,-1.17353,-0.20000,-0.10000,normal
29.68000,-8.74321,-2.98642,1.45679,-1.11471,-0.20000,-0.10000,normal
29.70000,-8.71852,-2.93704,1.48148,-0.90000,-0.20000,-0.10588,normal
29.72000,-8.90000,-2.60000,1.60000,-0.90000,-0.20000,-0.12941,normal
29.74000,-9.53371,-2.70000,1.73371,-0.90000,-0.20000,-0.15294,normal
29.76000,-9.57865,-2.70000,1.77865,-0.90000,-0.20000,-0.17647,normal
29.78000,-9.62360,-2.70000,1.82360,-0.90000,-0.20000,-0.20000,normal
29.80000,-9.66854,-2.70000,1.86854,-0.90000,-0.30000,-0.40808,normal
29.82000,-9.50211,-2.60000,1.60000,-0.90000,-0.30000,-0.42828,normal
29.84000,-9.54421,-2.60000,1.60000,-0.90000,-0.30000,-0.44848,normal
29.86000,-9.58632,-2.60000,1.60000,-0.90000,-0.30000,-0.46869,normal
29.88000,-9.62842,-2.60000,1.60000,-0.90000,-0.30000,-0.48889,normal
29.90000,-9.67053,-2.60000,1.60000,-0.80000,-0.30000,-0.59712,normal
29.92000,-9.70000,-2.08571,1.77143,-0.80000,-0.30000,-0.57788,normal
29.94000,-9.48810,-2.20000,1.58810,-0.80000,-0.30000,-0.55865,normal
29.96000,-9.46429,-2.20000,1.56429,-0.80000,-0.30000,-0.53942,normal
29.98000,-9.44048,-2.20000,1.54048,-0.80000,-0.30000,-0.52019,normal
30.00000,-9.41667,-2.20000,1.51667,-0.80000,-0.30000,-0.50096,normal
30.02000,-9.40000,-2.10000,1.45000,-1.30462,-0.29077,-0.29538,normal
30.04000,-8.70000,-1.60000,1.00000,-1.33538,-0.22923,-0.26462,normal
30.06000,-8.70000,-1.73514,1.02703,-1.36615,-0.16769,-0.23385,normal
30.08000,-8.70000,-1.87027,1.05405,-1.39692,-0.10615,-0.20308,normal
30.10000,-8.70000,-2.00541,1.08108,-0.38636,0.19318,0.20682,normal
30.12000,-9.80000,-3.10000,0.65000,-0.34091,0.17045,0.22955,normal
30.14000,-10.16344,-3.07957,0.62043,-0.29545,0.14773,0.25227,normal
30.16000,-10.33548,-3.05806,0.64194,-0.25000,0.12500,0.27500,normal
30.18000,-10.50753,-3.03656,0.66344,-0.20455,0.10227,0.29773,normal
30.20000,-10.67957,-3.01505,0.68495,-0.57843,-0.18922,0.18922,normal
30.22000,-8.95000,-2.60000,0.55000,-0.53922,-0.16961,0.16961,normal
30.24000,-8.51828,-2.60000,0.50000,-0.50000,-0.15000,0.15000,normal
30.26000,-8.43226,-2.60000,0.50000,-0.46078,-0.13039,0.13039,normal
30.28000,-8.34624,-2.60000,0.50000,-0.42157,-0.11078,0.11078,normal
30.30000,-8.26022,-2.60000,0.50000,-0.15000,0.05000,0.15000,normal
30.32000,-9.60000,-2.80000,0.60000,-0.41667,-0.01667,0.31667,normal
30.34000,-10.12258,-2.82043,0.43871,-0.44231,-0.04231,0.34231,normal
30.36000,-10.25161,-2.84194,0.37419,-0.46795,-0.06795,0.36795,normal
30.38000,-10.38065,-2.86344,0.30968,-0.49359,-0.09359,0.39359,normal
30.40000,-10.50968,-2.88495,0.24516,-0.60000,-0.09111,0.50000,normal
30.42000,-9.70000,-3.26667,0.10000,-0.60000,-0.06889,0.50000,normal
30.44000,-9.26444,-3.51778,0.10000,-0.60000,-0.04667,0.50000,normal
30.46000,-9.22000,-3.54000,0.10000,-0.60000,-0.02444,0.50000,normal
30.48000,-9.17556,-3.56222,0.10000,-0.60000,-0.00222,0.50000,normal
30.50000,-9.13111,-3.58444,0.10000,0.52553,0.38723,0.58723,normal
30.52000,-8.75000,-4.35000,0.45000,0.56809,0.36596,0.56596,normal
30.54000,-8.96129,-4.27957,0.50000,0.61064,0.34468,0.54468,normal
30.56000,-9.02581,-4.25806,0.50000,0.65319,0.32340,0.52340,normal
30.58000,-9.09032,-4.23656,0.50000,0.69574,0.30213,0.50213,normal
30.60000,-9.15484,-4.21505,0.50000,0.27255,0.00000,-0.00686,normal
30.62000,-9.95000,-3.00000,0.40000,0.19412,0.00000,-0.02647,normal
30.64000,-9.85914,-2.77957,0.42043,0.11569,0.00000,-0.04608,normal
30.66000,-9.81613,-2.75806,0.44194,0.03725,0.00000,-0.06569,normal
30.68000,-9.77312,-2.73656,0.46344,-0.04118,0.00000,-0.08529,normal
30.70000,-9.73011,-2.71505,0.48495,-0.50000,0.00000,-0.20000,normal
30.72000,-10.15000,-3.00000,0.50000,-0.58462,-0.10000,-0.20000,normal
30.74000,-9.90000,-3.28500,0.38500,-0.55897,-0.10000,-0.20000,normal
30.76000,-9.90000,-3.23500,0.33500,-0.53333,-0.10000,-0.20000,normal
30.78000,-9.90000,-3.18500,0.28500,-0.50769,-0.10000,-0.20000,normal
30.80000,-9.90000,-3.13500,0.23500,-0.40000,-0.10000,-0.29255,normal
30.82000,-9.64286,-2.65714,0.30000,-0.40000,-0.10000,-0.27128,normal
30.84000,-9.91648,-2.71648,0.33297,-0.40000,-0.10000,-0.25000,normal
30.86000,-9.93846,-2.73846,0.37692,-0.40000,-0.10000,-0.22872,normal
30.88000,-9.96044,-2.76044,0.42088,-0.40000,-0.10000,-0.20745,normal
30.90000,-9.98242,-2.78242,0.46484,-0.50357,-0.39643,-0.20714,normal
30.92000,-10.90000,-2.80000,0.10000,-0.52738,-0.37262,-0.25476,normal
30.94000,-9.22527,-2.11868,0.63736,-0.55119,-0.34881,-0.30238,normal
30.96000,-9.13736,-2.14066,0.68132,-0.57500,-0.32500,-0.35000,normal
30.98000,-9.04945,-2.16264,0.72527,-0.59881,-0.30119,-0.39762,normal
31.00000,-8.96154,-2.18462,0.76923,-3.88421,-0.22105,-1.01053,normal
31.02000,-9.45000,-2.80000,1.50000,-3.69123,-0.25614,-1.02807,normal
31.04000,-9.35957,-5.44149,0.24255,-3.49825,-0.29123,-1.04561,normal
31.06000,-9.31702,-5.59043,0.49787,-3.30526,-0.32632,-1.06316,normal
31.08000,-9.27447,-5.73936,0.75319,-3.11228,-0.36140,-1.08070,normal
31.10000,-9.23191,-5.88830,1.00851,-2.91930,-0.39649,-1.09825,normal
31.12000,-8.20000,-6.60000,0.00000,-0.09062,-0.38594,-0.80938,normal
31.14000,-8.25000,-7.40000,2.30000,-0.02813,-0.29219,-0.87187,normal
31.16000,-8.28219,-6.31781,2.17397,0.03437,-0.19844,-0.93437,normal
31.18000,-8.47397,-6.12603,2.14658,0.09687,-0.10469,-0.99687,normal
31.20000,-8.66575,-5.93425,2.11918,-0.48202,-0.60000,-2.10899,normal
31.22000,-8.70000,-8.40000,0.80000,-0.43708,-0.60000,-2.13146,normal
31.24000,-8.67872,-8.25106,0.97021,-0.39213,-0.60000,-2.15393,normal
31.26000,-8.65745,-8.10213,1.14043,-0.34719,-0.60000,-2.17640,normal
31.28000,-8.63617,-7.95319,1.31064,-0.30225,-0.60000,-2.19888,normal
31.30000,-8.61489,-7.80426,1.48085,-0.19149,-0.80851,-2.50000,normal
31.32000,-6.95000,-7.95000,1.35000,-0.17021,-0.82979,-2.50000,normal
31.34000,-6.73936,-8.24043,1.56170,-0.14894,-0.85106,-2.50000,normal
31.36000,-6.67553,-8.28298,1.73191,-0.12766,-0.87234,-2.50000,normal
31.38000,-6.61170,-8.32553,1.90213,-0.10638,-0.89362,-2.50000,normal
31.40000,-6.54787,-8.36809,2.07234,0.20000,-1.00000,-2.40000,normal
31.42000,-6.00000,-8.30000,2.40000,0.20000,-1.00000,-2.40000,normal
31.44000,-5.51613,-8.76452,2.24839,0.20000,-1.00000,-2.40000,normal
31.46000,-5.53763,-8.85054,2.31290,0.20000,-1.00000,-2.40000,normal
31.48000,-5.55914,-8.93656,2.37742,0.20000,-1.00000,-2.40000,normal
31.50000,-5.58065,-9.02258,2.44194,0.20000,-1.00000,-2.40000,normal
31.52000,-5.60000,-8.90000,3.00000,0.30625,-1.29375,-2.20625,normal
31.54000,-4.80000,-8.50000,3.30000,0.12833,-1.42833,-2.07167,normal
31.56000,-4.69333,-8.52667,3.24667,0.16167,-1.46167,-2.03833,normal
31.58000,-4.58667,-8.55333,3.19333,0.19500,-1.49500,-2.00500,normal
31.60000,-4.48000,-8.58000,3.14000,0.29121,-1.50000,-0.79560,normal
31.62000,-4.60000,-9.40000,3.40000,0.24725,-1.50000,-0.77363,normal
31.64000,-4.08261,-9.14130,4.08043,0.20330,-1.50000,-0.75165,normal
31.66000,-3.95217,-9.07609,4.05870,0.15934,-1.50000,-0.72967,normal
31.68000,-3.82174,-9.01087,4.03696,0.11538,-1.50000,-0.70769,normal
31.70000,-3.69130,-8.94565,4.01522,1.38681,-1.10000,-0.19341,normal
31.72000,-3.20000,-8.08750,2.78750,1.34286,-1.10000,-0.17143,normal
31.74000,-3.46889,-7.55333,3.89333,1.29890,-1.10000,-0.14945,normal
31.76000,-3.42444,-7.48667,4.02667,1.25495,-1.10000,-0.12747,normal
31.78000,-3.38000,-7.42000,4.16000,1.21099,-1.10000,-0.10549,normal
31.80000,-3.33556,-7.35333,4.29333,1.21553,-1.19223,0.20777,normal
31.82000,-2.50000,-8.00000,4.10000,1.25437,-1.17282,0.22718,normal
31.84000,-1.88667,-5.62000,4.98889,1.29320,-1.15340,0.24660,normal
31.86000,-1.62000,-6.02000,5.10000,1.33204,-1.13398,0.26602,normal
31.88000,-1.35333,-6.42000,5.21111,1.37087,-1.11456,0.28544,normal
31.90000,-1.08667,-6.82000,5.32222,1.54286,-1.10000,0.30000,normal
31.92000,-0.84286,-7.52857,5.40000,1.39559,-1.29118,0.20000,normal
31.94000,1.13750,-7.25250,4.53750,1.36618,-1.23235,0.20000,normal
31.96000,1.26250,-7.42750,4.66250,1.33676,-1.17353,0.20000,normal
31.98000,1.38750,-7.60250,4.78750,1.30735,-1.11471,0.20000,normal
32.00000,1.51250,-7.77750,4.91250,0.88256,-0.64651,1.45349,normal
32.02000,0.10000,-8.50000,5.30000,0.81279,-0.83256,1.26744,normal
32.04000,-3.60444,-8.46222,8.42667,0.74302,-1.01860,1.08140,normal
32.06000,-5.36000,-8.04000,8.96000,0.67326,-1.20465,0.89535,normal
32.08000,-7.11556,-7.61778,9.49333,0.60349,-1.39070,0.70930,normal
32.10000,-8.87111,-7.19556,10.02667,2.06023,-1.16023,0.63977,normal
32.12000,-3.40000,-7.40000,5.70000,1.94659,-1.04659,0.75341,normal
32.14000,-2.05957,-7.29362,6.48723,1.83295,-0.93295,0.86705,normal
32.16000,-0.71915,-7.18723,7.27447,1.71932,-0.81932,0.98068,normal
32.18000,0.62128,-7.08085,8.06170,1.60568,-0.70568,1.09432,normal
32.20000,1.96170,-6.97447,8.84894,0.01351,0.42162,1.72162,normal
32.22000,2.90000,-9.10000,10.30000,-0.13063,0.45766,1.75766,normal
32.24000,2.98163,-8.93673,10.15714,-0.27477,0.49369,1.79369,normal
32.26000,3.06327,-8.77347,10.01429,-0.41892,0.52973,1.82973,normal
32.28000,3.14490,-8.61020,9.87143,-0.56306,0.56577,1.86577,normal
32.30000,3.22653,-8.44694,9.72857,-0.73333,0.59444,1.89444,normal
32.32000,3.15455,-8.08182,9.21818,0.20000,0.30000,1.60000,normal
32.34000,-1.38462,-7.60769,6.80256,0.39355,-0.55323,1.76935,normal
32.36000,-1.30769,-6.14615,7.31538,0.07097,-0.71452,1.73710,normal
32.38000,-1.23077,-4.68462,7.82821,-0.25161,-0.87581,1.70484,normal
32.40000,-1.15385,-3.22308,8.34103,0.90000,-0.38636,1.69318,normal
32.42000,0.33333,-8.13333,6.56667,0.90000,-0.34091,1.67045,normal
32.44000,-0.91522,-7.24783,8.73696,0.90000,-0.29545,1.64773,normal
32.46000,-1.15435,-6.85652,8.88913,0.90000,-0.25000,1.62500,normal
32.48000,-1.39348,-6.46522,9.04130,0.90000,-0.20455,1.60227,normal
32.50000,-1.63261,-6.07391,9.19348,-0.07600,-0.48400,0.00000,normal
32.52000,1.25000,-7.60000,7.60000,-0.01600,-0.44400,0.00000,normal
32.54000,0.93441,-7.08925,7.66129,0.04400,-0.40400,0.00000,normal
32.56000,0.65484,-6.55161,7.72581,0.10400,-0.36400,0.00000,normal
32.58000,0.37527,-6.01398,7.79032,0.16400,-0.32400,0.00000,normal
32.60000,0.09570,-5.47634,7.85484,0.52000,-0.80000,-0.32000,normal
32.62000,0.15000,-6.15000,8.65000,0.88219,-1.01781,-0.50000,normal
32.64000,-0.24130,-6.06196,8.94130,0.85479,-1.04521,-0.50000,normal
32.66000,-0.28478,-6.12717,8.98478,0.82740,-1.07260,-0.50000,normal
32.68000,-0.32826,-6.19239,9.02826,0.80000,-1.10000,-0.50000,normal
32.70000,-0.37174,-6.25761,9.07174,0.76667,-1.20000,-0.66667,normal
32.72000,0.60000,-5.70000,9.00000,1.10000,-1.00000,-0.60000,normal
32.74000,0.74894,-5.70000,9.19149,1.10000,-1.00000,-0.60000,normal
32.76000,0.89787,-5.70000,9.38298,1.10000,-1.00000,-0.60000,normal
32.78000,1.04681,-5.70000,9.57447,1.10000,-1.00000,-0.60000,normal
32.80000,1.19574,-5.70000,9.76596,0.39043,0.00000,-0.30000,normal
32.82000,0.40000,-3.70000,8.30000,0.36915,0.00000,-0.30000,normal
32.84000,0.42128,-3.70000,8.47021,0.34787,0.00000,-0.30000,normal
32.86000,0.44255,-3.70000,8.64043,0.32660,0.00000,-0.30000,normal
32.88000,0.46383,-3.70000,8.81064,0.30532,0.00000,-0.30000,normal
32.90000,0.48511,-3.70000,8.98085,-0.30000,0.18491,0.19245,normal
32.92000,-1.20000,-3.55000,9.85000,-0.30000,0.14717,0.17358,normal
32.94000,-1.01573,-2.83258,8.13146,-0.30000,0.10943,0.15472,normal
32.96000,-0.90337,-2.74270,7.90674,-0.30000,0.07170,0.13585,normal
32.98000,-0.79101,-2.65281,7.68202,-0.30000,0.03396,0.11698,normal
33.00000,-0.67865,-2.56292,7.45730,-0.30000,-0.06667,0.03333,normal
33.02000,-0.34286,-3.18571,7.12857,-0.04091,-0.01364,-0.08636,normal
33.04000,0.62763,-2.51579,6.82763,0.37455,-0.55091,-0.32545,normal
33.06000,0.81184,-2.62105,7.01184,0.33818,-0.62364,-0.36182,normal
33.08000,0.99605,-2.72632,7.19605,0.30182,-0.69636,-0.39818,normal
33.10000,1.18026,-2.83158,7.38026,0.40476,-0.50476,-0.29524,normal
33.12000,0.80000,-4.40000,8.50000,0.42857,-0.52857,-0.27143,normal
33.14000,0.86452,-4.31398,8.69355,0.45238,-0.55238,-0.24762,normal
33.16000,0.92903,-4.22796,8.88710,0.47619,-0.57619,-0.22381,normal
33.18000,0.99355,-4.14194,9.08065,0.50000,-0.60000,-0.20000,normal
33.20000,1.05806,-4.05591,9.27419,-0.10000,-0.51099,0.00000,normal
33.22000,0.51053,-4.20421,10.29158,-0.10000,-0.53297,0.00000,normal
33.24000,0.61579,-4.24632,10.20737,-0.10000,-0.55495,0.00000,normal
33.26000,0.72105,-4.28842,10.12316,-0.10000,-0.57692,0.00000,normal
33.28000,0.82632,-4.33053,10.03895,-0.10000,-0.59890,0.00000,normal
33.30000,0.93158,-4.37263,9.95474,-0.22308,0.38846,0.50000,normal
33.32000,1.40000,-4.50000,11.10000,-0.26154,0.36923,0.50000,normal
33.34000,1.31398,-4.34946,10.86344,-0.30000,0.35000,0.50000,normal
33.36000,1.22796,-4.19892,10.62688,-0.33846,0.33077,0.50000,normal
33.38000,1.14194,-4.04839,10.39032,-0.37692,0.31154,0.50000,normal
33.40000,1.05591,-3.89785,10.15376,0.11818,0.31818,0.11818,normal
33.42000,2.18333,-3.60000,8.08333,0.16944,0.41528,0.18472,normal
33.44000,2.06386,-3.61205,8.51205,0.11389,0.44306,0.15694,normal
33.46000,1.99157,-3.63614,8.53614,0.05833,0.47083,0.12917,normal
33.48000,1.91928,-3.66024,8.56024,0.00278,0.49861,0.10139,normal
33.50000,1.84699,-3.68434,8.58434,0.10000,0.08022,-0.00989,normal
33.52000,1.00000,-3.30000,7.50000,0.10000,0.03626,-0.03187,normal
33.54000,1.04255,-3.27872,7.47872,0.10000,-0.00769,-0.05385,normal
33.56000,1.08511,-3.25745,7.45745,0.10000,-0.05165,-0.07582,normal
33.58000,1.12766,-3.23617,7.43617,0.10000,-0.09560,-0.09780,normal
33.60000,1.17021,-3.21489,7.41489,0.49457,-0.40543,-0.50000,normal
33.62000,2.25000,-3.85000,7.55000,0.47283,-0.42717,-0.50000,normal
33.64000,2.27979,-4.05957,8.08298,0.45109,-0.44891,-0.50000,normal
33.66000,2.25851,-4.01702,8.38085,0.42935,-0.47065,-0.50000,normal
33.68000,2.23723,-3.97447,8.67872,0.40761,-0.49239,-0.50000,normal
33.70000,2.21596,-3.93191,8.97660,0.68182,-1.00000,-0.80606,normal
33.72000,1.20000,-4.10000,12.50000,0.62121,-1.00000,-0.82626,normal
33.74000,2.40652,-4.08261,12.29348,0.56061,-1.00000,-0.84646,normal
33.76000,2.62391,-4.16957,12.07609,0.50000,-1.00000,-0.86667,normal
33.78000,2.84130,-4.25652,11.85870,0.43939,-1.00000,-0.88687,normal
33.80000,3.05870,-4.34348,11.64130,0.05455,-0.39091,-0.70000,normal
33.82000,4.73846,-3.14615,10.66923,0.18649,0.44054,-0.50000,normal
33.84000,4.46395,-3.75814,11.42674,0.15946,0.52162,-0.50000,normal
33.86000,4.16163,-3.66512,11.26395,0.13243,0.60270,-0.50000,normal
33.88000,3.85930,-3.57209,11.10116,0.10541,0.68378,-0.50000,normal
33.90000,3.55698,-3.47907,10.93837,0.10000,0.60698,-0.69302,normal
33.92000,1.70000,-2.00000,8.10000,0.10000,0.63023,-0.66977,normal
33.94000,2.58539,-1.88090,8.00000,0.10000,0.65349,-0.64651,normal
33.96000,2.45056,-1.85843,8.00000,0.10000,0.67674,-0.62326,normal
33.98000,2.31573,-1.83596,8.00000,0.10000,0.70000,-0.60000,normal
34.00000,2.18090,-1.81348,8.00000,0.08421,0.36842,-0.30000,normal
34.02000,0.70106,-1.10532,8.09574,0.06316,0.32632,-0.30000,normal
34.04000,0.72234,-1.21170,8.01064,0.04211,0.28421,-0.30000,normal
34.06000,0.74362,-1.31809,7.92553,0.02105,0.24211,-0.30000,normal
34.08000,0.76489,-1.42447,7.84043,0.00000,0.20000,-0.30000,normal
34.10000,0.78617,-1.53085,7.75532,0.01871,-0.40000,-0.30000,normal
34.12000,2.80000,-2.50000,6.80000,0.04748,-0.40000,-0.30000,normal
34.14000,2.78305,-2.43220,6.85085,0.07626,-0.40000,-0.30000,normal
34.16000,2.76610,-2.36441,6.90169,0.10504,-0.40000,-0.30000,normal
34.18000,2.74915,-2.29661,6.95254,0.13381,-0.40000,-0.30000,normal
34.20000,2.73220,-2.22881,7.00339,0.16259,-0.40000,-0.30000,normal
34.22000,2.71525,-2.16102,7.05424,0.19137,-0.40000,-0.30000,normal
34.24000,2.60000,-2.10000,8.10000,0.40000,-0.40000,-0.21538,normal
34.26000,2.40000,-2.25000,10.80000,0.15278,-0.32361,0.02361,normal
34.28000,2.31923,-2.11923,10.87692,0.09722,-0.35139,0.05139,normal
34.30000,2.34487,-2.14487,10.97949,0.04167,-0.37917,0.07917,normal
34.32000,2.37051,-2.17051,11.08205,-0.15000,-0.20000,0.30000,normal
34.34000,2.39615,-2.19615,11.18462,0.04510,0.35490,0.50000,normal
34.36000,3.55789,-3.06842,11.13158,-0.03333,0.43333,0.50000,normal
34.38000,3.41754,-2.96316,11.23684,-0.30000,0.48333,0.46667,normal
34.40000,3.27719,-2.85789,11.34211,-0.24000,0.38500,0.28500,normal
34.42000,2.42062,-3.05464,8.10825,-0.16000,0.36500,0.26500,normal
34.44000,2.52371,-2.82784,8.14948,-0.08000,0.34500,0.24500,normal
34.46000,2.62680,-2.60103,8.19072,0.00000,0.32500,0.22500,normal
34.48000,2.72990,-2.37423,8.23196,0.08000,0.30500,0.20500,normal
34.50000,2.83299,-2.14742,8.27320,0.40865,0.40000,-0.10000,normal
34.52000,2.30000,-1.60000,7.80000,0.42788,0.40000,-0.10000,normal
34.54000,2.12889,-1.50000,8.53556,0.44712,0.40000,-0.10000,normal
34.56000,2.04000,-1.50000,8.58000,0.46635,0.40000,-0.10000,normal
34.58000,1.95111,-1.50000,8.62444,0.48558,0.40000,-0.10000,normal
34.60000,1.86222,-1.50000,8.66889,0.37273,0.24545,-0.22727,normal
34.62000,1.70000,-1.20000,8.25000,0.42250,-0.31125,-0.50000,normal
34.64000,2.82625,-1.98250,7.27000,0.47250,-0.33625,-0.50000,normal
34.66000,2.90125,-1.93250,7.47000,0.52250,-0.36125,-0.50000,normal
34.68000,2.97625,-1.88250,7.67000,0.57250,-0.38625,-0.50000,normal
34.70000,3.05125,-1.83250,7.87000,0.39310,-0.60000,-0.30000,normal
34.72000,2.71818,-1.25455,9.59091,0.32414,-0.60000,-0.30000,normal
34.74000,2.86024,-1.04819,10.54819,0.25517,-0.60000,-0.30000,normal
34.76000,2.98072,-1.14458,10.64458,0.18621,-0.60000,-0.30000,normal
34.78000,3.10120,-1.24096,10.74096,0.11724,-0.60000,-0.30000,normal
34.80000,3.22169,-1.33735,10.83735,-0.10889,-0.27333,-0.19111,normal
34.82000,3.95714,-1.58571,10.54286,-0.13111,-0.20667,-0.16889,normal
34.84000,4.21818,-1.50909,10.91818,-0.15333,-0.14000,-0.14667,normal
34.86000,4.24091,-1.64545,10.94091,-0.17556,-0.07333,-0.12444,normal
34.88000,4.26364,-1.78182,10.96364,-0.19778,-0.00667,-0.10222,normal
34.90000,4.28636,-1.91818,10.98636,-1.07422,0.68281,-0.10859,normal
34.92000,1.40000,-2.50000,14.50000,-1.02734,0.65156,-0.12422,normal
34.94000,0.44457,-2.52717,10.75978,-0.98047,0.62031,-0.13984,normal
34.96000,0.59674,-2.76630,10.08587,-0.93359,0.58906,-0.15547,normal
34.98000,0.74891,-3.00543,9.41196,-0.88672,0.55781,-0.17109,normal
35.00000,0.90109,-3.24457,8.73804,-0.83984,0.52656,-0.18672,normal
35.02000,1.10769,-3.26538,8.00385,-0.63636,0.50000,-0.25455,normal
35.04000,1.70000,-2.40000,7.15000,0.28730,0.80317,-0.59683,normal
35.06000,1.82162,-0.17297,6.80000,0.16032,0.83492,-0.56508,normal
35.08000,1.92973,-0.03784,6.80000,0.03333,0.86667,-0.53333,normal
35.10000,2.03784,0.09730,6.80000,-0.09365,0.89841,-0.50159,normal
35.12000,2.14595,0.23243,6.80000,-0.41667,0.58333,-0.10000,normal
35.14000,0.70000,-0.30000,7.40000,-0.44231,0.55769,-0.10000,normal
35.16000,0.67260,-0.32740,7.42740,-0.46795,0.53205,-0.10000,normal
35.18000,0.64521,-0.35479,7.45479,-0.49359,0.50641,-0.10000,normal
35.20000,0.61781,-0.38219,7.48219,0.09318,0.10000,0.00000,normal
35.22000,0.55000,-1.90000,7.35000,0.07803,0.10000,0.00000,normal
35.24000,0.65826,-1.52783,9.11130,0.06288,0.10000,0.00000,normal
35.26000,0.60609,-1.56261,9.25043,0.04773,0.10000,0.00000,normal
35.28000,0.55391,-1.59739,9.38957,0.03258,0.10000,0.00000,normal
35.30000,0.50174,-1.63217,9.52870,0.01742,0.10000,0.00000,normal
35.32000,0.44957,-1.66696,9.66783,0.00227,0.10000,0.00000,normal
35.34000,0.40000,-2.60000,10.90000,-0.80000,0.01059,0.10000,normal
35.36000,1.83061,-1.79898,9.92347,-0.80000,0.03412,0.10000,normal
35.38000,1.87143,-2.06429,9.82143,-0.80000,0.05765,0.10000,normal
35.40000,1.91224,-2.32959,9.71939,-0.80000,0.08118,0.10000,normal
35.42000,1.95306,-2.59490,9.61735,-0.55000,0.20000,0.20000,normal
35.44000,1.99388,-2.86020,9.51531,-0.78276,0.47241,0.35517,normal
35.46000,1.25574,-3.68525,11.34426,-0.88621,0.43793,0.42414,normal
35.48000,1.15738,-3.65246,11.44262,-0.98966,0.40345,0.49310,normal
35.50000,1.05902,-3.61967,11.54098,-2.48936,0.91383,0.88617,normal
35.52000,0.78333,-2.11667,9.51667,-2.31915,0.93511,0.86489,normal
35.54000,0.35217,-2.69891,9.23804,-2.14894,0.95638,0.84362,normal
35.56000,0.09130,-3.32935,9.17283,-1.97872,0.97766,0.82234,normal
35.58000,-0.16957,-3.95978,9.10761,-1.80851,0.99894,0.80106,normal
35.60000,-0.43043,-4.59022,9.04239,1.16863,1.26078,0.89020,normal
35.62000,-4.60000,-3.00000,8.50000,1.30588,1.18235,0.87059,normal
35.64000,-4.51579,-3.08421,8.79474,1.44314,1.10392,0.85098,normal
35.66000,-4.43158,-3.16842,9.08947,1.58039,1.02549,0.83137,normal
35.68000,-4.34737,-3.25263,9.38421,1.71765,0.94706,0.81176,normal
35.70000,-4.26316,-3.33684,9.67895,-0.10471,0.50000,0.69765,normal
35.72000,-3.70000,-1.30000,7.40000,-0.19882,0.50000,0.65059,normal
35.74000,-2.30122,-0.80732,6.93415,-0.29294,0.50000,0.60353,normal
35.76000,-2.08171,-1.49024,6.78780,-0.38706,0.50000,0.55647,normal
35.78000,-1.86220,-2.17317,6.64146,-0.48118,0.50000,0.50941,normal
35.80000,-1.64268,-2.85610,6.49512,-0.18022,0.70989,0.39011,normal
35.82000,-2.20000,-2.70000,7.20000,-0.13626,0.73187,0.36813,normal
35.84000,-2.55111,-3.41889,6.88667,-0.09231,0.75385,0.34615,normal
35.86000,-2.72889,-3.44111,6.75333,-0.04835,0.77582,0.32418,normal
35.88000,-2.90667,-3.46333,6.62000,-0.00440,0.79780,0.30220,normal
35.90000,-3.08444,-3.48556,6.48667,-0.24673,0.40935,0.59065,normal
35.92000,-3.70000,-1.90000,9.10000,-0.34019,0.42804,0.57196,normal
35.94000,-3.81538,-2.22692,8.98462,-0.43364,0.44673,0.55327,normal
35.96000,-3.93077,-2.55385,8.86923,-0.52710,0.46542,0.53458,normal
35.98000,-4.04615,-2.88077,8.75385,-0.62056,0.48411,0.51589,normal
36.00000,-4.16154,-3.20769,8.63846,-0.40000,0.65000,0.60000,normal
36.02000,-4.27692,-3.53462,8.52308,-1.01667,-0.53333,0.40000,normal
36.04000,-3.20519,-3.78961,8.94286,-1.03750,-0.45000,0.40000,normal
36.06000,-3.23117,-3.73766,8.65714,-1.05833,-0.36667,0.40000,normal
36.08000,-3.25714,-3.68571,8.37143,-1.07917,-0.28333,0.40000,normal
36.10000,-3.28312,-3.63377,8.08571,-1.10000,-0.20000,0.40000,normal
36.12000,-3.70000,-3.90000,7.00000,-0.68485,0.00606,0.39697,normal
36.14000,-3.41600,-3.51867,6.41867,-0.53333,0.06667,0.36667,normal
36.16000,-3.57600,-3.70533,6.60533,-0.38182,0.12727,0.33636,normal
36.18000,-3.73600,-3.89200,6.79200,-0.23030,0.18788,0.30606,normal
36.20000,-3.89600,-4.07867,6.97867,0.28889,-0.43333,0.84444,normal
36.22000,-11.20000,-6.00000,4.18000,0.26667,-0.70000,0.73333,normal
36.24000,-9.21778,-0.98333,7.26778,0.24444,-0.96667,0.62222,normal
36.26000,-8.06222,-1.31667,7.11222,0.22222,-1.23333,0.51111,normal
36.28000,-6.90667,-1.65000,6.95667,0.20000,-1.50000,0.40000,normal
36.30000,-5.75111,-1.98333,6.80111,-0.39524,-0.38571,0.70952,normal
36.32000,-2.70851,-4.69894,8.69468,-0.37143,-0.31429,0.75714,normal
36.34000,-2.87872,-4.67766,8.58830,-0.34762,-0.24286,0.80476,normal
36.36000,-3.04894,-4.65638,8.48191,-0.32381,-0.17143,0.85238,normal
36.38000,-3.21915,-4.63511,8.37553,-0.30000,-0.10000,0.90000,normal
36.40000,-3.38936,-4.61383,8.26915,-0.30000,-0.30000,0.81143,normal
36.42000,-3.99892,-3.39785,8.40108,-0.30000,-0.30000,0.83048,normal
36.44000,-3.97742,-3.35484,8.42258,-0.30000,-0.30000,0.84952,normal
36.46000,-3.95591,-3.31183,8.44409,-0.30000,-0.30000,0.86857,normal
36.48000,-3.93441,-3.26882,8.46559,-0.30000,-0.30000,0.88762,normal
36.50000,-3.91290,-3.22581,8.48710,-0.40000,-0.10000,1.00000,normal
36.52000,-4.72727,-3.18182,7.94545,-0.40000,-0.21558,1.10000,normal
36.54000,-5.00976,-3.20000,7.50000,-0.40000,-0.24156,1.10000,normal
36.56000,-5.03415,-3.20000,7.50000,-0.40000,-0.26753,1.10000,normal
36.58000,-5.05854,-3.20000,7.50000,-0.40000,-0.29351,1.10000,normal
36.60000,-5.08293,-3.20000,7.50000,-0.20000,-0.40000,1.40562,normal
36.62000,-5.15000,-3.50000,7.55000,-0.20000,-0.40000,1.42809,normal
36.64000,-5.20000,-3.38202,7.61798,-0.20000,-0.40000,1.45056,normal
36.66000,-5.20000,-3.35955,7.64045,-0.20000,-0.40000,1.47303,normal
36.68000,-5.20000,-3.33708,7.66292,-0.20000,-0.40000,1.49551,normal
36.70000,-5.20000,-3.31461,7.68539,-0.40976,-0.79756,1.70244,normal
36.72000,-5.50000,-3.30000,7.40000,-0.50732,-0.77317,1.72683,normal
36.74000,-5.14333,-2.32444,7.77556,-0.60488,-0.74878,1.75122,normal
36.76000,-5.07667,-2.23556,7.86444,-0.70244,-0.72439,1.77561,normal
36.78000,-5.01000,-2.14667,7.95333,-0.80000,-0.70000,1.80000,normal
36.80000,-4.94333,-2.05778,8.04222,-1.00882,-0.59118,1.60000,normal
36.82000,-5.09684,-2.99789,7.71579,-1.02843,-0.57157,1.60000,normal
36.84000,-5.03368,-2.95579,8.03158,-1.04804,-0.55196,1.60000,normal
36.86000,-4.97053,-2.91368,8.34737,-1.06765,-0.53235,1.60000,normal
36.88000,-4.90737,-2.87158,8.66316,-1.08725,-0.51275,1.60000,normal
36.90000,-4.84421,-2.82947,8.97895,-1.35000,-0.65000,1.50000,normal
36.92000,-5.40000,-2.25000,8.92500,-1.70870,-0.79565,1.30000,normal
36.94000,-4.59012,-2.12963,8.10000,-1.76667,-0.76667,1.30000,normal
36.96000,-4.56543,-2.20370,8.10000,-1.82464,-0.73768,1.30000,normal
36.98000,-4.54074,-2.27778,8.10000,-1.88261,-0.70870,1.30000,normal
37.00000,-4.51605,-2.35185,8.10000,-2.42258,-0.40753,0.58495,normal
37.02000,-4.40000,-3.10000,9.17500,-2.48710,-0.42903,0.54194,normal
37.04000,-4.68391,-3.10000,8.71954,-2.55161,-0.45054,0.49892,normal
37.06000,-4.66092,-3.10000,8.60460,-2.61613,-0.47204,0.45591,normal
37.08000,-4.63793,-3.10000,8.48966,-2.68065,-0.49355,0.41290,normal
37.10000,-4.61494,-3.10000,8.37471,-1.90000,-0.69231,0.19231,normal
37.12000,-3.63750,-4.16250,8.27500,-1.90000,-0.67033,0.17033,normal
37.14000,-3.18295,-4.18523,8.38295,-1.90000,-0.64835,0.14835,normal
37.16000,-3.16023,-4.29886,8.36023,-1.90000,-0.62637,0.12637,normal
37.18000,-3.13750,-4.41250,8.33750,-1.90000,-0.60440,0.10440,normal
37.20000,-3.11477,-4.52614,8.31477,-0.88269,-0.70000,-0.00577,normal
37.22000,-3.70000,-5.80000,7.80000,-0.82500,-0.70000,-0.02500,normal
37.24000,-4.21771,-6.63542,7.18229,-0.76731,-0.70000,-0.04423,normal
37.26000,-4.23854,-6.67708,7.16146,-0.70962,-0.70000,-0.06346,normal
37.28000,-4.25938,-6.71875,7.14062,-0.65192,-0.70000,-0.08269,normal
37.30000,-4.28021,-6.76042,7.11979,-0.54545,-0.71818,-0.10000,normal
37.32000,-4.30000,-6.78182,7.07273,-0.20000,-0.80000,-0.20000,normal
37.34000,-4.07895,-5.99474,6.90526,-0.13065,-1.03065,-0.30000,normal
37.36000,-3.97368,-5.96842,6.93158,-0.16290,-1.06290,-0.30000,normal
37.38000,-3.86842,-5.94211,6.95789,-0.19516,-1.09516,-0.30000,normal
37.40000,-3.76316,-5.91579,6.98421,-1.03034,-1.00000,-0.11011,normal
37.42000,-2.25000,-5.25000,7.05000,-1.09775,-1.00000,-0.13258,normal
37.44000,-2.02000,-5.64000,6.54000,-1.16517,-1.00000,-0.15506,normal
37.46000,-1.93111,-5.90667,6.58444,-1.23258,-1.00000,-0.17753,normal
37.48000,-1.84222,-6.17333,6.62889,-1.30000,-1.00000,-0.20000,normal
37.50000,-1.75333,-6.44000,6.67333,-1.06182,-1.00000,-0.20000,normal
37.52000,-0.79579,-8.00105,6.20105,-1.00727,-1.00000,-0.20000,normal
37.54000,-0.71158,-8.02211,6.22211,-0.95273,-1.00000,-0.20000,normal
37.56000,-0.62737,-8.04316,6.24316,-0.89818,-1.00000,-0.20000,normal
37.58000,-0.54316,-8.06421,6.26421,-0.84364,-1.00000,-0.20000,normal
37.60000,-0.45895,-8.08526,6.28526,0.90000,-0.90000,0.00000,normal
37.62000,0.22857,-9.18571,5.70000,3.84286,-0.61169,0.34416,normal
37.64000,1.11628,-8.40000,6.10000,4.12857,-0.50779,0.39610,normal
37.66000,1.13953,-8.40000,6.10000,4.41429,-0.40390,0.44805,normal
37.68000,1.16279,-8.40000,6.10000,4.70000,-0.30000,0.50000,normal
37.70000,1.18605,-8.40000,6.10000,6.08966,0.50000,0.09885,normal
37.72000,-1.20619,-2.28144,8.60515,5.88276,0.50000,0.07586,normal
37.74000,-1.32990,-1.91031,8.70825,5.67586,0.50000,0.05287,normal
37.76000,-1.45361,-1.53918,8.81134,5.46897,0.50000,0.02989,normal
37.78000,-1.57732,-1.16804,8.91443,5.26207,0.50000,0.00690,normal
37.80000,-1.70103,-0.79691,9.01753,2.06782,-0.11609,-0.60805,normal
37.82000,-2.90000,-0.45000,9.75000,1.97586,-0.16207,-0.63103,normal
37.84000,-2.48132,0.01868,9.48022,1.88391,-0.20805,-0.65402,normal
37.86000,-2.34945,0.15055,9.45824,1.79195,-0.25402,-0.67701,normal
37.88000,-2.21758,0.28242,9.43626,1.70000,-0.30000,-0.70000,normal
37.90000,-2.08571,0.41429,9.41429,0.59381,-0.39381,-0.39381,normal
37.92000,-1.40000,1.10000,9.50000,0.57320,-0.37320,-0.37320,normal
37.94000,-1.46522,1.23043,9.47826,0.55258,-0.35258,-0.35258,normal
37.96000,-1.53043,1.36087,9.45652,0.53196,-0.33196,-0.33196,normal
37.98000,-1.59565,1.49130,9.43478,0.51134,-0.31134,-0.31134,normal
38.00000,-1.66087,1.62174,9.41304,0.10000,-0.40000,0.00000,normal
38.02000,-0.98462,1.73077,9.22308,0.02208,-0.50000,0.13377,normal
38.04000,-1.45366,1.45122,9.30000,0.04805,-0.50000,0.05584,normal
38.06000,-1.16098,1.35366,9.30000,0.07403,-0.50000,-0.02208,normal
38.08000,-0.86829,1.25610,9.30000,0.10000,-0.50000,-0.10000,normal
38.10000,-0.57561,1.15854,9.30000,0.25250,-0.35750,0.14250,normal
38.12000,-0.19576,1.70085,9.50000,0.20250,-0.20750,0.29250,normal
38.14000,-0.11102,1.71780,9.50000,0.20000,-0.21829,0.08171,normal
38.16000,-0.02627,1.73475,9.50000,0.20000,-0.24268,0.05732,normal
38.18000,0.05847,1.75169,9.50000,0.20000,-0.26707,0.03293,normal
38.20000,0.14322,1.76864,9.50000,0.20000,-0.29146,0.00854,normal
38.22000,0.22797,1.78559,9.50000,0.00000,-0.10000,0.08971,normal
38.24000,0.60000,1.90000,9.20000,0.00000,-0.10000,0.06029,normal
38.26000,0.24857,2.07714,9.12571,0.00000,-0.10000,0.03088,normal
38.28000,0.19143,2.16286,9.15429,0.00000,-0.10000,0.00147,normal
38.30000,0.13429,2.24857,9.18286,0.21089,0.00000,-0.20000,normal
38.32000,-0.20000,2.20000,9.90000,0.23069,0.00000,-0.20000,normal
38.34000,-0.24348,2.20000,9.92174,0.25050,0.00000,-0.20000,normal
38.36000,-0.28696,2.20000,9.94348,0.27030,0.00000,-0.20000,normal
38.38000,-0.33043,2.20000,9.96522,0.29010,0.00000,-0.20000,normal
38.40000,-0.37391,2.20000,9.98696,0.12857,-0.18571,-0.47143,normal
38.42000,-0.70000,3.02500,11.70000,-0.19000,-0.41000,-0.68000,normal
38.44000,-0.62048,3.32048,12.24699,-0.16143,-0.43857,-0.62286,normal
38.46000,-0.47590,3.17590,12.15060,-0.13286,-0.46714,-0.56571,normal
38.48000,-0.33133,3.03133,12.05422,-0.10429,-0.49571,-0.50857,normal
38.50000,-0.18675,2.88675,11.95783,1.23043,-0.90000,-0.99239,normal
38.52000,-0.42000,2.98000,10.24000,1.31739,-0.90000,-0.97065,normal
38.54000,-0.08710,2.99677,9.64516,1.40435,-0.90000,-0.94891,normal
38.56000,0.14946,3.10430,9.47312,1.49130,-0.90000,-0.92717,normal
38.58000,0.38602,3.21183,9.30108,1.57826,-0.90000,-0.90543,normal
38.60000,0.62258,3.31935,9.12903,1.98824,0.09412,-0.80000,normal
38.62000,2.20000,3.60000,8.30000,1.94118,0.07059,-0.80000,normal
38.64000,0.97273,3.22727,7.00000,1.89412,0.04706,-0.80000,normal
38.66000,0.81364,3.38636,7.00000,1.84706,0.02353,-0.80000,normal
38.68000,0.65455,3.54545,7.00000,1.80000,0.00000,-0.80000,normal
38.70000,0.49545,3.70455,7.00000,0.87522,0.20000,-0.48761,normal
38.72000,0.30106,4.50638,6.30638,0.83982,0.20000,-0.46991,normal
38.74000,0.32234,4.63404,6.43404,0.80442,0.20000,-0.45221,normal
38.76000,0.34362,4.76170,6.56170,0.76903,0.20000,-0.43451,normal
38.78000,0.36489,4.88936,6.68936,0.73363,0.20000,-0.41681,normal
38.80000,0.38617,5.01702,6.81702,0.50000,0.20000,-0.30000,normal
38.82000,-0.28421,5.18421,7.76316,0.00000,0.10000,0.10000,normal
38.84000,-0.89459,5.48649,7.99459,0.00000,0.10000,0.10000,normal
38.86000,-0.84054,5.35135,7.94054,0.00000,0.10000,0.10000,normal
38.88000,-0.78649,5.21622,7.88649,0.00000,0.10000,0.10000,normal
38.90000,-0.73243,5.08108,7.83243,0.09583,0.00000,0.09792,normal
38.92000,0.00000,5.50000,8.00000,0.05417,0.00000,0.07708,normal
38.94000,-0.28105,6.01895,8.08105,0.01250,0.00000,0.05625,normal
38.96000,-0.26000,6.04000,8.06000,-0.02917,0.00000,0.03542,normal
38.98000,-0.23895,6.06105,8.03895,-0.07083,0.00000,0.01458,normal
39.00000,-0.21789,6.08211,8.01789,0.06000,0.00000,0.00000,normal
39.02000,-0.01818,5.80000,7.69091,9.60000,-3.80000,1.90000,normal
