timestamp,accel_x,accel_y,accel_z,gyro_x,gyro_y,gyro_z,label
0.00000,-4.70000,-7.60000,3.20000,-0.00000,0.00000,0.00000,normal
0.02000,-4.26593,-7.98901,2.73297,-0.10000,0.00000,0.00000,normal
0.04000,-4.39780,-7.96703,2.79890,-0.10000,0.00000,0.00000,normal
0.06000,-4.52967,-7.94505,2.86484,-0.10000,0.00000,0.00000,normal
0.08000,-4.66154,-7.92308,2.93077,-0.10000,0.00000,0.00000,normal
0.10000,-4.79341,-7.90110,2.99670,-0.10000,0.00000,0.00000,normal
0.12000,-4.42105,-8.26842,2.90000,-0.10000,0.00000,-0.08617,normal
0.14000,-4.46316,-8.20526,2.90000,-0.10000,0.00000,-0.06489,normal
0.16000,-4.50526,-8.14211,2.90000,-0.10000,0.00000,-0.04362,normal
0.18000,-4.54737,-8.07895,2.90000,-0.10000,0.00000,-0.02234,normal
0.20000,-4.58947,-8.01579,2.90000,-0.10000,0.00000,-0.00106,normal
0.22000,-4.14369,-8.28252,2.90000,0.01017,0.10000,0.00000,normal
0.24000,-4.24078,-8.24369,2.90000,0.02712,0.10000,0.00000,normal
0.26000,-4.33786,-8.20485,2.90000,0.04407,0.10000,0.00000,normal
0.28000,-4.43495,-8.16602,2.90000,0.06102,0.10000,0.00000,normal
0.30000,-4.53204,-8.12718,2.90000,0.07797,0.10000,0.00000,normal
0.32000,-4.56000,-8.08000,2.82000,0.09492,0.10000,0.00000,normal
0.34000,-3.93896,-8.28052,2.71299,-0.09091,0.00909,0.00000,normal
0.36000,-4.09481,-8.20260,2.76494,0.01754,0.10000,0.00000,normal
0.38000,-4.25065,-8.12468,2.81688,0.05263,0.10000,0.00000,normal
0.40000,-4.40649,-8.04675,2.86883,0.08772,0.10000,0.00000,normal
0.42000,-4.18916,-8.40000,2.80000,-0.08824,0.00588,0.00000,normal
0.44000,-4.11687,-8.40000,2.80000,-0.04118,0.02941,0.00000,normal
0.46000,-4.04458,-8.40000,2.80000,0.00588,0.05294,0.00000,normal
0.48000,-3.97229,-8.40000,2.80000,0.05294,0.07647,0.00000,normal
0.50000,-3.90000,-8.40000,2.80000,0.10000,0.10000,0.00000,normal
0.52000,-4.40000,-8.45556,2.81111,0.10000,0.10000,0.10000,normal
0.54000,-4.40000,-8.36667,2.83333,0.10000,0.10000,0.10000,normal
0.56000,-4.40000,-8.27778,2.85556,0.10000,0.10000,0.10000,normal
0.58000,-4.40000,-8.18889,2.87778,0.10000,0.10000,0.10000,normal
0.60000,-4.40000,-8.10000,2.90000,0.00000,0.00000,0.10000,normal
0.62000,-4.64409,-8.11398,2.98602,0.00000,-0.10000,-0.08673,normal
0.64000,-4.55806,-8.13548,2.96452,0.00000,-0.10000,-0.06633,normal
0.66000,-4.47204,-8.15699,2.94301,0.00000,-0.10000,-0.04592,normal
0.68000,-4.38602,-8.17849,2.92151,0.00000,-0.10000,-0.02551,normal
0.70000,-4.30000,-8.20000,2.90000,0.00000,-0.10000,-0.00510,normal
0.72000,-4.59432,-7.62841,2.88864,0.09167,0.00000,-0.10000,normal
0.74000,-4.57159,-7.74205,2.84318,-0.11324,-0.10000,0.00000,normal
0.76000,-4.54886,-7.85568,2.79773,-0.14265,-0.10000,0.00000,normal
0.78000,-4.52614,-7.96932,2.75227,-0.17206,-0.10000,0.00000,normal
0.80000,-4.50341,-8.08295,2.70682,-0.15000,-0.05000,0.00000,normal
0.82000,-4.76374,-7.83626,2.98791,-0.01264,0.00000,0.00000,normal
0.84000,-4.69780,-7.90220,2.96593,-0.03563,0.00000,0.00000,normal
0.86000,-4.63187,-7.96813,2.94396,-0.05862,0.00000,0.00000,normal
0.88000,-4.56593,-8.03407,2.92198,-0.08161,0.00000,0.00000,normal
0.90000,-4.50000,-8.10000,2.90000,-0.06667,0.00000,0.00000,normal
0.92000,-4.57204,-8.11398,2.90000,-0.10000,-0.01354,0.00000,normal
0.94000,-4.52903,-8.13548,2.90000,-0.10000,-0.03438,0.00000,normal
0.96000,-4.48602,-8.15699,2.90000,-0.10000,-0.05521,0.00000,normal
0.98000,-4.44301,-8.17849,2.90000,-0.10000,-0.07604,0.00000,normal
1.00000,-4.40000,-8.20000,2.90000,-0.10000,-0.09688,0.00000,normal
1.02000,-4.50000,-8.09195,2.80000,-0.10000,-0.10000,0.00000,normal
1.04000,-4.50000,-8.06897,2.80000,-0.10000,-0.10000,0.00000,normal
1.06000,-4.50000,-8.04598,2.80000,-0.10000,-0.10000,0.00000,normal
1.08000,-4.50000,-8.02299,2.80000,-0.10000,-0.10000,0.00000,normal
1.10000,-4.50000,-8.00000,2.80000,-0.10000,-0.10000,0.00000,normal
1.12000,-4.69877,-8.10123,2.80000,0.00000,0.00000,0.10000,normal
1.14000,-4.67407,-8.12593,2.80000,0.00000,0.00000,0.00000,normal
1.16000,-4.64938,-8.15062,2.80000,0.00000,0.00000,0.00000,normal
1.18000,-4.62469,-8.17531,2.80000,0.00000,0.00000,0.00000,normal
1.20000,-4.60000,-8.20000,2.80000,0.00000,0.00000,0.00000,normal
1.22000,-4.51053,-8.44211,2.67895,0.22366,0.20000,0.18817,normal
1.24000,-4.53158,-8.52632,2.63684,0.26667,0.20000,0.16667,normal
1.26000,-4.55263,-8.61053,2.59474,0.30968,0.20000,0.14516,normal
1.28000,-4.57368,-8.69474,2.55263,0.35269,0.20000,0.12366,normal
1.30000,-4.59474,-8.77895,2.51053,0.39570,0.20000,0.10215,normal
1.32000,-4.43529,-8.36471,2.91176,0.01622,0.00000,0.00000,normal
1.34000,-4.52353,-8.27647,2.94118,0.04324,0.00000,0.00000,normal
1.36000,-4.61176,-8.18824,2.97059,0.07027,0.00000,0.00000,normal
1.38000,-4.70000,-8.10000,3.00000,0.09730,0.00000,0.00000,normal
1.40000,-4.60000,-7.90000,2.90000,0.00000,0.00000,0.00000,normal
1.42000,-4.60000,-7.90000,2.90000,0.00000,0.00000,0.00000,normal
1.44000,-4.60000,-7.90000,2.90000,0.00000,0.00000,0.00000,normal
1.46000,-4.60000,-7.90000,2.90000,0.00000,0.00000,0.00000,normal
1.48000,-4.60000,-7.90000,2.90000,0.00000,0.00000,0.00000,normal
1.50000,-4.70000,-7.90000,2.90000,0.00000,0.00000,0.00000,normal
1.52000,-4.69101,-7.90000,2.80899,0.00000,0.00000,0.00000,normal
1.54000,-4.66854,-7.90000,2.83146,0.00000,0.00000,0.00000,normal
1.56000,-4.64607,-7.90000,2.85393,0.00000,0.00000,0.00000,normal
1.58000,-4.62360,-7.90000,2.87640,0.00000,0.00000,0.00000,normal
1.60000,-4.60112,-7.90000,2.89888,0.00000,0.00000,0.00000,normal
1.62000,-4.49195,-7.80805,2.80000,0.00000,0.00000,0.00000,normal
1.64000,-4.46897,-7.83103,2.80000,0.00000,0.00000,0.00000,normal
1.66000,-4.44598,-7.85402,2.80000,0.00000,0.00000,0.00000,normal
1.68000,-4.42299,-7.87701,2.80000,0.00000,0.00000,0.00000,normal
1.70000,-4.40000,-7.90000,2.80000,0.00000,0.00000,0.00000,normal
1.72000,-4.08889,-7.68889,2.38889,-0.10000,0.11398,0.00000,normal
1.74000,-4.06667,-7.66667,2.36667,-0.10000,0.13548,0.00000,normal
1.76000,-4.04444,-7.64444,2.34444,-0.10000,0.15699,0.00000,normal
1.78000,-4.02222,-7.62222,2.32222,-0.10000,0.17849,0.00000,normal
1.80000,-4.00000,-7.60000,2.30000,-0.10000,0.20000,0.00000,normal
1.82000,-4.25957,-7.84468,2.11489,-0.10000,0.40000,0.10000,normal
1.84000,-4.34468,-7.90851,2.13617,-0.10000,0.40000,0.10000,normal
1.86000,-4.42979,-7.97234,2.15745,-0.10000,0.40000,0.10000,normal
1.88000,-4.51489,-8.03617,2.17872,-0.10000,0.40000,0.10000,normal
1.90000,-4.60000,-8.10000,2.20000,-0.10000,0.40000,0.10000,normal
1.92000,-4.58837,-8.39419,2.20000,-0.10000,0.50000,0.20000,normal
1.94000,-4.54186,-8.37093,2.20000,-0.06250,0.61875,0.18125,normal
1.96000,-4.49535,-8.34767,2.20000,-0.01250,0.64375,0.15625,normal
1.98000,-4.44884,-8.32442,2.20000,0.03750,0.66875,0.13125,normal
2.00000,-4.40233,-8.30116,2.20000,0.08750,0.69375,0.10625,normal
2.02000,-5.85914,-8.71183,2.10000,0.30000,0.80000,0.20000,normal
2.04000,-5.96667,-8.73333,2.10000,0.30000,0.80000,0.20000,normal
2.06000,-6.07419,-8.75484,2.10000,0.30000,0.80000,0.20000,normal
2.08000,-6.18172,-8.77634,2.10000,0.30000,0.80000,0.20000,normal
2.10000,-6.28925,-8.79785,2.10000,0.30000,0.80000,0.20000,normal
2.12000,-6.18182,-8.38182,2.53636,0.30000,0.58762,-0.01238,normal
2.14000,-6.13636,-8.33636,2.62727,0.30000,0.56857,-0.03143,normal
2.16000,-6.09091,-8.29091,2.71818,0.30000,0.54952,-0.05048,normal
2.18000,-6.04545,-8.24545,2.80909,0.30000,0.53048,-0.06952,normal
2.20000,-6.00000,-8.20000,2.90000,0.30000,0.51143,-0.08857,normal
2.22000,-7.16333,-10.12667,2.91222,0.20000,-0.10000,-0.80000,normal
2.24000,-7.09667,-9.99333,2.93444,0.20000,-0.15405,-0.82703,normal
2.26000,-7.03000,-9.86000,2.95667,0.20000,-0.20811,-0.85405,normal
2.28000,-6.96333,-9.72667,2.97889,0.20000,-0.26216,-0.88108,normal
2.30000,-6.60000,-9.25000,3.05000,0.30000,-0.60097,-1.20000,normal
2.32000,-5.45248,-7.73663,2.58416,0.30000,-0.62039,-1.20000,normal
2.34000,-5.39307,-7.65743,2.56436,0.30000,-0.63981,-1.20000,normal
2.36000,-5.33366,-7.57822,2.54455,0.30000,-0.65922,-1.20000,normal
2.38000,-5.27426,-7.49901,2.52475,0.30000,-0.67864,-1.20000,normal
2.40000,-5.21485,-7.41980,2.50495,0.30000,-0.69806,-1.20000,normal
2.42000,-3.84545,-7.80909,2.00000,0.12609,-0.80000,-1.02609,normal
2.44000,-3.70909,-7.83182,2.00000,-0.10000,-0.68382,-0.78382,normal
2.46000,-3.57273,-7.85455,2.00000,-0.10000,-0.65441,-0.75441,normal
2.48000,-3.43636,-7.87727,2.00000,-0.10000,-0.62500,-0.72500,normal
2.50000,-3.30000,-7.90000,2.00000,0.10000,-0.40000,-0.60000,normal
2.52000,-2.22796,-8.64194,2.52796,0.18396,-0.20000,-0.50000,normal
2.54000,-2.27097,-8.70645,2.57097,0.16509,-0.20000,-0.50000,normal
2.56000,-2.31398,-8.77097,2.61398,0.14623,-0.20000,-0.50000,normal
2.58000,-2.35699,-8.83548,2.65699,0.12736,-0.20000,-0.50000,normal
2.60000,-2.40000,-8.90000,2.70000,0.10849,-0.20000,-0.50000,normal
2.62000,-1.95000,-9.54000,2.41000,-0.50000,-0.30000,-0.90581,normal
2.64000,-1.83889,-9.40667,2.43222,-0.50000,-0.30000,-0.92907,normal
2.66000,-1.72778,-9.27333,2.45444,-0.50000,-0.30000,-0.95233,normal
2.68000,-1.61667,-9.14000,2.47667,-0.50000,-0.30000,-0.97558,normal
2.70000,-1.50556,-9.00667,2.49889,-0.50000,-0.30000,-0.99884,normal
2.72000,-0.76966,-7.77978,2.47978,-0.60000,-0.30000,-0.77778,normal
2.74000,-0.70225,-7.73483,2.43483,-0.60000,-0.30000,-0.73333,normal
2.76000,-0.63483,-7.68989,2.38989,-0.60000,-0.30000,-0.68889,normal
2.78000,-0.56742,-7.64494,2.34494,-0.60000,-0.30000,-0.64444,normal
2.80000,-0.50000,-7.60000,2.30000,-0.60000,-0.30000,-0.60000,normal
2.82000,0.68876,-7.10000,1.58876,0.10000,0.01279,0.13837,normal
2.84000,0.66629,-7.10000,1.56629,0.10000,0.03605,0.20814,normal
2.86000,0.64382,-7.10000,1.54382,0.10000,0.05930,0.27791,normal
2.88000,0.62135,-7.10000,1.52135,0.10000,0.08256,0.34767,normal
2.90000,0.45000,-7.40000,1.45000,0.10000,0.18333,0.65000,normal
2.92000,-0.78495,-9.49462,1.17527,0.22667,0.50000,0.90000,normal
2.94000,-0.76344,-9.34409,1.28280,0.26476,0.50000,0.90000,normal
2.96000,-0.74194,-9.19355,1.39032,0.30286,0.50000,0.90000,normal
2.98000,-0.72043,-9.04301,1.49785,0.34095,0.50000,0.90000,normal
3.00000,-0.67778,-8.83333,1.61111,0.37905,0.50000,0.90000,normal
3.02000,-2.20000,-9.86000,1.86000,0.04000,0.70000,1.24000,normal
3.04000,-2.53846,-10.10000,1.82308,0.14000,0.70000,1.32000,normal
3.06000,-2.69231,-10.10000,1.84872,0.19714,0.70000,1.34857,normal
3.08000,-2.84615,-10.10000,1.87436,0.25429,0.70000,1.37714,normal
3.10000,-3.00000,-10.10000,1.90000,0.38000,0.70000,1.48000,normal
3.12000,-3.49032,-8.47527,2.30000,0.00000,0.51209,1.60000,normal
3.14000,-3.61935,-8.58280,2.30000,0.00000,0.53407,1.60000,normal
3.16000,-3.74839,-8.69032,2.30000,0.00000,0.55604,1.60000,normal
3.18000,-3.87742,-8.79785,2.30000,0.00000,0.57802,1.60000,normal
3.20000,-4.40000,-8.80000,2.20000,0.00000,0.60000,1.60000,normal
3.22000,-6.00000,-6.96067,2.30000,0.18837,0.38837,1.60000,normal
3.24000,-6.00000,-7.09551,2.30000,0.16512,0.36512,1.60000,normal
3.26000,-6.00000,-7.23034,2.30000,0.14186,0.34186,1.60000,normal
3.28000,-6.00000,-7.36517,2.30000,0.11860,0.31860,1.60000,normal
3.30000,-6.00000,-7.50000,2.30000,0.35000,0.15000,1.45000,normal
3.32000,-8.17021,-6.58511,2.30000,0.27119,-0.01441,1.27119,normal
3.34000,-8.12766,-6.56383,2.30000,0.23729,-0.03136,1.23729,normal
3.36000,-8.08511,-6.54255,2.30000,0.20339,-0.04831,1.20339,normal
3.38000,-8.04255,-6.52128,2.30000,0.16949,-0.06525,1.16949,normal
3.40000,-8.00000,-6.50000,2.30000,0.13559,-0.08220,1.13559,normal
3.42000,-7.33600,-6.86400,2.46400,0.10169,-0.09915,1.10169,normal
3.44000,-7.28800,-6.78800,2.48800,-0.25000,-0.10000,0.65000,normal
3.46000,-7.26133,-6.76133,2.46133,-0.17077,-0.07077,0.60000,normal
3.48000,-7.23467,-6.73467,2.43467,-0.14000,-0.04000,0.60000,normal
3.50000,-7.20800,-6.70800,2.40800,-0.10923,-0.00923,0.60000,normal
3.52000,-7.40482,-6.59518,2.19518,0.00000,-0.10000,0.49405,normal
3.54000,-7.42892,-6.57108,2.17108,0.00000,-0.10000,0.47024,normal
3.56000,-7.45301,-6.54699,2.14699,0.00000,-0.10000,0.44643,normal
3.58000,-7.47711,-6.52289,2.12289,0.00000,-0.10000,0.42262,normal
3.60000,-7.45000,-6.40000,2.15000,0.00000,-0.05000,0.35000,normal
3.62000,-7.71222,-5.86333,2.11222,0.10000,0.08706,0.20000,normal
3.64000,-7.73444,-5.79667,2.13444,0.10000,0.06353,0.20000,normal
3.66000,-7.75667,-5.73000,2.15667,0.10000,0.04000,0.20000,normal
3.68000,-7.77889,-5.66333,2.17889,0.10000,0.01647,0.20000,normal
3.70000,-7.95000,-5.65000,2.20000,-0.00189,-0.10000,0.19811,normal
3.72000,-8.28316,-5.36632,2.21684,-0.02075,-0.10000,0.17925,normal
3.74000,-8.26211,-5.32421,2.23789,-0.03962,-0.10000,0.16038,normal
3.76000,-8.24105,-5.28211,2.25895,-0.05849,-0.10000,0.14151,normal
3.78000,-8.22000,-5.24000,2.28000,-0.07736,-0.10000,0.12264,normal
3.80000,-8.05000,-5.20000,2.30000,-0.09623,-0.10000,0.10377,normal
3.82000,-7.60000,-5.19294,2.40000,-0.09880,0.00000,0.20000,normal
3.84000,-7.60000,-5.16941,2.40000,-0.07470,0.00000,0.20000,normal
3.86000,-7.60000,-5.14588,2.40000,-0.05060,0.00000,0.20000,normal
3.88000,-7.60000,-5.12235,2.40000,-0.02651,0.00000,0.20000,normal
3.90000,-7.65000,-5.10000,2.40000,-0.00241,0.00000,0.20000,normal
3.92000,-7.49186,-5.71628,2.50000,-0.18804,-0.08804,0.30000,normal
3.94000,-7.46860,-5.76279,2.50000,-0.16630,-0.06630,0.30000,normal
3.96000,-7.44535,-5.80930,2.50000,-0.14457,-0.04457,0.30000,normal
3.98000,-7.42209,-5.85581,2.50000,-0.12283,-0.02283,0.30000,normal
4.00000,-7.40000,-5.97500,2.47500,-0.10109,-0.00109,0.30000,normal
4.02000,-6.80000,-6.31023,2.48977,0.10000,0.20000,0.20000,normal
4.04000,-6.80000,-6.33295,2.46705,0.10000,0.20000,0.20000,normal
4.06000,-6.80000,-6.35568,2.44432,0.10000,0.20000,0.20000,normal
4.08000,-6.80000,-6.37841,2.42159,0.10000,0.20000,0.20000,normal
4.10000,-6.90000,-6.55000,2.45000,0.00000,0.20000,0.10000,normal
4.12000,-7.06989,-6.60000,2.31505,0.00000,0.30000,-0.11354,normal
4.14000,-7.02688,-6.60000,2.33656,0.00000,0.30000,-0.13437,normal
4.16000,-6.98387,-6.60000,2.35806,0.00000,0.30000,-0.15521,normal
4.18000,-6.94086,-6.60000,2.37957,0.00000,0.30000,-0.17604,normal
4.20000,-6.85000,-6.70000,2.30000,0.00000,0.30000,-0.19687,normal
4.22000,-7.73529,-5.69294,2.10000,0.80000,0.70000,-0.40000,normal
4.24000,-7.85294,-5.66941,2.10000,0.80000,0.70000,-0.40000,normal
4.26000,-7.97059,-5.64588,2.10000,0.80000,0.70000,-0.40000,normal
4.28000,-8.08824,-5.62235,2.10000,0.80000,0.70000,-0.40000,normal
4.30000,-8.45000,-5.70000,2.05000,0.80000,0.70000,-0.40000,normal
4.32000,-10.88000,-5.50000,1.60000,0.47358,0.50000,-0.08679,normal
4.34000,-10.84000,-5.50000,1.60000,0.43585,0.50000,-0.06792,normal
4.36000,-10.80000,-5.50000,1.60000,0.39811,0.50000,-0.04906,normal
4.38000,-10.76000,-5.50000,1.60000,0.36038,0.50000,-0.03019,normal
4.40000,-10.72000,-5.50000,1.60000,0.32264,0.50000,-0.01132,normal
4.42000,-10.80000,-5.70000,1.20000,0.30000,0.60000,0.20000,normal
4.44000,-10.59615,-5.26154,1.03077,0.36604,0.56604,0.16604,normal
4.46000,-10.48077,-5.10769,0.95385,0.32830,0.52830,0.12830,normal
4.48000,-10.00000,-4.60000,0.80000,0.30000,0.50000,-0.20000,normal
4.50000,-8.42542,-3.66186,0.58729,0.41240,0.40000,-0.30000,normal
4.52000,-8.45932,-3.61102,0.57034,0.42893,0.40000,-0.30000,normal
4.54000,-8.49322,-3.56017,0.55339,0.44545,0.40000,-0.30000,normal
4.56000,-8.52712,-3.50932,0.53644,0.46198,0.40000,-0.30000,normal
4.58000,-8.56102,-3.45847,0.51949,0.47851,0.40000,-0.30000,normal
4.60000,-8.59492,-3.40763,0.50254,0.49504,0.40000,-0.30000,normal
4.62000,-8.99524,-2.70952,0.09524,-0.00127,-0.10127,-0.09873,normal
4.64000,-8.97143,-2.75714,0.07143,-0.02658,-0.12658,-0.07342,normal
4.66000,-8.94762,-2.80476,0.04762,-0.05190,-0.15190,-0.04810,normal
4.68000,-8.92381,-2.85238,0.02381,-0.07722,-0.17722,-0.02278,normal
4.70000,-8.90000,-2.90000,0.00000,-0.15000,-0.22500,0.02500,normal
4.72000,-7.78778,-3.78778,-0.08778,-0.10000,-0.19259,0.30741,normal
4.74000,-7.76556,-3.76556,-0.06556,-0.10000,-0.16790,0.33210,normal
4.76000,-7.74333,-3.74333,-0.04333,-0.10000,-0.14321,0.35679,normal
4.78000,-7.72111,-3.72111,-0.02111,-0.10000,-0.11852,0.38148,normal
4.80000,-7.65000,-3.70000,0.05000,-0.01667,-0.01667,0.40000,normal
4.82000,-7.93011,-3.81505,0.20000,0.10000,0.10000,0.60000,normal
4.84000,-7.97312,-3.83656,0.20000,0.10000,0.10000,0.60000,normal
4.86000,-8.01613,-3.85806,0.20000,0.10000,0.10000,0.60000,normal
4.88000,-8.05914,-3.87957,0.20000,0.10000,0.10000,0.60000,normal
4.90000,-8.15000,-3.95000,0.30000,0.10000,0.10000,0.60000,normal
4.92000,-8.51505,-3.63011,0.60000,-0.41905,0.00000,0.50000,normal
4.94000,-8.53656,-3.67312,0.60000,-0.46667,0.00000,0.50000,normal
4.96000,-8.55806,-3.71613,0.60000,-0.51429,0.00000,0.50000,normal
4.98000,-8.57957,-3.75914,0.60000,-0.56190,0.00000,0.50000,normal
5.00000,-8.70000,-3.85000,0.55000,-0.60000,0.00000,0.35000,normal
5.02000,-8.58511,-3.61489,0.60000,-0.50000,0.10000,0.30000,normal
5.04000,-8.56383,-3.63617,0.60000,-0.50000,0.10000,0.30000,normal
5.06000,-8.54255,-3.65745,0.60000,-0.50000,0.10000,0.30000,normal
5.08000,-8.52128,-3.67872,0.60000,-0.50000,0.10000,0.30000,normal
5.10000,-8.50000,-3.70000,0.60000,-0.40000,0.10000,0.40000,normal
5.12000,-9.43548,-4.85054,1.80000,-0.41383,0.08617,0.30000,normal
5.14000,-9.62903,-5.06559,1.80000,-0.43511,0.06489,0.30000,normal
5.16000,-9.82258,-5.28065,1.80000,-0.45638,0.04362,0.30000,normal
5.18000,-10.01613,-5.49570,1.80000,-0.47766,0.02234,0.30000,normal
5.20000,-10.30000,-6.05000,1.90000,-0.49894,0.00106,0.30000,normal
5.22000,-7.16452,-10.36559,4.13011,-0.02871,-0.28812,-0.41188,normal
5.24000,-6.97097,-10.60215,4.17312,0.09010,-0.26832,-0.43168,normal
5.26000,-6.77742,-10.83871,4.21613,0.20891,-0.24851,-0.45149,normal
5.28000,-6.58387,-11.07527,4.25914,0.32772,-0.22871,-0.47129,normal
5.30000,-6.20000,-11.55000,4.10000,0.44653,-0.20891,-0.49109,normal
5.32000,-8.90000,-7.54167,1.94167,2.18000,-0.08000,-1.12000,normal
5.34000,-8.90000,-7.37500,1.77500,2.02381,-0.23810,-1.23810,normal
5.36000,-8.90000,-7.20833,1.60833,1.92857,-0.28571,-1.28571,normal
5.38000,-8.90000,-7.04167,1.44167,1.83333,-0.33333,-1.33333,normal
5.40000,-8.90000,-6.87500,1.27500,1.73810,-0.38095,-1.38095,normal
5.42000,-11.12824,-8.02235,0.50000,1.90506,-0.49494,-1.20000,normal
5.44000,-11.22235,-7.76353,0.50000,1.93038,-0.46962,-1.20000,normal
5.46000,-11.31647,-7.50471,0.50000,1.95570,-0.44430,-1.20000,normal
5.48000,-11.41059,-7.24588,0.50000,1.98101,-0.41899,-1.20000,normal
5.50000,-11.00000,-6.10000,0.70000,2.50000,0.00000,-1.20000,normal
5.52000,-12.84362,-5.14043,0.30426,2.58065,0.10000,-1.06129,normal
5.54000,-13.03511,-4.92766,0.17660,2.55914,0.10000,-1.01828,normal
5.56000,-13.22660,-4.71489,0.04894,2.53763,0.10000,-0.97527,normal
5.58000,-13.41809,-4.50213,-0.07872,2.51613,0.10000,-0.93226,normal
5.60000,-13.15000,-3.35000,-0.25000,1.68333,-0.20000,-0.80000,normal
5.62000,-7.97957,-0.61505,-0.17527,0.54902,-0.08725,-0.68725,normal
5.64000,-7.80753,-0.63656,-0.28280,0.47059,-0.06765,-0.66765,normal
5.66000,-7.63548,-0.65806,-0.39032,0.39216,-0.04804,-0.64804,normal
5.68000,-7.46344,-0.67957,-0.49785,0.31373,-0.02843,-0.62843,normal
5.70000,-7.30000,-0.70000,-0.80000,0.23529,-0.00882,-0.60882,normal
5.72000,-8.49875,-1.89500,-0.29250,-0.36667,0.26667,0.66667,normal
5.74000,-8.47375,-1.79500,-0.14250,-0.42237,0.30000,0.86711,normal
5.76000,-8.44875,-1.69500,0.00750,-0.44868,0.30000,0.94605,normal
5.78000,-8.42375,-1.59500,0.15750,-0.47500,0.30000,1.02500,normal
5.80000,-8.40000,-1.30000,0.45000,-0.60000,0.35000,1.15000,normal
5.82000,-8.41124,-2.74494,2.00000,-0.88721,0.70000,1.50000,normal
5.84000,-8.43371,-2.83483,2.00000,-0.86395,0.70000,1.50000,normal
5.86000,-8.45618,-2.92472,2.00000,-0.84070,0.70000,1.50000,normal
5.88000,-8.47865,-3.01461,2.00000,-0.81744,0.70000,1.50000,normal
5.90000,-8.40000,-3.00000,1.90000,-0.80000,0.80000,1.60000,normal
5.92000,-8.44639,-3.64639,2.33093,-0.90000,0.80000,1.60000,normal
5.94000,-8.50825,-3.70825,2.37216,-0.90000,0.80000,1.60000,normal
5.96000,-8.57010,-3.77010,2.41340,-0.90000,0.80000,1.60000,normal
5.98000,-8.63196,-3.83196,2.45464,-0.90000,0.80000,1.60000,normal
6.00000,-8.69381,-3.89381,2.49588,-0.90000,0.80000,1.60000,normal
6.02000,-8.83256,-3.51628,2.69186,-1.01010,0.48990,1.18990,normal
6.04000,-8.92558,-3.56279,2.66860,-1.03030,0.46970,1.16970,normal
6.06000,-9.01860,-3.60930,2.64535,-1.05051,0.44949,1.14949,normal
6.08000,-9.11163,-3.65581,2.62209,-1.07071,0.42929,1.12929,normal
6.10000,-9.80000,-4.00000,2.60000,-1.09091,0.40909,1.10909,normal
6.12000,-10.19747,-4.09747,2.69873,-1.10000,0.20000,1.01111,normal
6.14000,-10.14684,-4.04684,2.67342,-0.97639,0.20000,0.72917,normal
6.16000,-10.09620,-3.99620,2.64810,-0.94861,0.20000,0.64583,normal
6.18000,-10.04557,-3.94557,2.62278,-0.92083,0.20000,0.56250,normal
6.20000,-9.70000,-3.90000,2.50000,-0.70000,0.20000,0.15000,normal
6.22000,-9.69574,-3.30426,2.78404,-0.21333,0.18667,-0.21333,normal
6.24000,-9.82340,-3.17660,2.76277,-0.23556,0.16444,-0.23556,normal
6.26000,-9.95106,-3.04894,2.74149,-0.25778,0.14222,-0.25778,normal
6.28000,-10.07872,-2.92128,2.72021,-0.28000,0.12000,-0.28000,normal
6.30000,-10.10000,-2.40000,2.20000,-0.50000,-0.10000,-0.40000,normal
6.32000,-8.61154,-2.42308,1.80000,-0.88649,-0.30000,-0.60000,normal
6.34000,-8.63077,-2.46154,1.80000,-0.86847,-0.30000,-0.60000,normal
6.36000,-8.65000,-2.50000,1.80000,-0.85045,-0.30000,-0.60000,normal
6.38000,-8.66923,-2.53846,1.80000,-0.83243,-0.30000,-0.60000,normal
6.40000,-8.68846,-2.57692,1.80000,-0.81441,-0.30000,-0.60000,normal
6.42000,-8.80000,-2.41250,1.37500,-0.30000,-0.20000,-0.45000,normal
6.44000,-8.72027,-2.18108,1.27973,-0.20000,-0.17978,-0.40000,normal
6.46000,-8.74730,-2.28919,1.25270,-0.20000,-0.15730,-0.40000,normal
6.48000,-8.77432,-2.39730,1.22568,-0.20000,-0.13483,-0.40000,normal
6.50000,-9.00000,-2.90000,1.30000,-0.20000,-0.11236,-0.40000,normal
6.52000,-9.20000,-3.70000,1.60000,-0.06000,-0.03000,-0.23000,normal
6.54000,-9.40649,-3.57662,1.62338,0.30000,0.10000,-0.20000,normal
6.56000,-9.30260,-3.55065,1.64935,0.30000,0.10000,-0.20000,normal
6.58000,-9.19870,-3.52468,1.67532,0.30000,0.10000,-0.20000,normal
6.60000,-8.70000,-3.50000,1.60000,0.30000,0.10000,-0.30000,normal
6.62000,-8.98404,-3.95213,1.71596,0.50000,0.20000,-0.40000,normal
6.64000,-8.96277,-3.88830,1.73723,0.50000,0.20000,-0.40000,normal
6.66000,-8.94149,-3.82447,1.75851,0.50000,0.20000,-0.40000,normal
6.68000,-8.92021,-3.76064,1.77979,0.50000,0.20000,-0.40000,normal
6.70000,-8.80000,-3.50000,1.70000,0.50000,0.20000,-0.40000,normal
6.72000,-9.42759,-3.62759,1.40920,0.21279,0.10000,-0.58721,normal
6.74000,-9.49655,-3.69655,1.43218,0.23605,0.10000,-0.56395,normal
6.76000,-9.56552,-3.76552,1.45517,0.25930,0.10000,-0.54070,normal
6.78000,-9.63448,-3.83448,1.47816,0.28256,0.10000,-0.51744,normal
6.80000,-9.95000,-3.85000,1.55000,0.30000,0.10000,-0.50000,normal
6.82000,-10.90000,-3.51579,1.26842,0.18785,0.08785,-0.48785,normal
6.84000,-10.90000,-3.53684,1.22632,0.16916,0.06916,-0.46916,normal
6.86000,-10.90000,-3.55789,1.18421,0.15047,0.05047,-0.45047,normal
6.88000,-10.90000,-3.57895,1.14211,0.13178,0.03178,-0.43178,normal
6.90000,-10.90000,-3.60000,1.10000,0.11308,0.01308,-0.41308,normal
6.92000,-11.00000,-3.90000,1.20000,0.10000,0.00000,-0.40000,normal
6.94000,-11.35733,-3.95733,1.05733,-0.00938,0.00000,-0.20000,normal
6.96000,-11.30400,-3.90400,1.00400,-0.04062,0.00000,-0.20000,normal
6.98000,-11.25067,-3.85067,0.95067,-0.07188,0.00000,-0.20000,normal
7.00000,-11.60000,-3.60000,0.50000,-0.20000,0.00000,-0.20000,normal
7.02000,-9.47097,-3.88387,0.21613,-0.36591,0.00000,0.00000,normal
7.04000,-9.29892,-3.86237,0.23763,-0.32045,0.00000,0.00000,normal
7.06000,-9.12688,-3.84086,0.25914,-0.27500,0.00000,0.00000,normal
7.08000,-8.95484,-3.81935,0.28065,-0.22955,0.00000,0.00000,normal
7.10000,-8.10000,-3.30000,0.30000,0.23333,0.20000,-0.10000,normal
7.12000,-7.97083,-3.00000,0.20000,0.30000,0.20000,-0.10000,normal
7.14000,-8.05417,-3.00000,0.20000,0.30000,0.20000,-0.10000,normal
7.16000,-8.13750,-3.00000,0.20000,0.30000,0.20000,-0.10000,normal
7.18000,-8.22083,-3.00000,0.20000,0.30000,0.20000,-0.10000,normal
7.20000,-8.70000,-3.00000,0.20000,-0.10000,-0.20000,0.10000,normal
7.22000,-8.41613,-2.76452,-0.01613,-0.41869,-0.30935,0.10000,normal
7.24000,-8.43763,-2.85054,-0.03763,-0.45607,-0.32804,0.10000,normal
7.26000,-8.45914,-2.93656,-0.05914,-0.49346,-0.34673,0.10000,normal
7.28000,-8.48065,-3.02258,-0.08065,-0.53084,-0.36542,0.10000,normal
7.30000,-8.50000,-3.15000,-0.11250,-0.56822,-0.38411,0.10000,normal
7.32000,-8.13333,-3.86667,-0.23333,-0.63000,-0.40000,0.10000,normal
7.34000,-7.94130,-4.01957,-0.06087,-0.59024,-0.19024,0.30000,normal
7.36000,-7.87609,-4.04130,-0.01739,-0.56585,-0.16585,0.30000,normal
7.38000,-7.81087,-4.06304,0.02609,-0.54146,-0.14146,0.30000,normal
7.40000,-7.74565,-4.08478,0.06957,-0.51707,-0.11707,0.30000,normal
7.42000,-7.35000,-3.90000,0.25000,0.10000,0.35000,0.10000,normal
7.44000,-7.53061,-4.00000,0.56531,0.23455,0.43455,0.10000,normal
7.46000,-7.69388,-4.00000,0.64694,0.27091,0.47091,0.10000,normal
7.48000,-8.65714,-4.12857,0.97143,0.30000,0.48571,0.11429,normal
7.50000,-9.37477,-4.20000,1.50000,-0.12157,0.07843,0.08922,normal
7.52000,-9.33874,-4.20000,1.50000,-0.16078,0.03922,0.06961,normal
7.54000,-9.30270,-4.20000,1.50000,-0.20000,0.00000,0.05000,normal
7.56000,-9.26667,-4.20000,1.50000,-0.23922,-0.03922,0.03039,normal
7.58000,-9.23063,-4.20000,1.50000,-0.27843,-0.07843,0.01078,normal
7.60000,-9.00000,-5.80000,2.50000,-0.50000,-0.40000,-0.40000,normal
7.62000,-8.15306,-7.11020,3.39184,-0.42453,-0.38113,-0.40000,normal
7.64000,-7.98980,-7.23265,3.49388,-0.34906,-0.36226,-0.40000,normal
7.66000,-7.82653,-7.35510,3.59592,-0.27358,-0.34340,-0.40000,normal
7.68000,-7.66327,-7.47755,3.69796,-0.19811,-0.32453,-0.40000,normal
7.70000,-7.50000,-7.60000,3.80000,-0.12264,-0.30566,-0.40000,normal
7.72000,-8.99036,-6.28554,2.07108,1.40000,-0.10000,-0.50000,normal
7.74000,-8.94217,-6.21325,1.92651,1.03939,-0.44545,-0.71515,normal
7.76000,-8.89398,-6.14096,1.78193,0.91818,-0.53636,-0.74545,normal
7.78000,-8.84578,-6.06867,1.63735,0.79697,-0.62727,-0.77576,normal
7.80000,-8.75000,-5.95000,1.35000,0.44000,-0.86000,-0.96000,normal
7.82000,-9.30000,-4.82391,0.45435,0.28437,-0.88437,-1.10000,normal
7.84000,-9.30000,-4.71522,0.38913,0.26354,-0.86354,-1.10000,normal
7.86000,-9.30000,-4.60652,0.32391,0.24271,-0.84271,-1.10000,normal
7.88000,-9.30000,-4.49783,0.25870,0.22187,-0.82187,-1.10000,normal
7.90000,-10.35000,-4.70000,-0.10000,0.20104,-0.80104,-1.10000,normal
7.92000,-11.41196,-5.54130,0.00978,0.12453,-0.06321,-0.17547,normal
7.94000,-11.21630,-5.41087,0.03152,0.16226,-0.00660,-0.13774,normal
7.96000,-11.02065,-5.28043,0.05326,0.20000,0.05000,-0.10000,normal
7.98000,-10.82500,-5.15000,0.07500,0.23774,0.10660,-0.06226,normal
8.00000,-10.62935,-5.01957,0.09674,0.27547,0.16321,-0.02453,normal
8.02000,-10.76000,-3.86000,1.46000,0.75714,0.84286,0.28571,normal
8.04000,-10.64342,-3.44342,1.25395,1.06154,1.08462,0.29231,normal
8.06000,-10.45921,-3.25921,0.96447,0.90769,1.02308,0.26154,normal
8.08000,-10.27500,-3.07500,0.67500,0.75385,0.96154,0.23077,normal
8.10000,-8.90000,-2.80000,-0.20000,0.60000,0.90000,0.20000,normal
8.12000,-7.95455,-2.91136,1.12273,-0.73011,0.00000,0.50000,normal
8.14000,-7.86364,-2.93409,1.16818,-0.77312,0.00000,0.50000,normal
8.16000,-7.77273,-2.95682,1.21364,-0.81613,0.00000,0.50000,normal
8.18000,-7.68182,-2.97955,1.25909,-0.85914,0.00000,0.50000,normal
8.20000,-7.20000,-2.90000,1.10000,-0.90000,-0.10000,0.60000,normal
8.22000,-7.40000,-3.51522,1.14565,-0.88929,-0.10000,0.81071,normal
8.24000,-7.40000,-3.53696,1.21087,-0.86548,-0.10000,0.83452,normal
8.26000,-7.40000,-3.55870,1.27609,-0.84167,-0.10000,0.85833,normal
8.28000,-7.40000,-3.58043,1.34130,-0.81786,-0.10000,0.88214,normal
8.30000,-7.10000,-3.90000,1.60000,-0.46667,0.10000,0.90000,normal
8.32000,-7.53750,-4.08125,1.48125,-0.28211,0.20000,0.90000,normal
8.34000,-7.58750,-4.05625,1.45625,-0.26105,0.20000,0.90000,normal
8.36000,-7.63750,-4.03125,1.43125,-0.24000,0.20000,0.90000,normal
8.38000,-7.68750,-4.00625,1.40625,-0.21895,0.20000,0.90000,normal
8.40000,-8.05263,-4.20000,1.50000,-0.20000,0.10000,0.90000,normal
8.42000,-8.42727,-4.20000,1.62727,-0.20875,0.10000,0.79125,normal
8.44000,-8.47273,-4.20000,1.67273,-0.23375,0.10000,0.76625,normal
8.46000,-8.51818,-4.20000,1.71818,-0.25875,0.10000,0.74125,normal
8.48000,-8.56364,-4.20000,1.76364,-0.28375,0.10000,0.71625,normal
8.50000,-8.98000,-4.40000,1.94000,-0.29619,0.00000,0.59619,normal
8.52000,-9.10000,-4.75312,1.98229,-0.27714,0.00000,0.57714,normal
8.54000,-9.10000,-4.81563,1.96146,-0.25810,0.00000,0.55810,normal
8.56000,-9.10000,-4.87813,1.94062,-0.23905,0.00000,0.53905,normal
8.58000,-9.10000,-4.94062,1.91979,-0.22000,0.00000,0.52000,normal
8.60000,-8.90000,-4.85000,1.95000,-0.20095,0.00000,0.50095,normal
8.62000,-9.41765,-4.27353,2.09118,0.30000,0.00000,-0.20680,normal
8.64000,-9.45686,-4.21471,2.07157,0.30000,0.00000,-0.22621,normal
8.66000,-9.49608,-4.15588,2.05196,0.30000,0.00000,-0.24563,normal
8.68000,-9.53529,-4.09706,2.03235,0.30000,0.00000,-0.26505,normal
8.70000,-9.57451,-4.03824,2.01275,0.30000,0.00000,-0.28447,normal
8.72000,-9.16667,-3.40000,1.63333,0.10000,-0.20000,-0.50000,normal
8.74000,-8.16111,-3.01944,1.48056,0.10000,-0.27922,-0.62078,normal
8.76000,-8.10556,-3.04722,1.45278,0.10000,-0.25325,-0.64675,normal
8.78000,-8.05000,-3.07500,1.42500,0.10000,-0.22727,-0.67273,normal
8.80000,-8.05000,-3.21000,1.19000,0.10000,-0.20130,-0.69870,normal
8.82000,-9.01978,-3.30000,1.20000,0.20000,-0.10000,-0.49753,normal
8.84000,-9.06374,-3.30000,1.20000,0.20000,-0.10000,-0.47284,normal
8.86000,-9.10769,-3.30000,1.20000,0.20000,-0.10000,-0.44815,normal
8.88000,-9.15165,-3.30000,1.20000,0.20000,-0.10000,-0.42346,normal
8.90000,-9.19560,-3.30000,1.20000,0.15000,-0.10000,-0.35000,normal
8.92000,-9.12105,-3.52105,1.38947,0.10000,0.10000,-0.28842,normal
8.94000,-9.16316,-3.56316,1.36842,0.10000,0.10000,-0.26737,normal
8.96000,-9.20526,-3.60526,1.34737,0.10000,0.10000,-0.24632,normal
8.98000,-9.24737,-3.64737,1.32632,0.10000,0.10000,-0.22526,normal
9.00000,-9.28947,-3.68947,1.30526,0.10000,0.10000,-0.20421,normal
9.02000,-10.54941,-4.20824,1.49176,0.10000,0.30000,0.11176,normal
9.04000,-10.69059,-4.23176,1.46824,0.10000,0.30000,0.13529,normal
9.06000,-10.83176,-4.25529,1.44471,0.10000,0.30000,0.15882,normal
9.08000,-10.97294,-4.27882,1.42118,0.10000,0.30000,0.18235,normal
9.10000,-11.90000,-4.50000,1.20000,0.00000,0.25000,0.55000,normal
9.12000,-11.35806,-4.56774,0.98387,0.00000,0.21863,0.48137,normal
9.14000,-11.03548,-4.52473,0.96237,0.00000,0.23824,0.46176,normal
9.16000,-10.71290,-4.48172,0.94086,0.00000,0.25784,0.44216,normal
9.18000,-10.39032,-4.43871,0.91935,0.00000,0.27745,0.42255,normal
9.20000,-8.70000,-4.20000,0.90000,0.00000,0.29706,0.40294,normal
9.22000,-8.61522,-3.56196,0.70000,0.30000,0.40000,0.00000,normal
9.24000,-8.65870,-3.45326,0.70000,0.57922,0.35844,-0.12078,normal
9.26000,-8.70217,-3.34457,0.70000,0.55325,0.30649,-0.14675,normal
9.28000,-8.74565,-3.23587,0.70000,0.52727,0.25455,-0.17273,normal
9.30000,-8.78913,-3.12717,0.70000,0.50130,0.20260,-0.19870,normal
9.32000,-9.38875,-2.60000,0.17750,-0.61169,-0.51169,-0.40000,normal
9.34000,-9.36375,-2.60000,0.12750,-0.63766,-0.53766,-0.40000,normal
9.36000,-9.33875,-2.60000,0.07750,-0.66364,-0.56364,-0.40000,normal
9.38000,-9.31375,-2.60000,0.02750,-0.68961,-0.58961,-0.40000,normal
9.40000,-7.88776,-2.80000,0.00000,-0.69891,-0.39783,-0.29891,normal
9.42000,-7.76531,-2.80000,0.00000,-0.67717,-0.35435,-0.27717,normal
9.44000,-7.64286,-2.80000,0.00000,-0.65543,-0.31087,-0.25543,normal
9.46000,-7.52041,-2.80000,0.00000,-0.63370,-0.26739,-0.23370,normal
9.48000,-7.39796,-2.80000,0.00000,-0.61196,-0.22391,-0.21196,normal
9.50000,-6.90000,-3.05000,0.05000,0.30690,0.20000,-0.09310,normal
9.52000,-6.97755,-3.06122,0.13878,0.34138,0.20000,-0.05862,normal
9.54000,-7.05918,-3.02041,0.17959,0.37586,0.20000,-0.02414,normal
9.56000,-7.14082,-2.97959,0.22041,0.41034,0.20000,0.01034,normal
9.58000,-7.22245,-2.93878,0.26122,0.44483,0.20000,0.04483,normal
9.60000,-7.50000,-2.85000,0.35000,0.47931,0.20000,0.07931,normal
9.62000,-9.10741,-3.71481,0.51852,0.36000,0.20000,0.17000,normal
9.64000,-9.15679,-3.81358,0.64198,-0.31690,-0.01690,0.38310,normal
9.66000,-9.20617,-3.91235,0.76543,-0.34507,-0.04507,0.35493,normal
9.68000,-9.25556,-4.01111,0.88889,-0.37324,-0.07324,0.32676,normal
9.70000,-9.20000,-4.10000,1.40000,-0.50000,-0.10000,0.30000,normal
9.72000,-8.98710,-6.39677,2.49677,-0.55579,-0.20000,-0.21474,normal
9.74000,-8.83656,-6.52581,2.62581,-0.49263,-0.20000,-0.23579,normal
9.76000,-8.68602,-6.65484,2.75484,-0.42947,-0.20000,-0.25684,normal
9.78000,-8.53548,-6.78387,2.88387,-0.36632,-0.20000,-0.27789,normal
9.80000,-7.40000,-7.00000,3.50000,-0.30316,-0.20000,-0.29895,normal
9.82000,-6.76437,-7.39080,2.88161,0.70000,-0.21053,-0.48947,normal
9.84000,-6.92529,-7.36782,2.83563,0.70000,-0.22807,-0.47193,normal
9.86000,-7.08621,-7.34483,2.78966,0.70000,-0.24561,-0.45439,normal
9.88000,-7.24713,-7.32184,2.74368,0.70000,-0.26316,-0.43684,normal
9.90000,-8.20000,-7.10000,2.50000,0.70000,-0.28070,-0.41930,normal
9.92000,-8.67910,-6.00000,1.05821,0.70000,-0.29825,-0.40175,normal
9.94000,-8.61940,-6.00000,0.93881,0.27885,-0.60000,-0.74231,normal
9.96000,-8.55970,-6.00000,0.81940,0.24038,-0.60000,-0.81923,normal
9.98000,-8.50000,-6.00000,0.70000,0.20192,-0.60000,-0.89615,normal
10.00000,-10.68761,-5.87611,0.89204,1.02364,0.23545,-0.57636,normal
10.02000,-10.88230,-5.82301,0.87434,1.06000,0.29000,-0.54000,normal
10.04000,-11.07699,-5.76991,0.85664,1.09636,0.34455,-0.50364,normal
10.06000,-11.27168,-5.71681,0.83894,1.13273,0.39909,-0.46727,normal
10.08000,-11.46637,-5.66372,0.82124,1.16909,0.45364,-0.43091,normal
10.10000,-11.66106,-5.61062,0.80354,1.10000,0.60000,0.10000,normal
10.12000,-11.00109,-4.87174,0.27174,1.07980,0.62020,0.14040,normal
10.14000,-10.84891,-4.82826,0.22826,1.05960,0.64040,0.18081,normal
10.16000,-10.69674,-4.78478,0.18478,1.03939,0.66061,0.22121,normal
10.18000,-10.54457,-4.74130,0.14130,1.01919,0.68081,0.26162,normal
10.20000,-10.47500,-4.67500,0.07500,1.00000,0.75000,0.35000,normal
10.22000,-8.57556,-2.11222,-0.40000,0.18649,0.59099,-0.00450,normal
10.24000,-8.53111,-2.13444,-0.40000,0.13243,0.55495,-0.02252,normal
10.26000,-8.48667,-2.15667,-0.40000,0.07838,0.51892,-0.04054,normal
10.28000,-8.44222,-2.17889,-0.40000,0.02432,0.48288,-0.05856,normal
10.30000,-8.30000,-2.40000,-0.30000,-0.02973,0.44685,-0.07658,normal
10.32000,-8.13750,-2.01250,0.53750,-0.08378,0.41081,-0.09459,normal
10.34000,-8.21613,-2.21613,0.62419,-0.74444,0.00000,0.22222,normal
10.36000,-8.28065,-2.28065,0.72097,-0.90000,0.00000,0.35778,normal
10.38000,-8.34516,-2.34516,0.81774,-0.90000,0.00000,0.44667,normal
10.40000,-8.00000,-2.70000,1.40000,-0.69700,0.00300,0.80300,normal
10.42000,-7.56250,-2.60000,1.93750,-0.67700,0.02300,0.82300,normal
10.44000,-7.52083,-2.60000,1.97917,-0.65700,0.04300,0.84300,normal
10.46000,-7.47917,-2.60000,2.02083,-0.63700,0.06300,0.86300,normal
10.48000,-7.43750,-2.60000,2.06250,-0.61700,0.08300,0.88300,normal
10.50000,-7.15000,-3.15000,2.05000,-0.45000,0.10000,0.90000,normal
10.52000,-7.98000,-3.93200,1.88400,-0.20000,0.00000,0.88557,normal
10.54000,-8.08000,-3.97200,1.86400,-0.20000,0.00000,0.86495,normal
10.56000,-8.18000,-4.01200,1.84400,-0.20000,0.00000,0.84433,normal
10.58000,-8.28000,-4.05200,1.82400,-0.20000,0.00000,0.82371,normal
10.60000,-8.38000,-4.09200,1.80400,-0.20000,0.00000,0.80309,normal
10.62000,-8.87529,-4.21647,1.60000,-0.28878,-0.01122,0.58878,normal
10.64000,-8.80471,-4.26353,1.60000,-0.26837,-0.03163,0.56837,normal
10.66000,-8.73412,-4.31059,1.60000,-0.24796,-0.05204,0.54796,normal
10.68000,-8.66353,-4.35765,1.60000,-0.22755,-0.07245,0.52755,normal
10.70000,-8.63333,-4.33333,1.70000,-0.20714,-0.09286,0.50714,normal
10.72000,-8.71481,-3.70000,1.99259,0.20000,-0.10000,0.20000,normal
10.74000,-8.81358,-3.70000,1.94321,0.17632,-0.10000,0.15263,normal
10.76000,-8.91235,-3.70000,1.89383,0.15000,-0.10000,0.10000,normal
10.78000,-9.01111,-3.70000,1.84444,0.12368,-0.10000,0.04737,normal
10.80000,-9.22000,-3.66000,1.76000,-0.20000,-0.20000,0.00000,normal
10.82000,-9.48667,-3.57333,1.58667,-0.10000,-0.20000,-0.31778,normal
10.84000,-9.46444,-3.52889,1.56444,-0.10000,-0.20000,-0.34000,normal
10.86000,-9.44222,-3.48444,1.54222,-0.10000,-0.20000,-0.36222,normal
10.88000,-9.42000,-3.44000,1.52000,-0.10000,-0.20000,-0.38444,normal
10.90000,-9.25000,-3.10000,1.40000,0.00000,0.00000,-0.48333,normal
10.92000,-8.46559,-2.95161,1.30000,0.01685,0.01685,-0.40000,normal
10.94000,-8.42258,-3.01613,1.30000,0.03933,0.03933,-0.40000,normal
10.96000,-8.37957,-3.08065,1.30000,0.06180,0.06180,-0.40000,normal
10.98000,-8.33656,-3.14516,1.30000,0.08427,0.08427,-0.40000,normal
11.00000,-8.20000,-3.30000,1.40000,0.18571,0.10000,-0.31429,normal
11.02000,-8.68081,-4.08081,1.60000,0.61200,0.31200,0.00000,normal
11.04000,-8.78182,-4.18182,1.60000,0.63200,0.33200,0.00000,normal
11.06000,-8.88283,-4.28283,1.60000,0.65200,0.35200,0.00000,normal
11.08000,-8.98384,-4.38384,1.60000,0.67200,0.37200,0.00000,normal
11.10000,-9.08485,-4.48485,1.60000,0.69200,0.39200,0.00000,normal
11.12000,-9.60500,-5.19250,2.00000,0.89000,0.40000,-0.09000,normal
11.14000,-9.65500,-5.11750,2.00000,1.01594,0.41594,-0.11594,normal
11.16000,-9.70500,-5.04250,2.00000,1.04493,0.44493,-0.14493,normal
11.18000,-9.75500,-4.96750,2.00000,1.07391,0.47391,-0.17391,normal
11.20000,-10.05000,-5.00000,1.95000,1.05000,0.40000,-0.10000,normal
11.22000,-12.16667,-5.34000,1.36000,0.98222,0.16444,0.11778,normal
11.24000,-12.27778,-5.40667,1.29333,0.96000,0.12000,0.14000,normal
11.26000,-12.38889,-5.47333,1.22667,0.93778,0.07556,0.16222,normal
11.28000,-12.50000,-5.54000,1.16000,0.91556,0.03111,0.18444,normal
11.30000,-12.05000,-4.95000,0.80000,0.82941,-0.03529,0.16471,normal
11.32000,-9.77451,-3.50000,-0.14706,0.10000,-0.30000,-0.61379,normal
11.34000,-9.61765,-3.50000,-0.20588,0.10000,-0.30000,-0.68276,normal
11.36000,-9.46078,-3.50000,-0.26471,0.10000,-0.30000,-0.75172,normal
11.38000,-9.30392,-3.50000,-0.32353,0.10000,-0.30000,-0.82069,normal
11.40000,-9.14706,-3.50000,-0.38235,0.10000,-0.30000,-0.88966,normal
11.42000,-9.27667,-4.43000,-1.30000,1.00000,-0.30000,-1.31392,normal
11.44000,-9.21000,-4.23000,-1.30000,1.00000,-0.30000,-1.33924,normal
11.46000,-9.14333,-4.03000,-1.30000,1.00000,-0.30000,-1.36456,normal
11.48000,-8.22222,-4.63333,-0.78889,1.00000,-0.30000,-1.38987,normal
11.50000,-7.79588,-7.52474,-1.20206,0.25000,0.00000,-1.60000,normal
11.52000,-7.75464,-7.77216,-1.22268,0.68409,0.24091,-1.74091,normal
11.54000,-7.71340,-8.01959,-1.24330,0.88864,0.28636,-1.78636,normal
11.56000,-7.67216,-8.26701,-1.26392,1.09318,0.33182,-1.83182,normal
11.58000,-7.63093,-8.51443,-1.28454,1.29773,0.37727,-1.87727,normal
11.60000,-6.50000,-7.20000,0.90000,2.79810,1.20381,-2.50381,normal
11.62000,-6.44231,-7.16154,1.07308,2.77905,1.24190,-2.54190,normal
11.64000,-6.38462,-7.12308,1.24615,2.76000,1.28000,-2.58000,normal
11.66000,-6.32692,-7.08462,1.41923,2.74095,1.31810,-2.61810,normal
11.68000,-6.26923,-7.04615,1.59231,2.72190,1.35619,-2.65619,normal
11.70000,-6.21154,-7.00769,1.76538,2.70286,1.39429,-2.69429,normal
11.72000,-5.67176,-6.59059,2.31882,2.77750,1.60000,-2.89250,normal
11.74000,-5.60118,-6.56706,2.36588,2.70250,1.60000,-2.86750,normal
11.76000,-5.53059,-6.54353,2.41294,2.62750,1.60000,-2.84250,normal
11.78000,-5.46000,-6.52000,2.46000,2.55250,1.60000,-2.81750,normal
11.80000,-5.25000,-6.50000,2.50000,2.15000,1.35000,-2.50000,normal
11.82000,-5.18280,-7.03441,2.93441,2.23061,1.16939,-2.26939,normal
11.84000,-5.16129,-7.07742,2.97742,2.27143,1.12857,-2.22857,normal
11.86000,-5.13978,-7.12043,3.02043,2.31224,1.08776,-2.18776,normal
11.88000,-5.11828,-7.16344,3.06344,2.35306,1.04694,-2.14694,normal
11.90000,-4.97500,-7.10000,3.25000,2.39388,1.00612,-2.10612,normal
11.92000,-4.49167,-5.62500,4.53333,2.23333,0.90000,-1.78889,normal
11.94000,-4.46786,-5.69643,4.62857,1.49231,0.90000,-1.45692,normal
11.96000,-4.44405,-5.76786,4.72381,1.33846,0.90000,-1.39538,normal
11.98000,-4.42024,-5.83929,4.81905,1.18462,0.90000,-1.33385,normal
12.00000,-4.10000,-6.90000,5.20000,0.95000,0.85000,-1.10000,normal
12.02000,-3.78200,-6.97400,5.87200,1.46800,0.80000,-0.90000,normal
12.04000,-3.76200,-6.83400,5.95200,1.54800,0.80000,-0.90000,normal
12.06000,-3.74200,-6.69400,6.03200,1.62800,0.80000,-0.90000,normal
12.08000,-3.72200,-6.55400,6.11200,1.70800,0.80000,-0.90000,normal
12.10000,-3.70200,-6.41400,6.19200,1.78800,0.80000,-0.90000,normal
12.12000,-2.87500,-5.21250,6.38750,1.10000,0.49080,-0.70000,normal
12.14000,-2.82955,-5.23523,6.36477,1.10000,0.46782,-0.70000,normal
12.16000,-2.78409,-5.25795,6.34205,1.10000,0.44483,-0.70000,normal
12.18000,-2.73864,-5.28068,6.31932,1.10000,0.42184,-0.70000,normal
12.20000,-2.20000,-5.85000,6.20000,1.10000,0.40000,-0.70000,normal
12.22000,-2.17547,-5.30000,7.23019,1.36379,0.61207,-0.90000,normal
12.24000,-2.26981,-5.30000,7.26792,1.31207,0.62931,-0.90000,normal
12.26000,-2.36415,-5.30000,7.30566,1.26034,0.64655,-0.90000,normal
12.28000,-2.45849,-5.30000,7.34340,1.20862,0.66379,-0.90000,normal
12.30000,-2.55283,-5.30000,7.38113,1.15690,0.68103,-0.90000,normal
12.32000,-2.70000,-5.40000,7.00000,1.10517,0.69828,-0.90000,normal
12.34000,-2.79615,-3.77308,7.49615,1.10000,0.89365,-0.90000,normal
12.36000,-2.92436,-4.00385,7.62436,1.10000,0.86190,-0.90000,normal
12.38000,-3.05256,-4.23462,7.75256,1.10000,0.83016,-0.90000,normal
12.40000,-3.18077,-4.46538,7.88077,1.15000,0.80000,-0.95000,normal
12.42000,-2.91099,-4.44505,8.08901,0.98864,0.60000,-1.17727,normal
12.44000,-2.93297,-4.33516,8.06703,0.96591,0.60000,-1.13182,normal
12.46000,-2.95495,-4.22527,8.04505,0.94318,0.60000,-1.08636,normal
12.48000,-2.97692,-4.11538,8.02308,0.92045,0.60000,-1.04091,normal
12.50000,-2.99890,-4.00549,8.00110,0.60000,0.70000,-0.80000,normal
12.52000,-4.02667,-4.11333,7.52000,0.50000,0.80000,-0.51373,normal
12.54000,-4.07111,-4.13556,7.72000,0.50000,0.80000,-0.53333,normal
12.56000,-4.11556,-4.15778,7.92000,0.50000,0.80000,-0.55294,normal
12.58000,-4.16000,-4.18000,8.12000,0.50000,0.80000,-0.57255,normal
12.60000,-4.15000,-4.90000,8.05000,0.50000,0.80000,-0.59216,normal
12.62000,-3.46882,-3.93118,6.79677,0.07722,0.81519,-0.37722,normal
12.64000,-3.55484,-3.84516,6.66774,0.00127,0.86582,-0.30127,normal
12.66000,-3.64086,-3.75914,6.53871,-0.07468,0.91646,-0.22532,normal
12.68000,-3.72688,-3.67312,6.40968,-0.15063,0.96709,-0.14937,normal
12.70000,-6.80000,-5.10000,7.30000,-0.60000,0.90000,0.10000,normal
12.72000,-7.05638,-2.84681,7.68298,-0.05106,0.60000,0.11702,normal
12.74000,-6.65213,-2.54894,7.42766,-0.11489,0.60000,0.13830,normal
12.76000,-6.24787,-2.25106,7.17234,-0.17872,0.60000,0.15957,normal
12.78000,-5.84362,-1.95319,6.91702,-0.24255,0.60000,0.18085,normal
12.80000,-4.50000,-5.40000,8.00000,-0.50000,0.60000,0.30000,normal
12.82000,-4.34457,-0.94457,7.22065,0.60110,0.56703,0.08352,normal
12.84000,-4.67065,-1.27065,6.98152,0.46923,0.52308,0.06154,normal
12.86000,-4.99674,-1.59674,6.74239,0.33736,0.47912,0.03956,normal
12.88000,-5.32283,-1.92283,6.50326,0.20549,0.43516,0.01758,normal
12.90000,-5.80000,-3.20000,6.90000,-0.03333,0.53333,0.06667,normal
12.92000,-5.61538,-3.32308,7.16923,-0.22737,0.67263,0.30000,normal
12.94000,-5.63736,-3.21319,7.12527,-0.26947,0.63053,0.30000,normal
12.96000,-5.65934,-3.10330,7.08132,-0.31158,0.58842,0.30000,normal
12.98000,-5.68132,-2.99341,7.03736,-0.35368,0.54632,0.30000,normal
13.00000,-6.20000,-4.00000,6.60000,-0.39579,0.50421,0.30000,normal
13.02000,-5.53556,-4.54667,6.52667,-0.45556,0.14444,0.04444,normal
13.04000,-5.62444,-4.41333,6.59333,-0.45733,0.10000,0.00000,normal
13.06000,-5.71333,-4.28000,6.66000,-0.40400,0.10000,0.00000,normal
13.08000,-5.80222,-4.14667,6.72667,-0.35067,0.10000,0.00000,normal
13.10000,-5.89111,-4.01333,6.79333,-0.30000,0.15000,-0.05000,normal
13.12000,-5.92667,-4.89333,7.45333,0.31023,0.50000,-0.31023,normal
13.14000,-5.97111,-4.71556,7.54222,0.33295,0.50000,-0.33295,normal
13.16000,-6.01556,-4.53778,7.63111,0.35568,0.50000,-0.35568,normal
13.18000,-6.06000,-4.36000,7.72000,0.37841,0.50000,-0.37841,normal
13.20000,-5.90000,-4.60000,8.10000,0.40000,0.45000,-0.50000,normal
13.22000,-2.72000,-3.80000,7.62000,-0.08400,-0.02800,-1.02800,normal
13.24000,-2.36000,-4.20000,7.26000,-0.20400,-0.06800,-1.06800,normal
13.26000,-2.00000,-4.60000,6.90000,-0.32400,-0.10800,-1.10800,normal
13.28000,-1.64000,-5.00000,6.54000,-0.44400,-0.14800,-1.14800,normal
13.30000,-1.28000,-5.40000,6.18000,-0.56400,-0.18800,-1.18800,normal
13.32000,-3.42469,-5.50494,6.21975,0.50761,0.00761,-1.39239,normal
13.34000,-3.54815,-5.52963,6.31852,0.52935,0.02935,-1.37065,normal
13.36000,-3.67160,-5.55432,6.41728,0.55109,0.05109,-1.34891,normal
13.38000,-3.79506,-5.57901,6.51605,0.57283,0.07283,-1.32717,normal
13.40000,-5.00000,-5.20000,7.00000,0.59457,0.09457,-1.30543,normal
13.42000,-6.25732,-5.70000,7.25122,0.80000,0.00000,-1.10000,normal
13.44000,-6.08659,-5.70000,7.05610,0.80000,0.00000,-1.07500,normal
13.46000,-5.91585,-5.70000,6.86098,0.80000,0.00000,-1.05000,normal
13.48000,-5.74512,-5.70000,6.66585,0.80000,0.00000,-1.02500,normal
13.50000,-5.20000,-4.30000,6.10000,0.80000,0.00000,-1.00000,normal
13.52000,-4.56512,-6.18605,5.68605,0.39390,0.11341,-0.70000,normal
13.54000,-4.49535,-6.55814,6.05814,0.56463,0.13780,-0.70000,normal
13.56000,-4.42558,-6.93023,6.43023,0.73537,0.16220,-0.70000,normal
13.58000,-4.35581,-7.30233,6.80233,0.90610,0.18659,-0.70000,normal
13.60000,-3.05000,-5.25000,7.95000,0.79588,-0.10000,-0.49175,normal
13.62000,-2.19896,-4.76146,7.26042,0.77526,-0.10000,-0.45052,normal
13.64000,-2.30313,-4.61562,7.21875,0.75464,-0.10000,-0.40928,normal
13.66000,-2.40729,-4.46979,7.17708,0.73402,-0.10000,-0.36804,normal
13.68000,-2.51146,-4.32396,7.13542,0.71340,-0.10000,-0.32680,normal
13.70000,-3.60000,-3.20000,8.20000,0.61250,-0.10000,-0.03750,normal
13.72000,-3.29043,-3.08085,6.13511,0.30000,0.32376,0.28812,normal
13.74000,-3.39681,-3.29362,6.41170,0.30000,0.36337,0.26832,normal
13.76000,-3.50319,-3.50638,6.68830,0.30000,0.40297,0.24851,normal
13.78000,-3.60957,-3.71915,6.96489,0.30000,0.44257,0.22871,normal
13.80000,-4.42500,-3.70000,8.47500,0.30000,0.48218,0.20891,normal
13.82000,-3.41111,-2.12222,7.07407,-0.86000,0.60000,0.56000,normal
13.84000,-3.63333,-2.56667,6.55556,-1.61818,0.60000,0.70909,normal
13.86000,-3.85556,-3.01111,6.03704,-1.67879,0.60000,0.73939,normal
13.88000,-4.07778,-3.45556,5.51852,-1.73939,0.60000,0.76970,normal
13.90000,-4.30000,-3.90000,5.00000,-1.80000,0.60000,0.80000,normal
13.92000,-7.51395,-6.47442,6.29535,0.22469,0.50617,0.59383,normal
13.94000,-7.14186,-5.82326,6.08605,0.32346,0.53086,0.56914,normal
13.96000,-6.76977,-5.17209,5.87674,0.42222,0.55556,0.54444,normal
13.98000,-6.39767,-4.52093,5.66744,0.52099,0.58025,0.51975,normal
14.00000,-7.40000,-3.50000,7.70000,0.40000,0.80000,0.60000,normal
14.02000,-7.62857,-1.75714,5.34286,-0.25116,0.60000,0.58721,normal
14.04000,-7.67253,-1.69121,5.10110,-0.34419,0.60000,0.56395,normal
14.06000,-7.71648,-1.62527,4.85934,-0.43721,0.60000,0.54070,normal
14.08000,-7.76044,-1.55934,4.61758,-0.53023,0.60000,0.51744,normal
14.10000,-9.10000,-3.00000,5.20000,-0.53333,0.33333,0.26667,normal
14.12000,-5.33516,-4.83077,7.38571,-0.73299,0.31649,0.18351,normal
14.14000,-5.11538,-5.13846,7.10000,-0.77423,0.33711,0.16289,normal
14.16000,-4.89560,-5.44615,6.81429,-0.81546,0.35773,0.14227,normal
14.18000,-4.67582,-5.75385,6.52857,-0.85670,0.37835,0.12165,normal
14.20000,-5.62000,-6.22000,5.34000,-0.89794,0.39897,0.10103,normal
14.22000,-8.44118,-3.36941,5.11059,-0.40494,0.49506,0.29753,normal
14.24000,-8.08824,-3.74588,5.13412,-0.45432,0.44568,0.27284,normal
14.26000,-7.73529,-4.12235,5.15765,-0.50370,0.39630,0.24815,normal
14.28000,-7.38235,-4.49882,5.18118,-0.55309,0.34691,0.22346,normal
14.30000,-6.42500,-4.65000,5.37500,-0.60000,0.30000,0.22000,normal
14.32000,-7.00115,-4.21034,5.38736,0.60000,0.30000,0.30000,normal
14.34000,-7.18506,-3.86552,5.36437,0.60000,0.30000,0.30000,normal
14.36000,-7.36897,-3.52069,5.34138,0.60000,0.30000,0.30000,normal
14.38000,-7.55287,-3.17586,5.31839,0.60000,0.30000,0.30000,normal
14.40000,-7.70000,-3.20000,4.70000,0.60000,0.30000,0.30000,normal
14.42000,-7.21163,-4.18140,4.87674,-0.30000,0.00000,0.00000,normal
14.44000,-7.23488,-4.34419,4.83023,-0.27222,0.00000,0.00000,normal
14.46000,-7.25814,-4.50698,4.78372,-0.24444,0.00000,0.00000,normal
14.48000,-7.28140,-4.66977,4.73721,-0.21667,0.00000,0.00000,normal
14.50000,-7.10000,-3.50000,5.70000,-0.00172,-0.00086,-0.00086,normal
14.52000,-6.68632,-3.18421,4.50526,-0.03621,-0.01810,-0.01810,normal
14.54000,-6.56000,-3.50000,4.40000,-0.07069,-0.03534,-0.03534,normal
14.56000,-6.43368,-3.81579,4.29474,-0.10517,-0.05259,-0.05259,normal
14.58000,-6.30737,-4.13158,4.18947,-0.13966,-0.06983,-0.06983,normal
14.60000,-6.32000,-4.40000,4.37000,-0.17414,-0.08707,-0.08707,normal
14.62000,-7.23333,-4.66667,4.63333,-0.14444,-0.10000,-0.10000,normal
14.64000,-7.44583,-4.77500,4.70417,0.00000,-0.40000,-0.30000,normal
14.66000,-7.64028,-4.60833,4.84306,0.00000,-0.40000,-0.30000,normal
14.68000,-7.83472,-4.44167,4.98194,0.00000,-0.40000,-0.30000,normal
14.70000,-8.20000,-3.66667,5.90000,0.00000,-0.40000,-0.30000,normal
14.72000,-7.35057,-3.70690,4.64598,-0.32353,-0.41176,-0.70000,normal
14.74000,-7.05172,-4.12069,4.73793,-0.37059,-0.43529,-0.70000,normal
14.76000,-6.75287,-4.53448,4.82989,-0.41765,-0.45882,-0.70000,normal
14.78000,-6.45402,-4.94828,4.92184,-0.46471,-0.48235,-0.70000,normal
14.80000,-5.85000,-5.75000,6.15000,-0.25000,-0.40000,-0.30000,normal
14.82000,-5.96703,-4.28462,5.65165,-0.33333,-0.40000,-0.31667,normal
14.84000,-5.92308,-4.13077,5.45385,-0.36842,-0.40000,-0.33421,normal
14.86000,-5.87912,-3.97692,5.25604,-0.40351,-0.40000,-0.35175,normal
14.88000,-5.83516,-3.82308,5.05824,-0.43860,-0.40000,-0.36930,normal
14.90000,-7.70000,-6.81429,3.57143,-0.47368,-0.40000,-0.38684,normal
14.92000,-5.74091,-4.20000,6.15909,0.50000,-0.30000,-0.30000,normal
14.94000,-5.80909,-4.20000,6.09091,0.12785,-0.05190,-0.30000,normal
14.96000,-5.87727,-4.20000,6.02273,0.05190,-0.00127,-0.30000,normal
14.98000,-5.94545,-4.20000,5.95455,-0.02405,0.04937,-0.30000,normal
15.00000,-6.32500,-5.10000,5.62500,-0.10000,0.10000,-0.30000,normal
15.02000,-4.93371,-6.34382,5.73371,-0.08632,-0.01368,-0.08632,normal
15.04000,-5.00112,-6.23146,5.80112,-0.06526,-0.03474,-0.06526,normal
15.06000,-5.06854,-6.11910,5.86854,-0.04421,-0.05579,-0.04421,normal
15.08000,-5.13596,-6.00674,5.93596,-0.02316,-0.07684,-0.02316,normal
15.10000,-5.27500,-6.07500,5.97500,-0.00211,-0.09789,-0.00211,normal
15.12000,-6.41910,-4.92921,5.99775,0.38778,0.00000,-0.10000,normal
15.14000,-6.28427,-5.31124,5.66067,0.36556,0.00000,-0.10000,normal
15.16000,-6.14944,-5.69326,5.32360,0.34333,0.00000,-0.10000,normal
15.18000,-6.01461,-6.07528,4.98652,0.32111,0.00000,-0.10000,normal
15.20000,-4.90000,-5.25000,5.70000,0.46667,0.00000,-0.10000,normal
15.22000,-1.31667,-3.26667,5.81667,1.01875,-0.11354,-0.10000,normal
15.24000,-0.93889,-4.02222,6.10556,0.89375,-0.13437,-0.10000,normal
15.26000,-0.56111,-4.77778,6.39444,0.76875,-0.15521,-0.10000,normal
15.28000,-0.18333,-5.53333,6.68333,0.64375,-0.17604,-0.10000,normal
15.30000,-1.90000,-6.76667,6.56667,0.51875,-0.19687,-0.10000,normal
15.32000,-4.13043,-4.67391,5.95326,0.66286,0.11238,0.20000,normal
15.34000,-4.30435,-4.23913,5.75761,0.60571,0.13143,0.20000,normal
15.36000,-4.47826,-3.80435,5.56196,0.54857,0.15048,0.20000,normal
15.38000,-4.65217,-3.36957,5.36630,0.49143,0.16952,0.20000,normal
15.40000,-5.16000,-0.18000,4.88000,0.43429,0.18857,0.20000,normal
15.42000,-11.20000,-3.70000,5.20000,-0.58333,-0.00128,0.19872,normal
15.44000,-15.00541,-8.61351,6.22162,-0.25000,-0.02692,0.17308,normal
15.46000,-13.78919,-7.07297,5.35676,0.08333,-0.05256,0.14744,normal
15.48000,-12.57297,-5.53243,4.49189,0.41667,-0.07821,0.12179,normal
15.50000,-8.20000,-1.60000,4.91429,-0.30000,0.20000,0.10000,normal
15.52000,0.38202,-12.21685,3.42584,-0.42766,-0.28298,-0.06596,normal
15.54000,-0.87640,-10.39663,4.23483,-0.08723,-0.26170,-0.02340,normal
15.56000,-2.13483,-8.57640,5.04382,0.25319,-0.24043,0.01915,normal
15.58000,-3.39326,-6.75618,5.85281,0.59362,-0.21915,0.06170,normal
15.60000,-7.07143,-2.87143,6.88571,0.70000,-0.20000,0.20000,normal
15.62000,-5.92444,-5.80222,4.73444,-0.47059,0.08529,0.00000,normal
15.64000,-5.96889,-5.62444,4.97889,-0.43137,0.06569,0.00000,normal
15.66000,-6.01333,-5.44667,5.22333,-0.39216,0.04608,0.00000,normal
15.68000,-6.05778,-5.26889,5.46778,-0.35294,0.02647,0.00000,normal
15.70000,-6.70000,-5.40000,5.20000,-0.31373,0.00686,0.00000,normal
15.72000,-6.37949,-4.46667,5.99231,-0.10000,-0.30000,0.00000,normal
15.74000,-6.17436,-5.13333,5.91538,-0.14000,-0.30000,0.00000,normal
15.76000,-5.96923,-5.80000,5.83846,-0.19714,-0.30000,0.00000,normal
15.78000,-5.76410,-6.46667,5.76154,-0.25429,-0.30000,0.00000,normal
15.80000,-6.15000,-3.50000,6.60000,-0.20000,-0.05000,-0.05000,normal
15.82000,-5.95417,-5.45208,5.12500,-0.56250,-0.01875,-0.20000,normal
15.84000,-5.74583,-6.09792,4.87500,-0.52083,-0.03958,-0.20000,normal
15.86000,-5.53750,-6.74375,4.62500,-0.47917,-0.06042,-0.20000,normal
15.88000,-5.32917,-7.38958,4.37500,-0.43750,-0.08125,-0.20000,normal
15.90000,-5.12083,-8.03542,4.12500,-0.06667,-0.16667,-0.13333,normal
15.92000,-4.16364,-5.66818,6.83182,-0.10000,0.16047,0.03023,normal
15.94000,-4.43636,-5.78182,6.71818,-0.10000,0.25349,0.07674,normal
15.96000,-4.70909,-5.89545,6.60455,-0.10000,0.34651,0.12326,normal
15.98000,-4.98182,-6.00909,6.49091,-0.10000,0.43953,0.16977,normal
16.00000,-5.85000,-6.20000,5.50000,-0.29469,0.40000,1.00000,normal
16.02000,-8.20000,-4.47500,4.54271,-0.18850,0.40000,1.00000,normal
16.04000,-8.20000,-3.97500,5.06354,-0.08230,0.40000,1.00000,normal
16.06000,-8.20000,-3.47500,5.58437,0.02389,0.40000,1.00000,normal
16.08000,-8.20000,-2.97500,6.10521,0.13009,0.40000,1.00000,normal
16.10000,-6.00000,-4.60000,7.00000,0.23628,0.40000,1.00000,normal
16.12000,-6.40000,-4.70000,5.65000,0.07273,0.36364,0.66364,normal
16.14000,-5.69733,-3.94933,6.07067,0.36522,0.38261,0.58261,normal
16.16000,-5.48400,-3.89600,5.72400,0.30725,0.35362,0.55362,normal
16.18000,-5.27067,-3.84267,5.37733,0.24928,0.32464,0.52464,normal
16.20000,-5.83333,-3.53333,4.96667,0.30000,0.35000,0.45000,normal
16.22000,-5.68764,-6.71236,6.46854,1.16404,-0.23596,0.31798,normal
16.24000,-5.82247,-6.57753,6.26629,1.11910,-0.28090,0.34045,normal
16.26000,-5.95730,-6.44270,6.06404,1.07416,-0.32584,0.36292,normal
16.28000,-6.09213,-6.30787,5.86180,1.02921,-0.37079,0.38539,normal
16.30000,-2.30000,-1.90000,4.80000,0.69537,0.30093,0.20000,normal
16.32000,-4.10099,-1.96931,6.41782,0.60278,0.31944,0.20000,normal
16.34000,-4.21980,-2.28614,6.55644,0.51019,0.33796,0.20000,normal
16.36000,-4.33861,-2.60297,6.69505,0.41759,0.35648,0.20000,normal
16.38000,-4.45743,-2.91980,6.83366,0.32500,0.37500,0.20000,normal
16.40000,-4.57624,-3.23663,6.97228,0.23241,0.39352,0.20000,normal
16.42000,-5.22785,-2.22785,4.85063,0.51176,0.00588,-0.29412,normal
16.44000,-4.74684,-1.74684,4.52152,0.55098,0.02549,-0.27451,normal
16.46000,-4.26582,-1.26582,4.19241,0.59020,0.04510,-0.25490,normal
16.48000,-3.78481,-0.78481,3.86329,0.62941,0.06471,-0.23529,normal
16.50000,-3.73846,1.10000,4.22308,0.66863,0.08431,-0.21569,normal
16.52000,-7.03077,-4.03077,6.23077,0.70000,0.40000,0.10000,normal
16.54000,-9.33896,-5.80649,7.29221,-0.73043,0.88986,0.28986,normal
16.56000,-11.39091,-6.48182,7.68182,-0.81739,0.86087,0.26087,normal
16.58000,-13.44286,-7.15714,8.07143,-0.90435,0.83188,0.23188,normal
16.60000,-15.49481,-7.83247,8.46104,-0.99130,0.80290,0.20290,normal
16.62000,-4.66706,0.99176,0.59412,-0.11910,-0.03258,0.00787,normal
16.64000,-4.14941,1.86235,0.35882,0.01573,0.07978,0.18764,normal
16.66000,-3.63176,2.73294,0.12353,0.15056,0.19213,0.36742,normal
16.68000,-3.11412,3.60353,-0.11176,0.28539,0.30449,0.54719,normal
16.70000,-38.80000,-12.70000,14.70000,-0.45000,0.75000,0.90000,normal
16.72000,-11.37273,-0.68636,5.61364,-1.31398,0.43441,0.19677,normal
16.74000,-11.82727,-1.16364,4.63636,-1.20645,0.47742,0.06774,normal
16.76000,-12.28182,-1.64091,3.65909,-1.09892,0.52043,-0.06129,normal
16.78000,-12.73636,-2.11818,2.68182,-0.99140,0.56344,-0.19032,normal
16.80000,-7.43333,-4.56667,3.43333,-0.75000,0.10000,0.10000,normal
16.82000,-8.04800,-2.73000,5.27000,0.18922,0.12157,0.18922,normal
16.84000,-7.96800,-2.93000,5.07000,0.16961,0.16078,0.16961,normal
16.86000,-7.88800,-3.13000,4.87000,0.15000,0.20000,0.15000,normal
16.88000,-7.80800,-3.33000,4.67000,0.13039,0.23922,0.13039,normal
16.90000,-7.72800,-3.53000,4.47000,0.11078,0.27843,0.11078,normal
16.92000,-7.90000,-3.30000,3.40000,0.28000,0.48000,0.28000,normal
16.94000,-8.92603,-2.70274,3.00137,0.10000,0.68621,0.10000,normal
16.96000,-8.84384,-2.48356,2.89178,0.10000,0.61724,0.10000,normal
16.98000,-8.76164,-2.26438,2.78219,0.10000,0.54828,0.10000,normal
17.00000,-8.86667,-2.10000,2.86667,-0.40000,0.25000,0.15000,normal
17.02000,-8.38316,-4.51474,3.48316,-0.24950,0.21683,0.11683,normal
17.04000,-8.36211,-4.28316,3.46211,-0.19010,0.23663,0.13663,normal
17.06000,-8.34105,-4.05158,3.44105,-0.13069,0.25644,0.15644,normal
17.08000,-8.32000,-3.82000,3.42000,-0.07129,0.27624,0.17624,normal
17.10000,-8.40000,-2.90000,3.50000,-0.01188,0.29604,0.19604,normal
17.12000,-8.63529,-2.93647,3.05765,-0.18837,0.38837,0.01163,normal
17.14000,-8.75294,-2.72471,2.91647,-0.16512,0.36512,0.03488,normal
17.16000,-8.87059,-2.51294,2.77529,-0.14186,0.34186,0.05814,normal
17.18000,-8.98824,-2.30118,2.63412,-0.11860,0.31860,0.08140,normal
17.20000,-9.45000,-2.50000,2.05000,-0.40000,0.00000,0.10000,normal
17.22000,-8.51461,-2.48764,3.72697,-0.58265,0.71735,0.00000,normal
17.24000,-8.53708,-2.62247,3.61461,-0.56224,0.73776,0.00000,normal
17.26000,-8.55955,-2.75730,3.50225,-0.54184,0.75816,0.00000,normal
17.28000,-8.58202,-2.89213,3.38989,-0.52143,0.77857,0.00000,normal
17.30000,-8.76000,-3.00000,3.06000,-0.50102,0.79898,0.00000,normal
17.32000,-9.42118,-3.35765,2.21059,-0.16000,0.38000,0.00000,normal
17.34000,-9.46824,-3.26353,2.23412,-0.30000,-0.12329,-0.10000,normal
17.36000,-9.51529,-3.16941,2.25765,-0.30000,-0.15068,-0.10000,normal
17.38000,-9.56235,-3.07529,2.28118,-0.30000,-0.17808,-0.10000,normal
17.40000,-8.60000,-3.10000,2.50000,-0.30000,-0.05000,-0.15000,normal
17.42000,-9.36889,-2.83778,2.80667,-0.30000,0.21875,-0.10000,normal
17.44000,-9.32444,-2.74889,2.67333,-0.30000,0.23958,-0.10000,normal
17.46000,-9.28000,-2.66000,2.54000,-0.30000,0.26042,-0.10000,normal
17.48000,-9.23556,-2.57111,2.40667,-0.30000,0.28125,-0.10000,normal
17.50000,-9.25000,-2.95000,2.15000,-0.20000,0.10000,-0.20000,normal
17.52000,-8.68172,-2.89032,2.56344,-0.16939,-0.08469,-0.38469,normal
17.54000,-8.66022,-2.76129,2.52043,-0.12857,-0.06429,-0.36429,normal
17.56000,-8.63871,-2.63226,2.47742,-0.08776,-0.04388,-0.34388,normal
17.58000,-8.61720,-2.50323,2.43441,-0.04694,-0.02347,-0.32347,normal
17.60000,-8.35000,-3.50000,2.80000,-0.00612,-0.00306,-0.30306,normal
17.62000,-10.72258,-4.46774,-3.32581,-0.08919,0.38108,-0.19730,normal
17.64000,-9.69032,-3.37097,-1.00323,0.01892,0.19189,-0.17027,normal
17.66000,-8.65806,-2.27419,1.31935,0.12703,0.00270,-0.14324,normal
17.68000,-7.62581,-1.17742,3.64194,0.23514,-0.18649,-0.11622,normal
17.70000,-9.65000,-4.25000,0.50000,-0.20000,-0.60000,0.00000,normal
17.72000,-7.93830,-3.37021,4.40426,0.01856,-0.50722,0.21856,normal
17.74000,-7.98085,-3.11489,4.29787,0.03918,-0.40412,0.23918,normal
17.76000,-8.02340,-2.85957,4.19149,0.05979,-0.30103,0.25979,normal
17.78000,-8.06596,-2.60426,4.08511,0.08041,-0.19794,0.28041,normal
17.80000,-8.15000,-3.75000,2.90000,0.03333,0.00000,0.30000,normal
17.82000,-9.10110,-3.36923,1.68242,0.54286,0.68571,0.38571,normal
17.84000,-8.96923,-3.06154,1.79231,0.61429,0.66190,0.36190,normal
17.86000,-8.83736,-2.75385,1.90220,0.68571,0.63810,0.33810,normal
17.88000,-8.70549,-2.44615,2.01209,0.75714,0.61429,0.31429,normal
17.90000,-7.70000,-4.05000,0.45000,0.44545,0.39091,0.13636,normal
17.92000,-10.98936,-2.91915,1.23404,-0.47059,0.08039,0.28039,normal
17.94000,-10.75532,-2.94043,1.38298,-0.41176,0.04118,0.24118,normal
17.96000,-10.52128,-2.96170,1.53191,-0.35294,0.00196,0.20196,normal
17.98000,-10.28723,-2.98298,1.68085,-0.29412,-0.03725,0.16275,normal
18.00000,-7.00000,-6.80000,2.70000,-0.23529,-0.07647,0.12353,normal
18.02000,-4.05789,-5.78421,3.51053,0.26364,-1.07273,-0.63636,normal
18.04000,-3.87632,-5.34474,3.31053,0.23662,-1.18169,-0.71831,normal
18.06000,-3.85000,-4.95000,3.10000,0.29296,-1.15352,-0.74648,normal
18.08000,-3.82368,-4.55526,2.88947,0.34930,-1.12535,-0.77465,normal
18.10000,-5.20000,-2.30000,3.00000,0.40000,-0.90000,-0.70000,normal
18.12000,-11.54091,-6.00000,3.45455,-0.40455,-0.62727,-0.54091,normal
18.14000,-10.60909,-6.50000,3.54545,-0.24545,-0.67273,-0.60909,normal
18.16000,-9.67727,-7.00000,3.63636,-0.08636,-0.71818,-0.67727,normal
18.18000,-8.74545,-7.50000,3.72727,0.07273,-0.76364,-0.74545,normal
18.20000,-6.25000,-4.75000,2.70000,0.68000,-1.00000,-0.82000,normal
18.22000,-5.56341,-1.69268,3.57073,-0.02564,-0.97436,-0.76154,normal
18.24000,-5.18943,-1.35122,3.53821,-0.05983,-0.94017,-0.71026,normal
18.26000,-4.81545,-1.00976,3.50569,-0.09402,-0.90598,-0.65897,normal
18.28000,-4.44146,-0.66829,3.47317,-0.12821,-0.87179,-0.60769,normal
18.30000,-4.06748,-0.32683,3.44065,-0.16239,-0.83761,-0.55641,normal
18.32000,-3.69350,0.01463,3.40813,-0.19658,-0.80342,-0.50513,normal
18.34000,-12.98308,-12.15846,5.97385,0.49500,-0.07500,0.21000,normal
18.36000,-11.69077,-10.80462,6.15846,0.82000,-0.20000,0.06000,normal
18.38000,-10.39846,-9.45077,6.34308,1.14500,-0.32500,-0.09000,normal
18.40000,-7.55000,-2.36667,6.25000,1.47000,-0.45000,-0.24000,normal
18.42000,-11.09737,1.14737,2.55263,-0.17000,-0.50000,-0.34000,normal
18.44000,-12.07105,1.62105,3.07895,0.39041,0.04110,0.63151,normal
18.46000,-13.04474,2.09474,3.60526,0.25342,0.34247,0.79589,normal
18.48000,-14.01842,2.56842,4.13158,0.11644,0.64384,0.96027,normal
18.50000,-6.67708,-0.35000,4.81042,-3.30000,0.00000,0.30000,normal
18.52000,-6.21875,-1.35000,5.01875,0.52529,-0.10000,0.69540,normal
18.54000,-5.76042,-2.35000,5.22708,0.41034,-0.10000,0.53448,normal
18.56000,-5.30208,-3.35000,5.43542,0.29540,-0.10000,0.37356,normal
18.58000,-4.84375,-4.35000,5.64375,0.18046,-0.10000,0.21264,normal
18.60000,-2.10000,-5.20000,6.10000,0.45000,-0.30000,0.20000,normal
18.62000,-2.62632,-5.01053,5.97368,0.24000,-0.36000,0.10000,normal
18.64000,-3.15263,-4.82105,5.84737,0.17684,-0.31789,0.10000,normal
18.66000,-3.67895,-4.63158,5.72105,0.11368,-0.27579,0.10000,normal
18.68000,-4.20526,-4.44211,5.59474,0.05053,-0.23368,0.10000,normal
18.70000,-8.55000,-3.85000,4.45000,0.05000,-0.30000,0.05000,normal
18.72000,-14.50000,0.08667,6.56222,0.35143,-0.28381,0.28381,normal
18.74000,-14.50000,0.35333,6.65111,0.29429,-0.26476,0.26476,normal
18.76000,-14.50000,0.62000,6.74000,0.23714,-0.24571,0.24571,normal
18.78000,-14.50000,0.88667,6.82889,0.18000,-0.22667,0.22667,normal
18.80000,-6.28000,-7.64000,5.96000,0.12286,-0.20762,0.20762,normal
18.82000,-4.23256,-3.87674,3.75349,0.46667,-0.60000,0.25556,normal
18.84000,-4.69767,-2.83023,3.66047,0.42609,-0.20145,0.07391,normal
18.86000,-5.16279,-1.78372,3.56744,0.33913,-0.08551,0.16087,normal
18.88000,-5.62791,-0.73721,3.47442,0.25217,0.03043,0.24783,normal
18.90000,-7.25000,-3.20000,5.05000,-0.59140,0.39785,0.30000,normal
18.92000,-8.49355,-7.01935,4.11290,-0.41935,0.35484,0.30000,normal
18.94000,-8.70860,-7.04086,4.34946,-0.24731,0.31183,0.30000,normal
18.96000,-8.92366,-7.06237,4.58602,-0.07527,0.26882,0.30000,normal
18.98000,-9.13871,-7.08387,4.82258,0.09677,0.22581,0.30000,normal
19.00000,-6.30000,-2.80000,5.00000,0.09208,-0.19802,0.40000,normal
19.02000,-5.57423,-1.06701,4.31856,0.01287,-0.17822,0.40000,normal
19.04000,-5.65670,-1.25258,4.33918,-0.06634,-0.15842,0.40000,normal
19.06000,-5.73918,-1.43814,4.35979,-0.14554,-0.13861,0.40000,normal
19.08000,-5.82165,-1.62371,4.38041,-0.22475,-0.11881,0.40000,normal
19.10000,-3.90000,-3.80000,3.00000,-0.50000,-0.10000,0.20000,normal
19.12000,-4.41538,-7.53297,4.33187,-0.34059,-0.00990,-0.20990,normal
19.14000,-4.56923,-7.57692,4.50769,-0.22178,-0.02970,-0.22970,normal
19.16000,-4.72308,-7.62088,4.68352,-0.10297,-0.04950,-0.24950,normal
19.18000,-4.87692,-7.66484,4.85934,0.01584,-0.06931,-0.26931,normal
19.20000,-5.22857,-5.68571,6.34286,0.13465,-0.08911,-0.28911,normal
19.22000,-5.80000,-2.50000,7.60000,0.93125,-0.38750,-0.34375,normal
19.24000,-5.32973,-2.17027,6.33243,0.68906,-0.58906,-0.41094,normal
19.26000,-5.14054,-2.35946,6.03514,0.65781,-0.55781,-0.44219,normal
19.28000,-4.95135,-2.54865,5.73784,0.62656,-0.52656,-0.47344,normal
19.30000,-5.60000,-3.23333,5.23333,0.50000,-0.20000,-0.50000,normal
19.32000,-8.63448,-2.89540,7.12529,0.65357,-0.18452,-0.08452,normal
19.34000,-8.84138,-2.73448,7.01034,0.58214,-0.16071,-0.06071,normal
19.36000,-9.04828,-2.57356,6.89540,0.51071,-0.13690,-0.03690,normal
19.38000,-9.25517,-2.41264,6.78046,0.43929,-0.11310,-0.01310,normal
19.40000,-10.35000,-2.35000,5.90000,0.40319,0.40000,0.70000,normal
19.42000,-11.34043,-1.95851,6.38085,0.42447,0.40000,0.70000,normal
19.44000,-11.38298,-1.80957,6.46596,0.44574,0.40000,0.70000,normal
19.46000,-11.42553,-1.66064,6.55106,0.46702,0.40000,0.70000,normal
19.48000,-11.46809,-1.51170,6.63617,0.48830,0.40000,0.70000,normal
19.50000,-8.80000,-1.00000,5.00000,0.38571,0.34286,0.54286,normal
19.52000,-7.88866,-1.71856,4.28144,0.21250,0.30000,0.30000,normal
19.54000,-7.76495,-1.73918,4.26082,0.23333,0.30000,0.30000,normal
19.56000,-7.64124,-1.75979,4.24021,0.25417,0.30000,0.30000,normal
19.58000,-7.51753,-1.78041,4.21959,0.27500,0.30000,0.30000,normal
19.60000,-7.43000,-1.76000,4.24000,0.29583,0.30000,0.30000,normal
19.62000,-9.18148,-1.65926,4.64444,0.10000,0.30000,0.40000,normal
19.64000,-9.45309,-1.85679,4.79259,-1.21884,0.25942,0.50000,normal
19.66000,-9.72469,-2.05432,4.94074,-1.10290,0.20145,0.50000,normal
19.68000,-9.99630,-2.25185,5.08889,-0.98696,0.14348,0.50000,normal
19.70000,-10.14000,-3.02000,5.82000,0.65000,-0.05000,0.10000,normal
19.72000,-8.40000,-0.20000,6.56667,0.42727,0.01919,0.10000,normal
19.74000,-8.26667,-0.06667,6.38889,0.24545,0.03939,0.10000,normal
19.76000,-8.13333,0.06667,6.21111,0.06364,0.05960,0.10000,normal
19.78000,-8.00000,0.20000,6.03333,-0.11818,0.07980,0.10000,normal
19.80000,-7.52000,-3.16000,4.42000,-0.30000,0.10000,0.10000,normal
19.82000,-7.56353,-2.76824,4.35294,0.11758,0.20000,0.10879,normal
19.84000,-7.70471,-2.69765,4.47059,0.16154,0.20000,0.13077,normal
19.86000,-7.84588,-2.62706,4.58824,0.20549,0.20000,0.15275,normal
19.88000,-7.98706,-2.55647,4.70588,0.24945,0.20000,0.17473,normal
19.90000,-9.70000,-3.60000,5.10000,0.29341,0.20000,0.19670,normal
19.92000,-8.48191,1.42872,5.42021,0.11724,0.10000,0.18966,normal
19.94000,-8.46064,1.10957,4.97340,-0.06667,0.10000,0.16667,normal
19.96000,-8.43936,0.79043,4.52660,-0.25057,0.10000,0.14368,normal
19.98000,-8.41809,0.47128,4.07979,-0.43448,0.10000,0.12069,normal
20.00000,-7.90000,-3.10000,4.10000,-0.60000,0.10000,-0.20000,normal
20.02000,-8.13187,-3.19451,5.57582,-0.50000,0.22737,0.11368,normal
20.04000,-8.35165,-3.01868,5.20220,-0.50000,0.26947,0.13474,normal
20.06000,-8.57143,-2.84286,4.82857,-0.50000,0.31158,0.15579,normal
20.08000,-8.79121,-2.66703,4.45495,-0.50000,0.35368,0.17684,normal
20.10000,-9.05000,-2.31250,4.33750,-0.50000,0.39579,0.19789,normal
20.12000,-8.81905,-1.24286,4.25238,-0.11034,0.60000,0.17931,normal
20.14000,-8.86667,-1.60000,4.13333,-0.13333,0.60000,0.13333,normal
20.16000,-8.91429,-1.95714,4.01429,-0.15632,0.60000,0.08736,normal
20.18000,-8.96190,-2.31429,3.89524,-0.17931,0.60000,0.04138,normal
20.20000,-8.73333,-2.42222,4.02222,-0.40000,0.50000,0.20000,normal
20.22000,-8.81379,-2.33448,4.24483,-0.36667,0.60000,0.28333,normal
20.24000,-8.83678,-2.05862,4.15287,-0.32745,0.60000,0.26373,normal
20.26000,-8.85977,-1.78276,4.06092,-0.28824,0.60000,0.24412,normal
20.28000,-8.88276,-1.50690,3.96897,-0.24902,0.60000,0.22451,normal
20.30000,-8.80000,-1.90000,3.10000,-0.20980,0.60000,0.20490,normal
20.32000,-8.86129,-2.48710,3.63871,0.20000,0.30000,0.11071,normal
20.34000,-8.81828,-2.25054,3.68172,0.20000,0.30000,0.13452,normal
20.36000,-8.77527,-2.01398,3.72473,0.20000,0.30000,0.15833,normal
20.38000,-8.73226,-1.77742,3.76774,0.20000,0.30000,0.18214,normal
20.40000,-9.14000,-1.06000,3.48000,-0.20000,0.20000,0.00000,normal
20.42000,-9.00000,-0.81667,3.51667,-0.23448,0.18276,-0.03448,normal
20.44000,-9.13333,-1.23889,3.27222,-0.28046,0.15977,-0.08046,normal
20.46000,-9.26667,-1.66111,3.02778,-0.32644,0.13678,-0.12644,normal
20.48000,-9.40000,-2.08333,2.78333,-0.37241,0.11379,-0.17241,normal
20.50000,-8.80000,-2.00000,3.50000,0.00000,0.20000,0.00000,normal
20.52000,-8.79355,-1.71935,3.47097,0.00000,0.27912,0.00000,normal
20.54000,-9.00860,-1.74086,3.10538,0.00000,0.25714,0.00000,normal
20.56000,-9.22366,-1.76237,2.73978,0.00000,0.23516,0.00000,normal
20.58000,-9.43871,-1.78387,2.37419,0.00000,0.21319,0.00000,normal
20.60000,-9.40000,-1.50000,2.70000,-0.19818,-0.20182,-0.39818,normal
20.62000,-9.03871,-2.51290,2.67419,-0.18000,-0.22000,-0.38000,normal
20.64000,-9.08172,-2.08280,2.86774,-0.16182,-0.23818,-0.36182,normal
20.66000,-9.12473,-1.65269,3.06129,-0.14364,-0.25636,-0.34364,normal
20.68000,-9.16774,-1.22258,3.25484,-0.12545,-0.27455,-0.32545,normal
20.70000,-8.76000,-2.76000,3.68000,-0.10727,-0.29273,-0.30727,normal
20.72000,-9.18171,-2.35610,2.59634,0.12000,-0.14000,-0.40000,normal
20.74000,-9.05976,-2.06341,2.57195,0.18769,-0.34923,-0.41231,normal
20.76000,-8.93780,-1.77073,2.54756,0.15692,-0.47231,-0.44308,normal
20.78000,-8.81585,-1.47805,2.52317,0.12615,-0.59538,-0.47385,normal
20.80000,-11.20000,-5.00000,2.10000,-0.07143,-0.78571,-0.50000,normal
20.82000,-7.01319,-3.63516,4.80110,-0.36118,-0.26118,-0.08706,normal
20.84000,-7.43077,-3.41538,4.66923,-0.29059,-0.19059,-0.06353,normal
20.86000,-7.84835,-3.19560,4.53736,-0.22000,-0.12000,-0.04000,normal
20.88000,-8.26593,-2.97582,4.40549,-0.14941,-0.04941,-0.01647,normal
20.90000,-7.60000,-3.90000,4.70000,0.22000,0.16000,0.26000,normal
20.92000,-8.84681,-2.25106,3.17234,0.11753,0.18247,0.08247,normal
20.94000,-8.65532,-2.31489,3.51277,0.13814,0.16186,0.06186,normal
20.96000,-8.46383,-2.37872,3.85319,0.15876,0.14124,0.04124,normal
20.98000,-8.27234,-2.44255,4.19362,0.17938,0.12062,0.02062,normal
21.00000,-8.21429,-2.58571,4.58571,0.20000,0.10000,0.00000,normal
21.02000,-8.37727,-3.21136,4.17727,0.02692,0.21346,0.11346,normal
21.04000,-8.33182,-3.23409,4.13182,0.06538,0.23269,0.13269,normal
21.06000,-8.28636,-3.25682,4.08636,0.10385,0.25192,0.15192,normal
21.08000,-8.24091,-3.27955,4.04091,0.14231,0.27115,0.17115,normal
21.10000,-8.85000,-2.35000,3.20000,0.18077,0.29038,0.19038,normal
21.12000,-8.20000,-1.80000,4.70000,0.26667,0.23333,0.20000,normal
21.14000,-8.44000,-2.20000,4.78000,0.10000,0.00000,0.20000,normal
21.16000,-8.68000,-2.60000,4.86000,0.10000,0.00000,0.20000,normal
21.18000,-8.92000,-3.00000,4.94000,0.10000,0.00000,0.20000,normal
21.20000,-5.60000,-5.80000,6.40000,-1.40000,-0.80000,-0.90000,normal
21.22000,-3.06774,-6.47419,2.95806,-1.48511,-1.34255,-1.13830,normal
21.24000,-2.80968,-6.00108,2.35591,-1.35745,-1.27872,-1.18085,normal
21.26000,-2.55161,-5.52796,1.75376,-1.22979,-1.21489,-1.22340,normal
21.28000,-2.29355,-5.05484,1.15161,-1.10213,-1.15106,-1.26596,normal
21.30000,-4.60000,-3.30000,2.16667,1.85000,0.00000,-0.65000,normal
21.32000,-11.96180,-3.17865,11.70000,2.78989,-0.48090,-0.31011,normal
21.34000,-12.47865,-3.29101,11.70000,2.54270,-0.45843,-0.55730,normal
21.36000,-12.99551,-3.40337,11.70000,2.29551,-0.43596,-0.80449,normal
21.38000,-13.51236,-3.51573,11.70000,2.04831,-0.41348,-1.05169,normal
21.40000,-8.50000,-2.80000,0.80000,0.19608,-0.49412,-0.90000,normal
21.42000,-6.94516,-4.00000,4.29677,0.15686,-0.43529,-0.90000,normal
21.44000,-6.77312,-4.00000,5.07097,0.11765,-0.37647,-0.90000,normal
21.46000,-6.60108,-4.00000,5.84516,0.07843,-0.31765,-0.90000,normal
21.48000,-6.42903,-4.00000,6.61935,0.03922,-0.25882,-0.90000,normal
21.50000,-4.02000,-1.59000,6.00000,0.00000,-0.20000,-0.90000,normal
21.52000,-12.95870,-7.00000,7.34565,0.20000,0.30000,0.50000,normal
21.54000,-11.67609,-7.00000,6.23696,-0.55128,-0.09744,-0.47308,normal
21.56000,-10.39348,-7.00000,5.12826,-0.50000,-0.20000,-0.55000,normal
21.58000,-9.11087,-7.00000,4.01957,-0.44872,-0.30256,-0.62692,normal
21.60000,-7.82826,-7.00000,2.91087,-0.26000,-0.40000,-0.66000,normal
21.62000,-7.51348,-3.49775,5.94045,0.52619,-0.20000,-0.36071,normal
21.64000,-7.53596,-3.16067,6.00787,0.57381,-0.20000,-0.28929,normal
21.66000,-7.55843,-2.82360,6.07528,0.62143,-0.20000,-0.21786,normal
21.68000,-7.58090,-2.48652,6.14270,0.66905,-0.20000,-0.14643,normal
21.70000,-6.90000,-0.50000,5.30000,0.24286,0.05714,0.20000,normal
21.72000,-8.29341,-5.06264,5.58132,-0.66512,0.08256,0.15233,normal
21.74000,-8.40330,-5.01868,5.55934,-0.61860,0.05930,0.22209,normal
21.76000,-8.51319,-4.97473,5.53736,-0.57209,0.03605,0.29186,normal
21.78000,-8.62308,-4.93077,5.51538,-0.52558,0.01279,0.36163,normal
21.80000,-11.25000,1.80000,5.05000,-1.01651,0.09450,0.68073,normal
21.82000,-12.67172,-1.03131,5.15051,-1.12661,0.05780,0.55229,normal
21.84000,-13.37879,-2.74848,4.88788,-1.23670,0.02110,0.42385,normal
21.86000,-14.08586,-4.46566,4.62525,-1.34679,-0.01560,0.29541,normal
21.88000,-14.79293,-6.18283,4.36263,-1.45688,-0.05229,0.16697,normal
21.90000,-15.50000,-7.90000,4.10000,-1.56697,-0.08899,0.03853,normal
21.92000,-3.80952,-3.40952,6.35714,-0.12222,-0.17778,-0.23333,normal
21.94000,-3.85714,-2.95714,6.64286,1.43514,-0.48378,-0.06757,normal
21.96000,-3.90476,-2.50476,6.92857,1.32703,-0.45676,-0.01351,normal
21.98000,-3.95238,-2.05238,7.21429,1.21892,-0.42973,0.04054,normal
22.00000,-4.00000,-1.60000,7.50000,1.11081,-0.40270,0.09459,normal
22.02000,-7.68571,-4.30000,6.10000,-0.73333,-0.10000,0.00000,normal
22.04000,-7.81758,-4.60769,6.10000,-0.62222,-0.10000,0.00000,normal
22.06000,-7.94945,-4.91538,6.10000,-0.51111,-0.10000,0.00000,normal
22.08000,-8.08132,-5.22308,6.10000,-0.40000,-0.10000,0.00000,normal
22.10000,-7.84000,-5.06000,6.22000,-0.15714,-0.12857,0.02857,normal
22.12000,-5.49310,-2.43103,5.37241,0.48875,-0.18875,0.10000,normal
22.14000,-5.81494,-2.31609,5.32644,0.46375,-0.16375,0.10000,normal
22.16000,-6.13678,-2.20115,5.28046,0.43875,-0.13875,0.10000,normal
22.18000,-6.45862,-2.08621,5.23448,0.41375,-0.11375,0.10000,normal
22.20000,-7.10000,-3.70000,5.90000,-0.10000,-0.10000,0.10000,normal
22.22000,-6.76970,-3.62323,7.53434,0.08609,-0.22783,0.10000,normal
22.24000,-6.52727,-3.54242,7.67576,0.06870,-0.26261,0.10000,normal
22.26000,-6.28485,-3.46162,7.81717,0.05130,-0.29739,0.10000,normal
22.28000,-6.04242,-3.38081,7.95859,0.03391,-0.33217,0.10000,normal
22.30000,-5.80000,-3.30000,8.10000,0.01652,-0.36696,0.10000,normal
22.32000,-6.66875,-3.80000,6.96875,0.00000,-0.38333,0.10000,normal
22.34000,-6.54375,-3.40000,6.84375,0.20000,-0.10000,0.10000,normal
22.36000,-6.41875,-3.00000,6.71875,-0.13148,-0.10000,0.06296,normal
22.38000,-6.29375,-2.60000,6.59375,-0.16852,-0.10000,0.13704,normal
22.40000,-6.65000,-3.35000,6.72500,0.10000,0.00000,0.10000,normal
22.42000,-5.84483,-3.38621,6.23103,0.38261,-0.10000,0.00000,normal
22.44000,-5.75287,-3.36322,6.11609,0.36087,-0.10000,0.00000,normal
22.46000,-5.66092,-3.34023,6.00115,0.33913,-0.10000,0.00000,normal
22.48000,-5.56897,-3.31724,5.88621,0.31739,-0.10000,0.00000,normal
22.50000,-4.96667,-3.20000,5.46667,0.60000,-0.15000,0.10000,normal
22.52000,-3.31573,-2.62584,5.26292,0.24857,0.10000,-0.20000,normal
22.54000,-3.33820,-2.80562,5.35281,0.19143,0.10000,-0.20000,normal
22.56000,-3.36067,-2.98539,5.44270,0.13429,0.10000,-0.20000,normal
22.58000,-3.38315,-3.16517,5.53258,0.07714,0.10000,-0.20000,normal
22.60000,-4.12222,-3.74444,6.32222,0.02000,0.10000,-0.20000,normal
22.62000,-6.97412,-1.98000,7.72235,0.59474,-0.19868,-0.10000,normal
22.64000,-6.92706,-1.58000,7.58118,0.48947,-0.17237,-0.10000,normal
22.66000,-6.88000,-1.18000,7.44000,0.38421,-0.14605,-0.10000,normal
22.68000,-6.83294,-0.78000,7.29882,0.27895,-0.11974,-0.10000,normal
22.70000,-5.95000,-1.75000,6.05000,-0.40000,0.10000,0.00000,normal
22.72000,-7.25169,-4.68539,6.33483,-0.09674,0.20000,-0.02065,normal
22.74000,-7.45393,-4.93258,6.51461,0.01196,0.20000,-0.04239,normal
22.76000,-7.65618,-5.17978,6.69438,0.12065,0.20000,-0.06413,normal
22.78000,-7.85843,-5.42697,6.87416,0.22935,0.20000,-0.08587,normal
22.80000,-7.12500,1.00000,7.57500,0.50000,0.00000,0.20000,normal
22.82000,-6.49375,-0.64271,6.03438,-1.53696,-0.20000,0.08152,normal
22.84000,-6.36875,-1.16354,5.72188,-1.58043,-0.20000,0.05978,normal
22.86000,-6.24375,-1.68437,5.40938,-1.62391,-0.20000,0.03804,normal
22.88000,-6.11875,-2.20521,5.09688,-1.66739,-0.20000,0.01630,normal
22.90000,-6.00000,-4.70000,5.00000,0.30000,-0.30000,0.00000,normal
22.92000,-5.91573,-3.52921,7.78427,0.44808,-0.41731,-0.01731,normal
22.94000,-5.80337,-3.03483,7.89663,0.39038,-0.43654,-0.03654,normal
22.96000,-5.69101,-2.54045,8.00899,0.33269,-0.45577,-0.05577,normal
22.98000,-5.57865,-2.04607,8.12135,0.27500,-0.47500,-0.07500,normal
23.00000,-4.90000,-1.27143,7.77143,0.21731,-0.49423,-0.09423,normal
23.02000,-6.76047,-5.22791,4.61860,-0.55556,-0.40000,-0.11111,normal
23.04000,-7.06279,-5.36744,4.71163,-0.35195,-0.40000,-0.10000,normal
23.06000,-7.36512,-5.50698,4.80465,-0.19610,-0.40000,-0.10000,normal
23.08000,-7.66744,-5.64651,4.89767,-0.04026,-0.40000,-0.10000,normal
23.10000,-7.96977,-5.78605,4.99070,0.40000,-0.30000,0.10000,normal
23.12000,-9.42414,-0.95862,10.60345,0.11613,-0.30000,0.40000,normal
23.14000,-9.63103,-0.88966,10.44253,0.13763,-0.30000,0.40000,normal
23.16000,-9.83793,-0.82069,10.28161,0.15914,-0.30000,0.40000,normal
23.18000,-10.04483,-0.75172,10.12069,0.18065,-0.30000,0.40000,normal
23.20000,-6.70000,-4.80000,6.10000,0.70000,-0.40000,0.30000,normal
23.22000,-1.52414,-1.41724,8.17241,1.25981,-0.05794,0.30000,normal
23.24000,-1.73103,-1.27931,8.12644,1.07290,-0.00187,0.30000,normal
23.26000,-1.93793,-1.14138,8.08046,0.88598,0.05421,0.30000,normal
23.28000,-2.14483,-1.00345,8.03448,0.69907,0.11028,0.30000,normal
23.30000,-8.20000,-0.60000,6.80000,0.51215,0.16636,0.30000,normal
23.32000,-7.20000,-1.80000,7.10000,-0.98913,0.29783,0.10217,normal
23.34000,-5.87297,-3.01892,7.54595,-0.88043,0.27609,0.12391,normal
23.36000,-5.95405,-3.26216,7.70811,-0.77174,0.25435,0.14565,normal
23.38000,-6.03514,-3.50541,7.87027,-0.66304,0.23261,0.16739,normal
23.40000,-4.61111,-3.67778,8.03333,-0.55435,0.21087,0.18913,normal
23.42000,-5.40000,-1.90000,7.00000,0.40000,0.07778,0.20000,normal
23.44000,-5.29333,-1.98000,7.00000,0.17714,0.10000,0.17714,normal
23.46000,-5.18667,-2.06000,7.00000,0.14857,0.10000,0.14857,normal
23.48000,-5.08000,-2.14000,7.00000,0.12000,0.10000,0.12000,normal
23.50000,-4.75000,-2.20000,5.55000,0.05000,0.50000,0.10000,normal
23.52000,-4.84301,-2.34301,5.07957,-0.02391,0.62065,0.07935,normal
23.54000,-4.99355,-2.49355,5.05806,-0.15435,0.64239,0.05761,normal
23.56000,-5.14409,-2.64409,5.03656,-0.28478,0.66413,0.03587,normal
23.58000,-5.29462,-2.79462,5.01505,-0.41522,0.68587,0.01413,normal
23.60000,-6.60000,-3.80000,6.10000,0.20200,0.49600,0.09800,normal
23.62000,-6.98913,-1.94457,8.40761,0.22200,0.45600,0.07800,normal
23.64000,-6.85870,-1.87935,8.29891,0.24200,0.41600,0.05800,normal
23.66000,-6.72826,-1.81413,8.19022,0.26200,0.37600,0.03800,normal
23.68000,-6.59783,-1.74891,8.08152,0.28200,0.33600,0.01800,normal
23.70000,-5.84286,-1.54286,6.00000,-0.05000,0.30000,-0.05000,normal
23.72000,-8.43043,-2.93478,6.52609,0.12963,0.38519,0.10000,normal
23.74000,-8.64783,-2.82609,7.06957,0.16667,0.36667,0.10000,normal
23.76000,-8.86522,-2.71739,7.61304,0.20370,0.34815,0.10000,normal
23.78000,-9.08261,-2.60870,8.15652,0.24074,0.32963,0.10000,normal
23.80000,-9.30000,-2.50000,8.70000,0.27778,0.31111,0.10000,normal
23.82000,-9.30000,-3.40000,5.55000,-1.05000,0.27000,0.20000,normal
23.84000,-8.83562,-4.36164,5.05616,-0.56462,0.30000,-0.08308,normal
23.86000,-8.45205,-4.00548,5.22055,-0.31846,0.30000,-0.05231,normal
23.88000,-8.06849,-3.64932,5.38493,-0.07231,0.30000,-0.02154,normal
23.90000,-7.72000,-1.66000,6.20000,-0.80000,0.30000,0.00000,normal
23.92000,-7.67692,-2.16374,6.19451,-0.82198,0.30000,0.00000,normal
23.94000,-7.52308,-2.49341,6.06264,-0.84396,0.30000,0.00000,normal
23.96000,-7.36923,-2.82308,5.93077,-0.86593,0.30000,0.00000,normal
23.98000,-7.21538,-3.15275,5.79890,-0.88791,0.30000,0.00000,normal
24.00000,-7.60000,-3.05000,5.35000,-0.38182,0.32727,0.14545,normal
24.02000,-7.71753,-2.16495,5.99794,-0.14719,0.21573,0.20000,normal
24.04000,-7.84124,-1.91753,6.10103,-0.21461,0.23820,0.20000,normal
24.06000,-7.96495,-1.67010,6.20412,-0.28202,0.26067,0.20000,normal
24.08000,-8.08866,-1.42268,6.30722,-0.34944,0.28315,0.20000,normal
24.10000,-7.10000,-3.40000,5.50000,-0.15000,0.40000,0.10000,normal
24.12000,-7.75056,-3.14831,4.76742,-0.16275,0.40000,0.11863,normal
24.14000,-7.81798,-2.94607,4.85730,-0.12353,0.40000,0.13824,normal
24.16000,-7.88539,-2.74382,4.94719,-0.08431,0.40000,0.15784,normal
24.18000,-7.95281,-2.54157,5.03708,-0.04510,0.40000,0.17745,normal
24.20000,-7.97692,-2.66923,4.93846,-0.00588,0.40000,0.19706,normal
24.22000,-7.45435,-3.19130,5.67717,-0.10000,0.40000,0.10588,normal
24.24000,-7.32391,-3.45217,5.61196,-0.58378,0.43243,0.20000,normal
24.26000,-7.19348,-3.71304,5.54674,-0.55676,0.48649,0.20000,normal
24.28000,-7.06304,-3.97391,5.48152,-0.52973,0.54054,0.20000,normal
24.30000,-6.93261,-4.23478,5.41630,-0.50270,0.59459,0.20000,normal
24.32000,-8.85714,-3.03810,4.03810,-0.19318,0.48636,0.18636,normal
24.34000,-8.50000,-3.13333,4.13333,-0.17045,0.44091,0.14091,normal
24.36000,-8.14286,-3.22857,4.22857,-0.14773,0.39545,0.09545,normal
24.38000,-7.78571,-3.32381,4.32381,-0.12500,0.35000,0.05000,normal
24.40000,-9.28889,-2.32222,3.80000,-0.10227,0.30455,0.00455,normal
24.42000,-7.69756,-2.73902,4.39024,0.10000,0.11209,0.18791,normal
24.44000,-7.94146,-2.83659,4.36585,0.10000,0.13407,0.16593,normal
24.46000,-8.18537,-2.93415,4.34146,0.10000,0.15604,0.14396,normal
24.48000,-8.42927,-3.03171,4.31707,0.10000,0.17802,0.12198,normal
24.50000,-8.75455,-2.60909,4.01818,0.10000,0.20000,0.10000,normal
24.52000,-9.20476,-2.71190,3.24762,-0.08641,0.40000,0.28641,normal
24.54000,-9.01429,-2.73571,3.34286,-0.06699,0.40000,0.26699,normal
24.56000,-8.82381,-2.75952,3.43810,-0.04757,0.40000,0.24757,normal
24.58000,-8.63333,-2.78333,3.53333,-0.02816,0.40000,0.22816,normal
24.60000,-8.59231,-2.52308,3.32308,-0.00874,0.40000,0.20874,normal
24.62000,-8.79259,-2.21358,3.21481,0.08462,0.31538,0.28462,normal
24.64000,-8.64444,-2.48519,3.51111,0.10000,0.00000,0.28143,normal
24.66000,-8.49630,-2.75679,3.80741,0.10000,0.00000,0.25286,normal
24.68000,-8.34815,-3.02840,4.10370,0.10000,0.00000,0.22429,normal
24.70000,-8.20000,-3.30000,4.40000,0.10000,0.50000,0.40000,normal
24.72000,-9.61413,-2.51630,2.54239,0.21477,0.15568,0.28523,normal
24.74000,-9.63587,-2.23370,2.60761,0.23750,0.08750,0.26250,normal
24.76000,-9.65761,-1.95109,2.67283,0.26023,0.01932,0.23977,normal
24.78000,-9.67935,-1.66848,2.73804,0.28295,-0.04886,0.21705,normal
24.80000,-9.20000,-1.00000,2.80000,0.15714,-0.47143,0.05714,normal
24.82000,-9.03258,-1.59326,3.93820,0.26526,-1.01158,0.23474,normal
24.84000,-8.94270,-0.78427,4.52247,0.20211,-1.03263,0.29789,normal
24.86000,-8.85281,0.02472,5.10674,0.13895,-1.05368,0.36105,normal
24.88000,-8.76292,0.83371,5.69101,0.07579,-1.07474,0.42421,normal
24.90000,-8.40000,-2.15000,4.90000,0.01263,-1.09579,0.48737,normal
24.92000,-8.51828,-1.67097,5.16129,0.40000,0.01235,0.22469,normal
24.94000,-8.43226,-1.21935,5.22581,0.40000,0.03704,0.27407,normal
24.96000,-8.34624,-0.76774,5.29032,0.40000,0.06173,0.32346,normal
24.98000,-8.26022,-0.31613,5.35484,0.40000,0.08642,0.37284,normal
25.00000,-8.30000,-1.30000,4.50000,-0.10000,-0.10000,0.10000,normal
25.02000,-8.10000,-1.49794,5.56701,0.33191,0.03191,0.20000,normal
25.04000,-8.10000,-1.60103,5.21649,0.37447,0.07447,0.20000,normal
25.06000,-8.10000,-1.70412,4.86598,0.41702,0.11702,0.20000,normal
25.08000,-8.10000,-1.80722,4.51546,0.45957,0.15957,0.20000,normal
25.10000,-8.90000,-1.40000,4.30000,0.50000,0.15000,0.25000,normal
25.12000,-5.04944,-0.55506,5.15730,0.17250,-0.53125,0.20375,normal
25.14000,-5.61124,-1.49888,5.85393,0.12250,-0.40625,0.02875,normal
25.16000,-6.17303,-2.44270,6.55056,0.07250,-0.28125,-0.14625,normal
25.18000,-6.73483,-3.38652,7.24719,0.02250,-0.15625,-0.32125,normal
25.20000,-6.54950,-2.95842,4.12178,-0.52857,-0.22857,-0.70000,normal
25.22000,-7.04455,-2.54257,4.33960,-0.51727,-0.18273,-0.68273,normal
25.24000,-7.53960,-2.12673,4.55743,-0.53545,-0.16455,-0.66455,normal
25.26000,-8.03465,-1.71089,4.77525,-0.55364,-0.14636,-0.64636,normal
25.28000,-8.52970,-1.29505,4.99307,-0.57182,-0.12818,-0.62818,normal
25.30000,-8.60000,-1.40000,5.20000,-0.59000,-0.11000,-0.61000,normal
25.32000,-8.78537,-7.49756,4.79024,0.71220,-0.80732,-1.89512,normal
25.34000,-8.24878,-6.74146,4.76585,0.83415,-0.88049,-1.84634,normal
25.36000,-7.71220,-5.98537,4.74146,0.95610,-0.95366,-1.79756,normal
25.38000,-7.17561,-5.22927,4.71707,1.07805,-1.02683,-1.74878,normal
25.40000,-6.40000,-5.40000,4.75000,1.20000,-1.10000,-1.70000,normal
25.42000,-5.09535,-3.80000,5.36744,1.41341,-0.68659,-2.02683,normal
25.44000,-5.42093,-3.80000,5.64651,1.43780,-0.66220,-2.07561,normal
25.46000,-5.74651,-3.80000,5.92558,1.46220,-0.63780,-2.12439,normal
25.48000,-6.07209,-3.80000,6.20465,1.48659,-0.61341,-2.17317,normal
25.50000,-2.50000,-2.85000,7.05000,0.19677,-0.29032,-1.29677,normal
25.52000,-4.81935,-4.22473,7.78172,0.17527,-0.22581,-1.27527,normal
25.54000,-5.78710,-4.46129,7.86774,0.15376,-0.16129,-1.25376,normal
25.56000,-6.75484,-4.69785,7.95376,0.13226,-0.09677,-1.23226,normal
25.58000,-7.72258,-4.93441,8.03978,0.11075,-0.03226,-1.21075,normal
25.60000,-1.70000,-3.20000,6.30000,0.40000,-0.35000,-1.40000,normal
25.62000,-1.95263,-3.05263,6.38421,0.71782,-0.24653,-1.01089,normal
25.64000,-2.20526,-2.90526,6.46842,0.73762,-0.18713,-0.91188,normal
25.66000,-2.45789,-2.75789,6.55263,0.75743,-0.12772,-0.81287,normal
25.68000,-2.71053,-2.61053,6.63684,0.77723,-0.06832,-0.71386,normal
25.70000,-6.50000,-2.10000,7.10000,0.79703,-0.00891,-0.61485,normal
25.72000,-5.29136,-2.29136,6.03457,0.50000,0.24545,0.23636,normal
25.74000,-5.26667,-2.26667,6.13333,0.50000,0.32059,0.46176,normal
25.76000,-5.24198,-2.24198,6.23210,0.50000,0.35000,0.55000,normal
25.78000,-5.21728,-2.21728,6.33086,0.50000,0.37941,0.63824,normal
25.80000,-7.60000,-2.98000,6.90000,0.50000,0.46667,0.83333,normal
25.82000,-8.16000,-2.51778,6.93556,0.65568,0.71477,1.30000,normal
25.84000,-8.36000,-2.54000,6.98000,0.58750,0.73750,1.30000,normal
25.86000,-8.56000,-2.56222,7.02444,0.51932,0.76023,1.30000,normal
25.88000,-8.76000,-2.58444,7.06889,0.45114,0.78295,1.30000,normal
25.90000,-9.35000,-3.00000,7.05000,-0.60000,0.70000,1.10000,normal
25.92000,-8.96629,-3.66629,6.58539,-0.19326,0.55730,0.95730,normal
25.94000,-8.92135,-3.62135,6.83258,-0.08090,0.51236,0.91236,normal
25.96000,-8.87640,-3.57640,7.07978,0.03146,0.46742,0.86742,normal
25.98000,-8.83146,-3.53146,7.32697,0.14382,0.42247,0.82247,normal
26.00000,-7.20000,-0.10000,6.10000,0.80000,0.00000,0.60000,normal
26.02000,-6.99381,-0.03814,5.77010,0.45143,0.04857,0.40000,normal
26.04000,-6.78763,0.02371,5.44021,0.39429,0.10571,0.40000,normal
26.06000,-6.58144,0.08557,5.11031,0.33714,0.16286,0.40000,normal
26.08000,-6.37526,0.14742,4.78041,0.28000,0.22000,0.40000,normal
26.10000,-8.10000,-2.20000,5.50000,0.22286,0.27714,0.40000,normal
26.12000,-9.95128,-7.14487,9.97051,-0.72000,0.56000,0.14000,normal
26.14000,-8.97692,-6.04231,9.38077,0.27761,-0.01940,-0.13881,normal
26.16000,-8.00256,-4.93974,8.79103,0.39701,-0.04925,-0.19851,normal
26.18000,-7.02821,-3.83718,8.20128,0.51642,-0.07910,-0.25821,normal
26.20000,-5.35000,1.75000,6.05000,-0.10000,0.10000,0.10000,normal
26.22000,-8.53111,-1.25111,6.55333,-0.51087,0.21848,0.14457,normal
26.24000,-8.82000,-1.94000,6.62000,-0.64130,0.24022,0.07935,normal
26.26000,-9.10889,-2.62889,6.68667,-0.77174,0.26196,0.01413,normal
26.28000,-9.39778,-3.31778,6.75333,-0.90217,0.28370,-0.05109,normal
26.30000,-7.34000,-1.76000,6.14000,-0.64000,-0.10000,0.10000,normal
26.32000,-6.53258,-2.03258,6.63371,-0.78140,-0.08140,0.01860,normal
26.34000,-6.44270,-1.94270,6.67865,-0.75814,-0.05814,0.04186,normal
26.36000,-6.35281,-1.85281,6.72360,-0.73488,-0.03488,0.06512,normal
26.38000,-6.26292,-1.76292,6.76854,-0.71163,-0.01163,0.08837,normal
26.40000,-7.30000,-3.40000,6.00000,-0.52000,0.10000,-0.10000,normal
26.42000,-7.54043,-3.53936,5.83936,-0.18837,0.10000,-0.20000,normal
26.44000,-7.58298,-3.47553,5.77553,-0.14186,0.10000,-0.20000,normal
26.46000,-7.62553,-3.41170,5.71170,-0.09535,0.10000,-0.20000,normal
26.48000,-7.66809,-3.34787,5.64787,-0.04884,0.10000,-0.20000,normal
26.50000,-7.35000,-2.46000,5.72000,-0.00233,0.10000,-0.20000,normal
26.52000,-6.57831,-3.01928,5.94578,-0.62000,-0.10000,-0.10000,normal
26.54000,-6.53012,-3.28434,5.82530,-0.82571,-0.10000,-0.10000,normal
26.56000,-6.48193,-3.54940,5.70482,-0.71143,-0.10000,-0.10000,normal
26.58000,-6.43373,-3.81446,5.58434,-0.59714,-0.10000,-0.10000,normal
26.60000,-7.07500,-3.77500,6.47500,-0.20000,0.00000,0.00000,normal
26.62000,-7.97011,-2.72989,6.45057,-0.20000,0.00000,-0.11429,normal
26.64000,-7.92414,-2.77586,6.22069,-0.20000,0.00000,-0.13626,normal
26.66000,-7.87816,-2.82184,5.99080,-0.20000,0.00000,-0.15824,normal
26.68000,-7.83218,-2.86782,5.76092,-0.20000,0.00000,-0.18022,normal
26.70000,-6.55000,-3.50000,6.10000,-0.30000,-0.10000,-0.20000,normal
26.72000,-7.18649,-3.68919,5.63514,-0.28632,0.01368,-0.01368,normal
26.74000,-7.33063,-3.67117,5.52703,-0.26923,0.03077,-0.03077,normal
26.76000,-7.47477,-3.65315,5.41892,-0.25214,0.04786,-0.04786,normal
26.78000,-7.61892,-3.63514,5.31081,-0.23504,0.06496,-0.06496,normal
26.80000,-7.76306,-3.61712,5.20270,-0.21795,0.08205,-0.08205,normal
26.82000,-7.10000,-4.10000,5.70000,-0.20085,0.09915,-0.09915,normal
26.84000,-7.22381,-3.52540,5.72540,-0.18861,-0.01139,-0.18861,normal
26.86000,-7.03333,-3.58889,5.78889,-0.16329,-0.03671,-0.16329,normal
26.88000,-6.84286,-3.65238,5.85238,-0.13797,-0.06203,-0.13797,normal
26.90000,-6.64444,-3.75556,5.81667,-0.11266,-0.08734,-0.11266,normal
26.92000,-7.20000,-3.70000,5.90000,-0.10000,-0.10000,-0.10000,normal
26.94000,-7.00556,-3.72778,5.92778,-0.20000,0.00000,-0.20000,normal
26.96000,-6.81111,-3.75556,5.95556,-0.20000,0.00000,-0.20000,normal
26.98000,-6.61667,-3.78333,5.98333,-0.20000,0.00000,-0.20000,normal
27.00000,-6.80000,-4.14444,5.78889,-0.18990,0.10000,-0.10000,normal
27.02000,-6.81895,-4.28105,5.70000,-0.14949,0.10000,-0.10000,normal
27.04000,-6.84000,-4.26000,5.70000,-0.10909,0.10000,-0.10000,normal
27.06000,-6.86105,-4.23895,5.70000,-0.06869,0.10000,-0.10000,normal
27.08000,-6.88211,-4.21789,5.70000,-0.02828,0.10000,-0.10000,normal
27.10000,-6.85000,-3.75000,5.75000,0.10000,0.10000,-0.10000,normal
27.12000,-6.60667,-3.57778,5.82889,-0.20000,0.00000,0.00000,normal
27.14000,-6.74000,-3.80000,5.74000,-0.20000,0.00000,0.00000,normal
27.16000,-6.87333,-4.02222,5.65111,-0.20000,0.00000,0.00000,normal
27.18000,-7.00667,-4.24444,5.56222,-0.20000,0.00000,0.00000,normal
27.20000,-6.40000,-4.40000,5.50000,0.19279,-0.00360,0.00000,normal
27.22000,-6.25106,-4.29362,5.52128,0.15676,-0.02162,0.00000,normal
27.24000,-6.10213,-4.18723,5.54255,0.12072,-0.03964,0.00000,normal
27.26000,-5.95319,-4.08085,5.56383,0.08468,-0.05766,0.00000,normal
27.28000,-5.80426,-3.97447,5.58511,0.04865,-0.07568,0.00000,normal
27.30000,-4.90000,-4.76667,6.33333,0.01261,-0.09369,0.00000,normal
27.32000,-5.00928,-4.37216,5.60928,0.15000,-0.10000,-0.20000,normal
27.34000,-5.07113,-4.18660,5.67113,0.32111,0.00000,-0.17889,normal
27.36000,-5.13299,-4.00103,5.73299,0.34333,0.00000,-0.15667,normal
27.38000,-5.19485,-3.81546,5.79485,0.36556,0.00000,-0.13444,normal
27.40000,-5.25670,-3.62990,5.85670,0.38778,0.00000,-0.11222,normal
27.42000,-6.85000,-3.60000,5.80000,0.60000,0.20000,0.10000,normal
27.44000,-6.86986,-3.10000,6.17808,0.51429,0.22857,0.10000,normal
27.46000,-6.73288,-3.10000,6.26027,0.42857,0.25714,0.10000,normal
27.48000,-6.59589,-3.10000,6.34247,0.34286,0.28571,0.10000,normal
27.50000,-7.80000,-3.30000,5.40000,-0.10000,0.50000,0.30000,normal
27.52000,-7.80000,-3.25699,5.44301,-0.06154,0.50000,0.28077,normal
27.54000,-7.80000,-3.21398,5.48602,-0.02308,0.50000,0.26154,normal
27.56000,-7.80000,-3.17097,5.52903,0.01538,0.50000,0.24231,normal
27.58000,-7.80000,-3.12796,5.57204,0.05385,0.50000,0.22308,normal
27.60000,-9.00000,-3.50000,4.80000,0.09231,0.50000,0.20385,normal
27.62000,-8.80645,-3.37097,4.82151,-0.18750,0.08750,0.20000,normal
27.64000,-8.61290,-3.24194,4.84301,-0.16250,0.06250,0.20000,normal
27.66000,-8.41935,-3.11290,4.86452,-0.13750,0.03750,0.20000,normal
27.68000,-8.22581,-2.98387,4.88602,-0.11250,0.01250,0.20000,normal
27.70000,-7.60000,-3.80000,5.10000,-0.45000,-0.20000,0.10000,normal
27.72000,-7.55745,-3.94894,5.03617,-0.31818,-0.20000,0.07955,normal
27.74000,-7.51489,-4.09787,4.97234,-0.22727,-0.20000,0.05682,normal
27.76000,-7.47234,-4.24681,4.90851,-0.13636,-0.20000,0.03409,normal
27.78000,-7.42979,-4.39574,4.84468,-0.04545,-0.20000,0.01136,normal
27.80000,-8.70000,-2.60000,5.60000,0.10000,0.00000,0.10000,normal
27.82000,-8.67849,-2.66452,5.49247,-0.12135,0.00000,0.10000,normal
27.84000,-8.65699,-2.72903,5.38495,-0.14382,0.00000,0.10000,normal
27.86000,-8.63548,-2.79355,5.27742,-0.16629,0.00000,0.10000,normal
27.88000,-8.61398,-2.85806,5.16989,-0.18876,0.00000,0.10000,normal
27.90000,-7.00000,-3.80000,5.50000,0.30000,0.00000,0.30000,normal
27.92000,-7.06452,-3.67097,5.52151,0.30000,0.00000,0.30000,normal
27.94000,-7.12903,-3.54194,5.54301,0.30000,0.00000,0.30000,normal
27.96000,-7.19355,-3.41290,5.56452,0.30000,0.00000,0.30000,normal
27.98000,-7.25806,-3.28387,5.58602,0.30000,0.00000,0.30000,normal
28.00000,-6.20000,-3.12000,6.28000,0.30000,0.00000,0.30000,normal
28.02000,-5.53483,-3.95955,5.52135,-0.07059,0.00000,0.02941,normal
28.04000,-5.75955,-3.89213,5.72360,-0.03836,0.02055,0.00000,normal
28.06000,-5.98427,-3.82472,5.92584,0.04384,0.04795,0.00000,normal
28.08000,-6.20899,-3.75730,6.12809,0.12603,0.07534,0.00000,normal
28.10000,-6.00000,-3.80000,5.30000,0.25000,0.07500,-0.02500,normal
28.12000,-7.20000,-2.63263,5.88316,0.36889,0.20000,-0.11556,normal
28.14000,-7.20000,-2.54842,5.86211,0.32444,0.20000,-0.13778,normal
28.16000,-7.20000,-2.46421,5.84105,0.28000,0.20000,-0.16000,normal
28.18000,-7.20000,-2.38000,5.82000,0.23556,0.20000,-0.18222,normal
28.20000,-7.30000,-2.15000,5.85000,-0.22000,0.20000,-0.20000,normal
28.22000,-7.78391,-2.74483,5.46782,-0.48235,0.10000,-0.20000,normal
28.24000,-7.76092,-2.95172,5.42184,-0.45882,0.10000,-0.20000,normal
28.26000,-7.73793,-3.15862,5.37586,-0.43529,0.10000,-0.20000,normal
28.28000,-7.71494,-3.36552,5.32989,-0.41176,0.10000,-0.20000,normal
28.30000,-7.50000,-3.40000,5.00000,-0.09667,0.10000,-0.20000,normal
28.32000,-7.52020,-3.46061,5.06061,-0.08000,0.10000,-0.20000,normal
28.34000,-7.54040,-3.52121,5.12121,-0.06333,0.10000,-0.20000,normal
28.36000,-7.56061,-3.58182,5.18182,-0.04667,0.10000,-0.20000,normal
28.38000,-7.58081,-3.64242,5.24242,-0.03000,0.10000,-0.20000,normal
28.40000,-7.70000,-3.60000,5.20000,-0.01333,0.10000,-0.20000,normal
28.42000,-7.93333,-2.76667,5.67778,0.00000,0.10000,-0.20000,normal
28.44000,-7.70000,-3.01970,5.58030,-0.30000,0.10000,-0.20000,normal
28.46000,-7.70000,-3.05000,5.55000,-0.30000,0.10000,-0.20000,normal
28.48000,-7.70000,-3.08030,5.51970,-0.30000,0.10000,-0.20000,normal
28.50000,-7.20632,-3.98316,4.60211,-0.49789,0.30211,-0.19789,normal
28.52000,-7.26947,-3.81474,4.62316,-0.47684,0.32316,-0.17684,normal
28.54000,-7.33263,-3.64632,4.64421,-0.45579,0.34421,-0.15579,normal
28.56000,-7.39579,-3.47789,4.66526,-0.43474,0.36526,-0.13474,normal
28.58000,-7.45895,-3.30947,4.68632,-0.41368,0.38632,-0.11368,normal
28.60000,-8.00000,-5.40000,3.60000,-1.30000,0.50000,0.00000,normal
28.62000,-8.06452,-5.48602,3.55699,-1.23333,0.50000,0.00000,normal
28.64000,-8.12903,-5.57204,3.51398,-1.16667,0.50000,0.00000,normal
28.66000,-8.19355,-5.65806,3.47097,-1.10000,0.50000,0.00000,normal
28.68000,-8.25806,-5.74409,3.42796,-1.03333,0.50000,0.00000,normal
28.70000,-10.50000,-2.40000,4.00000,-0.31786,0.50000,0.29286,normal
28.72000,-10.11290,-2.52903,4.04301,-0.40714,0.50000,0.25714,normal
28.74000,-9.72581,-2.65806,4.08602,-0.49643,0.50000,0.22143,normal
28.76000,-9.33871,-2.78710,4.12903,-0.58571,0.50000,0.18571,normal
28.78000,-8.95161,-2.91613,4.17204,-0.67500,0.50000,0.15000,normal
28.80000,-7.51667,-5.56667,2.03333,-0.76429,0.50000,0.11429,normal
28.82000,-8.20133,-4.29067,3.19867,0.20000,0.31111,0.07778,normal
28.84000,-8.22800,-4.10400,3.17200,0.07463,0.20000,0.07463,normal
28.86000,-8.25467,-3.91733,3.14533,0.04478,0.20000,0.04478,normal
28.88000,-8.28133,-3.73067,3.11867,0.01493,0.20000,0.01493,normal
28.90000,-7.90000,-4.30000,3.30000,-0.50000,0.10000,-0.10000,normal
28.92000,-8.05054,-4.42903,3.02043,-0.13908,0.11954,0.06092,normal
28.94000,-8.20108,-4.55806,2.74086,-0.18506,0.14253,0.01494,normal
28.96000,-8.35161,-4.68710,2.46129,-0.23103,0.16552,-0.03103,normal
28.98000,-8.50215,-4.81613,2.18172,-0.27701,0.18851,-0.07701,normal
29.00000,-8.10000,-2.80000,4.20000,0.02500,0.02500,-0.10000,normal
29.02000,-8.03878,-3.00408,4.11837,-0.59545,0.08409,-0.01591,normal
29.04000,-7.97755,-3.20816,4.03673,-0.73182,0.06136,-0.03864,normal
29.06000,-7.91633,-3.41224,3.95510,-0.86818,0.03864,-0.06136,normal
29.08000,-7.85510,-3.61633,3.87347,-1.00455,0.01591,-0.08409,normal
29.10000,-8.05000,-5.80000,2.35000,-0.20000,-0.15000,-0.40000,normal
29.12000,-7.60000,-5.63820,1.97191,0.00000,-0.10000,-0.38061,normal
29.14000,-7.60000,-5.43596,2.06180,0.00000,-0.10000,-0.36020,normal
29.16000,-7.60000,-5.23371,2.15169,0.00000,-0.10000,-0.33980,normal
29.18000,-7.60000,-5.03146,2.24157,0.00000,-0.10000,-0.31939,normal
29.20000,-7.82222,-3.76667,2.80000,-0.00833,-0.10000,-0.29167,normal
29.22000,-7.78588,-6.20000,2.24235,-0.28000,-0.10000,-0.11000,normal
29.24000,-7.76235,-6.20000,2.31294,-0.41642,-0.22090,-0.27910,normal
29.26000,-7.73882,-6.20000,2.38353,-0.29701,-0.25075,-0.24925,normal
29.28000,-7.71529,-6.20000,2.45412,-0.17761,-0.28060,-0.21940,normal
29.30000,-8.20000,-5.30000,2.70000,-0.30000,-0.25000,-0.20000,normal
29.32000,-8.20000,-5.23548,2.76452,-0.27957,-0.20000,-0.20000,normal
29.34000,-8.20000,-5.17097,2.82903,-0.25806,-0.20000,-0.20000,normal
29.36000,-8.20000,-5.10645,2.89355,-0.23656,-0.20000,-0.20000,normal
29.38000,-8.20000,-5.04194,2.95806,-0.21505,-0.20000,-0.20000,normal
29.40000,-8.20000,-5.40000,3.20000,0.40000,-0.20000,-0.20000,normal
29.42000,-7.33034,-5.34045,3.22584,0.35870,-0.28261,-0.26196,normal
29.44000,-6.99326,-4.89101,3.38315,0.31522,-0.36957,-0.32717,normal
29.46000,-6.65618,-4.44157,3.54045,0.27174,-0.45652,-0.39239,normal
29.48000,-6.31910,-3.99213,3.69775,0.22826,-0.54348,-0.45761,normal
29.50000,-8.25000,-6.25000,1.90000,0.48000,-0.52000,0.14000,normal
29.52000,-7.58111,-5.90778,2.88111,0.90000,-0.28191,-0.05426,normal
29.54000,-7.55889,-6.15222,2.85889,0.90000,-0.26064,-0.11809,normal
29.56000,-7.53667,-6.39667,2.83667,0.90000,-0.23936,-0.18191,normal
29.58000,-7.51444,-6.64111,2.81444,0.90000,-0.21809,-0.24574,normal
29.60000,-7.50000,-7.43000,2.52000,1.05000,-0.11000,-0.36000,normal
29.62000,-7.21512,-5.84884,4.23023,1.02963,0.19012,-0.59012,normal
29.64000,-7.23837,-5.61628,4.27674,1.10370,0.16543,-0.56543,normal
29.66000,-7.26163,-5.38372,4.32326,1.17778,0.14074,-0.54074,normal
29.68000,-7.28488,-5.15116,4.36977,1.25185,0.11605,-0.51605,normal
29.70000,-6.96000,-5.18000,4.96000,0.49709,0.00000,-0.39806,normal
29.72000,-6.97556,-5.43000,4.60000,0.43883,0.00000,-0.35922,normal
29.74000,-7.06444,-5.23000,4.60000,0.38058,0.00000,-0.32039,normal
29.76000,-7.15333,-5.03000,4.60000,0.32233,0.00000,-0.28155,normal
29.78000,-7.24222,-4.83000,4.60000,0.26408,0.00000,-0.24272,normal
29.80000,-7.00000,-3.50000,4.40000,0.20583,0.00000,-0.20388,normal
29.82000,-6.87097,-3.69355,4.50753,0.40000,-0.00714,0.00714,normal
29.84000,-6.74194,-3.88710,4.61505,0.40000,-0.03095,0.03095,normal
29.86000,-6.61290,-4.08065,4.72258,0.40000,-0.05476,0.05476,normal
29.88000,-6.48387,-4.27419,4.83011,0.40000,-0.07857,0.07857,normal
29.90000,-8.20000,-3.40000,4.60000,0.40000,0.00000,0.00000,normal
29.92000,-7.90000,-3.68000,4.50000,-0.24948,-0.03299,-0.04948,normal
29.94000,-7.60000,-3.96000,4.40000,-0.31134,-0.07423,-0.11134,normal
29.96000,-7.30000,-4.24000,4.30000,-0.37320,-0.11546,-0.17320,normal
29.98000,-7.00000,-4.52000,4.20000,-0.43505,-0.15670,-0.23505,normal
30.00000,-6.70000,-4.80000,4.10000,-0.49691,-0.19794,-0.29691,normal
30.02000,-7.24458,-4.47229,4.07590,-0.07059,0.07176,-0.11412,normal
30.04000,-7.53373,-4.61687,4.02771,-0.18824,0.02471,-0.13765,normal
30.06000,-7.82289,-4.76145,3.97952,-0.30588,-0.02235,-0.16118,normal
30.08000,-8.11205,-4.90602,3.93133,-0.42353,-0.06941,-0.18471,normal
30.10000,-6.50000,-6.60000,3.90000,-0.19775,0.00225,0.39775,normal
30.12000,-7.76000,-5.21889,3.88667,-0.15281,0.04719,0.35281,normal
30.14000,-7.36000,-5.24111,3.75333,-0.10787,0.09213,0.30787,normal
30.16000,-6.96000,-5.26333,3.62000,-0.06292,0.13708,0.26292,normal
30.18000,-6.56000,-5.28556,3.48667,-0.01798,0.18202,0.21798,normal
30.20000,-7.08947,-6.08526,4.10421,0.60000,0.20708,0.00000,normal
30.22000,-6.98421,-5.93789,4.14632,0.60000,0.22478,0.00000,normal
30.24000,-6.87895,-5.79053,4.18842,0.60000,0.24248,0.00000,normal
30.26000,-6.77368,-5.64316,4.23053,0.60000,0.26018,0.00000,normal
30.28000,-6.66842,-5.49579,4.27263,0.60000,0.27788,0.00000,normal
30.30000,-6.80000,-5.40000,4.30000,0.60000,0.29558,0.00000,normal
30.32000,-6.77957,-5.54516,4.23763,0.30000,0.11011,0.11011,normal
30.34000,-6.62903,-5.35161,4.40968,0.30000,0.13258,0.13258,normal
30.36000,-6.47849,-5.15806,4.58172,0.30000,0.15506,0.15506,normal
30.38000,-6.32796,-4.96452,4.75376,0.30000,0.17753,0.17753,normal
30.40000,-7.80000,-5.10000,4.20000,0.30000,0.20000,0.20000,normal
30.42000,-7.28588,-5.04353,4.57176,0.58539,0.30000,0.20000,normal
30.44000,-7.26235,-4.94941,4.52471,0.56292,0.30000,0.20000,normal
30.46000,-7.23882,-4.85529,4.47765,0.54045,0.30000,0.20000,normal
30.48000,-7.21529,-4.76118,4.43059,0.51798,0.30000,0.20000,normal
30.50000,-7.02500,-4.08750,4.83750,-0.05000,0.20000,-0.45000,normal
30.52000,-7.21954,-5.18391,3.61264,-0.08506,-0.45977,0.12989,normal
30.54000,-7.10460,-5.16092,3.77356,-0.06207,-0.55172,0.17586,normal
30.56000,-6.98966,-5.13793,3.93448,-0.03908,-0.64368,0.22184,normal
30.58000,-6.87471,-5.11494,4.09540,-0.01609,-0.73563,0.26782,normal
30.60000,-6.75000,-5.05000,4.20000,0.10000,0.10000,-0.40000,normal
30.62000,-7.41798,-4.78202,4.21011,0.07938,0.12062,-0.42062,normal
30.64000,-7.44045,-4.75955,4.09775,0.05876,0.14124,-0.44124,normal
30.66000,-7.46292,-4.73708,3.98539,0.03814,0.16186,-0.46186,normal
30.68000,-7.48539,-4.71461,3.87303,0.01753,0.18247,-0.48247,normal
30.70000,-6.11111,-5.44444,4.56667,-0.25000,-0.10000,-0.35000,normal
30.72000,-6.46977,-7.62907,3.73256,-0.17907,-0.37907,0.20000,normal
30.74000,-6.42326,-6.44302,4.24419,-0.10930,-0.30930,0.20000,normal
30.76000,-6.37674,-5.25698,4.75581,-0.03953,-0.23953,0.20000,normal
30.78000,-6.33023,-4.07093,5.26744,0.03023,-0.16977,0.20000,normal
30.80000,-5.50000,-2.20000,6.10000,0.10000,-0.10000,0.20000,normal
30.82000,-8.06703,-6.80000,4.73626,-0.85510,-0.42245,-0.34388,normal
30.84000,-7.82527,-6.80000,4.80220,-0.77347,-0.46327,-0.24184,normal
30.86000,-7.58352,-6.80000,4.86813,-0.69184,-0.50408,-0.13980,normal
30.88000,-7.34176,-6.80000,4.93407,-0.61020,-0.54490,-0.03776,normal
30.90000,-7.10000,-6.80000,5.00000,-0.52857,-0.58571,0.06429,normal
30.92000,-5.64286,-5.99870,4.91948,0.40833,0.01111,-0.00833,normal
30.94000,-5.92857,-5.32338,5.04935,0.49167,0.12222,-0.09167,normal
30.96000,-6.21429,-4.64805,5.17922,0.57500,0.23333,-0.17500,normal
30.98000,-6.50000,-3.97273,5.30909,0.65833,0.34444,-0.25833,normal
31.00000,-6.60000,-5.30000,4.90000,0.25714,0.12857,0.12857,normal
31.02000,-6.64396,-5.14615,4.92198,0.41875,0.33750,0.10000,normal
31.04000,-6.68791,-4.99231,4.94396,0.43958,0.37917,0.10000,normal
31.06000,-6.73187,-4.83846,4.96593,0.46042,0.42083,0.10000,normal
31.08000,-6.77582,-4.68462,4.98791,0.48125,0.46250,0.10000,normal
31.10000,-6.78000,-4.66000,4.68000,0.40000,0.40000,0.20000,normal
31.12000,-6.42558,-4.37442,4.65581,0.29333,0.10667,0.49333,normal
31.14000,-6.63488,-4.16512,4.74884,0.27111,0.12889,0.47111,normal
31.16000,-6.84419,-3.95581,4.84186,0.24889,0.15111,0.44889,normal
31.18000,-7.05349,-3.74651,4.93488,0.22667,0.17333,0.42667,normal
31.20000,-6.80000,-4.00000,5.50000,0.20444,0.19556,0.40444,normal
31.22000,-7.02911,-3.37468,5.49367,-0.20519,0.39870,0.20260,normal
31.24000,-7.45949,-3.95696,5.13924,-0.30909,0.37273,0.25455,normal
31.26000,-7.88987,-4.53924,4.78481,-0.41299,0.34675,0.30649,normal
31.28000,-8.32025,-5.12152,4.43038,-0.51688,0.32078,0.35844,normal
31.30000,-7.30000,-5.90000,4.20000,-0.20000,0.00000,-0.05000,normal
31.32000,-7.48065,-5.14839,4.50000,0.23656,0.23656,0.06344,normal
31.34000,-7.45914,-4.86882,4.50000,0.27957,0.27957,0.02043,normal
31.36000,-7.43763,-4.58925,4.50000,0.32258,0.32258,-0.02258,normal
31.38000,-7.41613,-4.30968,4.50000,0.36559,0.36559,-0.06559,normal
31.40000,-7.15000,-4.50000,4.60000,0.16000,0.24000,-0.18000,normal
31.42000,-7.45579,-4.31474,4.61474,0.10000,0.08922,0.18922,normal
31.44000,-7.39263,-4.33579,4.63579,0.10000,0.06961,0.16961,normal
31.46000,-7.32947,-4.35684,4.65684,0.10000,0.05000,0.15000,normal
31.48000,-7.26632,-4.37789,4.67789,0.10000,0.03039,0.13039,normal
31.50000,-7.20316,-4.39895,4.69895,0.10000,0.01078,0.11078,normal
31.52000,-7.49595,-3.90270,4.89865,0.16364,0.06364,0.32727,normal
31.54000,-7.41486,-3.95676,4.87162,0.28966,0.10000,0.08966,normal
31.56000,-7.33378,-4.01081,4.84459,0.25517,0.10000,0.05517,normal
31.58000,-7.25270,-4.06486,4.81757,0.22069,0.10000,0.02069,normal
31.60000,-7.40000,-4.65000,4.70000,0.05000,-0.10000,0.20000,normal
31.62000,-7.50000,-3.96222,4.71889,0.20000,0.01687,0.18313,normal
31.64000,-7.50000,-3.91778,4.74111,0.20000,0.04096,0.15904,normal
31.66000,-7.50000,-3.87333,4.76333,0.20000,0.06506,0.13494,normal
31.68000,-7.50000,-3.82889,4.78556,0.20000,0.08916,0.11084,normal
31.70000,-7.60000,-4.39677,4.70108,0.00543,0.00000,0.00543,normal
31.72000,-7.60000,-4.33226,4.72258,0.02717,0.00000,0.02717,normal
31.74000,-7.60000,-4.26774,4.74409,0.04891,0.00000,0.04891,normal
31.76000,-7.60000,-4.20323,4.76559,0.07065,0.00000,0.07065,normal
31.78000,-7.60000,-4.13871,4.78710,0.09239,0.00000,0.09239,normal
31.80000,-7.40405,-3.72432,4.99189,0.09176,0.09176,-0.10000,normal
31.82000,-7.43108,-3.88649,4.93784,0.06824,0.06824,-0.10000,normal
31.84000,-7.45811,-4.04865,4.88378,0.04471,0.04471,-0.10000,normal
31.86000,-7.48514,-4.21081,4.82973,0.02118,0.02118,-0.10000,normal
31.88000,-7.53333,-4.06667,4.90000,0.02857,0.00000,-0.07143,normal
