timestamp,accel_x,accel_y,accel_z,gyro_x,gyro_y,gyro_z,label
0.00000,-7.80000,-4.20000,4.10000,0.30000,0.10000,-0.00000,normal
0.02000,-8.21739,-4.16087,3.93043,0.14900,0.06600,-0.01700,normal
0.04000,-7.95652,-4.24783,3.97391,0.08900,0.02600,-0.03700,normal
0.06000,-7.69565,-4.33478,4.01739,0.02900,-0.01400,-0.05700,normal
0.08000,-7.43478,-4.42174,4.06087,-0.03100,-0.05400,-0.07700,normal
0.10000,-7.50000,-4.80000,4.00000,-0.09100,-0.09400,-0.09700,normal
0.12000,-7.64324,-4.11892,4.35676,-0.42845,0.00000,-0.00948,normal
0.14000,-7.71532,-4.31712,4.28468,-0.48017,0.00000,-0.02672,normal
0.16000,-7.78739,-4.51532,4.21261,-0.53190,0.00000,-0.04397,normal
0.18000,-7.85946,-4.71351,4.14054,-0.58362,0.00000,-0.06121,normal
0.20000,-7.93153,-4.91171,4.06847,-0.63534,0.00000,-0.07845,normal
0.22000,-7.75000,-5.35000,3.90000,-0.68707,0.00000,-0.09569,normal
0.24000,-7.81000,-4.38000,3.92000,0.40000,0.10000,0.00000,normal
0.26000,-7.83222,-4.33556,3.96444,0.40000,0.10000,0.00000,normal
0.28000,-7.85444,-4.29111,4.00889,0.40000,0.10000,0.00000,normal
0.30000,-7.87667,-4.24667,4.05333,0.40000,0.10000,0.00000,normal
0.32000,-7.89889,-4.20222,4.09778,0.40000,0.10000,0.00000,normal
0.34000,-7.63333,-4.36667,3.96667,0.20000,0.10000,-0.06667,normal
0.36000,-7.62133,-4.40667,3.93600,0.09420,0.00000,0.00000,normal
0.38000,-7.64800,-4.54000,3.85600,0.06522,0.00000,0.00000,normal
0.40000,-7.67467,-4.67333,3.77600,0.03623,0.00000,0.00000,normal
0.42000,-7.65000,-4.70000,3.80000,0.00725,0.00000,0.00000,normal
0.44000,-7.50000,-4.82022,3.88989,-0.20000,0.00000,0.00000,normal
0.46000,-7.50000,-4.86517,3.86742,-0.20000,0.00000,0.00000,normal
0.48000,-7.50000,-4.91011,3.84494,-0.20000,0.00000,0.00000,normal
0.50000,-7.50000,-4.95506,3.82247,-0.20000,0.00000,0.00000,normal
0.52000,-7.50000,-5.00000,3.80000,-0.20000,0.00000,0.00000,normal
0.54000,-7.80000,-4.61124,3.80000,0.08391,0.00000,-0.10000,normal
0.56000,-7.80000,-4.63371,3.80000,0.03793,0.00000,-0.10000,normal
0.58000,-7.80000,-4.65618,3.80000,-0.00805,0.00000,-0.10000,normal
0.60000,-7.80000,-4.67865,3.80000,-0.05402,0.00000,-0.10000,normal
0.62000,-7.80000,-4.70000,3.85000,-0.10000,0.00000,-0.10000,normal
0.64000,-7.70000,-4.71505,4.01505,0.00000,0.00000,-0.11020,normal
0.66000,-7.70000,-4.73656,4.03656,0.00000,0.00000,-0.13061,normal
0.68000,-7.70000,-4.75806,4.05806,0.00000,0.00000,-0.15102,normal
0.70000,-7.70000,-4.77957,4.07957,0.00000,0.00000,-0.17143,normal
0.72000,-7.65000,-4.80000,4.15000,0.00000,0.00000,-0.19184,normal
0.74000,-7.70000,-4.70706,4.00000,0.00000,0.00000,0.10000,normal
0.76000,-7.70000,-4.73059,4.00000,0.10000,0.00000,0.11549,normal
0.78000,-7.70000,-4.75412,4.00000,0.10000,0.00000,0.14366,normal
0.80000,-7.70000,-4.77765,4.00000,0.10000,0.00000,0.17183,normal
0.82000,-7.60000,-4.80000,4.00000,0.10000,0.00000,0.20000,normal
0.84000,-7.68495,-4.76022,3.68495,-0.10000,0.00000,0.10000,normal
0.86000,-7.66344,-4.84624,3.66344,-0.10000,0.00000,0.10000,normal
0.88000,-7.64194,-4.93226,3.64194,-0.10000,0.00000,0.10000,normal
0.90000,-7.62043,-5.01828,3.62043,-0.10000,0.00000,0.10000,normal
0.92000,-7.61667,-5.00000,3.65000,-0.10000,0.00000,0.10000,normal
0.94000,-7.52400,-4.90000,3.70000,-0.18900,0.00000,0.00000,normal
0.96000,-7.56400,-4.90000,3.70000,-0.16900,0.00000,0.00000,normal
0.98000,-7.60400,-4.90000,3.70000,-0.14900,0.00000,0.00000,normal
1.00000,-7.64400,-4.90000,3.70000,-0.12900,0.00000,0.00000,normal
1.02000,-7.68400,-4.90000,3.70000,-0.10900,0.00000,0.00000,normal
1.04000,-7.60588,-4.89412,3.90000,0.00446,0.10000,0.10000,normal
1.06000,-7.62941,-4.87059,3.90000,0.02232,0.10000,0.10000,normal
1.08000,-7.65294,-4.84706,3.90000,0.04018,0.10000,0.10000,normal
1.10000,-7.67647,-4.82353,3.90000,0.05804,0.10000,0.10000,normal
1.12000,-7.70000,-4.80000,3.90000,0.07589,0.10000,0.10000,normal
1.14000,-7.65417,-4.44583,3.85417,0.09375,0.10000,0.10000,normal
1.16000,-7.61014,-4.54058,3.87971,0.00000,0.00000,0.10000,normal
1.18000,-7.63913,-4.65652,3.82174,-0.10000,0.00000,0.02000,normal
1.20000,-7.66812,-4.77246,3.76377,-0.10000,0.00000,0.05333,normal
1.22000,-7.69710,-4.88841,3.70580,-0.10000,0.00000,0.08667,normal
1.24000,-7.90706,-4.98588,3.52118,0.00244,0.10000,0.00000,normal
1.26000,-7.93059,-4.93882,3.59176,0.02683,0.10000,0.00000,normal
1.28000,-7.95412,-4.89176,3.66235,0.05122,0.10000,0.00000,normal
1.30000,-7.97765,-4.84471,3.73294,0.07561,0.10000,0.00000,normal
1.32000,-8.00000,-4.70000,3.90000,0.10000,0.10000,0.00000,normal
1.34000,-7.78495,-4.70000,3.70000,0.01429,0.01429,0.20000,normal
1.36000,-7.76344,-4.70000,3.70000,0.03469,0.03469,0.20000,normal
1.38000,-7.74194,-4.70000,3.70000,0.05510,0.05510,0.20000,normal
1.40000,-7.72043,-4.70000,3.70000,0.07551,0.07551,0.20000,normal
1.42000,-7.70000,-4.72857,3.67143,0.09592,0.09592,0.20000,normal
1.44000,-7.97753,-4.18876,4.01124,0.07200,0.00000,-0.10000,normal
1.46000,-7.93258,-4.16629,4.03371,-0.00800,0.00000,-0.10000,normal
1.48000,-7.88764,-4.14382,4.05618,-0.08800,0.00000,-0.10000,normal
1.50000,-7.84270,-4.12135,4.07865,-0.16800,0.00000,-0.10000,normal
1.52000,-7.70000,-4.45000,3.90000,-0.24800,0.00000,-0.10000,normal
1.54000,-7.80000,-4.69375,3.80375,-0.25000,0.05000,-0.10000,normal
1.56000,-7.80000,-4.56875,3.87875,0.24930,0.10000,-0.10000,normal
1.58000,-7.80000,-4.44375,3.95375,0.16479,0.10000,-0.10000,normal
1.60000,-7.80000,-4.31875,4.02875,0.08028,0.10000,-0.10000,normal
1.62000,-7.85000,-4.40000,4.00000,-0.05000,0.10000,-0.15000,normal
1.64000,-7.85579,-4.57053,3.72947,0.28681,0.00000,0.10659,normal
1.66000,-7.79263,-4.52842,3.77158,0.24286,0.00000,0.12857,normal
1.68000,-7.72947,-4.48632,3.81368,0.19890,0.00000,0.15055,normal
1.70000,-7.66632,-4.44421,3.85579,0.15495,0.00000,0.17253,normal
1.72000,-7.60316,-4.40211,3.89789,0.11099,0.00000,0.19451,normal
1.74000,-8.01935,-4.85161,3.52903,-0.26923,0.00000,0.00000,normal
1.76000,-8.06237,-4.74409,3.59355,-0.18132,0.00000,0.00000,normal
1.78000,-8.10538,-4.63656,3.65806,-0.09341,0.00000,0.00000,normal
1.80000,-8.14839,-4.52903,3.72258,-0.00549,0.00000,0.00000,normal
1.82000,-8.19140,-4.42151,3.78710,0.08242,0.00000,0.00000,normal
1.84000,-7.90000,-4.40968,3.70000,0.10000,0.00000,0.00000,normal
1.86000,-7.90000,-4.43118,3.70000,0.10000,0.00000,0.00000,normal
1.88000,-7.90000,-4.45269,3.70000,0.10000,0.00000,0.00000,normal
1.90000,-7.90000,-4.47419,3.70000,0.10000,0.00000,0.00000,normal
1.92000,-7.90000,-4.49570,3.70000,0.10000,0.00000,0.00000,normal
1.94000,-7.80000,-4.50000,3.65000,0.10000,0.00000,0.00000,normal
1.96000,-7.90000,-4.52222,3.60000,0.08590,0.00000,0.00000,normal
1.98000,-7.90000,-4.54691,3.60000,0.06026,0.00000,0.00000,normal
2.00000,-7.90000,-4.57160,3.60000,0.03462,0.00000,0.00000,normal
2.02000,-7.90000,-4.59630,3.60000,0.00897,0.00000,0.00000,normal
2.04000,-7.80000,-4.50000,3.61068,0.00000,0.00000,0.00000,normal
2.06000,-7.80000,-4.50000,3.63010,0.00000,0.00000,0.00000,normal
2.08000,-7.80000,-4.50000,3.64951,0.00000,0.00000,0.00000,normal
2.10000,-7.80000,-4.50000,3.66893,0.00000,0.00000,0.00000,normal
2.12000,-7.80000,-4.50000,3.68835,0.00000,0.00000,0.00000,normal
2.14000,-7.81429,-4.50000,3.80000,0.00000,0.00000,0.00000,normal
2.16000,-7.90000,-4.50000,3.78158,0.00000,0.00000,0.00000,normal
2.18000,-7.90000,-4.50000,3.75526,0.00000,0.00000,0.00000,normal
2.20000,-7.90000,-4.50000,3.72895,0.00000,0.00000,0.00000,normal
2.22000,-7.90000,-4.50000,3.70263,0.00000,0.00000,0.00000,normal
2.24000,-7.90000,-4.50000,3.70000,0.00000,0.00000,0.00000,normal
2.26000,-7.90000,-4.50000,3.70000,0.00000,0.00000,0.00000,normal
2.28000,-7.90000,-4.50000,3.70000,0.00000,0.00000,0.00000,normal
2.30000,-7.90000,-4.50000,3.70000,0.00000,0.00000,0.00000,normal
2.32000,-7.90000,-4.50000,3.65000,0.00000,0.00000,0.00000,normal
2.34000,-7.70000,-4.60000,3.48495,0.00000,0.00000,0.00000,normal
2.36000,-7.70000,-4.60000,3.46344,0.00000,0.02222,0.00000,normal
2.38000,-7.70000,-4.60000,3.44194,0.00000,0.04691,0.00000,normal
2.40000,-7.70000,-4.60000,3.42043,0.00000,0.07160,0.00000,normal
2.42000,-7.80000,-4.60000,3.40000,0.00000,0.09630,0.00000,normal
2.44000,-7.80000,-4.58778,3.10000,0.00000,0.20000,0.00000,normal
2.46000,-7.80000,-4.56556,3.10000,0.00000,0.20000,0.00000,normal
2.48000,-7.80000,-4.54333,3.10000,0.00000,0.20000,0.00000,normal
2.50000,-7.80000,-4.52111,3.10000,0.00000,0.20000,0.00000,normal
2.52000,-7.85000,-4.55000,3.10000,-0.05000,0.20000,0.00000,normal
2.54000,-7.91522,-4.50000,3.11522,0.00000,0.30000,0.00000,normal
2.56000,-7.93696,-4.50000,3.13696,0.00000,0.30000,0.00000,normal
2.58000,-7.95870,-4.50000,3.15870,0.00000,0.30000,0.00000,normal
2.60000,-7.98043,-4.50000,3.18043,0.00000,0.30000,0.00000,normal
2.62000,-7.90000,-4.50000,3.20000,0.00000,0.30000,0.00000,normal
2.64000,-8.01319,-4.70000,3.10000,-0.10000,0.40000,0.00000,normal
2.66000,-8.03516,-4.70000,3.10000,-0.10000,0.40000,0.00000,normal
2.68000,-8.05714,-4.70000,3.10000,-0.10000,0.40000,0.00000,normal
2.70000,-8.07912,-4.70000,3.10000,-0.10000,0.40000,0.00000,normal
2.72000,-8.15000,-4.70000,3.10000,-0.10000,0.40000,0.00000,normal
2.74000,-8.18876,-4.90000,2.80000,-0.20000,0.48925,-0.10000,normal
2.76000,-8.16629,-4.90000,2.80000,-0.20000,0.46774,-0.10000,normal
2.78000,-8.14382,-4.90000,2.80000,-0.20000,0.44624,-0.10000,normal
2.80000,-8.12135,-4.90000,2.80000,-0.20000,0.42473,-0.10000,normal
2.82000,-8.10000,-4.88000,2.76000,-0.20000,0.40323,-0.10000,normal
2.84000,-7.50000,-4.63667,2.31222,-0.30000,0.40000,-0.20000,normal
2.86000,-7.50000,-4.70333,2.33444,-0.30000,0.40000,-0.20000,normal
2.88000,-7.50000,-4.77000,2.35667,-0.30000,0.40000,-0.20000,normal
2.90000,-7.50000,-4.83667,2.37889,-0.30000,0.40000,-0.20000,normal
2.92000,-7.65000,-5.00000,2.40000,-0.30000,0.40000,-0.18333,normal
2.94000,-8.10000,-5.00000,2.51458,-0.20000,0.40000,0.00000,normal
2.96000,-8.10000,-5.00000,2.53542,-0.20000,0.40000,0.00000,normal
2.98000,-8.10000,-5.00000,2.55625,-0.20000,0.40000,0.00000,normal
3.00000,-8.10000,-5.00000,2.57708,-0.20000,0.40000,0.00000,normal
3.02000,-8.10000,-5.00000,2.59792,-0.20000,0.40000,0.00000,normal
3.04000,-8.52222,-4.92222,1.92222,-0.10000,0.30000,-0.10000,normal
3.06000,-8.38415,-4.87683,1.87683,-0.20000,0.20000,-0.10000,normal
3.08000,-8.26220,-4.85244,1.85244,-0.20000,0.20000,-0.10000,normal
3.10000,-8.14024,-4.82805,1.82805,-0.20000,0.20000,-0.10000,normal
3.12000,-8.01829,-4.80366,1.80366,-0.20000,0.20000,-0.10000,normal
3.14000,-7.43125,-5.03125,1.25312,-0.10000,0.41148,-0.10000,normal
3.16000,-7.49375,-5.09375,1.15937,-0.10000,0.44426,-0.10000,normal
3.18000,-7.55625,-5.15625,1.06562,-0.10000,0.47705,-0.10000,normal
3.20000,-9.00000,-5.40000,0.50000,0.40000,0.60000,0.00000,normal
3.22000,-9.04800,-5.36800,0.48400,0.40000,0.58387,-0.01613,normal
3.24000,-9.09600,-5.33600,0.46800,0.40000,0.56774,-0.03226,normal
3.26000,-9.14400,-5.30400,0.45200,0.40000,0.55161,-0.04839,normal
3.28000,-9.19200,-5.27200,0.43600,0.40000,0.53548,-0.06452,normal
3.30000,-9.24000,-5.24000,0.42000,0.40000,0.51935,-0.08065,normal
3.32000,-9.28800,-5.20800,0.40400,0.40000,0.50323,-0.09677,normal
3.34000,-9.17778,-5.30000,0.41111,0.28774,0.40000,-0.10000,normal
3.36000,-9.13333,-5.30000,0.43333,0.26887,0.40000,-0.10000,normal
3.38000,-9.08889,-5.30000,0.45556,0.25000,0.40000,-0.10000,normal
3.40000,-9.04444,-5.30000,0.47778,0.23113,0.40000,-0.10000,normal
3.42000,-9.00000,-5.30000,0.50000,0.21226,0.40000,-0.10000,normal
3.44000,-8.09875,-5.00000,0.69875,0.20000,0.30000,-0.04286,normal
3.46000,-8.07375,-5.00000,0.67375,0.30000,0.30000,0.00000,normal
3.48000,-8.04875,-5.00000,0.64875,0.30000,0.30000,0.00000,normal
3.50000,-8.02375,-5.00000,0.62375,0.30000,0.30000,0.00000,normal
3.52000,-8.00000,-4.80000,0.40000,0.30000,0.30000,0.00000,normal
3.54000,-8.01124,-4.81124,0.17753,0.09186,0.20000,0.00000,normal
3.56000,-8.03371,-4.83371,0.13258,0.06860,0.20000,0.00000,normal
3.58000,-8.05618,-4.85618,0.08764,0.04535,0.20000,0.00000,normal
3.60000,-8.07865,-4.87865,0.04270,0.02209,0.20000,0.00000,normal
3.62000,-8.30000,-5.00000,-0.10000,0.00000,0.20000,0.10000,normal
3.64000,-8.50000,-5.10000,-0.31596,0.00000,0.20000,0.10000,normal
3.66000,-8.50000,-5.10000,-0.33723,0.00000,0.20000,0.10000,normal
3.68000,-8.50000,-5.10000,-0.35851,0.00000,0.20000,0.10000,normal
3.70000,-8.50000,-5.10000,-0.37979,0.00000,0.20000,0.10000,normal
3.72000,-8.50000,-5.10000,-0.40000,0.00000,0.15000,0.10000,normal
3.74000,-8.51596,-5.11596,-0.20000,0.00000,0.10000,0.00000,normal
3.76000,-8.53723,-5.13723,-0.20000,0.00000,0.10000,0.00000,normal
3.78000,-8.55851,-5.15851,-0.20000,0.00000,0.10000,0.00000,normal
3.80000,-8.57979,-5.17979,-0.20000,0.00000,0.10000,0.00000,normal
3.82000,-8.60000,-5.30000,-0.10000,0.00000,0.10000,0.00000,normal
3.84000,-8.10000,-5.60000,0.15000,-0.10000,0.00000,0.02222,normal
3.86000,-7.92692,-5.60000,0.20000,-0.10000,0.00000,0.10000,normal
3.88000,-7.85000,-5.60000,0.20000,-0.10000,0.00000,0.10000,normal
3.90000,-7.77308,-5.60000,0.20000,-0.10000,0.00000,0.10000,normal
3.92000,-7.65000,-5.60000,0.20000,-0.10000,0.00000,0.10000,normal
3.94000,-7.82366,-5.91183,0.18817,0.10575,0.20000,0.10000,normal
3.96000,-7.86667,-5.93333,0.16667,0.12874,0.20000,0.10000,normal
3.98000,-7.90968,-5.95484,0.14516,0.15172,0.20000,0.10000,normal
4.00000,-7.95269,-5.97634,0.12366,0.17471,0.20000,0.10000,normal
4.02000,-7.99570,-5.99785,0.10215,0.19770,0.20000,0.10000,normal
4.04000,-8.07708,-5.80000,0.10000,0.20000,0.10000,0.00000,normal
4.06000,-8.03542,-5.80000,0.10000,0.20000,0.10000,0.00000,normal
4.08000,-7.99375,-5.80000,0.10000,0.20000,0.10000,0.00000,normal
4.10000,-7.95208,-5.80000,0.10000,0.20000,0.10000,0.00000,normal
4.12000,-7.91042,-5.80000,0.10000,0.20000,0.10000,0.00000,normal
4.14000,-8.18966,-5.68966,-0.01034,0.40000,0.20000,-0.20449,normal
4.16000,-8.16667,-5.66667,-0.03333,0.40000,0.20000,-0.22697,normal
4.18000,-8.14368,-5.64368,-0.05632,0.40000,0.20000,-0.24944,normal
4.20000,-8.12069,-5.62069,-0.07931,0.40000,0.20000,-0.27191,normal
4.22000,-8.05556,-5.60000,-0.12222,0.40000,0.20000,-0.29438,normal
4.24000,-7.71978,-5.70000,-0.20989,0.40000,0.20000,-0.30000,normal
4.26000,-7.76374,-5.70000,-0.23187,0.40000,0.18289,-0.40000,normal
4.28000,-7.80769,-5.70000,-0.25385,0.40000,0.15658,-0.40000,normal
4.30000,-7.85165,-5.70000,-0.27582,0.40000,0.13026,-0.40000,normal
4.32000,-7.89560,-5.70000,-0.29780,0.40000,0.10395,-0.40000,normal
4.34000,-8.35156,-6.13438,-0.70000,0.20000,0.10000,-0.40000,normal
4.36000,-8.44531,-6.19688,-0.70000,0.20000,0.10000,-0.40000,normal
4.38000,-8.53906,-6.25938,-0.70000,0.20000,0.10000,-0.40000,normal
4.40000,-8.90000,-6.30000,-0.80000,0.20000,0.10000,-0.40000,normal
4.42000,-9.31261,-6.40000,-0.81261,0.20000,0.20000,-0.10000,normal
4.44000,-9.32941,-6.40000,-0.82941,0.20000,0.20000,-0.10000,normal
4.46000,-9.34622,-6.40000,-0.84622,0.20000,0.20000,-0.10000,normal
4.48000,-9.36303,-6.40000,-0.86303,0.20000,0.20000,-0.10000,normal
4.50000,-9.37983,-6.40000,-0.87983,0.20000,0.20000,-0.10000,normal
4.52000,-9.39664,-6.40000,-0.89664,0.20000,0.20000,-0.10000,normal
4.54000,-9.11111,-6.42222,-0.70000,0.10909,0.30000,0.30909,normal
4.56000,-9.13333,-6.46667,-0.70000,0.12727,0.30000,0.32727,normal
4.58000,-9.15556,-6.51111,-0.70000,0.14545,0.30000,0.34545,normal
4.60000,-9.17778,-6.55556,-0.70000,0.16364,0.30000,0.36364,normal
4.62000,-9.20000,-6.60000,-0.70000,0.18182,0.30000,0.38182,normal
4.64000,-8.78000,-5.20000,-0.24000,0.20000,0.30000,0.40000,normal
4.66000,-8.14247,-4.64247,0.03836,0.30000,0.20000,0.40000,normal
4.68000,-8.06027,-4.56027,0.09315,0.20000,0.20000,0.36842,normal
4.70000,-7.97808,-4.47808,0.14795,0.20000,0.20000,0.33333,normal
4.72000,-7.70000,-4.20000,0.30000,0.20000,0.10000,0.20000,normal
4.74000,-7.40000,-3.45161,0.11613,0.10000,-0.10000,-0.10000,normal
4.76000,-7.40000,-3.38710,0.13763,0.10000,-0.10000,-0.10000,normal
4.78000,-7.40000,-3.32258,0.15914,0.10000,-0.10000,-0.10000,normal
4.80000,-7.40000,-3.25806,0.18065,0.10000,-0.10000,-0.10000,normal
4.82000,-7.60000,-3.30000,0.30000,0.10000,-0.10000,-0.10000,normal
4.84000,-8.24286,-4.24286,0.00000,-0.20000,-0.20000,-0.10000,normal
4.86000,-8.30879,-4.30879,0.00000,-0.20000,-0.20000,-0.10000,normal
4.88000,-8.37473,-4.37473,0.00000,-0.20000,-0.20000,-0.10000,normal
4.90000,-8.44066,-4.44066,0.00000,-0.20000,-0.20000,-0.10000,normal
4.92000,-8.80000,-4.80000,-0.10000,-0.20000,-0.20000,-0.10000,normal
4.94000,-9.12268,-4.88454,-0.06907,-0.10674,-0.20000,-0.10000,normal
4.96000,-9.01959,-4.86392,-0.02784,-0.12921,-0.20000,-0.10000,normal
4.98000,-8.91649,-4.84330,0.01340,-0.15169,-0.20000,-0.10000,normal
5.00000,-8.81340,-4.82268,0.05464,-0.17416,-0.20000,-0.10000,normal
5.02000,-8.71031,-4.80206,0.09588,-0.19663,-0.20000,-0.10000,normal
5.04000,-7.58817,-5.36452,0.31183,0.00000,-0.20000,-0.30000,normal
5.06000,-7.56667,-5.30000,0.33333,0.00000,-0.20000,-0.30000,normal
5.08000,-7.54516,-5.23548,0.35484,0.00000,-0.20000,-0.30000,normal
5.10000,-7.52366,-5.17097,0.37634,0.00000,-0.20000,-0.30000,normal
5.12000,-7.50215,-5.10645,0.39785,0.00000,-0.20000,-0.30000,normal
5.14000,-7.36897,-5.41034,0.68966,-0.30588,-0.30588,-0.50000,normal
5.16000,-7.30000,-5.43333,0.66667,-0.32941,-0.32941,-0.50000,normal
5.18000,-7.23103,-5.45632,0.64368,-0.35294,-0.35294,-0.50000,normal
5.20000,-7.16207,-5.47931,0.62069,-0.37647,-0.37647,-0.50000,normal
5.22000,-7.03333,-5.70000,0.46667,-0.40000,-0.40000,-0.50000,normal
5.24000,-7.31522,-5.78478,0.51522,0.00938,-0.30000,-0.30000,normal
5.26000,-7.33696,-5.76304,0.53696,0.03021,-0.30000,-0.30000,normal
5.28000,-7.35870,-5.74130,0.55870,0.05104,-0.30000,-0.30000,normal
5.30000,-7.38043,-5.71957,0.58043,0.07187,-0.30000,-0.30000,normal
5.32000,-7.40000,-5.60000,0.50000,0.09271,-0.30000,-0.30000,normal
5.34000,-7.40824,-5.60824,0.40000,0.20000,-0.20250,-0.20000,normal
5.36000,-7.43176,-5.63176,0.40000,0.20000,-0.22750,-0.20000,normal
5.38000,-7.45529,-5.65529,0.40000,0.20000,-0.25250,-0.20000,normal
5.40000,-7.47882,-5.67882,0.40000,0.20000,-0.27750,-0.20000,normal
5.42000,-7.70000,-5.90000,0.30000,0.15000,-0.30000,-0.20000,normal
5.44000,-7.36774,-5.83226,0.44839,-0.00978,-0.29022,-0.10000,normal
5.46000,-7.32473,-5.87527,0.51290,-0.03152,-0.26848,-0.10000,normal
5.48000,-7.28172,-5.91828,0.57742,-0.05326,-0.24674,-0.10000,normal
5.50000,-7.23871,-5.96129,0.64194,-0.07500,-0.22500,-0.10000,normal
5.52000,-7.00000,-6.30000,0.60000,-0.09674,-0.20326,-0.10000,normal
5.54000,-6.81236,-6.20000,0.71236,0.00000,-0.10000,0.10000,normal
5.56000,-6.83483,-6.20000,0.73483,0.00000,-0.10000,0.10000,normal
5.58000,-6.85730,-6.20000,0.75730,0.00000,-0.10000,0.10000,normal
5.60000,-6.87978,-6.20000,0.77978,0.00000,-0.10000,0.10000,normal
5.62000,-7.10000,-6.20000,0.70000,-0.01667,-0.10000,0.10000,normal
5.64000,-7.10000,-5.91613,0.81613,-0.30900,-0.20000,0.09100,normal
5.66000,-7.10000,-5.93763,0.83763,-0.32900,-0.20000,0.07100,normal
5.68000,-7.10000,-5.95914,0.85914,-0.34900,-0.20000,0.05100,normal
5.70000,-7.10000,-5.98065,0.88065,-0.36900,-0.20000,0.03100,normal
5.72000,-7.30000,-6.10000,0.70000,-0.38900,-0.20000,0.01100,normal
5.74000,-7.79630,-5.90370,0.70000,-0.50000,-0.30000,0.00000,normal
5.76000,-7.77160,-5.92840,0.70000,-0.50938,-0.30000,0.00938,normal
5.78000,-7.74691,-5.95309,0.70000,-0.54063,-0.30000,0.04063,normal
5.80000,-7.72222,-5.97778,0.70000,-0.57188,-0.30000,0.07188,normal
5.82000,-7.60000,-6.00000,0.70000,-0.70000,-0.40000,0.10000,normal
5.84000,-6.90000,-6.43061,0.80000,-0.60000,-0.30000,0.21531,normal
5.86000,-6.90000,-6.47143,0.80000,-0.60000,-0.30000,0.23571,normal
5.88000,-6.90000,-6.51224,0.80000,-0.60000,-0.30000,0.25612,normal
5.90000,-6.90000,-6.55306,0.80000,-0.60000,-0.30000,0.27653,normal
5.92000,-6.90000,-6.59388,0.80000,-0.60000,-0.30000,0.29694,normal
5.94000,-7.70000,-6.70000,0.68817,-0.40000,-0.30000,0.28817,normal
5.96000,-7.70000,-6.70000,0.66667,-0.40000,-0.30000,0.26667,normal
5.98000,-7.70000,-6.70000,0.64516,-0.40000,-0.30000,0.24516,normal
6.00000,-7.70000,-6.70000,0.62366,-0.40000,-0.30000,0.22366,normal
6.02000,-7.70000,-6.70000,0.60215,-0.40000,-0.30000,0.20215,normal
6.04000,-7.58261,-6.98261,0.88261,-0.49420,-0.29420,0.10000,normal
6.06000,-7.55362,-6.95362,0.85362,-0.46522,-0.26522,0.10000,normal
6.08000,-7.52464,-6.92464,0.82464,-0.43623,-0.23623,0.10000,normal
6.10000,-7.40000,-6.50000,0.80000,-0.40725,-0.20725,0.10000,normal
6.12000,-7.20000,-6.29238,0.90000,-0.20000,-0.10000,0.00000,normal
6.14000,-7.20000,-6.27333,0.90000,-0.18621,-0.10000,0.01379,normal
6.16000,-7.20000,-6.25429,0.90000,-0.16322,-0.10000,0.03678,normal
6.18000,-7.20000,-6.23524,0.90000,-0.14023,-0.10000,0.05977,normal
6.20000,-7.20000,-6.21619,0.90000,-0.11724,-0.10000,0.08276,normal
6.22000,-6.90000,-6.20000,0.90000,0.00000,0.00000,0.10000,normal
6.24000,-7.20000,-6.41856,0.90000,0.11053,0.00000,0.10000,normal
6.26000,-7.20000,-6.43918,0.90000,0.13158,0.00000,0.10000,normal
6.28000,-7.20000,-6.45979,0.90000,0.15263,0.00000,0.10000,normal
6.30000,-7.20000,-6.48041,0.90000,0.17368,0.00000,0.10000,normal
6.32000,-7.25000,-6.40000,0.85000,0.19474,0.00000,0.10000,normal
6.34000,-7.74091,-6.73068,0.77955,0.00460,0.00000,0.00000,normal
6.36000,-7.83182,-6.79886,0.73409,0.02759,0.00000,0.00000,normal
6.38000,-7.92273,-6.86705,0.68864,0.05057,0.00000,0.00000,normal
6.40000,-8.01364,-6.93523,0.64318,0.07356,0.00000,0.00000,normal
6.42000,-8.90000,-7.10000,0.30000,0.09655,0.00000,0.00000,normal
6.44000,-7.95111,-5.57333,0.48778,-0.20660,-0.19340,-0.20000,normal
6.46000,-7.86222,-5.70667,0.46556,-0.22547,-0.17453,-0.20000,normal
6.48000,-7.77333,-5.84000,0.44333,-0.24434,-0.15566,-0.20000,normal
6.50000,-7.68444,-5.97333,0.42111,-0.26321,-0.13679,-0.20000,normal
6.52000,-7.45000,-6.30000,0.40000,-0.28208,-0.11792,-0.20000,normal
6.54000,-7.05000,-6.45000,0.22500,-0.20000,-0.10000,-0.20000,normal
6.56000,-7.04110,-6.32055,0.20000,0.30000,0.10000,0.00000,normal
6.58000,-7.09589,-6.34795,0.20000,0.30000,0.10000,0.00000,normal
6.60000,-7.15068,-6.37534,0.20000,0.30000,0.10000,0.00000,normal
6.62000,-7.10000,-6.60000,0.30000,0.30000,0.10000,0.00000,normal
6.64000,-7.30000,-6.20941,0.30941,0.09213,0.10000,-0.20000,normal
6.66000,-7.30000,-6.23294,0.33294,0.06966,0.10000,-0.20000,normal
6.68000,-7.30000,-6.25647,0.35647,0.04719,0.10000,-0.20000,normal
6.70000,-7.30000,-6.28000,0.38000,0.02472,0.10000,-0.20000,normal
6.72000,-7.26667,-6.38333,0.40000,0.00225,0.10000,-0.20000,normal
6.74000,-7.12667,-6.10000,0.60000,0.10000,0.20000,-0.20000,normal
6.76000,-7.17111,-6.10000,0.60000,0.10000,0.20000,-0.20000,normal
6.78000,-7.21556,-6.10000,0.60000,0.10000,0.20000,-0.20000,normal
6.80000,-7.26000,-6.10000,0.60000,0.10000,0.20000,-0.20000,normal
6.82000,-7.50000,-6.20000,0.50000,0.10000,0.20000,-0.20000,normal
6.84000,-7.98776,-6.17551,0.60000,0.10000,0.19703,-0.10000,normal
6.86000,-7.96735,-6.13469,0.60000,0.10000,0.17723,-0.10000,normal
6.88000,-7.94694,-6.09388,0.60000,0.10000,0.15743,-0.10000,normal
6.90000,-7.92653,-6.05306,0.60000,0.10000,0.13762,-0.10000,normal
6.92000,-7.90612,-6.01224,0.60000,0.10000,0.11782,-0.10000,normal
6.94000,-7.40000,-6.20000,0.70000,0.10000,0.10000,-0.10000,normal
6.96000,-7.42346,-6.30000,0.70000,0.00000,0.10000,0.00000,normal
6.98000,-7.44815,-6.30000,0.70000,0.02985,0.10000,0.00000,normal
7.00000,-7.47284,-6.30000,0.70000,0.05970,0.10000,0.00000,normal
7.02000,-7.49753,-6.30000,0.70000,0.08955,0.10000,0.00000,normal
7.04000,-7.60000,-6.20000,0.59070,0.10000,0.10000,0.10000,normal
7.06000,-7.60000,-6.20000,0.56744,0.10000,0.10000,0.10000,normal
7.08000,-7.60000,-6.20000,0.54419,0.10000,0.10000,0.10000,normal
7.10000,-7.60000,-6.20000,0.52093,0.10000,0.10000,0.10000,normal
7.12000,-7.50000,-6.30000,0.50000,0.10000,0.10000,0.10000,normal
7.14000,-7.60000,-6.30000,0.38667,0.00000,0.00000,0.00000,normal
7.16000,-7.60000,-6.30000,0.36444,0.00000,0.00000,0.00000,normal
7.18000,-7.60000,-6.30000,0.34222,0.00000,0.00000,0.00000,normal
7.20000,-7.60000,-6.30000,0.32000,0.00000,0.00000,0.00000,normal
7.22000,-7.60000,-6.20000,0.40000,0.00000,0.00000,0.00000,normal
7.24000,-7.40000,-6.40000,0.40000,0.00000,0.00000,0.00000,normal
7.26000,-7.40000,-6.40000,0.40000,0.00000,0.00000,0.00000,normal
7.28000,-7.40000,-6.40000,0.40000,0.00000,0.00000,0.00000,normal
7.30000,-7.40000,-6.40000,0.40000,0.00000,0.00000,0.00000,normal
7.32000,-7.40000,-6.50000,0.40000,0.00000,0.00000,0.00000,normal
7.34000,-7.20000,-6.61236,0.41236,0.00000,0.00250,0.00000,normal
7.36000,-7.20000,-6.63483,0.43483,0.00000,0.02750,0.00000,normal
7.38000,-7.20000,-6.65730,0.45730,0.00000,0.05250,0.00000,normal
7.40000,-7.20000,-6.67978,0.47978,0.00000,0.07750,0.00000,normal
7.42000,-7.00000,-6.90000,0.50000,0.10000,0.10000,0.00000,normal
7.44000,-6.93441,-7.10000,0.61720,0.20000,0.00000,0.00000,normal
7.46000,-6.97742,-7.10000,0.63871,0.20000,0.00000,0.00000,normal
7.48000,-7.02043,-7.10000,0.66022,0.20000,0.00000,0.00000,normal
7.50000,-7.06344,-7.10000,0.68172,0.20000,0.00000,0.00000,normal
7.52000,-7.36000,-7.06000,0.70000,0.20000,0.00000,-0.05000,normal
7.54000,-7.61613,-6.60000,0.80000,0.20000,0.08878,-0.20000,normal
7.56000,-7.63763,-6.60000,0.80000,0.20000,0.06837,-0.20000,normal
7.58000,-7.65914,-6.60000,0.80000,0.20000,0.04796,-0.20000,normal
7.60000,-7.68065,-6.60000,0.80000,0.20000,0.02755,-0.20000,normal
7.62000,-7.70000,-6.50000,0.70000,0.20000,0.00714,-0.20000,normal
7.64000,-6.68387,-6.16452,0.56774,0.20000,0.00000,-0.20000,normal
7.66000,-6.66237,-6.25054,0.52473,0.10000,-0.02368,-0.20000,normal
7.68000,-6.64086,-6.33656,0.48172,0.10000,-0.05000,-0.20000,normal
7.70000,-6.61935,-6.42258,0.43871,0.10000,-0.07632,-0.20000,normal
7.72000,-7.15000,-6.90000,-0.05000,0.14000,-0.10000,-0.16000,normal
7.74000,-7.90000,-7.01702,0.01702,0.09072,-0.20000,-0.10000,normal
7.76000,-7.90000,-7.03830,0.03830,0.07010,-0.20000,-0.10000,normal
7.78000,-7.90000,-7.05957,0.05957,0.04948,-0.20000,-0.10000,normal
7.80000,-7.90000,-7.08085,0.08085,0.02887,-0.20000,-0.10000,normal
7.82000,-7.83750,-7.10000,0.42500,0.00825,-0.20000,-0.10000,normal
7.84000,-6.06706,-6.38353,1.33294,0.20000,0.00460,-0.40000,normal
7.86000,-5.97294,-6.33647,1.42706,0.20000,0.02759,-0.40000,normal
7.88000,-5.87882,-6.28941,1.52118,0.20000,0.05057,-0.40000,normal
7.90000,-5.78471,-6.24235,1.61529,0.20000,0.07356,-0.40000,normal
7.92000,-5.66667,-6.20000,1.76667,0.20000,0.09655,-0.40000,normal
7.94000,-6.75978,-6.60000,1.47609,0.19106,0.09106,-0.50000,normal
7.96000,-6.86848,-6.60000,1.43261,0.17480,0.07480,-0.50000,normal
7.98000,-6.97717,-6.60000,1.38913,0.15854,0.05854,-0.50000,normal
8.00000,-7.08587,-6.60000,1.34565,0.14228,0.04228,-0.50000,normal
8.02000,-7.19457,-6.60000,1.30217,0.12602,0.02602,-0.50000,normal
8.04000,-7.10000,-7.59231,1.03077,0.10976,0.00976,-0.50000,normal
8.06000,-7.09733,-7.79733,1.10000,-0.20000,-0.10000,-0.44286,normal
8.08000,-7.07067,-7.77067,1.10000,-0.20000,-0.20000,-0.38923,normal
8.10000,-7.04400,-7.74400,1.10000,-0.20000,-0.20000,-0.35846,normal
8.12000,-7.01733,-7.71733,1.10000,-0.20000,-0.20000,-0.32769,normal
8.14000,-6.34286,-7.60000,1.47143,-0.20000,-0.20000,-0.20000,normal
8.16000,-5.53846,-8.03846,1.80000,-0.04286,0.02857,0.00000,normal
8.18000,-5.46154,-7.96154,1.80000,0.02857,0.06429,0.00000,normal
8.20000,-5.25000,-7.60000,1.90000,0.10000,0.10000,0.00000,normal
8.22000,-5.52569,-7.68716,1.90000,0.30000,0.20000,0.10000,normal
8.24000,-5.56239,-7.66881,1.90000,0.30000,0.20000,0.10000,normal
8.26000,-5.59908,-7.65046,1.90000,0.30000,0.20000,0.10000,normal
8.28000,-5.63578,-7.63211,1.90000,0.30000,0.20000,0.10000,normal
8.30000,-5.67248,-7.61376,1.90000,0.30000,0.20000,0.10000,normal
8.32000,-5.80000,-7.50000,1.70000,0.20000,0.20000,0.09835,normal
8.34000,-5.82020,-7.50000,1.67980,0.20000,0.20000,0.08182,normal
8.36000,-5.84040,-7.50000,1.65960,0.20000,0.20000,0.06529,normal
8.38000,-5.86061,-7.50000,1.63939,0.20000,0.20000,0.04876,normal
8.40000,-5.88081,-7.50000,1.61919,0.20000,0.20000,0.03223,normal
8.42000,-5.85000,-7.40000,1.55000,0.20000,0.20000,0.01570,normal
8.44000,-5.88571,-7.28571,1.02857,0.20000,0.20000,0.00000,normal
8.46000,-6.10000,-7.27808,0.90000,0.20000,0.10000,-0.10000,normal
8.48000,-6.10000,-7.25068,0.90000,0.16909,0.06909,-0.10000,normal
8.50000,-6.10000,-7.22329,0.90000,0.13273,0.03273,-0.10000,normal
8.52000,-6.00000,-7.10000,0.90000,-0.01111,0.00000,-0.10000,normal
8.54000,-6.00000,-7.60000,0.80000,-0.28966,0.00000,-0.08966,normal
8.56000,-6.00000,-7.60000,0.80000,-0.26667,0.00000,-0.06667,normal
8.58000,-6.00000,-7.60000,0.80000,-0.24368,0.00000,-0.04368,normal
8.60000,-6.00000,-7.60000,0.80000,-0.22069,0.00000,-0.02069,normal
8.62000,-6.10000,-7.65000,0.85000,-0.20000,0.00000,0.00000,normal
8.64000,-5.94894,-7.64894,0.81702,-0.30000,0.00000,0.10000,normal
8.66000,-5.88511,-7.58511,0.83830,-0.30000,0.00000,0.10000,normal
8.68000,-5.82128,-7.52128,0.85957,-0.30000,0.00000,0.10000,normal
8.70000,-5.75745,-7.45745,0.88085,-0.30000,0.00000,0.10000,normal
8.72000,-5.50000,-7.46667,0.90000,-0.30000,0.00000,0.10000,normal
8.74000,-5.61429,-8.51429,1.08571,-0.27838,0.31081,0.38919,normal
8.76000,-5.63626,-8.53626,1.06374,-0.24234,0.32883,0.37117,normal
8.78000,-5.65824,-8.55824,1.04176,-0.20631,0.34685,0.35315,normal
8.80000,-5.68022,-8.58022,1.01978,-0.17027,0.36486,0.33514,normal
8.82000,-6.10000,-8.60000,0.90000,-0.13423,0.38288,0.31712,normal
8.84000,-6.46364,-8.41818,0.90000,-0.05000,0.45000,0.30000,normal
8.86000,-6.10000,-7.80000,1.00000,0.20303,0.29697,0.00000,normal
8.88000,-6.10000,-7.80000,1.00000,0.23333,0.26667,0.00000,normal
8.90000,-6.10000,-7.80000,1.00000,0.26364,0.23636,0.00000,normal
8.92000,-6.10000,-7.80000,0.95000,0.29394,0.20606,0.00000,normal
8.94000,-6.43297,-7.53407,0.80000,0.40631,0.10000,-0.20631,normal
8.96000,-6.49890,-7.40220,0.80000,0.42432,0.10000,-0.22432,normal
8.98000,-6.56484,-7.27033,0.80000,0.44234,0.10000,-0.24234,normal
9.00000,-6.63077,-7.13846,0.80000,0.46036,0.10000,-0.26036,normal
9.02000,-6.69670,-7.00659,0.80000,0.47838,0.10000,-0.27838,normal
9.04000,-5.93529,-7.52941,0.80000,0.49640,0.10000,-0.29640,normal
9.06000,-5.91410,-7.58590,0.70000,0.21250,0.10000,-0.40000,normal
9.08000,-5.93974,-7.56026,0.70000,0.23750,0.10000,-0.40000,normal
9.10000,-5.96538,-7.53462,0.70000,0.26250,0.10000,-0.40000,normal
9.12000,-5.99103,-7.50897,0.70000,0.28750,0.10000,-0.40000,normal
9.14000,-6.00000,-7.70610,0.71220,0.09565,-0.10000,-0.19565,normal
9.16000,-6.00000,-7.73049,0.76098,0.07391,-0.10000,-0.17391,normal
9.18000,-6.00000,-7.75488,0.80976,0.05217,-0.10000,-0.15217,normal
9.20000,-6.00000,-7.77927,0.85854,0.03043,-0.10000,-0.13043,normal
9.22000,-6.00000,-7.82727,0.90000,0.00870,-0.10000,-0.10870,normal
9.24000,-5.69205,-7.61591,1.01591,0.05882,-0.10000,-0.04118,normal
9.26000,-5.66932,-7.66136,1.06136,0.10000,0.01316,0.10000,normal
9.28000,-5.64659,-7.70682,1.10682,0.10000,0.03947,0.10000,normal
9.30000,-5.62386,-7.75227,1.15227,0.10000,0.06579,0.10000,normal
9.32000,-5.60114,-7.79773,1.19773,0.10000,0.09211,0.10000,normal
9.34000,-5.70941,-7.90941,1.40000,0.20471,0.30000,0.30000,normal
9.36000,-5.73294,-7.93294,1.40000,0.22824,0.30000,0.30000,normal
9.38000,-5.75647,-7.95647,1.40000,0.25176,0.30000,0.30000,normal
9.40000,-5.78000,-7.98000,1.40000,0.27529,0.30000,0.30000,normal
9.42000,-5.80000,-7.70000,1.40000,0.29882,0.30000,0.30000,normal
9.44000,-6.17222,-7.84333,1.50000,0.00000,0.20000,0.20824,normal
9.46000,-6.28333,-7.91000,1.50000,0.00000,0.20000,0.23176,normal
9.48000,-6.39444,-7.97667,1.50000,0.00000,0.20000,0.25529,normal
9.50000,-6.50556,-8.04333,1.50000,0.00000,0.20000,0.27882,normal
9.52000,-8.05000,-8.75000,1.35000,-0.05000,0.10000,0.35000,normal
9.54000,-9.59677,-9.06559,1.21720,-0.30000,0.01495,0.50000,normal
9.56000,-9.46774,-9.02258,1.23871,-0.30000,0.03364,0.50000,normal
9.58000,-9.33871,-8.97957,1.26022,-0.30000,0.05234,0.50000,normal
9.60000,-9.20968,-8.93656,1.28172,-0.30000,0.07103,0.50000,normal
9.62000,-8.94000,-8.84000,1.30000,-0.30000,0.08972,0.50000,normal
9.64000,-6.67778,-6.87407,1.29630,-0.30000,0.10000,0.59000,normal
9.66000,-6.52963,-6.70123,1.27160,0.11714,0.41714,0.60000,normal
9.68000,-6.38148,-6.52840,1.24691,0.14571,0.44571,0.60000,normal
9.70000,-6.23333,-6.35556,1.22222,0.17429,0.47429,0.60000,normal
9.72000,-5.70000,-5.30000,1.00000,0.22222,0.50000,0.57778,normal
9.74000,-5.08602,-4.03441,0.14839,-0.00723,0.39277,0.20000,normal
9.76000,-5.19355,-4.07742,0.08387,-0.03133,0.36867,0.20000,normal
9.78000,-5.30108,-4.12043,0.01935,-0.05542,0.34458,0.20000,normal
9.80000,-5.40860,-4.16344,-0.04516,-0.07952,0.32048,0.20000,normal
9.82000,-7.00000,-5.10000,-0.80000,-0.20000,0.10000,0.20000,normal
9.84000,-8.31720,-5.93441,-1.10000,-0.60000,-0.21569,0.08431,normal
9.86000,-8.33871,-5.97742,-1.10000,-0.60000,-0.23529,0.06471,normal
9.88000,-8.36022,-6.02043,-1.10000,-0.60000,-0.25490,0.04510,normal
9.90000,-8.38172,-6.06344,-1.10000,-0.60000,-0.27451,0.02549,normal
9.92000,-8.10000,-6.05000,-0.85000,-0.60000,-0.29412,0.00588,normal
9.94000,-7.37168,-6.71416,-0.28584,-0.58761,0.00619,-0.09381,normal
9.96000,-7.33628,-6.73186,-0.26814,-0.55221,0.02389,-0.07611,normal
9.98000,-7.30088,-6.74956,-0.25044,-0.51681,0.04159,-0.05841,normal
10.00000,-7.26549,-6.76726,-0.23274,-0.48142,0.05929,-0.04071,normal
10.02000,-7.23009,-6.78496,-0.21504,-0.44602,0.07699,-0.02301,normal
10.04000,-7.20000,-6.90000,-0.08182,-0.41062,0.09469,-0.00531,normal
10.06000,-6.88769,-6.60000,0.18769,0.00870,0.20870,0.10000,normal
10.08000,-6.85692,-6.60000,0.15692,0.03768,0.23768,0.10000,normal
10.10000,-6.82615,-6.60000,0.12615,0.06667,0.26667,0.10000,normal
10.12000,-6.81429,-6.54286,0.08571,0.09565,0.29565,0.10000,normal
10.14000,-7.11250,-6.96250,-0.10000,0.21087,0.20000,0.10000,normal
10.16000,-7.13523,-6.89432,-0.10000,0.23261,0.20000,0.10000,normal
10.18000,-7.15795,-6.82614,-0.10000,0.25435,0.20000,0.10000,normal
10.20000,-7.18068,-6.75795,-0.10000,0.27609,0.20000,0.10000,normal
10.22000,-7.16667,-6.45000,-0.30000,0.29783,0.20000,0.10000,normal
10.24000,-6.68710,-6.20000,-0.41290,0.19091,0.20000,-0.10000,normal
10.26000,-6.66559,-6.20000,-0.43441,0.17071,0.20000,-0.10000,normal
10.28000,-6.64409,-6.20000,-0.45591,0.15051,0.20000,-0.10000,normal
10.30000,-6.62258,-6.20000,-0.47742,0.13030,0.20000,-0.10000,normal
10.32000,-6.60108,-6.20000,-0.49892,0.11010,0.20000,-0.10000,normal
10.34000,-7.10488,-6.51463,-0.50488,0.20000,0.20000,-0.10000,normal
10.36000,-7.12927,-6.58780,-0.52927,0.20000,0.20000,-0.10000,normal
10.38000,-7.15366,-6.66098,-0.55366,0.20000,0.20000,-0.10000,normal
10.40000,-7.17805,-6.73415,-0.57805,0.20000,0.20000,-0.10000,normal
10.42000,-7.30000,-6.90000,-0.50000,0.20000,0.20000,-0.10000,normal
10.44000,-7.48750,-6.60000,-0.40000,0.28842,-0.01158,-0.20000,normal
10.46000,-7.46477,-6.60000,-0.40000,0.26737,-0.03263,-0.20000,normal
10.48000,-7.44205,-6.60000,-0.40000,0.24632,-0.05368,-0.20000,normal
10.50000,-7.41932,-6.60000,-0.40000,0.22526,-0.07474,-0.20000,normal
10.52000,-7.20000,-7.00000,-0.35000,0.20421,-0.09579,-0.20000,normal
10.54000,-6.96591,-7.28864,-0.20000,0.10714,-0.30000,0.10000,normal
10.56000,-6.89773,-7.26591,-0.20000,0.13095,-0.30000,0.10000,normal
10.58000,-6.82955,-7.24318,-0.20000,0.15476,-0.30000,0.10000,normal
10.60000,-6.76136,-7.22045,-0.20000,0.17857,-0.30000,0.10000,normal
10.62000,-6.10000,-6.95000,-0.10000,0.30000,-0.20000,0.20000,normal
10.64000,-6.82043,-7.66882,-0.31720,0.51296,0.21296,0.10000,normal
10.66000,-6.97097,-7.75484,-0.33871,0.53148,0.23148,0.10000,normal
10.68000,-7.12151,-7.84086,-0.36022,0.55000,0.25000,0.10000,normal
10.70000,-7.27204,-7.92688,-0.38172,0.56852,0.26852,0.10000,normal
10.72000,-8.80000,-7.80000,-0.60000,0.58704,0.28704,0.10000,normal
10.74000,-8.90000,-7.20000,-0.40000,0.70000,0.28000,0.00000,normal
10.76000,-8.92632,-7.20000,-0.34737,0.66418,0.20000,-0.01791,normal
10.78000,-8.95263,-7.20000,-0.29474,0.60448,0.20000,-0.04776,normal
10.80000,-8.97895,-7.20000,-0.24211,0.54478,0.20000,-0.07761,normal
10.82000,-9.00000,-7.05000,-0.30000,0.10000,0.10000,0.00000,normal
10.84000,-8.88021,-7.01979,-0.26042,0.10000,0.10000,0.01881,normal
10.86000,-8.85938,-7.04062,-0.21875,0.10000,0.10000,0.03861,normal
10.88000,-8.83854,-7.06146,-0.17708,0.10000,0.10000,0.05842,normal
10.90000,-8.81771,-7.08229,-0.13542,0.10000,0.10000,0.07822,normal
10.92000,-8.80000,-7.10000,0.30000,0.10000,0.10000,0.09802,normal
10.94000,-8.31429,-5.83878,0.41224,0.28879,0.00000,0.18879,normal
10.96000,-8.17143,-5.73673,0.43265,0.27009,0.00000,0.17009,normal
10.98000,-8.02857,-5.63469,0.45306,0.25140,0.00000,0.15140,normal
11.00000,-7.88571,-5.53265,0.47347,0.23271,0.00000,0.13271,normal
11.02000,-7.74286,-5.43061,0.49388,0.21402,0.00000,0.11402,normal
11.04000,-7.15000,-4.45000,0.55000,0.10000,-0.30000,-0.10000,normal
11.06000,-6.97662,-3.97662,0.54935,-0.03762,-0.41881,-0.11881,normal
11.08000,-6.84675,-3.84675,0.60130,-0.07723,-0.43861,-0.13861,normal
11.10000,-6.71688,-3.71688,0.65325,-0.11683,-0.45842,-0.15842,normal
11.12000,-6.30000,-3.70000,0.90000,-0.15644,-0.47822,-0.17822,normal
11.14000,-6.37826,-4.59130,0.82174,-0.19604,-0.49802,-0.19802,normal
11.16000,-6.68696,-5.16957,0.78261,-0.50000,-0.50000,-0.10000,normal
11.18000,-6.83188,-5.28551,0.75362,-0.46667,-0.50000,-0.06667,normal
11.20000,-6.97681,-5.40145,0.72464,-0.43333,-0.50000,-0.03333,normal
11.22000,-7.70000,-5.80000,0.80000,-0.40000,-0.50000,0.00000,normal
11.24000,-7.46383,-6.17234,1.00000,-0.30000,-0.50000,0.00000,normal
11.26000,-7.42128,-6.25745,1.00000,-0.30000,-0.50000,0.00000,normal
11.28000,-7.37872,-6.34255,1.00000,-0.30000,-0.50000,0.00000,normal
11.30000,-7.33617,-6.42766,1.00000,-0.30000,-0.50000,0.00000,normal
11.32000,-7.25000,-6.60000,1.10000,-0.30000,-0.50000,0.00000,normal
11.34000,-6.34607,-6.14045,1.18652,-0.31348,-0.50000,-0.10000,normal
11.36000,-6.25618,-6.20787,1.16404,-0.33596,-0.50000,-0.10000,normal
11.38000,-6.16629,-6.27528,1.14157,-0.35843,-0.50000,-0.10000,normal
11.40000,-6.07640,-6.34270,1.11910,-0.38090,-0.50000,-0.10000,normal
11.42000,-6.20000,-7.20000,0.90000,-0.30000,-0.50000,-0.10000,normal
11.44000,-6.75426,-7.43617,1.20000,-0.41429,-0.50000,0.00000,normal
11.46000,-6.81809,-7.47872,1.20000,-0.43333,-0.50000,0.00000,normal
11.48000,-6.88191,-7.52128,1.20000,-0.45238,-0.50000,0.00000,normal
11.50000,-6.94574,-7.56383,1.20000,-0.47143,-0.50000,0.00000,normal
11.52000,-6.66000,-7.68000,1.26000,-0.49048,-0.50000,0.00000,normal
11.54000,-6.40000,-7.59500,1.70000,-0.40000,-0.33333,0.00000,normal
11.56000,-6.40000,-7.57000,1.70000,-0.18310,-0.18310,-0.10000,normal
11.58000,-6.40000,-7.54500,1.70000,-0.15493,-0.15493,-0.10000,normal
11.60000,-6.40000,-7.52000,1.70000,-0.12676,-0.12676,-0.10000,normal
11.62000,-6.35000,-6.95000,1.80000,-0.05000,-0.10000,-0.10000,normal
11.64000,-6.18462,-6.56923,1.78462,0.10000,0.00000,-0.01584,normal
11.66000,-6.16264,-6.52527,1.76264,0.10000,0.00000,-0.03564,normal
11.68000,-6.14066,-6.48132,1.74066,0.10000,0.00000,-0.05545,normal
11.70000,-6.11868,-6.43736,1.71868,0.10000,0.00000,-0.07525,normal
11.72000,-6.30000,-6.60000,1.60000,0.10000,0.00000,-0.09505,normal
11.74000,-6.20000,-6.52889,1.60000,-0.01047,-0.08953,0.00000,normal
11.76000,-6.20000,-6.57333,1.60000,-0.03372,-0.06628,0.00000,normal
11.78000,-6.20000,-6.61778,1.60000,-0.05698,-0.04302,0.00000,normal
11.80000,-6.20000,-6.66222,1.60000,-0.08023,-0.01977,0.00000,normal
11.82000,-6.40000,-6.90000,1.50000,-0.10000,0.00000,0.10000,normal
11.84000,-6.60000,-7.02857,1.50000,-0.01194,0.10000,0.08806,normal
11.86000,-6.60000,-7.06218,1.50000,-0.02687,0.10000,0.07313,normal
11.88000,-6.60000,-7.09580,1.50000,-0.04179,0.10000,0.05821,normal
11.90000,-6.60000,-7.12941,1.50000,-0.05672,0.10000,0.04328,normal
11.92000,-6.60000,-7.16303,1.50000,-0.07164,0.10000,0.02836,normal
11.94000,-6.60000,-7.19664,1.50000,-0.08657,0.10000,0.01343,normal
11.96000,-6.50000,-7.30000,1.50000,-0.10000,0.03333,0.00000,normal
11.98000,-6.66129,-7.63065,1.43871,-0.10000,0.00000,-0.10000,normal
12.00000,-6.72581,-7.66290,1.37419,-0.10000,0.00000,-0.10000,normal
12.02000,-6.79032,-7.69516,1.30968,-0.10000,0.00000,-0.10000,normal
12.04000,-5.65000,-7.60000,1.20000,-0.10000,0.00000,-0.20000,normal
12.06000,-5.62466,-7.77397,1.17534,-0.20000,0.12222,-0.20000,normal
12.08000,-5.65205,-7.85616,1.14795,-0.20000,0.15000,-0.20000,normal
12.10000,-5.67945,-7.93836,1.12055,-0.20000,0.17778,-0.20000,normal
12.12000,-6.40000,-7.80000,0.90000,0.30000,0.30000,-0.30000,normal
12.14000,-6.71915,-7.46170,0.88085,0.28214,0.30000,-0.31786,normal
12.16000,-6.74043,-7.41915,0.85957,0.26429,0.30000,-0.33571,normal
12.18000,-6.76170,-7.37660,0.83830,0.24643,0.30000,-0.35357,normal
12.20000,-6.78298,-7.33404,0.81702,0.22857,0.30000,-0.37143,normal
12.22000,-6.86667,-7.16667,0.83333,0.21071,0.30000,-0.38929,normal
12.24000,-6.17079,-6.74382,1.08539,-0.20000,0.00000,-0.50000,normal
12.26000,-6.12584,-6.81124,1.06292,-0.20000,0.00000,-0.50000,normal
12.28000,-6.08090,-6.87865,1.04045,-0.20000,0.00000,-0.50000,normal
12.30000,-6.03596,-6.94607,1.01798,-0.20000,0.00000,-0.50000,normal
12.32000,-6.60000,-7.60000,0.90000,-0.20000,0.00000,-0.47000,normal
12.34000,-7.13200,-7.36600,0.91700,0.10000,0.10000,-0.10000,normal
12.36000,-7.05200,-7.32600,0.93700,0.10000,0.10000,-0.10000,normal
12.38000,-6.97200,-7.28600,0.95700,0.10000,0.10000,-0.10000,normal
12.40000,-6.89200,-7.24600,0.97700,0.10000,0.10000,-0.10000,normal
12.42000,-6.81200,-7.20600,0.99700,0.10000,0.10000,-0.10000,normal
12.44000,-5.84651,-7.90000,1.27674,0.30854,0.30000,0.20000,normal
12.46000,-5.93953,-7.90000,1.23023,0.33293,0.30000,0.20000,normal
12.48000,-6.03256,-7.90000,1.18372,0.35732,0.30000,0.20000,normal
12.50000,-6.12558,-7.90000,1.13721,0.38171,0.30000,0.20000,normal
12.52000,-7.45000,-8.55000,1.00000,0.15000,0.05000,0.35000,normal
12.54000,-7.62000,-8.76000,1.02000,0.10000,0.00000,0.40000,normal
12.56000,-7.64105,-8.82316,1.04105,0.10000,0.00000,0.40000,normal
12.58000,-7.66211,-8.88632,1.06211,0.10000,0.00000,0.40000,normal
12.60000,-7.68316,-8.94947,1.08316,0.10000,0.00000,0.40000,normal
12.62000,-8.30000,-9.40000,1.10000,0.10000,0.00000,0.40000,normal
12.64000,-8.86344,-9.20860,0.73656,0.10000,-0.10000,0.70000,normal
12.66000,-8.82043,-9.10108,0.77957,0.10000,-0.10000,0.70000,normal
12.68000,-8.77742,-8.99355,0.82258,0.10000,-0.10000,0.70000,normal
12.70000,-8.73441,-8.88602,0.86559,0.10000,-0.10000,0.70000,normal
12.72000,-7.10000,-7.30000,1.10000,0.04000,-0.04000,0.70000,normal
12.74000,-5.58172,-6.03548,0.86344,0.22222,0.30000,0.68889,normal
12.76000,-5.56022,-5.84194,0.82043,0.26667,0.30000,0.66667,normal
12.78000,-5.53871,-5.64839,0.77742,0.31111,0.30000,0.64444,normal
12.80000,-5.51720,-5.45484,0.73441,0.35556,0.30000,0.62222,normal
12.82000,-5.30000,-3.90000,0.30000,0.40000,0.30000,0.60000,normal
12.84000,-5.60968,-4.00968,0.16344,-0.01250,0.38750,0.08750,normal
12.86000,-5.73871,-4.13871,0.12043,-0.03523,0.36477,0.06477,normal
12.88000,-5.86774,-4.26774,0.07742,-0.05795,0.34205,0.04205,normal
12.90000,-5.99677,-4.39677,0.03441,-0.08068,0.31932,0.01932,normal
12.92000,-7.40000,-5.20000,-0.20000,-0.10000,0.16667,0.00000,normal
12.94000,-7.80000,-5.59140,0.33656,-0.30000,0.00000,-0.21287,normal
12.96000,-7.80000,-5.69892,0.37957,-0.30000,0.00000,-0.23267,normal
12.98000,-7.80000,-5.80645,0.42258,-0.30000,0.00000,-0.25248,normal
13.00000,-7.80000,-5.91398,0.46559,-0.30000,0.00000,-0.27228,normal
13.02000,-7.93333,-6.13333,0.50000,-0.30000,0.00000,-0.29208,normal
13.04000,-7.87209,-5.90000,0.81395,-0.20000,-0.09091,-0.39091,normal
13.06000,-7.77907,-5.90000,0.86047,-0.20750,-0.10000,-0.39250,normal
13.08000,-7.68605,-5.90000,0.90698,-0.23250,-0.10000,-0.36750,normal
13.10000,-7.59302,-5.90000,0.95349,-0.25750,-0.10000,-0.34250,normal
13.12000,-7.50000,-5.90000,1.00000,-0.28250,-0.10000,-0.31750,normal
13.14000,-7.10000,-6.50000,0.90000,-0.08000,-0.10000,-0.10000,normal
13.16000,-7.12632,-6.47368,0.90000,-0.02078,-0.07922,-0.07922,normal
13.18000,-7.15263,-6.44737,0.90000,-0.04675,-0.05325,-0.05325,normal
13.20000,-7.17895,-6.42105,0.90000,-0.07273,-0.02727,-0.02727,normal
13.22000,-7.20000,-6.40000,0.96667,-0.09870,-0.00130,-0.00130,normal
13.24000,-6.68617,-6.88617,1.00000,0.10000,0.10000,0.08723,normal
13.26000,-6.66489,-6.86489,1.00000,0.10000,0.10000,0.06596,normal
13.28000,-6.64362,-6.84362,1.00000,0.10000,0.10000,0.04468,normal
13.30000,-6.62234,-6.82234,1.00000,0.10000,0.10000,0.02340,normal
13.32000,-6.60106,-6.80106,1.00000,0.10000,0.10000,0.00213,normal
13.34000,-6.40000,-6.72727,0.78636,0.00000,0.10000,0.00000,normal
13.36000,-6.40000,-6.77273,0.76364,0.00000,0.10000,0.00000,normal
13.38000,-6.40000,-6.81818,0.74091,0.00000,0.10000,0.00000,normal
13.40000,-6.40000,-6.86364,0.71818,0.00000,0.10000,0.00000,normal
13.42000,-6.46667,-6.83333,0.53333,0.00000,0.10000,0.00000,normal
13.44000,-6.50952,-6.81905,0.50000,0.07143,0.10000,-0.10000,normal
13.46000,-6.53333,-6.86667,0.50000,-0.01429,0.10000,-0.10000,normal
13.48000,-6.55714,-6.91429,0.50000,-0.04286,0.10000,-0.10000,normal
13.50000,-6.58095,-6.96190,0.50000,-0.07143,0.10000,-0.10000,normal
13.52000,-6.60000,-6.70000,0.60000,-0.10000,0.10000,-0.10000,normal
13.54000,-6.71556,-6.94667,0.60000,-0.01556,0.10000,-0.10000,normal
13.56000,-6.73778,-7.01333,0.60000,-0.03778,0.10000,-0.10000,normal
13.58000,-6.76000,-7.08000,0.60000,-0.06000,0.10000,-0.10000,normal
13.60000,-6.78222,-7.14667,0.60000,-0.08222,0.10000,-0.10000,normal
13.62000,-6.70000,-7.20000,0.70000,-0.05000,0.00000,0.00000,normal
13.64000,-6.48085,-7.43830,0.78085,0.01915,0.00000,0.00000,normal
13.66000,-6.45957,-7.48085,0.75957,0.04043,0.00000,0.00000,normal
13.68000,-6.43830,-7.52340,0.73830,0.06170,0.00000,0.00000,normal
13.70000,-6.41702,-7.56596,0.71702,0.08298,0.00000,0.00000,normal
13.72000,-6.40000,-7.70000,0.45000,0.30000,0.05000,0.10000,normal
13.74000,-6.38105,-7.80000,0.50000,0.40000,0.11068,0.10000,normal
13.76000,-6.36000,-7.80000,0.50000,0.40000,0.13010,0.10000,normal
13.78000,-6.33895,-7.80000,0.50000,0.40000,0.14951,0.10000,normal
13.80000,-6.31789,-7.80000,0.50000,0.40000,0.16893,0.10000,normal
13.82000,-6.21000,-7.80000,0.39000,0.40000,0.18835,0.10000,normal
13.84000,-6.80513,-7.79231,0.20000,0.60000,0.30000,-0.10000,normal
13.86000,-6.85641,-7.71538,0.20000,0.70000,0.28485,-0.21515,normal
13.88000,-6.90769,-7.63846,0.20000,0.70000,0.25455,-0.24545,normal
13.90000,-6.95897,-7.56154,0.20000,0.70000,0.22424,-0.27576,normal
13.92000,-6.95000,-6.80000,0.20000,0.35000,-0.05000,-0.45000,normal
13.94000,-7.35745,-7.43830,0.18085,0.10000,-0.10000,-0.50000,normal
13.96000,-7.42128,-7.48085,0.15957,0.10000,-0.10000,-0.50000,normal
13.98000,-7.48511,-7.52340,0.13830,0.10000,-0.10000,-0.50000,normal
14.00000,-7.54894,-7.56596,0.11702,0.10000,-0.10000,-0.50000,normal
14.02000,-7.60000,-7.44000,0.18000,0.10000,-0.10000,-0.50000,normal
14.04000,-7.91702,-7.91702,0.10851,0.10000,0.00000,-0.08889,normal
14.06000,-7.95957,-7.95957,0.12979,0.10000,0.00000,-0.04444,normal
14.08000,-8.00213,-8.00213,0.15106,0.10000,0.00000,0.00000,normal
14.10000,-8.04468,-8.04468,0.17234,0.10000,0.00000,0.04444,normal
14.12000,-8.08723,-8.08723,0.19362,0.10000,0.00000,0.08889,normal
14.14000,-8.41071,-8.10000,0.31071,0.10000,0.30947,0.50000,normal
14.16000,-8.43452,-8.10000,0.33452,0.10000,0.33053,0.50000,normal
14.18000,-8.45833,-8.10000,0.35833,0.10000,0.35158,0.50000,normal
14.20000,-8.48214,-8.10000,0.38214,0.10000,0.37263,0.50000,normal
14.22000,-8.34000,-7.81000,0.43000,0.10000,0.39368,0.50000,normal
14.24000,-7.77674,-6.73023,0.78837,0.20000,0.40000,0.50000,normal
14.26000,-7.73023,-6.59070,0.76512,0.00000,0.18312,0.40000,normal
14.28000,-7.68372,-6.45116,0.74186,0.00000,0.15714,0.40000,normal
14.30000,-7.63721,-6.31163,0.71860,0.00000,0.13117,0.40000,normal
14.32000,-6.77500,-5.28750,0.91250,0.00000,0.10519,0.40000,normal
14.34000,-6.82529,-5.23678,0.68736,-0.20000,-0.30909,0.10000,normal
14.36000,-6.87126,-5.12184,0.66437,-0.20000,-0.33182,0.10000,normal
14.38000,-6.91724,-5.00690,0.64138,-0.20000,-0.35455,0.10000,normal
14.40000,-6.96322,-4.89195,0.61839,-0.20000,-0.37727,0.10000,normal
14.42000,-6.20000,-4.70000,1.00000,-0.20000,-0.40000,0.10000,normal
14.44000,-6.34382,-5.45843,1.00000,-0.57263,-0.40000,0.01368,normal
14.46000,-6.41124,-5.54831,1.00000,-0.53053,-0.40000,0.03474,normal
14.48000,-6.47865,-5.63820,1.00000,-0.48842,-0.40000,0.05579,normal
14.50000,-6.54607,-5.72809,1.00000,-0.44632,-0.40000,0.07684,normal
14.52000,-7.24286,-5.94286,1.11429,-0.40421,-0.40000,0.09789,normal
14.54000,-7.90000,-7.05333,1.18667,-0.48981,-0.30000,0.10000,normal
14.56000,-7.90000,-7.14222,1.16444,-0.47130,-0.30000,0.10000,normal
14.58000,-7.90000,-7.23111,1.14222,-0.45278,-0.30000,0.10000,normal
14.60000,-7.90000,-7.32000,1.12000,-0.43426,-0.30000,0.10000,normal
14.62000,-7.90000,-7.39000,1.11000,-0.41574,-0.30000,0.10000,normal
14.64000,-7.70000,-7.10000,1.20000,-0.37000,-0.30000,0.07000,normal
14.66000,-6.95342,-6.50000,1.17671,-0.19375,-0.20000,-0.20000,normal
14.68000,-6.89863,-6.50000,1.14932,-0.16250,-0.20000,-0.20000,normal
14.70000,-6.84384,-6.50000,1.12192,-0.13125,-0.20000,-0.20000,normal
14.72000,-6.85000,-6.40000,0.85000,-0.10000,-0.20000,-0.20000,normal
14.74000,-6.76889,-5.90000,0.70000,-0.01538,-0.30000,-0.10000,normal
14.76000,-6.72444,-5.90000,0.70000,-0.03736,-0.30000,-0.10000,normal
14.78000,-6.68000,-5.90000,0.70000,-0.05934,-0.30000,-0.10000,normal
14.80000,-6.63556,-5.90000,0.70000,-0.08132,-0.30000,-0.10000,normal
14.82000,-6.70000,-6.20000,0.60000,-0.10000,-0.20000,0.00000,normal
14.84000,-6.60000,-6.31753,0.71753,0.00000,-0.10000,0.10000,normal
14.86000,-6.60000,-6.33814,0.73814,0.00000,-0.10000,0.10000,normal
14.88000,-6.60000,-6.35876,0.75876,0.00000,-0.10000,0.10000,normal
14.90000,-6.60000,-6.37938,0.77938,0.00000,-0.10000,0.10000,normal
14.92000,-6.60000,-6.40000,0.80000,0.00000,-0.10000,0.10000,normal
14.94000,-6.70000,-6.81461,1.10000,0.10000,0.10000,0.10000,normal
14.96000,-6.70000,-6.83708,1.10000,0.10000,0.10000,0.10000,normal
14.98000,-6.70000,-6.85955,1.10000,0.10000,0.10000,0.10000,normal
15.00000,-6.70000,-6.88202,1.10000,0.10000,0.10000,0.10000,normal
15.02000,-6.78000,-6.98000,1.18000,0.10000,0.10000,0.10000,normal
15.04000,-6.60000,-6.61505,1.40000,0.10000,0.20000,0.10000,normal
15.06000,-6.60000,-6.63656,1.40000,0.10000,0.20000,0.10000,normal
15.08000,-6.60000,-6.65806,1.40000,0.10000,0.20000,0.10000,normal
15.10000,-6.60000,-6.67957,1.40000,0.10000,0.20000,0.10000,normal
15.12000,-6.75000,-6.80000,1.35000,0.10000,0.20000,0.10000,normal
15.14000,-7.91556,-6.76889,1.08444,0.18736,0.10000,-0.01264,normal
15.16000,-7.93778,-6.72444,1.06222,0.16437,0.10000,-0.03563,normal
15.18000,-7.96000,-6.68000,1.04000,0.14138,0.10000,-0.05862,normal
15.20000,-7.98222,-6.63556,1.01778,0.11839,0.10000,-0.08161,normal
15.22000,-7.20000,-6.35000,1.05000,0.00000,0.00000,-0.13333,normal
15.24000,-6.98085,-6.38085,0.90000,0.00000,0.01327,-0.18673,normal
15.26000,-6.95957,-6.35957,0.90000,0.00000,0.03367,-0.16633,normal
15.28000,-6.93830,-6.33830,0.90000,0.00000,0.05408,-0.14592,normal
15.30000,-6.91702,-6.31702,0.90000,0.00000,0.07449,-0.12551,normal
15.32000,-7.00000,-6.30000,0.80000,0.00000,0.09490,-0.10510,normal
15.34000,-7.33000,-6.63000,0.70000,0.10000,0.30000,0.10000,normal
15.36000,-7.39667,-6.69667,0.70000,0.10000,0.30000,0.10000,normal
15.38000,-7.46333,-6.76333,0.70000,0.10000,0.30000,0.10000,normal
15.40000,-7.53000,-6.83000,0.70000,0.10000,0.30000,0.10000,normal
15.42000,-7.59667,-6.89667,0.70000,0.10000,0.30000,0.10000,normal
15.44000,-9.58523,-7.81477,0.52955,0.00000,0.19022,0.30000,normal
15.46000,-9.56250,-7.83750,0.57500,0.00000,0.16848,0.30000,normal
15.48000,-9.53977,-7.86023,0.62045,0.00000,0.14674,0.30000,normal
15.50000,-9.51705,-7.88295,0.66591,0.00000,0.12500,0.30000,normal
15.52000,-9.62857,-7.87143,0.62857,0.00000,0.10326,0.30000,normal
15.54000,-8.52826,-6.70000,0.60000,-0.11000,-0.20000,0.20000,normal
15.56000,-8.39783,-6.70000,0.60000,-0.13222,-0.20000,0.20000,normal
15.58000,-8.26739,-6.70000,0.60000,-0.15444,-0.20000,0.20000,normal
15.60000,-8.13696,-6.70000,0.60000,-0.17667,-0.20000,0.20000,normal
15.62000,-8.00652,-6.70000,0.60000,-0.19889,-0.20000,0.20000,normal
15.64000,-6.57111,-5.74222,0.60000,-0.18812,-0.18812,0.30000,normal
15.66000,-6.52667,-5.65333,0.60000,-0.16832,-0.16832,0.30000,normal
15.68000,-6.48222,-5.56444,0.60000,-0.14851,-0.14851,0.30000,normal
15.70000,-6.43778,-5.47556,0.60000,-0.12871,-0.12871,0.30000,normal
15.72000,-6.18571,-5.22857,0.64286,-0.10891,-0.10891,0.30000,normal
15.74000,-6.10617,-4.98765,0.48765,0.13333,0.36667,0.10000,normal
15.76000,-6.13086,-4.93827,0.43827,0.22208,0.40000,0.07792,normal
15.78000,-6.15556,-4.88889,0.38889,0.24805,0.40000,0.05195,normal
15.80000,-6.18025,-4.83951,0.33951,0.27403,0.40000,0.02597,normal
15.82000,-7.40000,-5.05000,0.10000,0.30000,0.40000,0.00000,normal
15.84000,-8.24421,-5.51474,-0.01474,0.10000,0.28600,-0.20000,normal
15.86000,-8.30737,-5.53579,-0.03579,0.10000,0.26600,-0.20000,normal
15.88000,-8.37053,-5.55684,-0.05684,0.10000,0.24600,-0.20000,normal
15.90000,-8.43368,-5.57789,-0.07789,0.10000,0.22600,-0.20000,normal
15.92000,-8.49684,-5.59895,-0.09895,0.10000,0.20600,-0.20000,normal
15.94000,-7.60000,-5.79140,0.40860,0.10000,0.20000,-0.30000,normal
15.96000,-7.60000,-5.76989,0.43011,0.10000,0.20000,-0.30000,normal
15.98000,-7.60000,-5.74839,0.45161,0.10000,0.20000,-0.30000,normal
16.00000,-7.60000,-5.72688,0.47312,0.10000,0.20000,-0.30000,normal
16.02000,-7.60000,-5.70538,0.49462,0.10000,0.20000,-0.30000,normal
16.04000,-8.10000,-6.00741,0.50741,0.10000,0.19583,-0.30000,normal
16.06000,-8.10000,-6.03210,0.53210,0.10000,0.17500,-0.30000,normal
16.08000,-8.10000,-6.05679,0.55679,0.10000,0.15417,-0.30000,normal
16.10000,-8.10000,-6.08148,0.58148,0.10000,0.13333,-0.30000,normal
16.12000,-7.84000,-6.04000,0.60000,0.10000,0.11250,-0.30000,normal
16.14000,-7.39481,-5.90260,0.59740,0.10000,0.10000,-0.30000,normal
16.16000,-7.34286,-5.92857,0.57143,0.00000,0.00000,-0.30000,normal
16.18000,-7.29091,-5.95455,0.54545,0.00000,0.00000,-0.30000,normal
16.20000,-7.23896,-5.98052,0.51948,0.00000,0.00000,-0.30000,normal
16.22000,-6.80000,-6.20000,0.50000,0.00000,0.00000,-0.30000,normal
16.24000,-6.56129,-6.20000,0.38065,0.09268,0.00000,-0.20000,normal
16.26000,-6.51828,-6.20000,0.35914,0.06829,0.00000,-0.20000,normal
16.28000,-6.47527,-6.20000,0.33763,0.04390,0.00000,-0.20000,normal
16.30000,-6.43226,-6.20000,0.31613,0.01951,0.00000,-0.20000,normal
16.32000,-6.20000,-7.00000,0.20000,0.10000,-0.10000,-0.10000,normal
16.34000,-6.08065,-6.91935,0.12258,0.08065,-0.08065,-0.10000,normal
16.36000,-6.05914,-6.94086,0.03656,0.05914,-0.05914,-0.10000,normal
16.38000,-6.03763,-6.96237,-0.04946,0.03763,-0.03763,-0.10000,normal
16.40000,-6.01613,-6.98387,-0.13548,0.01613,-0.01613,-0.10000,normal
16.42000,-5.70000,-7.90000,-0.60000,-0.50000,0.10000,-0.20000,normal
16.44000,-5.88065,-8.25806,-1.00000,-0.24615,0.11346,-0.30000,normal
16.46000,-5.85914,-8.32258,-1.00000,-0.16923,0.13269,-0.30000,normal
16.48000,-5.83763,-8.38710,-1.00000,-0.09231,0.15192,-0.30000,normal
16.50000,-5.81613,-8.45161,-1.00000,-0.01538,0.17115,-0.30000,normal
16.52000,-6.05625,-8.40625,-0.68750,0.06154,0.19038,-0.30000,normal
16.54000,-6.10000,-7.50920,0.20000,0.48889,0.38889,-0.40000,normal
16.56000,-6.10000,-7.55517,0.20000,0.30000,0.51975,-0.40000,normal
16.58000,-6.10000,-7.60115,0.20000,0.30000,0.54444,-0.40000,normal
16.60000,-6.10000,-7.64713,0.20000,0.30000,0.56914,-0.40000,normal
16.62000,-6.10000,-7.69310,0.20000,0.30000,0.59383,-0.40000,normal
16.64000,-6.50000,-7.57471,0.17471,0.70000,0.48889,-0.31111,normal
16.66000,-6.50000,-7.52874,0.12874,0.70000,0.46667,-0.33333,normal
16.68000,-6.50000,-7.48276,0.08276,0.70000,0.44444,-0.35556,normal
16.70000,-6.50000,-7.43678,0.03678,0.70000,0.42222,-0.37778,normal
16.72000,-6.00000,-7.30000,0.30000,0.70000,0.40000,-0.40000,normal
16.74000,-6.03548,-7.65806,0.12258,0.18913,0.20000,-0.28913,normal
16.76000,-6.18602,-7.72258,0.03656,0.16739,0.20000,-0.26739,normal
16.78000,-6.33656,-7.78710,-0.04946,0.14565,0.20000,-0.24565,normal
16.80000,-6.48710,-7.85161,-0.13548,0.12391,0.20000,-0.22391,normal
16.82000,-6.78571,-8.02857,-0.18571,0.10217,0.20000,-0.20217,normal
16.84000,-6.62759,-8.48276,-0.12759,0.18846,0.41154,0.11154,normal
16.86000,-6.67356,-8.62069,-0.17356,0.16923,0.43077,0.13077,normal
16.88000,-6.71954,-8.75862,-0.21954,0.15000,0.45000,0.15000,normal
16.90000,-6.76552,-8.89655,-0.26552,0.13077,0.46923,0.16923,normal
16.92000,-6.95000,-9.20000,-0.35000,0.11154,0.48846,0.18846,normal
16.94000,-7.69740,-9.29740,-0.49740,0.12143,0.60000,0.20000,normal
16.96000,-7.67143,-9.27143,-0.47143,0.30000,0.80000,0.20000,normal
16.98000,-7.64545,-9.24545,-0.44545,0.30000,0.80000,0.20000,normal
17.00000,-7.61948,-9.21948,-0.41948,0.30000,0.80000,0.20000,normal
17.02000,-7.51667,-8.95000,-0.40000,0.30000,0.80000,0.20000,normal
17.04000,-6.24884,-7.44884,-0.21279,0.40482,0.80000,0.00000,normal
17.06000,-6.15581,-7.35581,-0.23605,0.42892,0.80000,0.00000,normal
17.08000,-6.06279,-7.26279,-0.25930,0.45301,0.80000,0.00000,normal
17.10000,-5.96977,-7.16977,-0.28256,0.47711,0.80000,0.00000,normal
17.12000,-5.50000,-6.40000,-0.30000,0.50000,0.80000,-0.03333,normal
17.14000,-5.38105,-6.30000,-0.41895,0.61250,0.78750,-0.31250,normal
17.16000,-5.36000,-6.30000,-0.44000,0.63173,0.76827,-0.33173,normal
17.18000,-5.33895,-6.30000,-0.46105,0.65096,0.74904,-0.35096,normal
17.20000,-5.31789,-6.30000,-0.48211,0.67019,0.72981,-0.37019,normal
17.22000,-5.55000,-6.40000,-0.50000,0.68942,0.71058,-0.38942,normal
17.24000,-5.90000,-7.02299,-0.70000,0.60000,0.60000,-0.60000,normal
17.26000,-5.90000,-7.06897,-0.70000,0.60000,0.57564,-0.60000,normal
17.28000,-5.90000,-7.11494,-0.70000,0.60000,0.55000,-0.60000,normal
17.30000,-5.90000,-7.16092,-0.70000,0.60000,0.52436,-0.60000,normal
17.32000,-5.70000,-7.45000,-0.65000,0.60000,0.50000,-0.60000,normal
17.34000,-5.50000,-8.20000,-0.61685,0.50000,0.50000,-0.40000,normal
17.36000,-5.50000,-8.20000,-0.63933,0.50000,0.50000,-0.40000,normal
17.38000,-5.50000,-8.20000,-0.66180,0.50000,0.50000,-0.40000,normal
17.40000,-5.50000,-8.20000,-0.68427,0.50000,0.50000,-0.40000,normal
17.42000,-5.12000,-8.44000,-0.70000,0.60000,0.50000,-0.30000,normal
17.44000,-4.98247,-8.50000,-0.70000,0.60000,0.61683,-0.30000,normal
17.46000,-4.96186,-8.50000,-0.70000,0.60000,0.63663,-0.30000,normal
17.48000,-4.94124,-8.50000,-0.70000,0.60000,0.65644,-0.30000,normal
17.50000,-4.92062,-8.50000,-0.70000,0.60000,0.67624,-0.30000,normal
17.52000,-4.90000,-8.50000,-0.70000,0.60000,0.69604,-0.30000,normal
17.54000,-4.21279,-7.91279,-0.28721,0.60000,0.90000,-0.30000,normal
17.56000,-4.23605,-7.93605,-0.26395,0.60000,0.90000,-0.30000,normal
17.58000,-4.25930,-7.95930,-0.24070,0.60000,0.90000,-0.30000,normal
17.60000,-4.28256,-7.98256,-0.21744,0.60000,0.90000,-0.30000,normal
17.62000,-4.20000,-8.10000,0.10000,0.60000,0.90000,-0.30000,normal
17.64000,-4.05484,-8.06989,0.11505,0.59518,1.00482,-0.30000,normal
17.66000,-3.99032,-8.02688,0.13656,0.57108,1.02892,-0.30000,normal
17.68000,-3.92581,-7.98387,0.15806,0.54699,1.05301,-0.30000,normal
17.70000,-3.86129,-7.94086,0.17957,0.52289,1.07711,-0.30000,normal
17.72000,-3.80000,-7.85000,0.25000,0.45000,1.10000,-0.30000,normal
17.74000,-3.71613,-8.73226,0.41613,0.50778,1.20000,-0.30000,normal
17.76000,-3.73763,-8.77527,0.43763,0.53000,1.20000,-0.30000,normal
17.78000,-3.75914,-8.81828,0.45914,0.55222,1.20000,-0.30000,normal
17.80000,-3.78065,-8.86129,0.48065,0.57444,1.20000,-0.30000,normal
17.82000,-3.76667,-8.90000,0.50000,0.59667,1.20000,-0.30000,normal
17.84000,-3.47442,-9.22558,0.72558,0.61264,1.21264,-0.30000,normal
17.86000,-3.42791,-9.27209,0.77209,0.63563,1.23563,-0.30000,normal
17.88000,-3.38140,-9.31860,0.81860,0.65862,1.25862,-0.30000,normal
17.90000,-3.33488,-9.36512,0.86512,0.68161,1.28161,-0.30000,normal
17.92000,-3.55000,-9.55000,0.90000,0.83333,1.36667,-0.23333,normal
17.94000,-3.74194,-9.20323,0.30000,1.20000,1.60000,-0.19109,normal
17.96000,-3.67742,-9.09570,0.30000,1.20000,1.60000,-0.17129,normal
17.98000,-3.61290,-8.98817,0.30000,1.20000,1.60000,-0.15149,normal
18.00000,-3.54839,-8.88065,0.30000,1.20000,1.60000,-0.13168,normal
18.02000,-3.32000,-8.36000,0.24000,1.20000,1.60000,-0.11188,normal
18.04000,-3.20260,-9.00779,-0.30000,0.52308,1.50000,-0.10000,normal
18.06000,-3.22857,-9.08571,-0.30000,0.61449,1.48551,-0.10000,normal
18.08000,-3.25455,-9.16364,-0.30000,0.64348,1.45652,-0.10000,normal
18.10000,-3.28052,-9.24156,-0.30000,0.67246,1.42754,-0.10000,normal
18.12000,-3.68000,-8.98000,-0.30000,0.80000,1.40000,-0.10000,normal
18.14000,-3.81667,-8.40000,0.01667,0.51505,1.40000,-0.11505,normal
18.16000,-3.83889,-8.40000,-0.09444,0.53656,1.40000,-0.13656,normal
18.18000,-3.86111,-8.40000,-0.20556,0.55806,1.40000,-0.15806,normal
18.20000,-3.88333,-8.40000,-0.31667,0.57957,1.40000,-0.17957,normal
18.22000,-5.24000,-8.36000,-0.74000,0.70000,1.50000,-0.10000,normal
18.24000,-6.31667,-9.00000,-0.86667,0.40000,1.46832,0.10000,normal
18.26000,-5.93889,-9.40000,-0.95556,0.40000,1.42871,0.10000,normal
18.28000,-5.56111,-9.80000,-1.04444,0.40000,1.38911,0.10000,normal
18.30000,-5.18333,-10.20000,-1.13333,0.40000,1.34950,0.10000,normal
18.32000,-2.68000,-8.42000,1.58000,0.40000,1.30990,0.10000,normal
18.34000,-2.75882,-8.53529,0.88235,0.20968,0.92903,-0.20000,normal
18.36000,-2.87647,-8.60588,0.64706,0.23118,0.99355,-0.20000,normal
18.38000,-2.99412,-8.67647,0.41176,0.25269,1.05806,-0.20000,normal
18.40000,-3.11176,-8.74706,0.17647,0.27419,1.12258,-0.20000,normal
18.42000,-4.35556,-7.42222,0.02222,0.29570,1.18710,-0.20000,normal
18.44000,-5.27059,-9.55882,-1.02353,-0.16000,1.00000,0.23000,normal
18.46000,-5.41176,-9.67647,-1.07059,-0.30000,1.00000,0.30000,normal
18.48000,-5.55294,-9.79412,-1.11765,-0.30000,1.00000,0.30000,normal
18.50000,-5.69412,-9.91176,-1.16471,-0.30000,1.00000,0.30000,normal
18.52000,-4.40000,-8.60000,-0.20000,0.20000,0.80000,0.30000,normal
18.54000,-4.17872,-8.67979,-0.23936,0.21856,0.78144,0.18144,normal
18.56000,-4.05106,-8.65851,-0.17553,0.23918,0.76082,0.16082,normal
18.58000,-3.92340,-8.63723,-0.11170,0.25979,0.74021,0.14021,normal
18.60000,-3.79574,-8.61596,-0.04787,0.28041,0.71959,0.11959,normal
18.62000,-4.00000,-8.90000,-0.40000,0.31429,0.70000,0.10000,normal
18.64000,-3.66667,-8.90000,-0.33333,0.18929,0.58929,-0.10000,normal
18.66000,-3.62222,-8.90000,-0.37778,0.16548,0.56548,-0.10000,normal
18.68000,-3.57778,-8.90000,-0.42222,0.14167,0.54167,-0.10000,normal
18.70000,-3.53333,-8.90000,-0.46667,0.11786,0.51786,-0.10000,normal
18.72000,-3.60000,-8.90000,-0.50000,-0.04286,0.54286,-0.14286,normal
18.74000,-3.50000,-8.80000,-0.62021,-0.18646,0.50000,-0.20000,normal
18.76000,-3.50000,-8.80000,-0.64149,-0.16562,0.50000,-0.20000,normal
18.78000,-3.50000,-8.80000,-0.66277,-0.14479,0.50000,-0.20000,normal
18.80000,-3.50000,-8.80000,-0.68404,-0.12396,0.50000,-0.20000,normal
18.82000,-3.60000,-9.16667,-0.70000,-0.10313,0.50000,-0.20000,normal
18.84000,-3.38721,-8.80000,-0.48721,0.26667,0.40000,-0.30000,normal
18.86000,-3.36395,-8.80000,-0.46395,0.41974,0.30000,-0.30000,normal
18.88000,-3.34070,-8.80000,-0.44070,0.44605,0.30000,-0.30000,normal
18.90000,-3.31744,-8.80000,-0.41744,0.47237,0.30000,-0.30000,normal
18.92000,-3.00000,-9.00000,-0.30000,0.49868,0.30000,-0.30000,normal
18.94000,-2.70562,-9.13146,-0.15281,0.39043,0.10000,-0.30000,normal
18.96000,-2.57079,-9.17640,-0.08539,0.36915,0.10000,-0.30000,normal
18.98000,-2.43596,-9.22135,-0.01798,0.34787,0.10000,-0.30000,normal
19.00000,-2.30112,-9.26629,0.04944,0.32660,0.10000,-0.30000,normal
19.02000,-1.36667,-10.33333,0.43333,0.30532,0.10000,-0.30000,normal
19.04000,-0.50000,-10.20000,0.50000,0.32500,0.30000,-0.70833,normal
19.06000,-0.50000,-10.20000,0.50000,0.39643,0.30000,-0.73214,normal
19.08000,-0.50000,-10.20000,0.50000,0.46786,0.30000,-0.75595,normal
19.10000,-0.50000,-10.20000,0.50000,0.53929,0.30000,-0.77976,normal
19.12000,-0.80000,-9.92000,0.86000,1.10000,0.30000,-0.90000,normal
19.14000,-0.93579,-10.31789,1.08947,1.18692,0.40000,-0.90000,normal
19.16000,-0.97789,-10.33895,1.19474,1.16822,0.40000,-0.90000,normal
19.18000,-1.02000,-10.36000,1.30000,1.14953,0.40000,-0.90000,normal
19.20000,-1.06211,-10.38105,1.40526,1.13084,0.40000,-0.90000,normal
19.22000,-1.14444,-10.40000,1.50000,1.11215,0.40000,-0.90000,normal
19.24000,-2.00000,-9.40000,1.60000,1.00000,0.30000,-0.80000,normal
19.26000,-1.92208,-9.40000,1.60000,0.70469,0.30000,-0.49531,normal
19.28000,-1.84416,-9.40000,1.60000,0.73594,0.30000,-0.46406,normal
19.30000,-1.76623,-9.40000,1.60000,0.76719,0.30000,-0.43281,normal
19.32000,-1.60000,-9.30000,1.90000,0.79844,0.30000,-0.40156,normal
19.34000,-1.18864,-9.04432,2.18523,0.78929,0.30000,-0.10000,normal
19.36000,-1.32500,-9.11250,2.16250,0.76548,0.30000,-0.10000,normal
19.38000,-1.46136,-9.18068,2.13977,0.74167,0.30000,-0.10000,normal
19.40000,-1.59773,-9.24886,2.11705,0.71786,0.30000,-0.10000,normal
19.42000,-2.40000,-8.60000,2.10000,0.70000,0.40000,0.10000,normal
19.44000,-2.22021,-8.56064,2.44043,0.36129,0.41935,0.10000,normal
19.46000,-2.24149,-8.62447,2.48298,0.31828,0.44086,0.10000,normal
19.48000,-2.26277,-8.68830,2.52553,0.27527,0.46237,0.10000,normal
19.50000,-2.28404,-8.75213,2.56809,0.23226,0.48387,0.10000,normal
19.52000,-1.80000,-8.80000,2.90000,0.20000,0.40000,0.10000,normal
19.54000,-1.34043,-9.20106,3.07979,0.21154,0.28846,0.18846,normal
19.56000,-1.38298,-9.30745,3.05851,0.23077,0.26923,0.16923,normal
19.58000,-1.42553,-9.41383,3.03723,0.25000,0.25000,0.15000,normal
19.60000,-1.46809,-9.52021,3.01596,0.26923,0.23077,0.13077,normal
19.62000,-1.64286,-9.52857,3.00000,0.28846,0.21154,0.11154,normal
19.64000,-2.21538,-8.41923,3.00000,0.30000,0.14286,0.04286,normal
19.66000,-2.31795,-8.54744,3.00000,-0.11268,0.20000,0.00000,normal
19.68000,-2.42051,-8.67564,3.00000,-0.14085,0.20000,0.00000,normal
19.70000,-2.52308,-8.80385,3.00000,-0.16901,0.20000,0.00000,normal
19.72000,-2.04000,-9.18000,2.92000,-0.19718,0.20000,0.00000,normal
19.74000,-1.00000,-9.11494,3.42989,0.10000,0.20000,0.00000,normal
19.76000,-1.00000,-9.13793,3.47586,0.10000,0.20000,0.00000,normal
19.78000,-1.00000,-9.16092,3.52184,0.10000,0.20000,0.00000,normal
19.80000,-1.00000,-9.18391,3.56782,0.10000,0.20000,0.00000,normal
19.82000,-0.94286,-9.01429,3.42857,0.10000,0.20000,0.00000,normal
19.84000,-0.47174,-8.92826,3.71413,0.20000,0.30000,0.00722,normal
19.86000,-0.42826,-8.97174,3.73587,0.20000,0.30000,0.02784,normal
19.88000,-0.38478,-9.01522,3.75761,0.20000,0.30000,0.04845,normal
19.90000,-0.34130,-9.05870,3.77935,0.20000,0.30000,0.06907,normal
19.92000,-0.43333,-9.06667,3.86667,0.20000,0.30000,0.08969,normal
19.94000,-0.62759,-8.81379,3.60000,0.20000,0.30000,0.20000,normal
19.96000,-0.67356,-8.83678,3.60000,0.22353,0.30000,0.22353,normal
19.98000,-0.71954,-8.85977,3.60000,0.24706,0.30000,0.24706,normal
20.00000,-0.76552,-8.88276,3.60000,0.27059,0.30000,0.27059,normal
20.02000,-1.32000,-8.98000,3.64000,0.29412,0.30000,0.29412,normal
20.04000,-2.19059,-8.76118,3.46118,0.35556,0.30000,0.35556,normal
20.06000,-2.35529,-8.69059,3.39059,0.40000,0.30000,0.50000,normal
20.08000,-2.52000,-8.62000,3.32000,0.40000,0.30000,0.50000,normal
20.10000,-2.68471,-8.54941,3.24941,0.40000,0.30000,0.50000,normal
20.12000,-2.80000,-8.25000,4.00000,0.40000,0.30000,0.50000,normal
20.14000,-2.82021,-8.28298,4.11915,-0.46593,0.10000,0.30000,normal
20.16000,-2.84149,-8.58085,4.03404,-0.57582,0.10000,0.30000,normal
20.18000,-2.86277,-8.87872,3.94894,-0.68571,0.10000,0.30000,normal
20.20000,-2.88404,-9.17660,3.86383,-0.79560,0.10000,0.30000,normal
20.22000,-3.05000,-8.55000,3.50000,-0.85000,0.05000,0.30000,normal
20.24000,-3.25957,-8.53830,3.37979,0.32745,0.10000,0.58627,normal
20.26000,-3.21702,-8.36809,3.35851,0.36667,0.10000,0.56667,normal
20.28000,-3.17447,-8.19787,3.33723,0.40588,0.10000,0.54706,normal
20.30000,-3.13191,-8.02766,3.31596,0.44510,0.10000,0.52745,normal
20.32000,-3.22000,-7.66000,4.06000,0.48431,0.10000,0.50784,normal
20.34000,-3.65250,-8.00750,4.27000,0.29070,0.19535,0.80000,normal
20.36000,-3.82750,-8.03250,4.17000,0.24419,0.17209,0.80000,normal
20.38000,-4.00250,-8.05750,4.07000,0.19767,0.14884,0.80000,normal
20.40000,-4.17750,-8.08250,3.97000,0.15116,0.12558,0.80000,normal
20.42000,-4.80000,-8.20000,3.60000,0.10465,0.10233,0.80000,normal
20.44000,-4.13333,-7.87333,4.78667,0.28161,0.09080,0.39080,normal
20.46000,-4.02222,-7.82889,4.76444,0.23563,0.06782,0.36782,normal
20.48000,-3.91111,-7.78444,4.74222,0.18966,0.04483,0.34483,normal
20.50000,-3.80000,-7.74000,4.72000,0.14368,0.02184,0.32184,normal
20.52000,-3.50000,-7.50000,4.10000,0.07143,-0.01429,0.31429,normal
20.54000,-4.14719,-7.26854,3.41573,0.21011,0.10000,0.70000,normal
20.56000,-4.21461,-7.22360,3.43820,0.23258,0.10000,0.70000,normal
20.58000,-4.28202,-7.17865,3.46067,0.25506,0.10000,0.70000,normal
20.60000,-4.34944,-7.13371,3.48315,0.27753,0.10000,0.70000,normal
20.62000,-4.90000,-7.10000,3.58333,0.30000,0.10000,0.70000,normal
20.64000,-6.06818,-6.65682,4.57955,0.70000,0.28776,0.68776,normal
20.66000,-6.02273,-6.45227,4.69318,0.70000,0.26735,0.66735,normal
20.68000,-5.97727,-6.24773,4.80682,0.70000,0.24694,0.64694,normal
20.70000,-5.93182,-6.04318,4.92045,0.70000,0.22653,0.62653,normal
20.72000,-6.32000,-6.52000,5.06000,0.70000,0.20612,0.60612,normal
20.74000,-6.38140,-6.53488,4.87209,0.30000,0.00909,0.60909,normal
20.76000,-6.33488,-6.37209,4.80233,0.27738,0.00000,0.60000,normal
20.78000,-6.28837,-6.20930,4.73256,0.25357,0.00000,0.60000,normal
20.80000,-6.24186,-6.04651,4.66279,0.22976,0.00000,0.60000,normal
20.82000,-6.40000,-5.76667,4.40000,0.20595,0.00000,0.60000,normal
20.84000,-8.09059,-4.59059,4.28706,-0.40000,-0.10000,0.47209,normal
20.86000,-8.25529,-4.75529,4.26353,-0.40000,-0.10000,0.40233,normal
20.88000,-8.42000,-4.92000,4.24000,-0.40000,-0.10000,0.33256,normal
20.90000,-8.58471,-5.08471,4.21647,-0.40000,-0.10000,0.26279,normal
20.92000,-8.30000,-6.22000,4.64000,-0.16000,-0.06000,0.04000,normal
20.94000,-5.71111,-5.88444,5.45111,0.12885,0.10000,-0.19038,normal
20.96000,-5.60000,-6.24000,5.14000,0.18654,0.10000,-0.17115,normal
20.98000,-5.48889,-6.59556,4.82889,0.24423,0.10000,-0.15192,normal
21.00000,-5.37778,-6.95111,4.51778,0.30192,0.10000,-0.13269,normal
21.02000,-5.36000,-6.66000,4.48000,0.35962,0.10000,-0.11346,normal
21.04000,-6.50000,-6.30000,5.00000,0.80000,0.10000,-0.20000,normal
21.06000,-6.42000,-6.16667,5.08000,0.60000,0.11548,0.10000,normal
21.08000,-6.34000,-6.03333,5.16000,0.60000,0.13929,0.10000,normal
21.10000,-6.26000,-5.90000,5.24000,0.60000,0.16310,0.10000,normal
21.12000,-6.14444,-5.07778,5.41111,0.60000,0.18690,0.10000,normal
21.14000,-6.12588,-6.03529,4.56118,-0.06667,0.30000,0.10000,normal
21.16000,-6.17294,-5.91765,4.49059,0.04286,0.30000,0.07857,normal
21.18000,-6.22000,-5.80000,4.42000,0.10000,0.30000,0.05000,normal
21.20000,-6.26706,-5.68235,4.34941,0.15714,0.30000,0.02143,normal
21.22000,-6.60000,-5.50000,5.20000,0.10000,0.20000,-0.10000,normal
21.24000,-6.21828,-5.90215,5.37957,-0.30000,0.01649,-0.16701,normal
21.26000,-6.13226,-6.00968,5.35806,-0.30000,0.03711,-0.12577,normal
21.28000,-6.04624,-6.11720,5.33656,-0.30000,0.05773,-0.08454,normal
21.30000,-5.96022,-6.22473,5.31505,-0.30000,0.07835,-0.04330,normal
21.32000,-6.25000,-6.05000,4.82500,-0.30000,0.09897,-0.00206,normal
21.34000,-6.41290,-5.87419,4.48710,-0.01277,0.18723,0.08723,normal
21.36000,-6.43441,-5.83118,4.46559,-0.03404,0.16596,0.06596,normal
21.38000,-6.45591,-5.78817,4.44409,-0.05532,0.14468,0.04468,normal
21.40000,-6.47742,-5.74516,4.42258,-0.07660,0.12340,0.02340,normal
21.42000,-6.49892,-5.70215,4.40108,-0.09787,0.10213,0.00213,normal
21.44000,-5.89767,-6.40233,4.64419,0.02474,-0.10000,0.00000,normal
21.46000,-6.06047,-6.23953,4.55116,0.06598,-0.10000,0.00000,normal
21.48000,-6.22326,-6.07674,4.45814,0.10722,-0.10000,0.00000,normal
21.50000,-6.38605,-5.91395,4.36512,0.14845,-0.10000,0.00000,normal
21.52000,-6.62000,-5.78000,4.40000,0.18969,-0.10000,0.00000,normal
21.54000,-6.22500,-5.90000,4.65000,0.17222,0.07222,-0.24444,normal
21.56000,-6.27045,-5.90000,4.55909,0.21528,0.08472,-0.38472,normal
21.58000,-6.31591,-5.90000,4.46818,0.24306,0.05694,-0.35694,normal
21.60000,-6.36136,-5.90000,4.37727,0.27083,0.02917,-0.32917,normal
21.62000,-5.40000,-7.00000,4.50000,0.29861,0.00139,-0.30139,normal
21.64000,-6.21613,-6.32258,4.22581,0.37634,-0.11183,0.05269,normal
21.66000,-6.40968,-6.19355,4.26882,0.33333,-0.13333,-0.03333,normal
21.68000,-6.60323,-6.06452,4.31183,0.29032,-0.15484,-0.11935,normal
21.70000,-6.79677,-5.93548,4.35484,0.24731,-0.17634,-0.20538,normal
21.72000,-6.99032,-5.80645,4.39785,0.20430,-0.19785,-0.29140,normal
21.74000,-5.02759,-6.28621,5.97241,0.04000,0.02667,-0.67333,normal
21.76000,-5.07356,-6.26322,5.92644,0.10667,0.07111,-0.62889,normal
21.78000,-5.11954,-6.24023,5.88046,0.17333,0.11556,-0.58444,normal
21.80000,-5.16552,-6.21724,5.83448,0.24000,0.16000,-0.54000,normal
21.82000,-6.00000,-5.90000,4.80000,0.40000,0.30000,-0.50000,normal
21.84000,-6.51111,-5.91778,4.27111,0.19072,0.28144,-0.60928,normal
21.86000,-6.40000,-5.94000,4.36000,0.17010,0.24021,-0.62990,normal
21.88000,-6.28889,-5.96222,4.44889,0.14948,0.19897,-0.65052,normal
21.90000,-6.17778,-5.98444,4.53778,0.12887,0.15773,-0.67113,normal
21.92000,-6.02000,-6.04000,4.84000,0.10825,0.11649,-0.69175,normal
21.94000,-4.81915,-7.36170,4.71915,0.00000,-0.05000,-0.55000,normal
21.96000,-4.88298,-7.23404,4.78298,0.11875,0.10000,-0.48125,normal
21.98000,-4.94681,-7.10638,4.84681,0.13958,0.10000,-0.46042,normal
22.00000,-5.01064,-6.97872,4.91064,0.16042,0.10000,-0.43958,normal
22.02000,-5.07447,-6.85106,4.97447,0.18125,0.10000,-0.41875,normal
22.04000,-5.20000,-6.10000,5.70000,0.20000,0.10000,-0.30000,normal
22.06000,-5.05000,-6.62500,5.42500,0.00000,0.01757,-0.18243,normal
22.08000,-4.99444,-6.65278,5.45278,0.00000,0.04459,-0.15541,normal
22.10000,-4.93889,-6.68056,5.48056,0.00000,0.07162,-0.12838,normal
22.12000,-5.35000,-6.60000,4.85000,0.00000,0.09865,-0.10135,normal
22.14000,-5.22529,-6.58966,4.87011,-0.00928,0.09072,-0.10928,normal
22.16000,-5.11034,-6.72759,4.82414,-0.02990,0.07010,-0.12990,normal
22.18000,-4.99540,-6.86552,4.77816,-0.05052,0.04948,-0.15052,normal
22.20000,-4.88046,-7.00345,4.73218,-0.07113,0.02887,-0.17113,normal
22.22000,-5.00000,-6.85000,4.95000,-0.09175,0.00825,-0.19175,normal
22.24000,-4.95644,-6.56832,5.27525,0.00667,-0.09333,-0.10000,normal
22.26000,-5.01584,-6.42970,5.35446,0.02889,-0.07111,-0.10000,normal
22.28000,-5.07525,-6.29109,5.43366,0.05111,-0.04889,-0.10000,normal
22.30000,-5.13465,-6.15248,5.51287,0.07333,-0.02667,-0.10000,normal
22.32000,-5.19406,-6.01386,5.59208,0.09556,-0.00444,-0.10000,normal
22.34000,-4.82941,-6.78588,5.14118,0.10000,-0.20000,-0.50000,normal
22.36000,-4.71176,-6.76235,5.37647,0.10000,-0.20000,-0.50000,normal
22.38000,-4.59412,-6.73882,5.61176,0.10000,-0.20000,-0.50000,normal
22.40000,-4.47647,-6.71529,5.84706,0.10000,-0.20000,-0.50000,normal
22.42000,-4.05000,-6.96250,5.96250,-0.10000,-0.20000,-0.40000,normal
22.44000,-4.30667,-7.03556,5.52222,-0.17363,0.11319,0.10000,normal
22.46000,-4.44000,-7.08000,5.30000,-0.12967,0.13516,0.10000,normal
22.48000,-4.57333,-7.12444,5.07778,-0.08571,0.15714,0.10000,normal
22.50000,-4.70667,-7.16889,4.85556,-0.04176,0.17912,0.10000,normal
22.52000,-4.83333,-7.16667,4.63333,0.05000,0.15000,0.10000,normal
22.54000,-4.83548,-6.96452,4.90000,0.10000,0.00000,0.00000,normal
22.56000,-4.74946,-7.05054,4.90000,0.10000,0.00000,0.00000,normal
22.58000,-4.66344,-7.13656,4.90000,0.10000,0.00000,0.00000,normal
22.60000,-4.57742,-7.22258,4.90000,0.10000,0.00000,0.00000,normal
22.62000,-4.80000,-6.90000,5.10000,0.10000,0.00000,0.00000,normal
22.64000,-4.60112,-7.23258,4.73258,0.19756,-0.00244,0.20000,normal
22.66000,-4.73596,-7.14270,4.64270,0.17317,-0.02683,0.20000,normal
22.68000,-4.87079,-7.05281,4.55281,0.14878,-0.05122,0.20000,normal
22.70000,-5.00562,-6.96292,4.46292,0.12439,-0.07561,0.20000,normal
22.72000,-5.40000,-7.40000,5.16667,0.10000,-0.10000,0.20000,normal
22.74000,-4.04956,-6.52478,6.48673,-0.20000,-0.07522,0.31239,normal
22.76000,-4.12035,-6.56018,6.61062,-0.20000,-0.03982,0.33009,normal
22.78000,-4.19115,-6.59558,6.73451,-0.20000,-0.00442,0.34779,normal
22.80000,-4.26195,-6.63097,6.85841,-0.20000,0.03097,0.36549,normal
22.82000,-4.33274,-6.66637,6.98230,-0.20000,0.06637,0.38319,normal
22.84000,-3.95000,-6.65000,6.55000,-0.24000,0.16000,0.42000,normal
22.86000,-5.80000,-6.16000,4.64000,-0.45833,0.17222,0.47222,normal
22.88000,-5.80000,-6.37333,4.56000,-0.37500,0.11667,0.41667,normal
22.90000,-5.80000,-6.58667,4.48000,-0.29167,0.06111,0.36111,normal
22.92000,-5.80000,-6.80000,4.40000,-0.20833,0.00556,0.30556,normal
22.94000,-5.47176,-6.27059,5.32706,-0.10674,0.02022,0.40674,normal
22.96000,-5.42471,-6.38824,5.53882,-0.12921,0.08764,0.42921,normal
22.98000,-5.37765,-6.50588,5.75059,-0.15169,0.15506,0.45169,normal
23.00000,-5.33059,-6.62353,5.96235,-0.17416,0.22247,0.47416,normal
23.02000,-5.20769,-6.96923,4.84615,-0.19663,0.28989,0.49663,normal
23.04000,-5.07765,-6.80941,4.47412,0.15000,0.65000,0.65000,normal
23.06000,-5.21882,-6.64471,4.42706,0.25946,0.60000,0.57973,normal
23.08000,-5.36000,-6.48000,4.38000,0.20541,0.60000,0.55270,normal
23.10000,-5.50118,-6.31529,4.33294,0.15135,0.60000,0.52568,normal
23.12000,-6.20000,-6.70000,3.90000,0.10000,0.50000,0.50000,normal
23.14000,-6.00112,-6.05169,5.88427,0.26444,0.51778,0.30000,normal
23.16000,-6.13596,-6.25393,5.99663,0.22000,0.54000,0.30000,normal
23.18000,-6.27079,-6.45618,6.10899,0.17556,0.56222,0.30000,normal
23.20000,-6.40562,-6.65843,6.22135,0.13111,0.58444,0.30000,normal
23.22000,-3.90000,-3.40000,4.90000,-0.23333,0.18333,-0.36667,normal
23.24000,-3.98511,-3.71915,4.53830,0.04944,0.10000,-0.18315,normal
23.26000,-4.07021,-4.03830,4.17660,-0.01798,0.10000,-0.16067,normal
23.28000,-4.15532,-4.35745,3.81489,-0.08539,0.10000,-0.13820,normal
23.30000,-4.24043,-4.67660,3.45319,-0.15281,0.10000,-0.11573,normal
23.32000,-3.45000,-6.70000,3.70000,-0.30000,0.20000,-0.10000,normal
23.34000,-4.32258,-7.06129,3.98172,-0.16226,0.40000,-0.20000,normal
23.36000,-4.45161,-7.12581,4.06774,-0.08679,0.40000,-0.20000,normal
23.38000,-4.58065,-7.19032,4.15376,-0.01132,0.40000,-0.20000,normal
23.40000,-4.70968,-7.25484,4.23978,0.06415,0.40000,-0.20000,normal
23.42000,-4.95000,-6.50000,4.55000,0.13962,0.40000,-0.20000,normal
23.44000,-5.80000,-6.70000,3.60000,0.60000,0.40000,0.10000,normal
23.46000,-5.22703,-6.70270,3.40270,0.51343,0.40000,0.00000,normal
23.48000,-5.14595,-6.59459,3.29459,0.54328,0.40000,0.00000,normal
23.50000,-5.06486,-6.48649,3.18649,0.57313,0.40000,0.00000,normal
23.52000,-7.15000,-7.20000,2.50000,0.56000,0.40000,0.00000,normal
23.54000,-7.20000,-5.14000,3.48889,0.82637,0.58681,0.11319,normal
23.56000,-7.20000,-4.94000,3.60000,0.87033,0.56484,0.13516,normal
23.58000,-7.20000,-4.74000,3.71111,0.91429,0.54286,0.15714,normal
23.60000,-7.20000,-4.54000,3.82222,0.95824,0.52088,0.17912,normal
23.62000,-9.10000,-5.30000,3.50000,0.90000,0.40000,0.40000,normal
23.64000,-8.30000,-5.01596,0.98404,-2.10722,0.08454,-0.05361,normal
23.66000,-8.30000,-5.03723,0.96277,-1.98351,0.06392,0.00825,normal
23.68000,-8.30000,-5.05851,0.94149,-1.85979,0.04330,0.07010,normal
23.70000,-8.30000,-5.07979,0.92021,-1.73608,0.02268,0.13196,normal
23.72000,-9.50000,-5.75000,1.35000,-1.61237,0.00206,0.19381,normal
23.74000,-9.21319,-5.96044,2.81538,-0.44706,-0.11176,0.08824,normal
23.76000,-9.23516,-5.89451,2.50769,-0.52549,-0.13137,0.06863,normal
23.78000,-9.25714,-5.82857,2.20000,-0.60392,-0.15098,0.04902,normal
23.80000,-9.27912,-5.76264,1.89231,-0.68235,-0.17059,0.02941,normal
23.82000,-10.25000,-5.65000,0.80000,-0.76078,-0.19020,0.00980,normal
23.84000,-7.94691,-5.21235,3.93210,0.82778,0.23889,0.33889,normal
23.86000,-7.18148,-6.27407,3.09259,0.03030,0.36364,-0.03636,normal
23.88000,-6.41605,-7.33580,2.25309,-0.39394,0.27273,-0.12727,normal
23.90000,-5.65062,-8.39753,1.41358,-0.81818,0.18182,-0.21818,normal
23.92000,-8.10000,-4.30000,4.80000,-0.96000,0.10000,-0.30000,normal
23.94000,-6.03596,-6.36404,2.65393,-0.54091,-0.10000,-0.40000,normal
23.96000,-6.08090,-6.31910,2.72135,-0.45000,-0.10000,-0.40000,normal
23.98000,-6.12584,-6.27416,2.78876,-0.35909,-0.10000,-0.40000,normal
24.00000,-6.17079,-6.22921,2.85618,-0.26818,-0.10000,-0.40000,normal
24.02000,-7.26667,-6.60000,3.03333,-0.30000,-0.20000,-0.30000,normal
24.04000,-7.06452,-6.81613,3.06129,-0.20000,-0.07273,-0.08636,normal
24.06000,-6.91398,-6.94516,3.01828,-0.20000,-0.02727,-0.06364,normal
24.08000,-6.76344,-7.07419,2.97527,-0.20000,0.01818,-0.04091,normal
24.10000,-6.61290,-7.20323,2.93226,-0.20000,0.06364,-0.01818,normal
24.12000,-7.15000,-6.15000,2.90000,-0.17500,0.10000,0.02500,normal
24.14000,-7.11868,-6.18132,2.45604,-0.09596,0.20000,0.10404,normal
24.16000,-7.14066,-6.15934,2.52198,-0.07576,0.20000,0.12424,normal
24.18000,-7.16264,-6.13736,2.58791,-0.05556,0.20000,0.14444,normal
24.20000,-7.18462,-6.11538,2.65385,-0.03535,0.20000,0.16465,normal
24.22000,-7.25652,-6.37826,2.47826,-0.01515,0.20000,0.18485,normal
24.24000,-7.00000,-6.40000,2.40000,0.04000,0.10000,0.24000,normal
24.26000,-6.95205,-6.40411,2.24795,0.31563,0.10000,0.28437,normal
24.28000,-7.00685,-6.51370,2.19315,0.34688,0.10000,0.25312,normal
24.30000,-7.06164,-6.62329,2.13836,0.37813,0.10000,0.22187,normal
24.32000,-7.60000,-5.50000,1.60000,0.32727,0.03636,0.36364,normal
24.34000,-7.55876,-5.60309,1.62062,0.18925,-0.21075,0.21075,normal
24.36000,-7.51753,-5.70619,1.64124,0.16774,-0.23226,0.23226,normal
24.38000,-7.47629,-5.80928,1.66186,0.14624,-0.25376,0.25376,normal
24.40000,-7.43505,-5.91237,1.68247,0.12473,-0.27527,0.27527,normal
24.42000,-7.70000,-5.90000,2.75000,0.10323,-0.29677,0.29677,normal
24.44000,-7.74186,-5.82791,2.64186,-0.28824,-0.31176,0.50000,normal
24.46000,-7.81163,-5.87442,2.71163,-0.26471,-0.33529,0.50000,normal
24.48000,-7.88140,-5.92093,2.78140,-0.24118,-0.35882,0.50000,normal
24.50000,-7.95116,-5.96744,2.85116,-0.21765,-0.38235,0.50000,normal
24.52000,-7.60000,-5.40000,2.65000,-0.20000,-0.60000,0.70000,normal
24.54000,-7.72391,-5.07935,2.93478,-0.20000,-0.70000,0.70000,normal
24.56000,-7.85435,-5.05761,2.76087,-0.20000,-0.70000,0.70000,normal
24.58000,-7.98478,-5.03587,2.58696,-0.20000,-0.70000,0.70000,normal
24.60000,-8.11522,-5.01413,2.41304,-0.20000,-0.70000,0.70000,normal
24.62000,-7.73333,-5.23333,3.29167,-0.20000,-0.70000,0.70000,normal
24.64000,-7.25926,-4.95062,3.70123,-0.20000,-0.70000,0.70000,normal
24.66000,-7.40741,-4.82716,3.45432,0.01429,-0.41429,0.88571,normal
24.68000,-7.55556,-4.70370,3.20741,0.04286,-0.44286,0.85714,normal
24.70000,-7.70370,-4.58025,2.96049,0.07143,-0.47143,0.82857,normal
24.72000,-7.67500,-3.73750,3.37500,0.10000,-0.50000,0.80000,normal
24.74000,-7.70870,-4.73913,4.30652,-0.17727,-0.38864,0.60000,normal
24.76000,-7.57826,-4.65217,4.45870,-0.13182,-0.36591,0.60000,normal
24.78000,-7.44783,-4.56522,4.61087,-0.08636,-0.34318,0.60000,normal
24.80000,-7.31739,-4.47826,4.76304,-0.04091,-0.32045,0.60000,normal
24.82000,-6.15000,-4.65000,4.40000,0.20000,-0.20000,0.60000,normal
24.84000,-2.58427,-4.64607,5.49213,0.55472,-0.30000,-0.00566,normal
24.86000,-2.31461,-4.57865,5.35730,0.49811,-0.30000,-0.13774,normal
24.88000,-2.04494,-4.51124,5.22247,0.44151,-0.30000,-0.26981,normal
24.90000,-1.77528,-4.44382,5.08764,0.38491,-0.30000,-0.40189,normal
24.92000,-7.42857,-4.32857,5.31429,0.32830,-0.30000,-0.53396,normal
24.94000,-7.73182,-4.07955,4.76818,-0.10233,0.10116,-0.60116,normal
24.96000,-7.77727,-4.19318,4.72273,-0.14884,0.12442,-0.62442,normal
24.98000,-7.82273,-4.30682,4.67727,-0.19535,0.14767,-0.64767,normal
25.00000,-7.86818,-4.42045,4.63182,-0.24186,0.17093,-0.67093,normal
25.02000,-9.27143,-4.58571,4.08571,-0.28837,0.19419,-0.69419,normal
25.04000,-8.30000,-3.90938,3.91875,-0.07500,0.40000,-0.60000,normal
25.06000,-8.30000,-3.93021,3.96042,0.80000,0.18642,-0.40000,normal
25.08000,-8.30000,-3.95104,4.00208,0.80000,0.16173,-0.40000,normal
25.10000,-8.30000,-3.97188,4.04375,0.80000,0.13704,-0.40000,normal
25.12000,-8.30000,-3.99271,4.08542,0.80000,0.11235,-0.40000,normal
25.14000,-7.95195,-3.92078,3.72597,0.09512,0.10000,-0.49024,normal
25.16000,-8.21169,-4.02468,3.85584,0.07073,0.10000,-0.44146,normal
25.18000,-8.47143,-4.12857,3.98571,0.04634,0.10000,-0.39268,normal
25.20000,-8.73117,-4.23247,4.11558,0.02195,0.10000,-0.34390,normal
25.22000,-9.70000,-5.00000,4.90000,0.30000,0.10000,-0.10000,normal
25.24000,-8.02584,-3.85618,4.37191,0.41456,0.00000,-0.05631,normal
25.26000,-8.18315,-3.67640,4.46180,0.43398,0.00000,0.00194,normal
25.28000,-8.34045,-3.49663,4.55169,0.45340,0.00000,0.06019,normal
25.30000,-8.49775,-3.31685,4.64157,0.47282,0.00000,0.11845,normal
25.32000,-8.40000,-3.80000,4.50000,0.49223,0.00000,0.17670,normal
25.34000,-8.90886,-4.70000,3.75316,-0.48148,-0.00370,0.10000,normal
25.36000,-8.60506,-4.70000,3.93038,-0.35802,-0.02840,0.10000,normal
25.38000,-8.30127,-4.70000,4.10759,-0.23457,-0.05309,0.10000,normal
25.40000,-7.99747,-4.70000,4.28481,-0.11111,-0.07778,0.10000,normal
25.42000,-7.70000,-4.25000,4.85000,0.20000,-0.10000,0.13333,normal
25.44000,-7.36180,-4.14607,4.30000,0.20000,-0.20000,0.10000,normal
25.46000,-7.56404,-4.07865,4.30000,0.20000,-0.20000,0.10000,normal
25.48000,-7.76629,-4.01124,4.30000,0.20000,-0.20000,0.10000,normal
25.50000,-7.96854,-3.94382,4.30000,0.20000,-0.20000,0.10000,normal
25.52000,-8.96667,-3.30000,4.63333,0.20000,-0.20000,0.10000,normal
25.54000,-9.08202,-3.44382,4.66404,-0.11596,-0.41596,-0.01596,normal
25.56000,-9.05955,-3.62360,4.61910,-0.13723,-0.43723,-0.03723,normal
25.58000,-9.03708,-3.80337,4.57416,-0.15851,-0.45851,-0.05851,normal
25.60000,-9.01461,-3.98315,4.52921,-0.17979,-0.47979,-0.07979,normal
25.62000,-9.65714,-2.24286,5.07143,-0.10000,-0.50000,-0.10000,normal
25.64000,-5.35000,-6.36667,3.43333,-1.33333,-0.20000,-0.48667,normal
25.66000,-5.41667,-6.32222,3.87778,-1.23810,-0.20000,-0.46762,normal
25.68000,-5.48333,-6.27778,4.32222,-1.14286,-0.20000,-0.44857,normal
25.70000,-5.55000,-6.23333,4.76667,-1.04762,-0.20000,-0.42952,normal
25.72000,-6.31667,-4.85000,5.86667,-0.95238,-0.20000,-0.41048,normal
25.74000,-6.50843,-4.99157,5.18795,0.13636,-0.13636,-0.20000,normal
25.76000,-6.72530,-4.77470,5.16386,0.18169,-0.21831,-0.20000,normal
25.78000,-6.94217,-4.55783,5.13976,0.15352,-0.24648,-0.20000,normal
25.80000,-7.15904,-4.34096,5.11566,0.12535,-0.27465,-0.20000,normal
25.82000,-5.70000,-5.50000,5.50000,0.00000,-0.60000,-0.40000,normal
25.84000,-5.65699,-5.67204,5.60753,0.76809,-0.84894,-0.34894,normal
25.86000,-5.61398,-5.84409,5.71505,0.85319,-0.78511,-0.28511,normal
25.88000,-5.57097,-6.01613,5.82258,0.93830,-0.72128,-0.22128,normal
25.90000,-5.52796,-6.18817,5.93011,1.02340,-0.65745,-0.15745,normal
25.92000,-5.50000,-4.10000,7.96667,0.90000,-0.30000,-0.30000,normal
25.94000,-6.51798,-5.31011,5.54607,-0.38370,0.26739,0.08370,normal
25.96000,-6.54045,-5.19775,5.47865,-0.36196,0.22391,0.06196,normal
25.98000,-6.56292,-5.08539,5.41124,-0.34022,0.18043,0.04022,normal
26.00000,-6.58539,-4.97303,5.34382,-0.31848,0.13696,0.01848,normal
26.02000,-6.66667,-4.86667,5.50000,0.80000,-0.40000,0.10000,normal
26.04000,-6.02990,-4.60000,6.53505,0.75676,-0.37117,-0.08559,normal
26.06000,-5.94742,-4.60000,6.57629,0.70270,-0.33514,-0.06757,normal
26.08000,-5.86495,-4.60000,6.61753,0.64865,-0.29910,-0.04955,normal
26.10000,-5.78247,-4.60000,6.65876,0.59459,-0.26306,-0.03153,normal
26.12000,-5.70000,-4.60000,6.70000,0.54054,-0.22703,-0.01351,normal
26.14000,-5.00000,-3.30000,7.50000,0.33333,-0.23333,0.10000,normal
26.16000,-5.21918,-3.60137,7.17123,-0.20492,-0.10000,-0.09672,normal
26.18000,-5.43836,-3.90274,6.84247,-0.30328,-0.10000,-0.03115,normal
26.20000,-5.65753,-4.20411,6.51370,-0.40164,-0.10000,0.03443,normal
26.22000,-6.30000,-4.82000,6.78000,-0.50000,-0.10000,0.10000,normal
26.24000,-5.70000,-4.61609,6.83908,-0.71250,0.20000,0.22500,normal
26.26000,-5.70000,-4.63908,6.60920,-0.73523,0.20000,0.27045,normal
26.28000,-5.70000,-4.66207,6.37931,-0.75795,0.20000,0.31591,normal
26.30000,-5.70000,-4.68506,6.14943,-0.78068,0.20000,0.36136,normal
26.32000,-6.22000,-4.82000,5.72000,-0.40000,-0.10000,0.20000,normal
26.34000,-6.02444,-5.36222,6.31889,-0.28391,-0.18391,0.21609,normal
26.36000,-5.93556,-5.31778,6.34111,-0.26092,-0.16092,0.23908,normal
26.38000,-5.84667,-5.27333,6.36333,-0.23793,-0.13793,0.26207,normal
26.40000,-5.75778,-5.22889,6.38556,-0.21494,-0.11494,0.28506,normal
26.42000,-6.20000,-4.80000,5.40000,-0.20000,0.20000,0.60000,normal
26.44000,-6.20000,-4.80000,5.13913,-0.18586,0.08586,0.45758,normal
26.46000,-6.20000,-4.80000,4.87826,-0.16566,0.06566,0.39697,normal
26.48000,-6.20000,-4.80000,4.61739,-0.14545,0.04545,0.33636,normal
26.50000,-6.20000,-4.80000,4.35652,-0.12525,0.02525,0.27576,normal
26.52000,-5.95000,-4.95000,5.15000,-0.10505,0.00505,0.21515,normal
26.54000,-5.45732,-5.16707,7.72195,0.38462,-0.39231,-0.19231,normal
26.56000,-5.14024,-5.09390,7.77073,0.05500,-0.30000,-0.17750,normal
26.58000,-4.82317,-5.02073,7.81951,0.00500,-0.30000,-0.15250,normal
26.60000,-4.50610,-4.94756,7.86829,-0.04500,-0.30000,-0.12750,normal
26.62000,-3.45000,-5.20000,7.15000,-0.09500,-0.30000,-0.10250,normal
26.64000,-3.88913,-4.87935,6.69674,0.17619,0.22381,-0.28810,normal
26.66000,-4.19348,-4.85761,6.58804,0.12857,0.27143,-0.26429,normal
26.68000,-4.49783,-4.83587,6.47935,0.08095,0.31905,-0.24048,normal
26.70000,-4.80217,-4.81413,6.37065,0.03333,0.36667,-0.21667,normal
26.72000,-4.10106,-3.50213,5.99894,0.26667,0.46667,-0.16667,normal
26.74000,-4.12234,-3.54468,5.97766,0.48391,0.71609,-0.08391,normal
26.76000,-4.14362,-3.58723,5.95638,0.46092,0.73908,-0.06092,normal
26.78000,-4.16489,-3.62979,5.93511,0.43793,0.76207,-0.03793,normal
26.80000,-4.18617,-3.67234,5.91383,0.41494,0.78506,-0.01494,normal
26.82000,-5.50000,-3.70000,4.80000,0.70000,0.80000,-0.30000,normal
26.84000,-5.60753,-3.31290,5.10108,0.71923,0.80000,-0.30000,normal
26.86000,-5.71505,-2.92581,5.40215,0.73846,0.80000,-0.30000,normal
26.88000,-5.82258,-2.53871,5.70323,0.75769,0.80000,-0.30000,normal
26.90000,-5.93011,-2.15161,6.00430,0.77692,0.80000,-0.30000,normal
26.92000,-6.89091,-2.15455,5.94545,0.79615,0.80000,-0.30000,normal
26.94000,-10.84699,-5.53494,2.60843,-0.31538,0.70000,0.20000,normal
26.96000,-10.34096,-5.00482,2.82530,-0.37671,0.58630,0.10000,normal
26.98000,-9.83494,-4.47470,3.04217,-0.13014,0.55890,0.10000,normal
27.00000,-9.32892,-3.94458,3.25904,0.11644,0.53151,0.10000,normal
27.02000,-9.43333,-3.80000,3.66667,0.36301,0.50411,0.10000,normal
27.04000,-8.96071,-4.75238,4.09524,-0.38864,0.46591,0.08864,normal
27.06000,-8.88929,-4.84762,3.90476,-0.36591,0.39773,0.06591,normal
27.08000,-8.81786,-4.94286,3.71429,-0.34318,0.32955,0.04318,normal
27.10000,-8.74643,-5.03810,3.52381,-0.32045,0.26136,0.02045,normal
27.12000,-7.21429,-4.25714,4.81429,0.20000,-0.15000,-0.15000,normal
27.14000,-7.58989,-4.90787,4.17191,-0.05631,-0.11456,-0.18544,normal
27.16000,-7.70225,-5.04270,4.26180,0.00194,-0.13398,-0.16602,normal
27.18000,-7.81461,-5.17753,4.35169,0.06019,-0.15340,-0.14660,normal
27.20000,-7.92697,-5.31236,4.44157,0.11845,-0.17282,-0.12718,normal
27.22000,-7.88925,-4.89570,4.40000,0.17670,-0.19223,-0.10777,normal
27.24000,-7.67419,-4.80968,4.40000,0.10000,0.50000,0.00000,normal
27.26000,-7.45914,-4.72366,4.40000,-0.02174,0.30000,0.10000,normal
27.28000,-7.24409,-4.63763,4.40000,0.06522,0.30000,0.10000,normal
27.30000,-7.02903,-4.55161,4.40000,0.15217,0.30000,0.10000,normal
27.32000,-7.10000,-3.41563,5.10000,0.20000,0.13636,0.01818,normal
27.34000,-7.10000,-3.51979,5.10000,-0.60111,0.00000,-0.02889,normal
27.36000,-7.10000,-3.62396,5.10000,-0.75667,0.00000,-0.07333,normal
27.38000,-7.10000,-3.72812,5.10000,-0.91222,0.00000,-0.11778,normal
27.40000,-7.10000,-3.83229,5.10000,-1.06778,0.00000,-0.16222,normal
27.42000,-8.35000,-5.75000,2.95000,-0.96667,-0.03333,-0.10000,normal
27.44000,-9.36667,-2.64333,3.62444,-0.88605,0.11395,-0.11395,normal
27.46000,-10.03333,-2.57667,3.53556,-0.86279,0.13721,-0.13721,normal
27.48000,-10.70000,-2.51000,3.44667,-0.83953,0.16047,-0.16047,normal
27.50000,-11.36667,-2.44333,3.35778,-0.81628,0.18372,-0.18372,normal
27.52000,-3.60000,-9.70000,2.90000,-0.60000,-0.10000,-0.50000,normal
27.54000,-3.44946,-8.86129,3.37312,-0.23905,-0.18476,-0.43905,normal
27.56000,-3.29892,-8.02258,3.84624,-0.16286,-0.16571,-0.36286,normal
27.58000,-3.14839,-7.18387,4.31935,-0.08667,-0.14667,-0.28667,normal
27.60000,-2.99785,-6.34516,4.79247,-0.01048,-0.12762,-0.21048,normal
27.62000,-7.80000,-5.02500,4.40000,0.06571,-0.10857,-0.13429,normal
27.64000,-7.45385,-5.62308,3.89231,0.00488,0.00488,-0.20000,normal
27.66000,-7.38791,-5.51319,4.02418,0.02927,0.02927,-0.20000,normal
27.68000,-7.32198,-5.40330,4.15604,0.05366,0.05366,-0.20000,normal
27.70000,-7.25604,-5.29341,4.28791,0.07805,0.07805,-0.20000,normal
27.72000,-6.90000,-5.65000,3.95000,0.00000,0.10000,-0.20000,normal
27.74000,-6.61798,-6.59213,3.95393,0.31702,0.10000,-0.08298,normal
27.76000,-6.64045,-6.45730,4.02135,0.33830,0.10000,-0.06170,normal
27.78000,-6.66292,-6.32247,4.08876,0.35957,0.10000,-0.04043,normal
27.80000,-6.68539,-6.18764,4.15618,0.38085,0.10000,-0.01915,normal
27.82000,-7.34286,-5.54286,4.20000,0.25000,0.25000,0.05000,normal
27.84000,-6.85281,-5.24382,3.85843,0.18421,-0.01579,-0.06316,normal
27.86000,-6.04382,-5.42360,3.43146,0.16316,-0.03684,-0.14737,normal
27.88000,-5.23483,-5.60337,3.00449,0.14211,-0.05789,-0.23158,normal
27.90000,-4.42584,-5.78315,2.57753,0.12105,-0.07895,-0.31579,normal
27.92000,-3.40000,-5.76667,4.46667,0.10000,-0.10000,-0.40000,normal
27.94000,-6.10920,-6.01609,4.26437,0.12453,-0.08774,0.11226,normal
27.96000,-6.40805,-6.03908,4.35632,0.16226,-0.06887,0.13113,normal
27.98000,-6.70690,-6.06207,4.44828,0.20000,-0.05000,0.15000,normal
28.00000,-7.00575,-6.08506,4.54023,0.23774,-0.03113,0.16887,normal
28.02000,-8.35455,-5.50000,4.08182,0.27547,-0.01226,0.18774,normal
28.04000,-7.18630,-4.90411,4.19863,0.57273,0.20000,0.28182,normal
28.06000,-6.91233,-4.98630,4.17123,0.28485,0.18485,0.11515,normal
28.08000,-6.63836,-5.06849,4.14384,0.25455,0.15455,0.14545,normal
28.10000,-6.36438,-5.15068,4.11644,0.22424,0.12424,0.17576,normal
28.12000,-6.20000,-5.44000,4.34000,-0.05000,-0.10000,0.05000,normal
28.14000,-6.60000,-5.04176,4.53956,0.03551,-0.20000,0.01776,normal
28.16000,-6.60000,-4.86593,4.58352,0.07290,-0.20000,0.03645,normal
28.18000,-6.60000,-4.69011,4.62747,0.11028,-0.20000,0.05514,normal
28.20000,-6.60000,-4.51429,4.67143,0.14766,-0.20000,0.07383,normal
28.22000,-7.50000,-5.10000,4.10000,0.18505,-0.20000,0.09252,normal
28.24000,-7.33038,-4.80759,4.59241,-0.10000,-0.10759,0.00000,normal
28.26000,-7.43165,-4.83291,4.56709,-0.10000,-0.13291,0.00000,normal
28.28000,-7.53291,-4.85823,4.54177,-0.10000,-0.15823,0.00000,normal
28.30000,-7.63418,-4.88354,4.51646,-0.10000,-0.18354,0.00000,normal
28.32000,-7.29468,-4.80319,5.20638,0.29717,-0.89906,-0.00094,normal
28.34000,-7.18830,-4.86702,5.33404,0.24057,-0.88019,-0.01981,normal
28.36000,-7.08191,-4.93085,5.46170,0.18396,-0.86132,-0.03868,normal
28.38000,-6.97553,-4.99468,5.58936,0.12736,-0.84245,-0.05755,normal
28.40000,-6.86915,-5.05851,5.71702,0.07075,-0.82358,-0.07642,normal
28.42000,-6.56667,-5.16667,5.86667,0.01415,-0.80472,-0.09528,normal
28.44000,-8.74458,-5.19157,3.66386,-0.07273,0.88182,0.65455,normal
28.46000,-9.03373,-4.97470,3.59157,0.00000,1.03239,0.78310,normal
28.48000,-9.32289,-4.75783,3.51928,0.00000,0.91972,0.75493,normal
28.50000,-9.61205,-4.54096,3.44699,0.00000,0.80704,0.72676,normal
28.52000,-4.06667,-5.36667,4.96667,0.02000,0.58000,0.64000,normal
28.54000,-4.65455,-5.44545,5.60909,-0.16207,-0.01264,0.20000,normal
28.56000,-4.72273,-5.12727,5.49545,-0.09310,-0.03563,0.20000,normal
28.58000,-4.79091,-4.80909,5.38182,-0.02414,-0.05862,0.20000,normal
28.60000,-4.85909,-4.49091,5.26818,0.04483,-0.08161,0.20000,normal
28.62000,-8.62000,-4.68000,4.52000,-0.10000,0.00000,0.50000,normal
28.64000,-9.19890,-3.36154,4.70000,0.40000,0.01609,0.70000,normal
28.66000,-9.30879,-3.20769,4.70000,0.40000,0.03908,0.70000,normal
28.68000,-9.41868,-3.05385,4.70000,0.40000,0.06207,0.70000,normal
28.70000,-9.52857,-2.90000,4.70000,0.40000,0.08506,0.70000,normal
28.72000,-8.50000,-2.90000,4.40000,0.06667,-0.13333,0.46667,normal
28.74000,-8.45652,-2.94348,4.42174,0.00000,-0.20000,0.38416,normal
28.76000,-8.41304,-2.98696,4.44348,0.00000,-0.20000,0.36436,normal
28.78000,-8.36957,-3.03043,4.46522,0.00000,-0.20000,0.34455,normal
28.80000,-8.32609,-3.07391,4.48696,0.00000,-0.20000,0.32475,normal
28.82000,-7.90000,-2.75000,4.90000,0.00000,-0.20000,0.30495,normal
28.84000,-8.66591,-3.18864,5.40000,-0.26923,-0.30000,0.01538,normal
28.86000,-8.59773,-3.16591,5.40000,-0.30000,-0.20000,0.00000,normal
28.88000,-8.52955,-3.14318,5.40000,-0.30000,-0.20000,0.00000,normal
28.90000,-8.46136,-3.12045,5.40000,-0.30000,-0.20000,0.00000,normal
28.92000,-8.48000,-3.22000,5.34000,-0.30000,-0.20000,0.00000,normal
28.94000,-8.51772,-3.88228,4.67342,-0.10795,0.00795,-0.08409,normal
28.96000,-8.56835,-3.83165,4.59747,-0.13068,0.03068,-0.03864,normal
28.98000,-8.61899,-3.78101,4.52152,-0.15341,0.05341,0.00682,normal
29.00000,-8.66962,-3.73038,4.44557,-0.17614,0.07614,0.05227,normal
29.02000,-7.34000,-3.66000,5.14000,-0.19886,0.09886,0.09773,normal
29.04000,-6.82353,-4.13059,4.91529,-0.08556,0.00000,-0.10000,normal
29.06000,-6.70588,-4.17765,4.93882,-0.06333,0.00000,-0.10000,normal
29.08000,-6.58824,-4.22471,4.96235,-0.04111,0.00000,-0.10000,normal
29.10000,-6.47059,-4.27176,4.98588,-0.01889,0.00000,-0.10000,normal
29.12000,-6.00000,-4.05000,5.40000,0.00000,0.00000,-0.20000,normal
29.14000,-6.40326,-4.04130,5.57609,0.00000,-0.10000,-0.21495,normal
29.16000,-6.51196,-4.08478,5.44565,0.00000,-0.10000,-0.23364,normal
29.18000,-6.62065,-4.12826,5.31522,0.00000,-0.10000,-0.25234,normal
29.20000,-6.72935,-4.17174,5.18478,0.00000,-0.10000,-0.27103,normal
29.22000,-6.98000,-4.38000,4.74000,0.00000,-0.10000,-0.28972,normal
29.24000,-8.58026,-3.40395,5.10789,0.30000,-0.10000,-0.40000,normal
29.26000,-8.44868,-3.43026,5.16053,0.10000,-0.10000,-0.51231,normal
29.28000,-8.31711,-3.45658,5.21316,0.10000,-0.10000,-0.54308,normal
29.30000,-8.18553,-3.48289,5.26579,0.10000,-0.10000,-0.57385,normal
29.32000,-8.34000,-5.04000,4.92000,0.05000,-0.35000,-0.60000,normal
29.34000,-7.15914,-3.63763,6.47957,0.56701,-0.53402,-0.66701,normal
29.36000,-6.85806,-3.80968,6.32903,0.52577,-0.45155,-0.62577,normal
29.38000,-6.55699,-3.98172,6.17849,0.48454,-0.36907,-0.58454,normal
29.40000,-6.25591,-4.15376,6.02796,0.44330,-0.28660,-0.54330,normal
29.42000,-8.50000,-3.40000,5.50000,0.40206,-0.20412,-0.50206,normal
29.44000,-8.83146,-3.80449,5.60000,0.02935,-0.02935,0.07174,normal
29.46000,-9.37079,-3.31011,5.60000,-0.07935,0.07935,0.02826,normal
29.48000,-9.91011,-2.81573,5.60000,-0.18804,0.18804,-0.01522,normal
29.50000,-10.44944,-2.32135,5.60000,-0.29674,0.29674,-0.05870,normal
29.52000,-6.30000,-5.45714,5.44286,-0.80000,0.20000,-0.60000,normal
29.54000,-6.30000,-6.67841,4.13636,-0.77059,0.17059,-0.65588,normal
29.56000,-6.30000,-6.38295,4.31818,-0.73137,0.13137,-0.59706,normal
29.58000,-6.30000,-6.08750,4.50000,-0.69216,0.09216,-0.53824,normal
29.60000,-6.30000,-5.79205,4.68182,-0.65294,0.05294,-0.47941,normal
29.62000,-6.36364,-5.91818,4.73636,-0.61373,0.01373,-0.42059,normal
29.64000,-6.27342,-6.30886,4.50000,-0.60000,0.07222,-0.40000,normal
29.66000,-6.19747,-6.33418,4.50000,-0.26970,0.01515,-0.18485,normal
29.68000,-6.12152,-6.35949,4.50000,-0.20909,0.04545,-0.15455,normal
29.70000,-6.04557,-6.38481,4.50000,-0.14848,0.07576,-0.12424,normal
29.72000,-6.20000,-5.98000,4.52000,0.25000,0.00000,0.05000,normal
29.74000,-6.34000,-6.10000,4.18000,0.53579,-0.11789,0.20000,normal
29.76000,-6.27333,-6.10000,4.26889,0.57789,-0.13895,0.20000,normal
29.78000,-6.20667,-6.10000,4.35778,0.62000,-0.16000,0.20000,normal
29.80000,-6.14000,-6.10000,4.44667,0.66211,-0.18105,0.20000,normal
29.82000,-6.44286,-6.30000,4.38571,0.65000,-0.25000,0.20000,normal
29.84000,-6.48182,-6.13636,4.70000,0.98173,-0.41635,0.18365,normal
29.86000,-6.45909,-5.93182,4.95000,1.07788,-0.43558,0.16442,normal
29.88000,-6.43636,-5.72727,5.20000,1.17404,-0.45481,0.14519,normal
29.90000,-6.41364,-5.52273,5.45000,1.27019,-0.47404,0.12596,normal
29.92000,-5.80000,-5.70000,6.30000,1.36635,-0.49327,0.10673,normal
29.94000,-5.78090,-3.77528,6.95730,1.07176,-0.19529,0.60000,normal
29.96000,-5.75843,-3.39326,7.02472,0.93059,-0.17176,0.60000,normal
29.98000,-5.73596,-3.01124,7.09213,0.78941,-0.14824,0.60000,normal
30.00000,-5.71348,-2.62921,7.15955,0.64824,-0.12471,0.60000,normal
30.02000,-5.96000,-6.08000,5.35000,0.50706,-0.10118,0.60000,normal
30.04000,-6.80000,-5.10000,5.66941,-1.56447,0.78816,0.60395,normal
30.06000,-6.80000,-5.10000,5.62235,-1.32763,0.70921,0.63026,normal
30.08000,-6.80000,-5.10000,5.57529,-1.09079,0.63026,0.65658,normal
30.10000,-6.80000,-5.10000,5.52824,-0.85395,0.55132,0.68289,normal
30.12000,-7.29462,-5.10753,5.39785,-0.40000,0.20000,0.50000,normal
30.14000,-7.18710,-5.25806,5.35484,-0.23636,-0.01818,0.60000,normal
30.16000,-7.07957,-5.40860,5.31183,-0.28182,-0.04091,0.60000,normal
30.18000,-6.97204,-5.55914,5.26882,-0.32727,-0.06364,0.60000,normal
30.20000,-6.86452,-5.70968,5.22581,-0.37273,-0.08636,0.60000,normal
30.22000,-5.60323,-5.30108,3.21183,0.30000,0.10000,0.19905,normal
30.24000,-5.66774,-5.32258,3.44839,0.30000,0.10000,0.18000,normal
30.26000,-5.73226,-5.34409,3.68495,0.30000,0.10000,0.16095,normal
30.28000,-5.79677,-5.36559,3.92151,0.30000,0.10000,0.14190,normal
30.30000,-5.86129,-5.38710,4.15806,0.30000,0.10000,0.12286,normal
30.32000,-2.85000,-6.35000,5.15000,0.30000,0.10000,0.10381,normal
30.34000,-4.06824,-5.53529,5.61294,0.30000,0.10125,-0.29875,normal
30.36000,-4.37412,-5.41765,5.63647,0.30000,0.12625,-0.27375,normal
30.38000,-4.68000,-5.30000,5.66000,0.30000,0.15125,-0.24875,normal
30.40000,-4.98588,-5.18235,5.68353,0.30000,0.17625,-0.22375,normal
30.42000,-7.50000,-4.20000,5.20000,0.25000,0.25000,-0.20000,normal
30.44000,-8.26250,-4.98750,3.39375,-0.84787,0.31596,-0.10000,normal
30.46000,-8.22083,-5.19583,3.16458,-0.91170,0.33723,-0.10000,normal
30.48000,-8.17917,-5.40417,2.93542,-0.97553,0.35851,-0.10000,normal
30.50000,-8.13750,-5.61250,2.70625,-1.03936,0.37979,-0.10000,normal
30.52000,-6.80000,-5.80000,3.60000,-0.90000,0.40000,-0.15000,normal
30.54000,-8.11744,-5.30000,4.00000,-0.08659,0.30000,-0.10000,normal
30.56000,-8.14070,-5.30000,4.00000,-0.06220,0.30000,-0.10000,normal
30.58000,-8.16395,-5.30000,4.00000,-0.03780,0.30000,-0.10000,normal
30.60000,-8.18721,-5.30000,4.00000,-0.01341,0.30000,-0.10000,normal
30.62000,-9.18105,-4.99053,3.59684,-0.09717,0.19717,0.20000,normal
30.64000,-9.05474,-4.92737,3.57579,-0.07830,0.17830,0.20000,normal
30.66000,-8.92842,-4.86421,3.55474,-0.05943,0.15943,0.20000,normal
30.68000,-8.80211,-4.80105,3.53368,-0.04057,0.14057,0.20000,normal
30.70000,-8.67579,-4.73789,3.51263,-0.02170,0.12170,0.20000,normal
30.72000,-8.40000,-4.07500,3.60000,-0.00283,0.10283,0.20000,normal
30.74000,-8.30833,-4.35238,3.24762,0.16667,-0.13333,0.10000,normal
30.76000,-8.14167,-4.44762,3.15238,-0.01471,-0.30000,0.08529,normal
30.78000,-7.97500,-4.54286,3.05714,-0.04412,-0.30000,0.05588,normal
30.80000,-7.80833,-4.63810,2.96190,-0.07353,-0.30000,0.02647,normal
30.82000,-7.55000,-5.15000,3.25000,-0.20000,-0.30000,0.10000,normal
30.84000,-6.87273,-5.10000,3.98182,-0.30000,-0.58387,-0.10000,normal
30.86000,-6.96364,-5.10000,3.95909,-0.30000,-0.56237,-0.10000,normal
30.88000,-7.05455,-5.10000,3.93636,-0.30000,-0.54086,-0.10000,normal
30.90000,-7.14545,-5.10000,3.91364,-0.30000,-0.51935,-0.10000,normal
30.92000,-10.00000,-5.00000,4.40000,-0.10000,-0.50000,0.00000,normal
30.94000,-10.44000,-4.34000,4.46000,-0.01264,-0.40000,0.28736,normal
30.96000,-9.81778,-4.38444,4.52667,-0.03563,-0.40000,0.26437,normal
30.98000,-9.19556,-4.42889,4.59333,-0.05862,-0.40000,0.24138,normal
31.00000,-8.57333,-4.47333,4.66000,-0.08161,-0.40000,0.21839,normal
31.02000,-7.08000,-4.92000,5.32000,0.21667,-0.51667,0.31667,normal
31.04000,-7.48000,-4.92000,5.30000,0.17113,-0.51443,0.41443,normal
31.06000,-7.34667,-4.83111,5.18889,0.12990,-0.53505,0.43505,normal
31.08000,-7.21333,-4.74222,5.07778,0.08866,-0.55567,0.45567,normal
31.10000,-7.08000,-4.65333,4.96667,0.04742,-0.57629,0.47629,normal
31.12000,-7.19167,-4.77500,5.22500,0.00619,-0.59691,0.49691,normal
31.14000,-6.52500,-4.90000,4.62500,-0.07778,-0.60000,0.77778,normal
31.16000,-6.57045,-4.90000,4.67045,0.13836,-0.61918,0.91918,normal
31.18000,-6.61591,-4.90000,4.71591,0.19315,-0.64658,0.94658,normal
31.20000,-6.66136,-4.90000,4.76136,0.24795,-0.67397,0.97397,normal
31.22000,-7.00000,-4.16667,4.76667,0.20000,-0.70000,1.00000,normal
31.24000,-7.31860,-3.53256,5.73256,-0.11209,-1.00000,0.98791,normal
31.26000,-7.20233,-3.57907,5.77907,-0.13407,-1.00000,0.96593,normal
31.28000,-7.08605,-3.62558,5.82558,-0.15604,-1.00000,0.94396,normal
31.30000,-6.96977,-3.67209,5.87209,-0.17802,-1.00000,0.92198,normal
31.32000,-6.22857,-3.74286,6.85714,-0.20000,-1.00000,0.90000,normal
31.34000,-6.26292,-3.44270,7.34719,0.04667,-0.50000,1.03111,normal
31.36000,-6.35281,-3.21798,7.41461,0.11333,-0.50000,1.07556,normal
31.38000,-6.44270,-2.99326,7.48202,0.18000,-0.50000,1.12000,normal
31.40000,-6.53258,-2.76854,7.54944,0.24667,-0.50000,1.16444,normal
31.42000,-7.10000,-2.90000,6.00000,0.56000,-0.60000,1.14000,normal
31.44000,-6.08000,-1.04000,7.12000,0.37064,-0.61468,0.88532,normal
31.46000,-6.28000,-1.19556,7.14222,0.33394,-0.63303,0.86697,normal
31.48000,-6.48000,-1.35111,7.16444,0.29725,-0.65138,0.84862,normal
31.50000,-6.68000,-1.50667,7.18667,0.26055,-0.66972,0.83028,normal
31.52000,-7.50000,-0.30000,8.20000,0.22385,-0.68807,0.81193,normal
31.54000,-5.28082,-1.58767,5.80000,0.00000,-0.68095,0.88095,normal
31.56000,-4.89726,-1.34110,5.80000,-0.22069,-0.70000,0.39655,normal
31.58000,-4.51370,-1.09452,5.80000,-0.42759,-0.70000,0.36207,normal
31.60000,-4.13014,-0.84795,5.80000,-0.63448,-0.70000,0.32759,normal
31.62000,-7.20000,-1.90000,8.40000,-1.05000,-0.30000,0.35000,normal
31.64000,-6.44255,-1.55745,8.10000,-0.36170,-0.40000,0.21915,normal
31.66000,-6.37872,-1.62128,8.10000,-0.31915,-0.40000,0.24043,normal
31.68000,-6.31489,-1.68511,8.10000,-0.27660,-0.40000,0.26170,normal
31.70000,-6.25106,-1.74894,8.10000,-0.23404,-0.40000,0.28298,normal
31.72000,-6.20000,-2.20000,7.25000,-0.30000,-0.30000,0.30000,normal
31.74000,-5.59659,-1.71932,7.33523,-0.36180,-0.40000,0.01910,normal
31.76000,-5.71023,-1.74205,7.49432,-0.31685,-0.40000,0.04157,normal
31.78000,-5.82386,-1.76477,7.65341,-0.27191,-0.40000,0.06404,normal
31.80000,-5.93750,-1.78750,7.81250,-0.22697,-0.40000,0.08652,normal
31.82000,-5.50213,-2.41702,7.80638,-0.30177,-0.50000,-0.20000,normal
31.84000,-5.52340,-2.58723,7.87021,-0.31947,-0.50000,-0.20000,normal
31.86000,-5.54468,-2.75745,7.93404,-0.33717,-0.50000,-0.20000,normal
31.88000,-5.56596,-2.92766,7.99787,-0.35487,-0.50000,-0.20000,normal
31.90000,-5.58723,-3.09787,8.06170,-0.37257,-0.50000,-0.20000,normal
31.92000,-5.23636,-3.63636,6.93636,-0.39027,-0.50000,-0.20000,normal
31.94000,-2.40000,-5.04000,6.46400,-0.18182,-0.42727,-0.51818,normal
31.96000,-2.40000,-4.64000,6.89067,0.34535,-0.11512,-1.11512,normal
31.98000,-2.40000,-4.24000,7.31733,0.41512,-0.13837,-1.13837,normal
32.00000,-2.40000,-3.84000,7.74400,0.48488,-0.16163,-1.16163,normal
32.02000,-4.00000,-3.40000,7.90000,0.55465,-0.18488,-1.18488,normal
32.04000,-4.40548,-4.50685,7.40685,-0.59315,-0.29726,-1.00000,normal
32.06000,-4.51507,-4.64384,7.54384,-0.45616,-0.24247,-1.00000,normal
32.08000,-4.62466,-4.78082,7.68082,-0.31918,-0.18767,-1.00000,normal
32.10000,-4.73425,-4.91781,7.81781,-0.18219,-0.13288,-1.00000,normal
32.12000,-4.25957,3.53617,9.96809,2.89439,-1.50280,-0.68505,normal
32.14000,-5.85532,3.89787,10.64894,2.78224,-1.55888,-0.38598,normal
32.16000,-7.45106,4.25957,11.32979,2.67009,-1.61495,-0.08692,normal
32.18000,-9.04681,4.62128,12.01064,2.55794,-1.67103,0.21215,normal
32.20000,-10.64255,4.98298,12.69149,2.44579,-1.72710,0.51121,normal
32.22000,2.96667,-9.08333,8.33333,2.33364,-1.78318,0.81028,normal
32.24000,1.07159,-7.19886,7.40227,-1.54634,-0.70854,-0.59146,normal
32.26000,0.68523,-5.90341,7.99318,-1.10732,-0.73293,-0.56707,normal
32.28000,0.29886,-4.60795,8.58409,-0.66829,-0.75732,-0.54268,normal
32.30000,-0.08750,-3.31250,9.17500,-0.22927,-0.78171,-0.51829,normal
32.32000,-4.70000,-1.50000,9.50000,0.18333,-0.88333,-0.45833,normal
32.34000,-1.62857,-4.34286,8.80879,-1.16429,-0.70000,-0.29286,normal
32.36000,-1.34286,-4.91429,9.02857,-1.04524,-0.70000,-0.26905,normal
32.38000,-1.05714,-5.48571,9.24835,-0.92619,-0.70000,-0.24524,normal
32.40000,-0.77143,-6.05714,9.46813,-0.80714,-0.70000,-0.22143,normal
32.42000,-1.30213,-4.61064,7.90638,-0.20000,-0.70000,-0.10000,normal
32.44000,-1.32340,-4.71702,7.97021,-0.06559,-0.91720,-0.20000,normal
32.46000,-1.34468,-4.82340,8.03404,-0.02258,-0.93871,-0.20000,normal
32.48000,-1.36596,-4.92979,8.09787,0.02043,-0.96022,-0.20000,normal
32.50000,-1.38723,-5.03617,8.16170,0.06344,-0.98172,-0.20000,normal
32.52000,0.90638,-4.49787,9.10000,0.10000,-1.00000,-0.20000,normal
32.54000,0.97021,-4.47660,9.10000,0.00000,-0.88350,-0.10000,normal
32.56000,1.03404,-4.45532,9.10000,0.00000,-0.86408,-0.10000,normal
32.58000,1.09787,-4.43404,9.10000,0.00000,-0.84466,-0.10000,normal
32.60000,1.16170,-4.41277,9.10000,0.00000,-0.82524,-0.10000,normal
32.62000,0.46667,-4.70000,8.93333,0.00000,-0.80583,-0.10000,normal
32.64000,0.82000,-4.64000,8.80000,-0.20000,-0.99383,-0.10000,normal
32.66000,0.95333,-4.57333,8.80000,-0.20000,-0.96914,-0.10000,normal
32.68000,1.08667,-4.50667,8.80000,-0.20000,-0.94444,-0.10000,normal
32.70000,1.22000,-4.44000,8.80000,-0.20000,-0.91975,-0.10000,normal
32.72000,1.50000,-4.86000,8.48000,0.10000,-0.95000,0.00000,normal
32.74000,1.58090,-4.61910,8.17978,0.10000,-1.01628,0.01628,normal
32.76000,1.67079,-4.52921,8.15730,0.10000,-1.03953,0.03953,normal
32.78000,1.76067,-4.43933,8.13483,0.10000,-1.06279,0.06279,normal
32.80000,1.85056,-4.34944,8.11236,0.10000,-1.08605,0.08605,normal
32.82000,3.00426,-4.69149,8.41064,0.00000,-1.20000,0.30000,normal
32.84000,3.04681,-4.60638,8.51702,0.08295,-1.08295,0.30000,normal
32.86000,3.08936,-4.52128,8.62340,0.06023,-1.06023,0.30000,normal
32.88000,3.13191,-4.43617,8.72979,0.03750,-1.03750,0.30000,normal
32.90000,3.17447,-4.35106,8.83617,0.01477,-1.01477,0.30000,normal
32.92000,3.61087,-5.49239,8.80217,0.20080,-0.69920,0.50160,normal
32.94000,3.82826,-5.34022,8.84565,0.21680,-0.68320,0.53360,normal
32.96000,4.04565,-5.18804,8.88913,0.23280,-0.66720,0.56560,normal
32.98000,4.26304,-5.03587,8.93261,0.24880,-0.65120,0.59760,normal
33.00000,4.48043,-4.88370,8.97609,0.26480,-0.63520,0.62960,normal
33.02000,4.45789,-4.46842,9.28421,0.28080,-0.61920,0.66160,normal
33.04000,2.78750,-4.76250,8.47500,0.29680,-0.60320,0.69360,normal
33.06000,2.66000,-5.32000,8.49000,-0.34118,-0.20000,0.60000,normal
33.08000,2.78000,-5.56000,8.27000,-0.27143,-0.20000,0.57143,normal
33.10000,2.90000,-5.80000,8.05000,-0.22747,-0.20000,0.52747,normal
33.12000,3.02000,-6.04000,7.83000,-0.18352,-0.20000,0.48352,normal
33.14000,3.14000,-6.28000,7.61000,-0.13956,-0.20000,0.43956,normal
33.16000,3.00000,-4.90000,8.53333,0.20000,-0.10000,0.50000,normal
33.18000,2.68387,-5.72258,8.35806,0.08889,0.04444,0.70000,normal
33.20000,2.80000,-5.50000,8.00000,0.20000,0.10000,0.70000,normal
33.22000,4.62692,-3.57308,8.58558,-0.50000,0.10833,0.41667,normal
33.24000,4.39615,-3.80385,8.56635,-0.50000,0.12917,0.45833,normal
33.26000,4.16538,-4.03462,8.54712,-0.50000,0.15000,0.50000,normal
33.28000,3.93462,-4.26538,8.52788,-0.50000,0.17083,0.54167,normal
33.30000,3.70385,-4.49615,8.50865,-0.50000,0.19167,0.58333,normal
33.32000,1.54242,-4.55758,8.18788,1.19274,0.19274,0.70000,normal
33.34000,1.68384,-4.41616,8.14747,1.17661,0.17661,0.70000,normal
33.36000,1.82525,-4.27475,8.10707,1.16048,0.16048,0.70000,normal
33.38000,1.96667,-4.13333,8.06667,1.14435,0.14435,0.70000,normal
33.40000,2.10808,-3.99192,8.02626,1.12823,0.12823,0.70000,normal
33.42000,2.05455,-4.51818,8.43636,1.11210,0.11210,0.70000,normal
33.44000,2.75833,-5.22500,7.59167,-0.05000,-0.05000,0.55000,normal
33.46000,2.66429,-5.09143,7.50000,-0.15536,-0.20000,0.38214,normal
33.48000,2.52143,-4.97714,7.50000,0.02321,-0.20000,0.31071,normal
33.50000,2.37857,-4.86286,7.50000,0.20179,-0.20000,0.23929,normal
33.52000,1.52151,-4.23226,7.34194,0.10000,-0.10000,0.20000,normal
33.54000,1.73656,-4.55484,6.76129,0.10000,-0.20000,0.30000,normal
33.56000,1.95161,-4.87742,6.18065,0.10000,-0.20000,0.30000,normal
33.58000,2.16667,-5.20000,5.60000,0.10000,-0.20000,0.30000,normal
33.60000,2.38172,-5.52258,5.01935,0.10000,-0.20000,0.30000,normal
33.62000,-1.38723,-8.67234,4.83617,-0.10000,0.10000,0.20000,normal
33.64000,-1.25957,-8.39574,5.19787,-0.84286,1.84286,-0.50000,normal
33.66000,-1.13191,-8.11915,5.55957,-0.90879,1.75495,-0.65385,normal
33.68000,-1.00426,-7.84255,5.92128,-0.97473,1.66703,-0.80769,normal
33.70000,-0.87660,-7.56596,6.28298,-1.04066,1.57912,-0.96154,normal
33.72000,1.33750,-5.57500,6.10000,-1.20000,1.20000,-1.20000,normal
33.74000,1.34483,-4.69195,6.63908,-0.57009,0.81402,-0.95794,normal
33.76000,1.27586,-4.80690,6.93793,-0.66355,0.83271,-0.90187,normal
33.78000,1.20690,-4.92184,7.23678,-0.75701,0.85140,-0.84579,normal
33.80000,1.13793,-5.03678,7.53563,-0.85047,0.87009,-0.78972,normal
33.82000,1.11667,-6.68333,7.94167,-0.94393,0.88879,-0.73364,normal
33.84000,0.89444,-8.00556,7.30000,-2.33571,1.00000,-0.36429,normal
33.86000,0.83889,-8.06111,7.30000,-2.18596,0.98596,-0.18596,normal
33.88000,0.78333,-8.11667,7.30000,-2.15088,0.95088,-0.15088,normal
33.90000,0.72778,-8.17222,7.30000,-2.11579,0.91579,-0.11579,normal
33.92000,0.50510,-7.90510,6.66429,-1.69615,0.59808,0.20096,normal
33.94000,0.52551,-7.92551,6.52143,-1.61923,0.55962,0.22019,normal
33.96000,0.54592,-7.94592,6.37857,-1.54231,0.52115,0.23942,normal
33.98000,0.56633,-7.96633,6.23571,-1.46538,0.48269,0.25865,normal
34.00000,0.58673,-7.98673,6.09286,-1.38846,0.44423,0.27788,normal
34.02000,0.66364,-8.25455,6.00000,-1.31154,0.40577,0.29712,normal
34.04000,-0.24634,-8.97317,6.07317,-1.22529,0.51264,0.31264,normal
34.06000,-0.14878,-8.92439,6.02439,-1.27126,0.53563,0.33563,normal
34.08000,-0.05122,-8.87561,5.97561,-1.31724,0.55862,0.35862,normal
34.10000,0.04634,-8.82683,5.92683,-1.36322,0.58161,0.38161,normal
34.12000,-0.90000,-10.00000,4.46667,-1.50000,0.70000,0.30000,normal
34.14000,-1.00000,-10.01910,4.32022,-1.03267,0.58317,0.18317,normal
34.16000,-1.00000,-9.92921,4.34270,-0.95347,0.56337,0.16337,normal
34.18000,-1.00000,-9.83933,4.36517,-0.87426,0.54356,0.14356,normal
34.20000,-1.00000,-9.74944,4.38764,-0.79505,0.52376,0.12376,normal
34.22000,-1.65000,-9.69167,5.55000,-0.71584,0.50396,0.10396,normal
34.24000,-0.35301,-10.88072,4.38675,-0.39333,0.21333,0.10667,normal
34.26000,-0.44940,-10.66386,4.36265,-0.57164,0.60000,-0.25373,normal
34.28000,-0.54578,-10.44699,4.33855,-0.69104,0.60000,-0.34328,normal
34.30000,-0.64217,-10.23012,4.31446,-0.81045,0.60000,-0.43284,normal
34.32000,-0.25000,-7.90000,2.80000,0.00000,0.80000,-0.10000,normal
34.34000,-0.17889,-7.75778,2.72111,0.06000,0.90000,0.16000,normal
34.36000,-0.15667,-7.71333,2.74333,0.01789,0.90000,0.22316,normal
34.38000,-0.13444,-7.66889,2.76556,-0.02421,0.90000,0.28632,normal
34.40000,-0.11222,-7.62444,2.78778,-0.06632,0.90000,0.34947,normal
34.42000,-1.94000,-10.84000,2.42000,0.00000,0.50000,0.10000,normal
34.44000,-1.87889,-10.40444,2.52667,0.40000,0.40000,0.10000,normal
34.46000,-1.85667,-10.09333,2.66000,0.40000,0.40000,0.10000,normal
34.48000,-1.83444,-9.78222,2.79333,0.40000,0.40000,0.10000,normal
34.50000,-1.81222,-9.47111,2.92667,0.40000,0.40000,0.10000,normal
34.52000,-2.01290,-9.03871,2.78065,-0.70000,0.30000,0.70000,normal
34.54000,-2.14194,-9.42581,2.58710,-0.69412,0.38235,0.56471,normal
34.56000,-2.27097,-9.81290,2.39355,-0.57647,0.36275,0.52549,normal
34.58000,-2.40000,-10.20000,2.20000,-0.45882,0.34314,0.48627,normal
34.60000,-2.52903,-10.58710,2.00645,-0.34118,0.32353,0.44706,normal
34.62000,-3.20000,-10.65000,1.90000,-0.22353,0.30392,0.40784,normal
34.64000,-4.26173,-8.38765,1.87531,0.50000,0.14000,0.33000,normal
34.66000,-4.38519,-8.36296,1.82593,-0.11493,-0.08507,0.50000,normal
34.68000,-4.50864,-8.33827,1.77654,-0.14478,-0.05522,0.50000,normal
34.70000,-4.63210,-8.31358,1.72716,-0.17463,-0.02537,0.50000,normal
34.72000,-3.07143,-8.67143,1.91429,-0.05000,-0.05000,0.50000,normal
34.74000,-2.50341,-9.40909,1.62273,-0.12022,-0.10000,0.50000,normal
34.76000,-2.38977,-9.77273,1.53182,-0.14270,-0.10000,0.50000,normal
34.78000,-2.27614,-10.13636,1.44091,-0.16517,-0.10000,0.50000,normal
34.80000,-2.16250,-10.50000,1.35000,-0.18764,-0.10000,0.50000,normal
34.82000,-2.50860,-9.00000,2.19355,0.05000,0.00000,0.22500,normal
34.84000,-2.59462,-9.00000,2.12903,-0.02828,-0.20000,0.10000,normal
34.86000,-2.68065,-9.00000,2.06452,-0.06869,-0.20000,0.10000,normal
34.88000,-2.76667,-9.00000,2.00000,-0.10909,-0.20000,0.10000,normal
34.90000,-2.85269,-9.00000,1.93548,-0.14949,-0.20000,0.10000,normal
34.92000,-2.80000,-9.03333,2.40000,-0.18990,-0.20000,0.10000,normal
34.94000,-2.82022,-9.10000,2.42022,0.10000,-0.08929,0.18929,normal
34.96000,-2.84270,-9.10000,2.44270,0.10000,-0.06548,0.16548,normal
34.98000,-2.86517,-9.10000,2.46517,0.10000,-0.04167,0.14167,normal
35.00000,-2.88764,-9.10000,2.48764,0.10000,-0.01786,0.11786,normal
35.02000,-3.28000,-9.20000,2.28000,0.10000,0.00000,0.10000,normal
35.04000,-3.23667,-9.09444,2.32111,0.29000,0.00000,0.10000,normal
35.06000,-3.17000,-8.98333,2.34333,0.30000,0.00000,0.10000,normal
35.08000,-3.10333,-8.87222,2.36556,0.30000,0.00000,0.10000,normal
35.10000,-3.03667,-8.76111,2.38778,0.30000,0.00000,0.10000,normal
35.12000,-3.50000,-9.85000,2.25000,0.09412,0.00588,0.10000,normal
35.14000,-3.74894,-9.94681,2.03404,-0.20000,0.00000,0.00000,normal
35.16000,-3.68511,-9.75532,2.07660,-0.14872,-0.02564,-0.02564,normal
35.18000,-3.62128,-9.56383,2.11915,-0.09744,-0.05128,-0.05128,normal
35.20000,-3.55745,-9.37234,2.16170,-0.04615,-0.07692,-0.07692,normal
35.22000,-3.00000,-8.30000,2.00000,0.00000,-0.10000,0.00000,normal
35.24000,-3.00000,-8.83488,2.01744,-0.17059,0.00000,0.00000,normal
35.26000,-3.00000,-8.88140,2.04070,-0.13137,0.00000,0.00000,normal
35.28000,-3.00000,-8.92791,2.06395,-0.09216,0.00000,0.00000,normal
35.30000,-3.00000,-8.97442,2.08721,-0.05294,0.00000,0.00000,normal
35.32000,-3.40000,-9.20000,1.90000,-0.01373,0.00000,0.00000,normal
35.34000,-2.32911,-7.64051,2.35823,-0.20000,0.30000,-0.25000,normal
35.36000,-2.15190,-7.74177,2.00380,-0.25067,0.60133,-0.24933,normal
35.38000,-1.97468,-7.84304,1.64937,-0.30400,0.70800,-0.19600,normal
35.40000,-1.79747,-7.94430,1.29494,-0.35733,0.81467,-0.14267,normal
35.42000,-2.29355,-10.07634,-0.08925,-0.57143,1.12857,0.07143,normal
35.44000,-2.22903,-9.83978,0.01828,0.42759,1.17241,-0.32759,normal
35.46000,-2.16452,-9.60323,0.12581,0.47356,1.12644,-0.37356,normal
35.48000,-2.10000,-9.36667,0.23333,0.51954,1.08046,-0.41954,normal
35.50000,-2.03548,-9.13011,0.34086,0.56552,1.03448,-0.46552,normal
35.52000,-2.10000,-10.65000,1.85000,-0.50000,1.10000,-0.60000,normal
35.54000,-1.83596,-10.64270,2.17865,-0.11739,1.12065,-0.60000,normal
35.56000,-1.76854,-10.68764,2.15618,-0.03043,1.14239,-0.60000,normal
35.58000,-1.70112,-10.73258,2.13371,0.05652,1.16413,-0.60000,normal
35.60000,-1.63371,-10.77753,2.11124,0.14348,1.18587,-0.60000,normal
35.62000,-0.82604,-8.14167,2.20000,0.90000,1.30000,-0.30000,normal
35.64000,-0.93021,-8.30833,2.20000,0.86078,1.30000,-0.28039,normal
35.66000,-1.03438,-8.47500,2.20000,0.82157,1.30000,-0.26078,normal
35.68000,-1.13854,-8.64167,2.20000,0.78235,1.30000,-0.24118,normal
35.70000,-1.24271,-8.80833,2.20000,0.74314,1.30000,-0.22157,normal
35.72000,-1.56667,-10.23333,2.50000,0.70392,1.30000,-0.20196,normal
35.74000,-1.28554,-9.87108,2.27108,1.20000,0.90000,-0.30000,normal
35.76000,-1.26145,-9.82289,2.22289,1.21639,0.91639,-0.30000,normal
35.78000,-1.23735,-9.77470,2.17470,1.24918,0.94918,-0.30000,normal
35.80000,-1.21325,-9.72651,2.12651,1.28197,0.98197,-0.30000,normal
35.82000,-2.40638,-8.59681,2.90319,0.99574,0.79787,-0.20000,normal
35.84000,-2.44894,-8.57553,2.92447,0.95319,0.77660,-0.20000,normal
35.86000,-2.49149,-8.55426,2.94574,0.91064,0.75532,-0.20000,normal
35.88000,-2.53404,-8.53298,2.96702,0.86809,0.73404,-0.20000,normal
35.90000,-2.57660,-8.51170,2.98830,0.82553,0.71277,-0.20000,normal
35.92000,0.22043,-10.58925,0.42151,-1.27938,0.59588,0.19588,normal
35.94000,-0.57527,-10.48172,0.63656,-1.07320,0.55464,0.15464,normal
35.96000,-1.37097,-10.37419,0.85161,-0.86701,0.51340,0.11340,normal
35.98000,-2.16667,-10.26667,1.06667,-0.66082,0.47216,0.07216,normal
36.00000,-2.96237,-10.15914,1.28172,-0.45464,0.43093,0.03093,normal
36.02000,-3.52000,-6.54000,3.70000,1.90000,0.00000,-0.20000,normal
36.04000,-3.33391,-6.76609,4.03217,0.82047,-0.41024,0.51496,normal
36.06000,-3.26435,-6.83565,4.17130,0.63150,-0.31575,0.53071,normal
36.08000,-3.19478,-6.90522,4.31043,0.44252,-0.22126,0.54646,normal
36.10000,-3.12522,-6.97478,4.44957,0.25354,-0.12677,0.56220,normal
36.12000,-3.05565,-7.04435,4.58870,0.06457,-0.03228,0.57795,normal
36.14000,-3.02500,-8.24167,4.30833,-0.12441,0.06220,0.59370,normal
36.16000,-2.18987,-8.63291,4.65443,-0.11667,0.28333,0.63333,normal
36.18000,-3.30380,-9.01266,3.66709,-0.69130,1.03043,0.07391,normal
36.20000,-4.41772,-9.39241,2.67975,-0.22754,0.65362,0.01594,normal
36.22000,-5.53165,-9.77215,1.69241,0.23623,0.27681,-0.04203,normal
36.24000,-4.30000,-7.90000,4.05000,0.70000,-0.10000,-0.10000,normal
36.26000,-3.74032,-8.54516,5.32581,2.62857,0.41429,0.35714,normal
36.28000,-4.41774,-7.38387,5.51935,2.45000,0.20000,0.25000,normal
36.30000,-5.09516,-6.22258,5.71290,2.27143,-0.01429,0.14286,normal
36.32000,-3.53750,-6.15625,6.37500,1.95000,0.22500,0.07500,normal
36.34000,-3.66250,-6.34375,6.29167,2.00000,0.28100,0.03800,normal
36.36000,-3.78750,-6.53125,6.20833,2.00000,0.26100,0.07800,normal
36.38000,-3.91250,-6.71875,6.12500,2.00000,0.24100,0.11800,normal
36.40000,-4.03750,-6.90625,6.04167,2.00000,0.22100,0.15800,normal
36.42000,-3.80000,-5.60000,6.30000,2.00000,0.20100,0.19800,normal
36.44000,-2.48409,-5.30000,7.69659,1.78931,0.15344,0.11069,normal
36.46000,-3.07500,-5.30000,7.53750,1.77405,0.22977,0.12595,normal
36.48000,-3.66591,-5.30000,7.37841,1.75878,0.30611,0.14122,normal
36.50000,-4.25682,-5.30000,7.21932,1.74351,0.38244,0.15649,normal
36.52000,-4.28000,-4.82000,7.54000,1.72824,0.45878,0.17176,normal
36.54000,-4.55172,-3.54138,7.19655,1.71298,0.53511,0.18702,normal
36.56000,-5.72414,-3.67931,6.85172,1.60000,0.55000,-0.05000,normal
36.58000,-5.47500,-3.91250,6.98889,1.49077,0.47231,0.32769,normal
36.60000,-4.97500,-4.16250,7.21111,1.46000,0.38000,0.42000,normal
36.62000,-4.47500,-4.41250,7.43333,1.42923,0.28769,0.51231,normal
36.64000,-4.10000,-2.40000,8.30000,1.40000,0.25000,0.70000,normal
36.66000,-4.88261,-2.72609,8.37391,0.72353,0.30000,-0.13824,normal
36.68000,-5.08551,-2.75507,8.34493,0.60588,0.30000,-0.19706,normal
36.70000,-5.28841,-2.78406,8.31594,0.48824,0.30000,-0.25588,normal
36.72000,-4.40000,-4.10000,8.30000,-0.40000,0.20000,-0.10000,normal
36.74000,-3.90787,-4.14944,8.32135,-1.26629,-0.40000,0.00000,normal
36.76000,-3.70562,-4.30674,8.34382,-1.22135,-0.40000,0.00000,normal
36.78000,-3.50337,-4.46404,8.36629,-1.17640,-0.40000,0.00000,normal
36.80000,-3.30112,-4.62135,8.38876,-1.13146,-0.40000,0.00000,normal
36.82000,-4.80000,-5.50000,7.20000,-1.25000,-0.15000,-0.15000,normal
36.84000,-5.50330,-5.39011,6.89231,-1.35532,0.55851,-0.01383,normal
36.86000,-6.20659,-5.28022,6.58462,-1.44043,0.49468,-0.03511,normal
36.88000,-6.90989,-5.17033,6.27692,-1.52553,0.43085,-0.05638,normal
36.90000,-7.61319,-5.06044,5.96923,-1.61064,0.36702,-0.07766,normal
36.92000,-3.99091,-7.20909,5.71818,-1.69574,0.30319,-0.09894,normal
36.94000,-4.10964,-3.75663,8.09036,0.86667,0.00741,0.21111,normal
36.96000,-4.27831,-3.99759,7.92169,0.64444,0.05679,0.28519,normal
36.98000,-4.44699,-4.23855,7.75301,0.42222,0.10617,0.35926,normal
37.00000,-4.61566,-4.47952,7.58434,0.20000,0.15556,0.43333,normal
37.02000,-4.97778,-4.81111,7.08889,-0.50000,0.30000,0.30000,normal
37.04000,-5.50588,-4.60980,7.06275,-0.25872,0.17248,0.11376,normal
37.06000,-5.38824,-4.74706,7.14118,-0.20367,0.13578,0.13211,normal
37.08000,-5.27059,-4.88431,7.21961,-0.14862,0.09908,0.15046,normal
37.10000,-5.15294,-5.02157,7.29804,-0.09358,0.06239,0.16881,normal
37.12000,-5.03529,-5.15882,7.37647,-0.03853,0.02569,0.18716,normal
37.14000,-5.30000,-4.00000,6.90000,0.56667,-0.16667,0.20000,normal
37.16000,-5.02500,-4.15000,7.02500,0.31856,-0.10000,0.00000,normal
37.18000,-4.75000,-4.30000,7.15000,0.33918,-0.10000,0.00000,normal
37.20000,-4.47500,-4.45000,7.27500,0.35979,-0.10000,0.00000,normal
37.22000,-4.20000,-4.60000,7.40000,0.38041,-0.10000,0.00000,normal
