timestamp,accel_x,accel_y,accel_z,gyro_x,gyro_y,gyro_z,label
0.00000,0.90000,4.40000,7.80000,0.40000,0.30000,0.00000,normal
0.02000,0.67045,3.48636,9.60795,-0.72857,0.07619,-0.10000,normal
0.04000,0.62500,2.85000,9.31250,-1.15882,0.12059,0.00000,normal
0.06000,0.57955,2.21364,9.01705,-1.10000,0.15000,0.00000,normal
0.08000,0.53409,1.57727,8.72159,-1.04118,0.17941,0.00000,normal
0.10000,0.40000,3.20000,9.50000,-0.10081,0.10000,0.10000,normal
0.12000,0.38361,3.15082,9.48361,-0.11707,0.10000,0.10000,normal
0.14000,0.36721,3.10164,9.46721,-0.13333,0.10000,0.10000,normal
0.16000,0.35082,3.05246,9.45082,-0.14959,0.10000,0.10000,normal
0.18000,0.33443,3.00328,9.43443,-0.16585,0.10000,0.10000,normal
0.20000,0.31803,2.95410,9.41803,-0.18211,0.10000,0.10000,normal
0.22000,0.30164,2.90492,9.40164,-0.19837,0.10000,0.10000,normal
0.24000,0.50000,2.47500,9.23750,-0.09352,0.10648,0.00648,normal
0.26000,0.50000,2.60000,9.30000,-0.07500,0.12500,0.02500,normal
0.28000,0.50000,2.72500,9.36250,-0.05648,0.14352,0.04352,normal
0.30000,0.50000,2.85000,9.42500,-0.03796,0.16204,0.06204,normal
0.32000,0.50000,2.97500,9.48750,-0.01944,0.18056,0.08056,normal
0.34000,-0.55000,3.20000,7.95000,-0.00093,0.19907,0.09907,normal
0.36000,-0.90909,3.04545,7.21818,-0.93333,0.22667,0.32667,normal
0.38000,-1.06494,2.96753,6.95844,-1.39474,0.30000,0.43158,normal
0.40000,-1.22078,2.88961,6.69870,-1.60526,0.30000,0.50175,normal
0.42000,-1.37662,2.81169,6.43896,-1.81579,0.30000,0.57193,normal
0.44000,-2.13448,3.04483,4.71034,-4.36977,0.60581,1.40581,normal
0.46000,-2.24943,2.86092,4.41149,-4.64884,0.62907,1.42907,normal
0.48000,-2.36437,2.67701,4.11264,-4.92791,0.65233,1.45233,normal
0.50000,-2.47931,2.49310,3.81379,-5.20698,0.67558,1.47558,normal
0.52000,-2.59425,2.30920,3.51494,-5.48605,0.69884,1.49884,normal
0.54000,-6.18085,-3.08298,0.62553,-5.99895,1.31263,3.68842,normal
0.56000,-6.64894,-3.72128,0.66809,-5.83053,1.33368,3.83579,normal
0.58000,-7.11702,-4.35957,0.71064,-5.66211,1.35474,3.98316,normal
0.60000,-7.58511,-4.99787,0.75319,-5.49368,1.37579,4.13053,normal
0.62000,-8.05319,-5.63617,0.79574,-5.32526,1.39684,4.27789,normal
0.64000,-12.65914,-11.42258,0.26452,-6.08214,0.99643,5.10000,normal
0.66000,-12.76667,-11.10000,0.20000,-5.99286,0.97857,5.10000,normal
0.68000,-12.87419,-10.77742,0.13548,-5.90357,0.96071,5.10000,normal
0.70000,-12.98172,-10.45484,0.07097,-5.81429,0.94286,5.10000,normal
0.72000,-13.08925,-10.13226,0.00645,-5.72500,0.92500,5.10000,normal
0.74000,-13.71000,-9.43000,-1.71000,-5.63571,0.90714,5.10000,normal
0.76000,-15.25588,-11.67353,-2.51765,-5.32000,0.13000,4.82000,normal
0.78000,-15.10882,-11.58529,-2.57647,-4.26949,-0.41525,4.48475,normal
0.80000,-14.96176,-11.49706,-2.63529,-3.99831,-0.55085,4.34915,normal
0.82000,-14.81471,-11.40882,-2.69412,-3.72712,-0.68644,4.21356,normal
0.84000,-9.83750,-7.20000,-2.06250,-1.87526,-0.66701,1.13402,normal
0.86000,-9.73333,-6.70000,-1.83333,-1.81340,-0.58454,0.96907,normal
0.88000,-9.62917,-6.20000,-1.60417,-1.75155,-0.50206,0.80412,normal
0.90000,-9.52500,-5.70000,-1.37500,-1.68969,-0.41959,0.63918,normal
0.92000,-9.42083,-5.20000,-1.14583,-1.62784,-0.33711,0.47423,normal
0.94000,-8.30575,-6.44253,-2.27126,-1.27701,0.70000,-1.10000,normal
0.96000,-8.32874,-6.21264,-2.15632,-1.18506,0.70000,-1.10000,normal
0.98000,-8.35172,-5.98276,-2.04138,-1.09310,0.70000,-1.10000,normal
1.00000,-8.37471,-5.75287,-1.92644,-1.00115,0.70000,-1.10000,normal
1.02000,-8.39770,-5.52299,-1.81149,-0.90920,0.70000,-1.10000,normal
1.04000,-8.84894,-3.17234,1.06170,1.08991,-0.28991,-0.41009,normal
1.06000,-8.76383,-2.95957,0.99787,1.07156,-0.27156,-0.42844,normal
1.08000,-8.67872,-2.74681,0.93404,1.05321,-0.25321,-0.44679,normal
1.10000,-8.59362,-2.53404,0.87021,1.03486,-0.23486,-0.46514,normal
1.12000,-8.50851,-2.32128,0.80638,1.01651,-0.21651,-0.48349,normal
1.14000,-9.40440,-4.39890,-1.16923,0.30000,-0.10000,-0.30000,normal
1.16000,-9.42637,-3.89341,-1.01538,1.11867,0.18133,-0.10933,normal
1.18000,-9.44835,-3.38791,-0.86154,1.17200,0.12800,-0.13600,normal
1.20000,-9.47033,-2.88242,-0.70769,1.22533,0.07467,-0.16267,normal
1.22000,-9.49231,-2.37692,-0.55385,1.27867,0.02133,-0.18933,normal
1.24000,-9.46591,-2.96591,-1.07955,0.80238,0.09762,0.60000,normal
1.26000,-9.35227,-2.85227,-1.01136,0.82619,0.07381,0.60000,normal
1.28000,-9.23864,-2.73864,-0.94318,0.85000,0.05000,0.60000,normal
1.30000,-9.12500,-2.62500,-0.87500,0.87381,0.02619,0.60000,normal
1.32000,-9.01136,-2.51136,-0.80682,0.89762,0.00238,0.60000,normal
1.34000,-9.97419,-2.38710,-0.74839,0.91395,0.00698,0.19302,normal
1.36000,-9.93118,-2.36559,-0.66237,0.96047,0.03023,0.16977,normal
1.38000,-9.88817,-2.34409,-0.57634,1.00698,0.05349,0.14651,normal
1.40000,-9.84516,-2.32258,-0.49032,1.05349,0.07674,0.12326,normal
1.42000,-9.80215,-2.30108,-0.40430,1.10000,0.10000,0.10000,normal
1.44000,-9.92632,-2.40000,0.54421,0.97273,-0.10000,-0.20000,normal
1.46000,-9.82105,-2.40000,0.60737,0.93636,-0.10000,-0.20000,normal
1.48000,-9.71579,-2.40000,0.67053,0.90000,-0.10000,-0.20000,normal
1.50000,-9.61053,-2.40000,0.73368,0.86364,-0.10000,-0.20000,normal
1.52000,-9.50526,-2.40000,0.79684,0.82727,-0.10000,-0.20000,normal
1.54000,-9.20465,-2.31395,-0.50000,0.36667,0.00000,-0.23333,normal
1.56000,-9.22791,-2.38372,-0.50000,-0.40000,0.00000,-0.30000,normal
1.58000,-9.25116,-2.45349,-0.50000,-0.40000,0.00000,-0.30000,normal
1.60000,-9.27442,-2.52326,-0.50000,-0.40000,0.00000,-0.30000,normal
1.62000,-9.29767,-2.59302,-0.50000,-0.40000,0.00000,-0.30000,normal
1.64000,-9.47419,-2.92581,-0.47419,-0.18478,0.00000,0.01522,normal
1.66000,-9.43118,-2.96882,-0.43118,-0.14130,0.00000,0.05870,normal
1.68000,-9.38817,-3.01183,-0.38817,-0.09783,0.00000,0.10217,normal
1.70000,-9.34516,-3.05484,-0.34516,-0.05435,0.00000,0.14565,normal
1.72000,-9.30215,-3.09785,-0.30215,-0.01087,0.00000,0.18913,normal
1.74000,-9.29000,-3.10000,-0.09000,0.19425,0.10000,0.30000,normal
1.76000,-9.26778,-3.10000,-0.06778,0.17126,0.10000,0.30000,normal
1.78000,-9.24556,-3.10000,-0.04556,0.14828,0.10000,0.30000,normal
1.80000,-9.22333,-3.10000,-0.02333,0.12529,0.10000,0.30000,normal
1.82000,-9.20111,-3.10000,-0.00111,0.10230,0.10000,0.30000,normal
1.84000,-9.32500,-3.83750,-0.86250,0.24000,0.18400,0.10000,normal
1.86000,-9.36667,-3.73333,-0.80000,0.34000,0.14400,0.10000,normal
1.88000,-9.40833,-3.62917,-0.73750,0.44000,0.10400,0.10000,normal
1.90000,-9.45000,-3.52500,-0.67500,0.54000,0.06400,0.10000,normal
1.92000,-9.49167,-3.42083,-0.61250,0.64000,0.02400,0.10000,normal
1.94000,-9.70241,-1.59759,-0.40000,0.70000,0.00000,0.02000,normal
1.96000,-9.72651,-1.57349,-0.40000,-0.27089,-0.30000,-0.40000,normal
1.98000,-9.75060,-1.54940,-0.40000,-0.37215,-0.30000,-0.40000,normal
2.00000,-9.77470,-1.52530,-0.40000,-0.47342,-0.30000,-0.40000,normal
2.02000,-9.79880,-1.50120,-0.40000,-0.57468,-0.30000,-0.40000,normal
2.04000,-9.54494,-2.60000,-0.47303,-1.08298,-0.40000,-0.30000,normal
2.06000,-9.65730,-2.60000,-0.40562,-1.04043,-0.40000,-0.30000,normal
2.08000,-9.76966,-2.60000,-0.33820,-0.99787,-0.40000,-0.30000,normal
2.10000,-9.88202,-2.60000,-0.27079,-0.95532,-0.40000,-0.30000,normal
2.12000,-9.99438,-2.60000,-0.20337,-0.91277,-0.40000,-0.30000,normal
2.14000,-9.05604,-1.90879,-0.07363,-1.21414,-0.79293,-0.40707,normal
2.16000,-8.94615,-1.93077,-0.00769,-1.25455,-0.77273,-0.42727,normal
2.18000,-8.83626,-1.95275,0.05824,-1.29495,-0.75253,-0.44747,normal
2.20000,-8.72637,-1.97473,0.12418,-1.33535,-0.73232,-0.46768,normal
2.22000,-8.61648,-1.99670,0.19011,-1.37576,-0.71212,-0.48788,normal
2.24000,-11.96264,-2.44066,3.00769,-1.40000,0.00000,-0.50000,normal
2.26000,-10.68791,-3.12198,1.62308,-1.68734,-0.25063,-0.52911,normal
2.28000,-9.41319,-3.80330,0.23846,-2.14304,-0.42785,-0.68101,normal
2.30000,-8.13846,-4.48462,-1.14615,-2.59873,-0.60506,-0.83291,normal
2.32000,-6.86374,-5.16593,-2.53077,-3.05443,-0.78228,-0.98481,normal
2.34000,-7.84948,-4.52577,-1.13711,-0.57447,-0.10851,0.51702,normal
2.36000,-7.93196,-4.40206,-1.19897,-0.51064,-0.12979,0.55957,normal
2.38000,-8.01443,-4.27835,-1.26082,-0.44681,-0.15106,0.60213,normal
2.40000,-8.09691,-4.15464,-1.32268,-0.38298,-0.17234,0.64468,normal
2.42000,-8.17938,-4.03093,-1.38454,-0.31915,-0.19362,0.68723,normal
2.44000,-8.30899,-3.93596,-1.40000,-0.70575,-0.60000,1.10000,normal
2.46000,-8.33146,-4.02584,-1.40000,-0.72874,-0.60000,1.10000,normal
2.48000,-8.35393,-4.11573,-1.40000,-0.75172,-0.60000,1.10000,normal
2.50000,-8.37640,-4.20562,-1.40000,-0.77471,-0.60000,1.10000,normal
2.52000,-8.39888,-4.29551,-1.40000,-0.79770,-0.60000,1.10000,normal
2.54000,-9.08710,-4.27419,-1.27419,0.33265,0.11633,0.89184,normal
2.56000,-9.06559,-4.23118,-1.23118,0.41429,0.15714,0.87143,normal
2.58000,-9.04409,-4.18817,-1.18817,0.49592,0.19796,0.85102,normal
2.60000,-9.02258,-4.14516,-1.14516,0.57755,0.23878,0.83061,normal
2.62000,-9.00108,-4.10215,-1.10215,0.65918,0.27959,0.81020,normal
2.64000,-10.70435,-4.61304,2.63043,-0.93333,0.32222,0.88889,normal
2.66000,-10.72609,-4.17826,2.28261,0.51579,0.40000,0.82105,normal
2.68000,-10.74783,-3.74348,1.93478,0.80526,0.40000,0.87368,normal
2.70000,-10.76957,-3.30870,1.58696,1.09474,0.40000,0.92632,normal
2.72000,-10.79130,-2.87391,1.23913,1.38421,0.40000,0.97895,normal
2.74000,-15.76395,-2.43023,-0.86395,4.12717,1.18370,-0.41630,normal
2.76000,-16.01977,-2.15116,-1.11977,4.23587,1.11848,-0.48152,normal
2.78000,-16.27558,-1.87209,-1.37558,4.34457,1.05326,-0.54674,normal
2.80000,-16.53140,-1.59302,-1.63140,4.45326,0.98804,-0.61196,normal
2.82000,-16.78721,-1.31395,-1.88721,4.56196,0.92283,-0.67717,normal
2.84000,-11.58182,-1.49091,-0.87273,0.88810,-0.52381,0.57024,normal
2.86000,-10.78636,-1.46818,-0.55455,0.84048,-0.61905,0.45119,normal
2.88000,-9.99091,-1.44545,-0.23636,0.79286,-0.71429,0.33214,normal
2.90000,-9.19545,-1.42273,0.08182,0.74524,-0.80952,0.21310,normal
2.92000,-8.40000,-1.40000,0.40000,0.70000,-0.45000,-0.10000,normal
2.94000,-10.81563,-0.02812,1.12812,0.19820,0.28559,-0.67207,normal
2.96000,-10.83646,0.20104,0.89896,-0.05405,0.26757,-0.76216,normal
2.98000,-10.85729,0.43021,0.66979,-0.30631,0.24955,-0.85225,normal
3.00000,-10.87813,0.65938,0.44062,-0.55856,0.23153,-0.94234,normal
3.02000,-10.89896,0.88854,0.21146,-0.81081,0.21351,-1.03243,normal
3.04000,-7.26667,-3.40000,-4.01333,-2.80000,0.50000,-2.10000,normal
3.06000,-7.27125,-3.54250,-4.04750,-1.52192,1.04110,-2.37260,normal
3.08000,-7.34625,-3.69250,-4.09750,-1.16575,1.12329,-2.31781,normal
3.10000,-7.42125,-3.84250,-4.14750,-0.80959,1.20548,-2.26301,normal
3.12000,-7.49625,-3.99250,-4.19750,-0.45342,1.28767,-2.20822,normal
3.14000,-7.61196,0.73152,-1.37609,2.32473,0.78495,-1.59247,normal
3.16000,-7.63370,0.97065,-1.33261,2.10968,0.74194,-1.57097,normal
3.18000,-7.65543,1.20978,-1.28913,1.89462,0.69892,-1.54946,normal
3.20000,-7.67717,1.44891,-1.24565,1.67957,0.65591,-1.52796,normal
3.22000,-7.69891,1.68804,-1.20217,1.46452,0.61290,-1.50645,normal
3.24000,-8.33596,-1.65393,-1.32697,-0.57640,0.00000,-0.67640,normal
3.26000,-8.42584,-1.78876,-1.39438,-0.50899,0.00000,-0.60899,normal
3.28000,-8.51573,-1.92360,-1.46180,-0.44157,0.00000,-0.54157,normal
3.30000,-8.60562,-2.05843,-1.52921,-0.37416,0.00000,-0.47416,normal
3.32000,-8.69551,-2.19326,-1.59663,-0.30674,0.00000,-0.40674,normal
3.34000,-9.44894,-2.51277,-1.27447,-0.33529,0.00000,0.81176,normal
3.36000,-9.36383,-2.53404,-1.23191,-0.39412,0.00000,0.83137,normal
3.38000,-9.27872,-2.55532,-1.18936,-0.45294,0.00000,0.85098,normal
3.40000,-9.19362,-2.57660,-1.14681,-0.51176,0.00000,0.87059,normal
3.42000,-9.10851,-2.59787,-1.10426,-0.57059,0.00000,0.89020,normal
3.44000,-9.10471,-3.21412,-1.80941,-0.80000,0.18000,1.02000,normal
3.46000,-9.12824,-3.28471,-1.85647,-0.80000,0.08592,1.11408,normal
3.48000,-9.15176,-3.35529,-1.90353,-0.80000,0.05775,1.14225,normal
3.50000,-9.17529,-3.42588,-1.95059,-0.80000,0.02958,1.17042,normal
3.52000,-9.19882,-3.49647,-1.99765,-0.80000,0.00141,1.19859,normal
3.54000,-9.20000,-4.10000,-2.38710,-0.47576,-0.40000,1.20000,normal
3.56000,-9.20000,-4.10000,-2.36559,-0.43535,-0.40000,1.20000,normal
3.58000,-9.20000,-4.10000,-2.34409,-0.39495,-0.40000,1.20000,normal
3.60000,-9.20000,-4.10000,-2.32258,-0.35455,-0.40000,1.20000,normal
3.62000,-9.20000,-4.10000,-2.30108,-0.31414,-0.40000,1.20000,normal
3.64000,-10.74138,-4.61379,-1.99310,0.30714,-0.39286,1.10000,normal
3.66000,-10.87931,-4.65977,-1.97011,0.35476,-0.34524,1.10000,normal
3.68000,-11.01724,-4.70575,-1.94713,0.40238,-0.29762,1.10000,normal
3.70000,-11.15517,-4.75172,-1.92414,0.45000,-0.25000,1.10000,normal
3.72000,-11.29310,-4.79770,-1.90115,0.49762,-0.20238,1.10000,normal
3.74000,-10.97216,-4.47526,-0.91237,2.33243,0.32162,0.67838,normal
3.76000,-11.42577,-4.43402,-0.93299,2.38649,0.35766,0.64234,normal
3.78000,-11.87938,-4.39278,-0.95361,2.44054,0.39369,0.60631,normal
3.80000,-12.33299,-4.35155,-0.97423,2.49459,0.42973,0.57027,normal
3.82000,-12.78660,-4.31031,-0.99485,2.54865,0.46577,0.53423,normal
3.84000,-15.10000,-2.00000,-1.60000,2.80000,0.50000,0.30000,normal
3.86000,-15.00123,-1.90123,-1.42716,1.46618,-0.62059,-0.76176,normal
3.88000,-14.90247,-1.80247,-1.25432,1.08382,-0.67941,-0.93824,normal
3.90000,-14.80370,-1.70370,-1.08148,0.70147,-0.73824,-1.11471,normal
3.92000,-14.70494,-1.60494,-0.90864,0.31912,-0.79706,-1.29118,normal
3.94000,-8.03723,4.37447,0.58936,-0.54828,-1.17931,-3.00690,normal
3.96000,-7.63298,3.56596,0.41915,-0.70920,-1.11034,-3.02989,normal
3.98000,-7.22872,2.75745,0.24894,-0.87011,-1.04138,-3.05287,normal
4.00000,-6.82447,1.94894,0.07872,-1.03103,-0.97241,-3.07586,normal
4.02000,-6.42021,1.14043,-0.09149,-1.19195,-0.90345,-3.09885,normal
4.04000,-6.73579,-2.03158,-2.31789,0.63723,-1.70000,-1.08511,normal
4.06000,-6.48316,-1.92632,-2.19158,0.74362,-1.70000,-1.04255,normal
4.08000,-6.23053,-1.82105,-2.06526,0.85000,-1.70000,-1.00000,normal
4.10000,-5.97789,-1.71579,-1.93895,0.95638,-1.70000,-0.95745,normal
4.12000,-5.72526,-1.61053,-1.81263,1.06277,-1.70000,-0.91489,normal
4.14000,-5.12391,-0.60761,0.50000,0.45385,-1.09423,-0.49423,normal
4.16000,-5.16739,-0.80326,0.50000,0.30000,-1.07500,-0.47500,normal
4.18000,-5.21087,-0.99891,0.50000,0.14615,-1.05577,-0.45577,normal
4.20000,-5.25435,-1.19457,0.50000,-0.00769,-1.03654,-0.43654,normal
4.22000,-5.29783,-1.39022,0.50000,-0.16154,-1.01731,-0.41731,normal
4.24000,-6.43333,-2.96667,-0.25556,-0.41111,-0.95556,-0.37778,normal
4.26000,-7.41795,-3.50897,-0.64359,-1.70000,-0.09118,0.61765,normal
4.28000,-7.67436,-3.63718,-0.69487,-1.70000,-0.03235,0.73529,normal
4.30000,-7.93077,-3.76538,-0.74615,-1.70000,0.02647,0.85294,normal
4.32000,-8.18718,-3.89359,-0.79744,-1.70000,0.08529,0.97059,normal
4.34000,-8.12022,-3.30000,0.66067,-1.10833,0.71667,2.41667,normal
4.36000,-8.16517,-3.30000,0.79551,-1.12917,0.75833,2.45833,normal
4.38000,-8.21011,-3.30000,0.93034,-1.15000,0.80000,2.50000,normal
4.40000,-8.25506,-3.30000,1.06517,-1.17083,0.84167,2.54167,normal
4.42000,-8.30000,-3.30000,1.20000,-1.19167,0.88333,2.58333,normal
4.44000,-11.60000,-5.22414,0.53563,-0.88256,0.68256,3.49419,normal
4.46000,-11.60000,-5.29310,0.35172,-0.81279,0.61279,3.47093,normal
4.48000,-11.60000,-5.36207,0.16782,-0.74302,0.54302,3.44767,normal
4.50000,-11.60000,-5.43103,-0.01609,-0.67326,0.47326,3.42442,normal
4.52000,-11.60000,-5.50000,-0.20000,-0.60349,0.40349,3.40116,normal
4.54000,-11.87979,-4.83085,0.14149,1.28000,0.51000,2.24000,normal
4.56000,-12.15638,-4.72447,0.20532,1.42545,0.52818,2.13091,normal
4.58000,-12.43298,-4.61809,0.26915,1.57091,0.54636,2.02182,normal
4.60000,-12.70957,-4.51170,0.33298,1.71636,0.56455,1.91273,normal
4.62000,-12.98617,-4.40532,0.39681,1.86182,0.58273,1.80364,normal
4.64000,-14.10000,-3.20000,0.85000,2.03125,0.59375,1.66875,normal
4.66000,-15.81392,-2.16203,0.40506,1.20000,0.15000,-0.15000,normal
4.68000,-15.96582,-2.11139,0.27848,0.57500,0.04375,-0.54062,normal
4.70000,-16.11772,-2.06076,0.15190,0.32500,-0.01875,-0.69688,normal
4.72000,-16.26962,-2.01013,0.02532,0.07500,-0.08125,-0.85312,normal
4.74000,-12.84545,5.14545,-3.99091,8.94884,-0.43721,-0.30465,normal
4.76000,-12.70909,6.25909,-3.46818,8.69302,-0.62326,-0.32791,normal
4.78000,-12.57273,7.37273,-2.94545,8.43721,-0.80930,-0.35116,normal
4.80000,-12.43636,8.48636,-2.42273,8.18140,-0.99535,-0.37442,normal
4.82000,-12.30000,9.60000,-1.90000,7.92558,-1.18140,-0.39767,normal
4.84000,-7.14516,2.93871,-1.69677,-0.57312,-1.49570,-1.97419,normal
4.86000,-6.88710,3.00323,-1.52473,-0.93871,-1.47419,-1.84516,normal
4.88000,-6.62903,3.06774,-1.35269,-1.30430,-1.45269,-1.71613,normal
4.90000,-6.37097,3.13226,-1.18065,-1.66989,-1.43118,-1.58710,normal
4.92000,-6.11290,3.19677,-1.00860,-2.03548,-1.40968,-1.45806,normal
4.94000,-1.67826,-2.21739,-2.70000,-5.39146,-0.29634,-1.59512,normal
4.96000,-1.80870,-2.41304,-2.70000,-5.22073,-0.22317,-1.49756,normal
4.98000,-1.93913,-2.60870,-2.70000,-5.05000,-0.15000,-1.40000,normal
5.00000,-2.06957,-2.80435,-2.70000,-4.87927,-0.07683,-1.30244,normal
5.02000,-2.20000,-3.00000,-2.70000,-4.70854,-0.00366,-1.20488,normal
5.04000,-5.98298,-3.90319,-2.85851,-1.02045,-0.58409,-0.68409,normal
5.06000,-6.11064,-3.75426,-2.79468,-0.79318,-0.53864,-0.63864,normal
5.08000,-6.23830,-3.60532,-2.73085,-0.56591,-0.49318,-0.59318,normal
5.10000,-6.36596,-3.45638,-2.66702,-0.33864,-0.44773,-0.54773,normal
5.12000,-6.49362,-3.30745,-2.60319,-0.11136,-0.40227,-0.50227,normal
5.14000,-11.95217,-3.19130,0.06087,0.26129,-0.31935,0.71290,normal
5.16000,-12.03913,-3.34348,0.49565,0.13226,-0.38387,0.75591,normal
5.18000,-12.12609,-3.49565,0.93043,0.00323,-0.44839,0.79892,normal
5.20000,-12.21304,-3.64783,1.36522,-0.12581,-0.51290,0.84194,normal
5.22000,-12.30000,-3.80000,1.80000,-0.25484,-0.57742,0.88495,normal
5.24000,-10.16989,-2.40000,-1.88602,1.69468,1.40000,1.38936,normal
5.26000,-10.27742,-2.40000,-1.86452,1.67340,1.40000,1.34681,normal
5.28000,-10.38495,-2.40000,-1.84301,1.65213,1.40000,1.30426,normal
5.30000,-10.49247,-2.40000,-1.82151,1.63085,1.40000,1.26170,normal
5.32000,-10.60000,-2.40000,-1.80000,1.60957,1.40000,1.21915,normal
5.34000,-9.43977,-1.37159,-0.08864,1.56667,0.66667,0.53333,normal
5.36000,-9.59886,-1.25795,-0.04318,1.23614,0.55904,0.50000,normal
5.38000,-9.75795,-1.14432,0.00227,1.04337,0.51084,0.50000,normal
5.40000,-9.91705,-1.03068,0.04773,0.85060,0.46265,0.50000,normal
5.42000,-10.07614,-0.91705,0.09318,0.65783,0.41446,0.50000,normal
5.44000,-10.41818,-2.52727,-0.78182,-1.80000,-0.30000,0.60000,normal
5.46000,-10.46364,-2.59545,-0.98636,-1.80000,-0.30000,0.62469,normal
5.48000,-10.50909,-2.66364,-1.19091,-1.80000,-0.30000,0.64938,normal
5.50000,-10.55455,-2.73182,-1.39545,-1.80000,-0.30000,0.67407,normal
5.52000,-10.60000,-2.80000,-1.60000,-1.80000,-0.30000,0.69877,normal
5.54000,-13.06774,-4.99785,-1.57204,-0.38061,0.10000,1.43980,normal
5.56000,-13.32581,-5.14839,-1.52903,-0.19694,0.10000,1.50102,normal
5.58000,-13.58387,-5.29892,-1.48602,-0.01327,0.10000,1.56224,normal
5.60000,-13.84194,-5.44946,-1.44301,0.17041,0.10000,1.62347,normal
5.62000,-14.10000,-5.60000,-1.40000,0.35408,0.10000,1.68469,normal
5.64000,-15.60787,-3.76854,-1.41011,2.80000,-0.34848,0.95960,normal
5.66000,-15.18090,-3.47640,-1.43258,2.80000,-0.46970,0.85859,normal
5.68000,-14.75393,-3.18427,-1.45506,2.80000,-0.59091,0.75758,normal
5.70000,-14.32697,-2.89213,-1.47753,2.80000,-0.71212,0.65657,normal
5.72000,-13.90000,-2.60000,-1.50000,2.80000,-0.83333,0.55556,normal
5.74000,-10.43614,-0.08916,0.07470,1.70000,-1.30000,-0.80000,normal
5.76000,-10.67711,-0.01687,-0.09398,0.60137,-1.02466,-2.07397,normal
5.78000,-10.91807,0.05542,-0.26265,0.38219,-1.07945,-2.23836,normal
5.80000,-11.15904,0.12771,-0.43133,0.16301,-1.13425,-2.40274,normal
5.82000,-11.40000,0.20000,-0.60000,-0.05616,-1.18904,-2.56712,normal
5.84000,-8.87778,-1.68889,-1.41111,-2.91290,-1.38710,-4.00000,normal
5.86000,-8.63333,-1.86667,-1.43333,-2.95591,-1.34409,-4.00000,normal
5.88000,-8.38889,-2.04444,-1.45556,-2.99892,-1.30108,-4.00000,normal
5.90000,-8.14444,-2.22222,-1.47778,-3.04194,-1.25806,-4.00000,normal
5.92000,-7.90000,-2.40000,-1.50000,-3.08495,-1.21505,-4.00000,normal
5.94000,-4.62308,-2.94505,-0.68901,-0.38140,-0.09767,-2.58837,normal
5.96000,-4.46923,-2.83516,-0.66703,-0.19535,-0.07442,-2.47209,normal
5.98000,-4.31538,-2.72527,-0.64505,-0.00930,-0.05116,-2.35581,normal
6.00000,-4.16154,-2.61538,-0.62308,0.17674,-0.02791,-2.23953,normal
6.02000,-4.00769,-2.50549,-0.60110,0.36279,-0.00465,-2.12326,normal
6.04000,-3.91111,-2.37778,-0.33333,1.30000,0.71053,0.03158,normal
6.06000,-3.93333,-2.53333,-0.20000,1.30000,0.75263,0.15789,normal
6.08000,-3.95556,-2.68889,-0.06667,1.30000,0.79474,0.28421,normal
6.10000,-3.97778,-2.84444,0.06667,1.30000,0.83684,0.41053,normal
6.12000,-4.00000,-3.00000,0.20000,1.30000,0.87895,0.53684,normal
6.14000,-7.84706,-6.14118,1.46471,1.44118,1.34118,1.48235,normal
6.16000,-8.03529,-5.90588,1.32353,1.90000,1.79028,2.30972,normal
6.18000,-8.22353,-5.67059,1.18235,1.90000,1.76250,2.33750,normal
6.20000,-8.41176,-5.43529,1.04118,1.90000,1.73472,2.36528,normal
6.22000,-8.60000,-5.20000,0.90000,1.90000,1.70694,2.39306,normal
6.24000,-9.55263,-4.58421,2.14211,0.92727,1.16364,1.77273,normal
6.26000,-9.48947,-4.56316,2.33158,0.74545,1.07273,1.70455,normal
6.28000,-9.42632,-4.54211,2.52105,0.56364,0.98182,1.63636,normal
6.30000,-9.36316,-4.52105,2.71053,0.38182,0.89091,1.56818,normal
6.32000,-9.30000,-4.50000,2.90000,0.20000,0.80000,1.50000,normal
6.34000,-7.93263,-7.88526,0.44105,-0.65172,0.21379,1.30690,normal
6.36000,-8.12211,-7.86421,0.35684,-0.49080,0.25977,1.32989,normal
6.38000,-8.31158,-7.84316,0.27263,-0.32989,0.30575,1.35287,normal
6.40000,-8.50105,-7.82211,0.18842,-0.16897,0.35172,1.37586,normal
6.42000,-8.69053,-7.80105,0.10421,-0.00805,0.39770,1.39885,normal
6.44000,-15.10000,-6.88817,-0.94194,2.31176,0.57647,1.38235,normal
6.46000,-15.10000,-6.71613,-1.00645,2.35098,0.49804,1.32353,normal
6.48000,-15.10000,-6.54409,-1.07097,2.39020,0.41961,1.26471,normal
6.50000,-15.10000,-6.37204,-1.13548,2.42941,0.34118,1.20588,normal
6.52000,-15.10000,-6.20000,-1.20000,2.46863,0.26275,1.14706,normal
6.54000,-8.65814,-1.00698,-0.97209,2.14444,-0.42222,0.44444,normal
6.56000,-8.51860,-1.03023,-0.87907,0.57568,-0.17568,-1.53649,normal
6.58000,-8.37907,-1.05349,-0.78605,0.52162,-0.12162,-1.61757,normal
6.60000,-8.23953,-1.07674,-0.69302,0.46757,-0.06757,-1.69865,normal
6.62000,-8.10000,-1.10000,-0.60000,0.41351,-0.01351,-1.77973,normal
6.64000,-8.15957,-3.27021,-1.31489,-0.26702,0.29043,-1.57128,normal
6.66000,-8.24468,-3.22766,-1.33617,-0.41596,0.26915,-1.50745,normal
6.68000,-8.32979,-3.18511,-1.35745,-0.56489,0.24787,-1.44362,normal
6.70000,-8.41489,-3.14255,-1.37872,-0.71383,0.22660,-1.37979,normal
6.72000,-8.50000,-3.10000,-1.40000,-0.86277,0.20532,-1.31596,normal
6.74000,-7.63933,-4.54944,-6.85955,-5.34831,-0.17978,-0.78989,normal
6.76000,-7.50449,-4.43708,-6.76966,-5.01124,-0.13483,-0.76742,normal
6.78000,-7.36966,-4.32472,-6.67978,-4.67416,-0.08989,-0.74494,normal
6.80000,-7.23483,-4.21236,-6.58989,-4.33708,-0.04494,-0.72247,normal
6.82000,-7.10000,-4.10000,-6.50000,-4.00000,-0.00000,-0.70000,normal
6.84000,-8.27447,-4.28085,-5.81064,2.13883,1.32330,0.20777,normal
6.86000,-8.38085,-4.11064,-5.68298,2.23592,1.38155,0.22718,normal
6.88000,-8.48723,-3.94043,-5.55532,2.33301,1.43981,0.24660,normal
6.90000,-8.59362,-3.77021,-5.42766,2.43010,1.49806,0.26602,normal
6.92000,-8.70000,-3.60000,-5.30000,2.52718,1.55631,0.28544,normal
6.94000,-9.10000,-3.20000,-3.60000,2.50909,1.69091,0.30000,normal
6.96000,-9.32436,-3.44872,-3.52436,2.23750,2.18750,0.00000,normal
6.98000,-9.35000,-3.50000,-3.55000,2.32083,2.15972,0.00000,normal
7.00000,-9.37564,-3.55128,-3.57564,2.40417,2.13194,0.00000,normal
7.02000,-9.35000,-3.50000,-3.65000,2.48750,2.10417,0.00000,normal
7.04000,-8.57021,-3.25532,-2.58085,1.45604,1.26703,0.10000,normal
7.06000,-8.52766,-3.19149,-2.41064,1.36813,1.20110,0.10000,normal
7.08000,-8.48511,-3.12766,-2.24043,1.28022,1.13516,0.10000,normal
7.10000,-8.44255,-3.06383,-2.07021,1.19231,1.06923,0.10000,normal
7.12000,-8.40000,-3.00000,-1.90000,1.10440,1.00330,0.10000,normal
7.14000,-7.20000,-3.36559,-5.86559,-3.77624,-0.00792,0.01584,normal
7.16000,-7.20000,-3.77419,-6.27419,-3.71683,-0.02772,0.05545,normal
7.18000,-7.20000,-4.18280,-6.68280,-3.65743,-0.04752,0.09505,normal
7.20000,-7.20000,-4.59140,-7.09140,-3.59802,-0.06733,0.13465,normal
7.22000,-7.20000,-5.00000,-7.50000,-3.53861,-0.08713,0.17426,normal
7.24000,-5.89032,-7.63226,-3.27097,1.70000,0.70000,1.60000,normal
7.26000,-5.86882,-7.48172,-3.20645,1.86667,0.72381,1.69524,normal
7.28000,-5.84731,-7.33118,-3.14194,2.03333,0.74762,1.79048,normal
7.30000,-5.82581,-7.18065,-3.07742,2.20000,0.77143,1.88571,normal
7.32000,-5.80430,-7.03011,-3.01290,2.36667,0.79524,1.98095,normal
7.34000,-8.05556,-4.21111,-6.52222,1.59121,0.79890,1.59780,normal
7.36000,-8.36667,-4.23333,-6.56667,1.41538,0.77692,1.55385,normal
7.38000,-8.67778,-4.25556,-6.61111,1.23956,0.75495,1.50989,normal
7.40000,-8.98889,-4.27778,-6.65556,1.06374,0.73297,1.46593,normal
7.42000,-9.30000,-4.30000,-6.70000,0.88791,0.71099,1.42198,normal
7.44000,-11.52889,-6.46000,-5.96444,1.10889,-0.59111,1.09556,normal
7.46000,-11.17333,-6.26000,-5.78667,1.15333,-0.54667,1.07333,normal
7.48000,-10.81778,-6.06000,-5.60889,1.19778,-0.50222,1.05111,normal
7.50000,-10.46222,-5.86000,-5.43111,1.24222,-0.45778,1.02889,normal
7.52000,-10.10667,-5.66000,-5.25333,1.28667,-0.41333,1.00667,normal
7.54000,-9.81798,-3.05506,-3.61798,2.10100,-0.00300,-0.00200,normal
7.56000,-9.86292,-2.94270,-3.66292,2.12100,-0.06300,-0.04200,normal
7.58000,-9.90787,-2.83034,-3.70787,2.14100,-0.12300,-0.08200,normal
7.60000,-9.95281,-2.71798,-3.75281,2.16100,-0.18300,-0.12200,normal
7.62000,-9.99775,-2.60562,-3.79775,2.18100,-0.24300,-0.16200,normal
7.64000,-8.53636,-2.81818,-3.36364,2.10000,-0.40000,-0.25000,normal
7.66000,-7.72237,-2.94079,-2.86184,0.61176,-1.18824,-0.59412,normal
7.68000,-7.48553,-2.86184,-2.67763,0.60000,-1.20000,-0.60000,normal
7.70000,-7.24868,-2.78289,-2.49342,0.60000,-1.20000,-0.60000,normal
7.72000,-7.01184,-2.70395,-2.30921,0.60000,-1.20000,-0.60000,normal
7.74000,-6.00000,-1.64219,-0.60000,0.70000,-0.90000,-0.39016,normal
7.76000,-6.00000,-1.73594,-0.60000,0.70000,-0.90000,-0.35738,normal
7.78000,-6.00000,-1.82969,-0.60000,0.70000,-0.90000,-0.32459,normal
7.80000,-7.00000,-1.70000,-1.40000,-0.50000,-1.10000,0.40000,normal
7.82000,-8.33248,-3.34103,-2.56496,-0.96814,-1.31593,0.84779,normal
7.84000,-8.36667,-3.70000,-2.63333,-0.93274,-1.33363,0.90088,normal
7.86000,-8.40085,-4.05897,-2.70171,-0.89735,-1.35133,0.95398,normal
7.88000,-8.43504,-4.41795,-2.77009,-0.86195,-1.36903,1.00708,normal
7.90000,-8.46923,-4.77692,-2.83846,-0.82655,-1.38673,1.06018,normal
7.92000,-8.30000,-4.90000,-1.80000,1.10678,-1.19661,2.00508,normal
7.94000,-9.03300,-3.71000,-0.34800,1.17458,-1.16271,2.05593,normal
7.96000,-9.17300,-3.51000,-0.18800,1.24237,-1.12881,2.10678,normal
7.98000,-9.31300,-3.31000,-0.02800,1.31017,-1.09492,2.15763,normal
8.00000,-9.45300,-3.11000,0.13200,1.37797,-1.06102,2.20847,normal
8.02000,-9.59300,-2.91000,0.29200,1.44576,-1.02712,2.25932,normal
8.04000,-8.96000,-3.24000,0.12000,0.30000,-0.10000,2.00000,normal
8.06000,-9.06585,-3.36585,0.14390,-0.04783,0.07391,1.91304,normal
8.08000,-9.13902,-3.43902,0.19268,-0.10000,0.32353,1.88824,normal
8.10000,-9.21220,-3.51220,0.24146,-0.10000,0.40196,1.84902,normal
8.12000,-9.28537,-3.58537,0.29024,-0.10000,0.48039,1.80980,normal
8.14000,-11.72135,-4.13034,-0.34045,0.70968,0.56129,1.38065,normal
8.16000,-11.99101,-4.19775,-0.43034,0.73118,0.47527,1.33763,normal
8.18000,-12.26067,-4.26517,-0.52022,0.75269,0.38925,1.29462,normal
8.20000,-12.53034,-4.33258,-0.61011,0.77419,0.30323,1.25161,normal
8.22000,-12.80000,-4.40000,-0.70000,0.79570,0.21720,1.20860,normal
8.24000,-15.48889,-2.06667,1.31111,1.57529,0.18941,0.28588,normal
8.26000,-15.26667,-2.00000,1.53333,1.41059,0.11882,0.19176,normal
8.28000,-15.04444,-1.93333,1.75556,1.24588,0.04824,0.09765,normal
8.30000,-14.82222,-1.86667,1.97778,1.08118,-0.02235,0.00353,normal
8.32000,-14.60000,-1.80000,2.20000,0.91647,-0.09294,-0.09059,normal
8.34000,-11.08696,-2.38696,1.16957,-0.90000,0.30435,-2.01304,normal
8.36000,-11.06522,-2.36522,0.95217,-0.90000,0.32609,-2.07826,normal
8.38000,-11.04348,-2.34348,0.73478,-0.90000,0.34783,-2.14348,normal
8.40000,-11.02174,-2.32174,0.51739,-0.90000,0.36957,-2.20870,normal
8.42000,-11.00000,-2.30000,0.30000,-0.90000,0.39130,-2.27391,normal
8.44000,-8.42131,-3.20984,-1.75082,-0.14000,0.21000,-2.51000,normal
8.46000,-8.15902,-3.24262,-1.58689,0.49615,-0.01923,-2.36154,normal
8.48000,-7.89672,-3.27541,-1.42295,0.68846,-0.05769,-2.28462,normal
8.50000,-8.20000,-3.36250,-0.98750,0.88077,-0.09615,-2.20769,normal
8.52000,-7.50000,-1.37818,-0.76727,1.47857,-0.57857,-2.10000,normal
8.54000,-7.50000,-1.34182,-0.71273,1.42500,-0.52500,-2.10000,normal
8.56000,-7.50000,-1.30545,-0.65818,1.37143,-0.47143,-2.10000,normal
8.58000,-7.50000,-1.26909,-0.60364,1.31786,-0.41786,-2.10000,normal
8.60000,-7.50000,-1.23273,-0.54909,1.26429,-0.36429,-2.10000,normal
8.62000,-8.40000,-1.20000,-0.80000,1.21071,-0.31071,-2.10000,normal
8.64000,-7.08737,-1.63789,-0.97474,0.07938,-0.27938,-1.97938,normal
8.66000,-7.06632,-1.70105,-0.93263,0.03814,-0.23814,-1.93814,normal
8.68000,-7.04526,-1.76421,-0.89053,-0.00309,-0.19691,-1.89691,normal
8.70000,-7.02421,-1.82737,-0.84842,-0.04433,-0.15567,-1.85567,normal
8.72000,-7.00316,-1.89053,-0.80632,-0.08557,-0.11443,-1.81443,normal
8.74000,-7.00753,-2.31505,-1.50000,-0.30000,0.30101,-0.09596,normal
8.76000,-7.02903,-2.35806,-1.50000,-0.30000,0.32121,-0.01515,normal
8.78000,-7.05054,-2.40108,-1.50000,-0.30000,0.34141,0.06566,normal
8.80000,-7.07204,-2.44409,-1.50000,-0.30000,0.36162,0.14646,normal
8.82000,-7.09355,-2.48710,-1.50000,-0.30000,0.38182,0.22727,normal
8.84000,-7.33333,-3.16667,-0.60000,-0.10000,0.50000,0.80000,normal
8.86000,-7.68831,-3.32208,-0.13377,0.40000,0.90000,2.20000,normal
8.88000,-7.79221,-3.34805,-0.05584,0.45970,0.92985,2.28955,normal
8.90000,-7.89610,-3.37403,0.02208,0.51940,0.95970,2.37910,normal
8.92000,-8.00000,-3.40000,0.10000,0.57910,0.98955,2.46866,normal
8.94000,-12.66667,-2.87778,-0.47778,0.49529,1.09529,3.09765,normal
8.96000,-12.80000,-2.83333,-0.43333,0.44824,1.04824,3.07412,normal
8.98000,-12.93333,-2.78889,-0.38889,0.40118,1.00118,3.05059,normal
9.00000,-13.06667,-2.74444,-0.34444,0.35412,0.95412,3.02706,normal
9.02000,-13.20000,-2.70000,-0.30000,0.30706,0.90706,3.00353,normal
9.04000,-19.36344,-2.06559,-1.84086,-2.14348,0.05652,1.88913,normal
9.06000,-18.93333,-2.36667,-1.73333,-2.23043,-0.03043,1.86739,normal
9.08000,-18.50323,-2.66774,-1.62581,-2.31739,-0.11739,1.84565,normal
9.10000,-18.07312,-2.96882,-1.51828,-2.40435,-0.20435,1.82391,normal
9.12000,-17.64301,-3.26989,-1.41075,-2.49130,-0.29130,1.80217,normal
9.14000,-11.51758,-6.13626,-0.43187,1.05333,-0.42000,2.18000,normal
9.16000,-10.88022,-5.69670,-0.65165,1.20571,-0.47714,2.12286,normal
9.18000,-10.24286,-5.25714,-0.87143,1.35810,-0.53429,2.06571,normal
9.20000,-9.60549,-4.81758,-1.09121,1.51048,-0.59143,2.00857,normal
9.22000,-8.90500,-4.30000,-1.26500,1.66286,-0.64857,1.95143,normal
9.24000,-7.10000,-1.80000,-0.40000,1.86000,-0.70000,1.80000,normal
9.26000,-7.87368,-0.56316,-0.77895,0.12113,-0.91972,-0.14930,normal
9.28000,-7.71579,-0.64211,-0.75263,-0.10423,-0.97606,-0.29014,normal
9.30000,-7.55789,-0.72105,-0.72632,-0.32958,-1.03239,-0.43099,normal
9.32000,-7.40000,-0.80000,-0.70000,-0.55493,-1.08873,-0.57183,normal
9.34000,-6.17912,-0.66374,1.89451,-3.73448,-1.40575,-2.51149,normal
9.36000,-5.95934,-0.59780,1.52088,-3.87241,-1.42874,-2.55747,normal
9.38000,-5.73956,-0.53187,1.14725,-4.01034,-1.45172,-2.60345,normal
9.40000,-5.51978,-0.46593,0.77363,-4.14828,-1.47471,-2.64943,normal
9.42000,-5.30000,-0.40000,0.40000,-4.28621,-1.49770,-2.69540,normal
9.44000,-5.79556,-6.19778,-1.58778,-3.34066,0.01319,-1.58352,normal
9.46000,-6.15111,-6.37556,-1.56556,-2.94505,0.10110,-1.47363,normal
9.48000,-6.50667,-6.55333,-1.54333,-2.54945,0.18901,-1.36374,normal
9.50000,-6.86222,-6.73111,-1.52111,-2.15385,0.27692,-1.25385,normal
9.52000,-7.80000,-6.75000,-1.60000,-1.75824,0.36484,-1.14396,normal
9.54000,-9.31075,-3.73441,-0.47527,4.43448,1.11379,0.20000,normal
9.56000,-9.61183,-3.49785,-0.58280,4.54943,1.15977,0.20000,normal
9.58000,-9.91290,-3.26129,-0.69032,4.66437,1.20575,0.20000,normal
9.60000,-10.21398,-3.02473,-0.79785,4.77931,1.25172,0.20000,normal
9.62000,-9.90000,-2.00000,-0.10000,4.89425,1.29770,0.20000,normal
9.64000,-10.15326,-1.42935,2.45652,4.50000,1.10000,-0.24468,normal
9.66000,-10.69674,-1.32065,2.54348,4.50000,1.10000,-0.30851,normal
9.68000,-11.24022,-1.21196,2.63043,4.50000,1.10000,-0.37234,normal
9.70000,-11.78370,-1.10326,2.71739,4.50000,1.10000,-0.43617,normal
9.72000,-13.15000,-0.80000,3.05000,4.50000,1.10000,-0.50000,normal
9.74000,-12.48602,1.12366,3.54946,-0.43000,-0.38000,-0.76000,normal
9.76000,-12.89462,0.58602,3.33441,-0.71889,-0.33556,-0.67111,normal
9.78000,-13.30323,0.04839,3.11935,-1.00778,-0.29111,-0.58222,normal
9.80000,-13.71183,-0.48925,2.90430,-1.29667,-0.24667,-0.49333,normal
9.82000,-14.95000,-1.60000,2.05000,-1.58556,-0.20222,-0.40444,normal
9.84000,-9.36882,-3.78495,-0.46022,-2.54545,-0.99091,0.40909,normal
9.86000,-8.89570,-3.76344,-0.54624,-2.42424,-0.97071,0.42929,normal
9.88000,-8.42258,-3.74194,-0.63226,-2.30303,-0.95051,0.44949,normal
9.90000,-7.94946,-3.72043,-0.71828,-2.18182,-0.93030,0.46970,normal
9.92000,-7.00000,-3.55000,-0.70000,-2.06061,-0.91010,0.48990,normal
9.94000,-10.36022,-4.79032,-1.94516,0.60000,0.40000,0.70000,normal
9.96000,-10.44624,-4.91935,-2.00968,1.15806,0.40000,0.68065,normal
9.98000,-10.53226,-5.04839,-2.07419,1.22258,0.40000,0.65914,normal
10.00000,-10.61828,-5.17742,-2.13871,1.28710,0.40000,0.63763,normal
10.02000,-10.70000,-5.15000,-2.10000,1.35161,0.40000,0.61613,normal
10.04000,-9.37216,-1.12680,-0.58454,1.60000,0.40000,-0.10000,normal
10.06000,-9.47526,-0.87938,-0.41959,1.60000,0.80000,-1.42152,normal
10.08000,-9.57835,-0.63196,-0.25464,1.60000,0.80000,-1.57342,normal
10.10000,-9.68144,-0.38454,-0.08969,1.60000,0.80000,-1.72532,normal
10.12000,-9.78454,-0.13711,0.07526,1.60000,0.80000,-1.87722,normal
10.14000,-8.38842,-2.75789,0.20000,-0.02308,0.40000,-3.68462,normal
10.16000,-8.36737,-2.86316,0.20000,-0.08901,0.40000,-3.64066,normal
10.18000,-8.34632,-2.96842,0.20000,-0.15495,0.40000,-3.59670,normal
10.20000,-8.32526,-3.07368,0.20000,-0.22088,0.40000,-3.55275,normal
10.22000,-8.30421,-3.17895,0.20000,-0.28681,0.40000,-3.50879,normal
10.24000,-4.54444,-2.18889,0.71111,0.40000,0.30882,-1.14706,normal
10.26000,-4.43333,-2.16667,0.73333,0.40000,0.32843,-1.02941,normal
10.28000,-4.32222,-2.14444,0.75556,0.40000,0.34804,-0.91176,normal
10.30000,-4.21111,-2.12222,0.77778,0.40000,0.36765,-0.79412,normal
10.32000,-4.10000,-2.10000,0.80000,0.40000,0.38725,-0.67647,normal
10.34000,-6.40875,-2.40375,-0.10125,-0.34444,0.60000,1.31111,normal
10.36000,-6.58375,-2.47875,-0.12625,-0.53611,0.60000,1.79028,normal
10.38000,-6.75875,-2.55375,-0.15125,-0.59167,0.60000,1.92917,normal
10.40000,-6.93375,-2.62875,-0.17625,-0.64722,0.60000,2.06806,normal
10.42000,-8.30000,-3.10000,-0.50000,-0.80000,0.60000,2.45000,normal
10.44000,-12.56500,-4.03000,-0.96000,-0.58043,0.59348,3.49348,normal
10.46000,-12.78500,-4.07000,-1.04000,-0.51522,0.57174,3.47174,normal
10.48000,-13.00500,-4.11000,-1.12000,-0.45000,0.55000,3.45000,normal
10.50000,-13.22500,-4.15000,-1.20000,-0.38478,0.52826,3.42826,normal
10.52000,-13.44500,-4.19000,-1.28000,-0.31957,0.50652,3.40652,normal
10.54000,-15.77273,-2.04545,-2.12727,0.49059,0.60941,2.17647,normal
10.56000,-15.95455,-1.90909,-2.19545,0.44353,0.65647,2.05882,normal
10.58000,-16.13636,-1.77273,-2.26364,0.39647,0.70353,1.94118,normal
10.60000,-16.31818,-1.63636,-2.33182,0.34941,0.75059,1.82353,normal
10.62000,-16.50000,-1.50000,-2.40000,0.30235,0.79765,1.70588,normal
10.64000,-13.97849,-3.27634,1.52796,0.90000,0.47526,1.60000,normal
10.66000,-13.48387,-2.93226,1.57097,0.90000,0.41340,1.60000,normal
10.68000,-12.98925,-2.58817,1.61398,0.90000,0.35155,1.60000,normal
10.70000,-12.49462,-2.24409,1.65699,0.90000,0.28969,1.60000,normal
10.72000,-12.00000,-1.90000,1.70000,0.90000,0.22784,1.60000,normal
10.74000,-8.85952,-1.91786,-0.14762,-0.59000,-0.19000,1.28000,normal
10.76000,-9.09762,-1.98929,-0.33810,-1.66087,-0.13913,0.86087,normal
10.78000,-9.33571,-2.06071,-0.52857,-1.57391,-0.22609,0.77391,normal
10.80000,-9.57381,-2.13214,-0.71905,-1.48696,-0.31304,0.68696,normal
10.82000,-9.70000,-2.10000,-1.15000,-1.40000,-0.40000,0.60000,normal
10.84000,-6.87941,-1.41765,-0.53824,-0.30000,-0.98806,-0.42388,normal
10.86000,-6.85000,-1.30000,-0.45000,-0.30000,-0.95821,-0.48358,normal
10.88000,-6.82059,-1.18235,-0.36176,-0.30000,-0.92836,-0.54328,normal
10.90000,-6.30000,-2.75000,0.00000,-0.40000,-0.85000,-0.65000,normal
10.92000,-6.41484,-2.90000,-0.01484,-0.34444,-0.28889,-0.68889,normal
10.94000,-6.43047,-2.90000,-0.03047,-0.26508,-0.27302,-0.67302,normal
10.96000,-6.44609,-2.90000,-0.04609,-0.18571,-0.25714,-0.65714,normal
10.98000,-6.46172,-2.90000,-0.06172,-0.10635,-0.24127,-0.64127,normal
11.00000,-6.47734,-2.90000,-0.07734,-0.02698,-0.22540,-0.62540,normal
11.02000,-6.49297,-2.90000,-0.09297,0.05238,-0.20952,-0.60952,normal
11.04000,-8.22247,-3.10000,0.21124,0.81442,0.10000,-0.70481,normal
11.06000,-8.44719,-3.10000,0.32360,0.87212,0.10000,-0.72404,normal
11.08000,-8.67191,-3.10000,0.43596,0.92981,0.10000,-0.74327,normal
11.10000,-8.89663,-3.10000,0.54831,0.98750,0.10000,-0.76250,normal
11.12000,-9.12135,-3.10000,0.66067,1.04519,0.10000,-0.78173,normal
11.14000,-12.25455,-1.20909,1.10909,1.16667,0.10000,-0.86667,normal
11.16000,-10.68000,-1.64000,1.06000,0.50000,-0.50000,-1.80000,normal
11.18000,-10.38667,-1.82667,1.14000,0.30000,-0.60000,-1.95246,normal
11.20000,-10.09333,-2.01333,1.22000,0.30000,-0.60000,-2.01803,normal
11.22000,-9.80000,-2.20000,1.30000,0.30000,-0.60000,-2.08361,normal
11.24000,-7.85862,-2.38966,0.80000,0.99625,-0.59625,-1.39250,normal
11.26000,-7.76667,-2.36667,0.80000,0.97125,-0.57125,-1.34250,normal
11.28000,-7.67471,-2.34368,0.80000,0.94625,-0.54625,-1.29250,normal
11.30000,-7.58276,-2.32069,0.80000,0.92125,-0.52125,-1.24250,normal
11.32000,-7.20000,-2.10000,0.80000,0.50000,-0.30000,-0.70000,normal
11.34000,-7.08854,-2.23542,0.66458,0.18710,-0.07419,-0.47419,normal
11.36000,-7.19271,-2.27708,0.62292,0.16559,-0.03118,-0.43118,normal
11.38000,-7.29688,-2.31875,0.58125,0.14409,0.01183,-0.38817,normal
11.40000,-7.40104,-2.36042,0.53958,0.12258,0.05484,-0.34516,normal
11.42000,-7.63333,-2.33333,0.46667,0.10108,0.09785,-0.30215,normal
11.44000,-10.25591,-3.41183,-0.22796,-0.80000,0.78818,0.53545,normal
11.46000,-10.34194,-3.58387,-0.27097,-0.80000,0.77000,0.59000,normal
11.48000,-10.42796,-3.75591,-0.31398,-0.80000,0.75182,0.64455,normal
11.50000,-10.51398,-3.92796,-0.35699,-0.80000,0.73364,0.69909,normal
11.52000,-10.60000,-4.10000,-0.40000,-0.80000,0.71545,0.75364,normal
11.54000,-10.20000,-4.15000,-1.85000,-0.45455,0.70000,1.00909,normal
11.56000,-9.74167,-3.76429,-1.87738,1.13289,0.60000,0.98684,normal
11.58000,-9.57500,-3.62143,-1.85357,1.26447,0.60000,0.93421,normal
11.60000,-9.40833,-3.47857,-1.82976,1.39605,0.60000,0.88158,normal
11.62000,-9.24167,-3.33571,-1.80595,1.52763,0.60000,0.82895,normal
11.64000,-10.31429,-3.00000,-0.30357,1.90000,1.10000,0.00000,normal
11.66000,-10.40952,-3.00000,-0.32738,1.85556,1.07778,-0.02222,normal
11.68000,-10.50476,-3.00000,-0.35119,1.81111,1.05556,-0.04444,normal
11.70000,-10.60000,-3.00000,-0.37500,1.76667,1.03333,-0.06667,normal
11.72000,-10.69524,-3.00000,-0.39881,1.72222,1.01111,-0.08889,normal
11.74000,-10.47590,-2.49518,-1.28554,0.79750,0.49875,-0.40125,normal
11.76000,-10.35542,-2.47108,-1.21325,0.74750,0.47375,-0.42625,normal
11.78000,-10.23494,-2.44699,-1.14096,0.69750,0.44875,-0.45125,normal
11.80000,-10.11446,-2.42289,-1.06867,0.64750,0.42375,-0.47625,normal
11.82000,-9.70000,-2.15000,-0.75000,0.50000,0.35000,-0.50000,normal
11.84000,-8.81489,-3.08511,-0.61489,0.30000,0.60000,-0.29000,normal
11.86000,-8.83617,-3.06383,-0.63617,0.30000,0.60000,-0.27000,normal
11.88000,-8.85745,-3.04255,-0.65745,0.30000,0.60000,-0.25000,normal
11.90000,-8.87872,-3.02128,-0.67872,0.30000,0.60000,-0.23000,normal
11.92000,-8.90000,-3.00000,-0.70000,0.30000,0.60000,-0.21000,normal
11.94000,-8.48800,-3.10000,-1.40000,0.20000,0.60000,-0.10000,normal
11.96000,-8.42800,-3.10000,-1.40000,0.39247,0.40000,0.20753,normal
11.98000,-8.36800,-3.10000,-1.40000,0.37097,0.40000,0.22903,normal
12.00000,-8.30800,-3.10000,-1.40000,0.34946,0.40000,0.25054,normal
12.02000,-8.24800,-3.10000,-1.40000,0.32796,0.40000,0.27204,normal
12.04000,-8.16364,-3.13636,-1.43636,0.30645,0.40000,0.29355,normal
12.06000,-9.21194,-4.11194,-2.24776,-0.08551,0.38551,0.60725,normal
12.08000,-9.24179,-4.14179,-2.36716,-0.02754,0.32754,0.63623,normal
12.10000,-9.27164,-4.17164,-2.48657,0.03043,0.26957,0.66522,normal
12.12000,-8.85000,-4.15000,-2.55000,0.08841,0.21159,0.69420,normal
12.14000,-9.61124,-3.87753,-1.98876,1.20769,0.50000,0.80000,normal
12.16000,-9.63371,-3.83258,-1.96629,1.22692,0.50000,0.80000,normal
12.18000,-9.65618,-3.78764,-1.94382,1.24615,0.50000,0.80000,normal
12.20000,-9.67865,-3.74270,-1.92135,1.26538,0.50000,0.80000,normal
12.22000,-9.71667,-3.68333,-1.86667,1.28462,0.50000,0.80000,normal
12.24000,-11.76591,-3.30227,-2.12045,1.40000,0.70000,0.70000,normal
12.26000,-12.35682,-3.52955,-2.16591,1.43158,0.84737,0.61579,normal
12.28000,-12.94773,-3.75682,-2.21136,1.48421,0.92632,0.64211,normal
12.30000,-13.53864,-3.98409,-2.25682,1.53684,1.00526,0.66842,normal
12.32000,-15.75000,-4.75000,-2.50000,1.58947,1.08421,0.69474,normal
12.34000,-13.10217,-3.06957,-2.63478,2.78652,-0.10000,0.37303,normal
12.36000,-12.90652,-2.80870,-2.50435,2.74157,-0.10000,0.28315,normal
12.38000,-12.71087,-2.54783,-2.37391,2.69663,-0.10000,0.19326,normal
12.40000,-12.51522,-2.28696,-2.24348,2.65169,-0.10000,0.10337,normal
12.42000,-12.31957,-2.02609,-2.11304,2.60674,-0.10000,0.01348,normal
12.44000,-7.97865,4.63483,-1.91236,0.15663,-1.00000,-1.10000,normal
12.46000,-8.13596,4.90449,-2.13708,-0.13253,-1.00000,-1.10000,normal
12.48000,-8.29326,5.17416,-2.36180,-0.42169,-1.00000,-1.10000,normal
12.50000,-8.45056,5.44382,-2.58652,-0.71084,-1.00000,-1.10000,normal
12.52000,-10.00000,5.00000,-4.70000,-1.00000,-1.00000,-1.10000,normal
12.54000,-6.88350,-1.91262,-0.89223,-2.04444,-1.14444,-0.03333,normal
12.56000,-6.72816,-1.79612,-0.34854,-1.80513,-1.05897,0.06923,normal
12.58000,-6.57282,-1.67961,0.19515,-1.56581,-0.97350,0.17179,normal
12.60000,-6.41748,-1.56311,0.73883,-1.32650,-0.88803,0.27436,normal
12.62000,-6.26214,-1.44660,1.28252,-1.08718,-0.80256,0.37692,normal
12.64000,-6.21667,-1.25000,1.56667,-0.84786,-0.71709,0.47949,normal
12.66000,-7.40145,-1.48551,2.46522,-0.43636,0.00000,1.44545,normal
12.68000,-7.60435,-1.45652,1.59565,-1.18793,-0.02586,1.40000,normal
12.70000,-7.80725,-1.42754,0.72609,-1.70517,-0.06034,1.40000,normal
12.72000,-8.40000,-2.70000,-0.65000,-2.22241,-0.09483,1.40000,normal
12.74000,-9.79462,-3.83011,-1.82473,0.94494,-0.50000,1.18876,normal
12.76000,-9.64409,-3.87312,-1.71720,1.03483,-0.50000,1.16629,normal
12.78000,-9.49355,-3.91613,-1.60968,1.12472,-0.50000,1.14382,normal
12.80000,-9.34301,-3.95914,-1.50215,1.21461,-0.50000,1.12135,normal
12.82000,-9.10000,-3.20000,-0.40000,1.45000,-0.40000,1.00000,normal
12.84000,-9.56774,-2.20000,1.18387,1.28889,0.10370,0.08889,normal
12.86000,-9.52473,-2.20000,1.16237,1.21481,0.12840,0.01481,normal
12.88000,-9.48172,-2.20000,1.14086,1.14074,0.15309,-0.05926,normal
12.90000,-9.43871,-2.20000,1.11935,1.06667,0.17778,-0.13333,normal
12.92000,-9.30000,-2.40000,1.00000,0.70000,0.30000,-0.40000,normal
12.94000,-8.55052,-2.90619,0.26392,1.79905,0.37524,-0.62571,normal
12.96000,-8.48866,-2.16392,0.59381,1.95143,0.33714,-0.51143,normal
12.98000,-8.42680,-1.42165,0.92371,2.10381,0.29905,-0.39714,normal
13.00000,-8.36495,-0.67938,1.25361,2.25619,0.26095,-0.28286,normal
13.02000,-8.30309,0.06289,1.58351,2.40857,0.22286,-0.16857,normal
13.04000,-10.41975,-1.49753,-0.10000,-0.37500,0.27500,-0.22500,normal
13.06000,-10.61728,-1.47284,-0.10000,-0.67857,0.16857,0.00000,normal
13.08000,-10.81481,-1.44815,-0.10000,-0.82143,0.11143,0.00000,normal
13.10000,-11.01235,-1.42346,-0.10000,-0.96429,0.05429,0.00000,normal
13.12000,-12.20000,-2.80000,-0.40000,-1.30000,-0.10000,0.00000,normal
13.14000,-15.40426,-1.35957,-1.05213,-0.42967,-0.17363,-0.96154,normal
13.16000,-15.27660,-1.57234,-0.98830,-0.25385,-0.10769,-1.11538,normal
13.18000,-15.14894,-1.78511,-0.92447,-0.07802,-0.04176,-1.26923,normal
13.20000,-15.02128,-1.99787,-0.86064,0.09780,0.02418,-1.42308,normal
13.22000,-13.80000,-0.90000,-0.10000,0.27363,0.09011,-1.57692,normal
13.24000,-10.84787,-2.65638,-0.34787,-0.28969,0.31031,-1.51031,normal
13.26000,-10.91170,-2.46489,-0.41170,-0.26907,0.33093,-1.53093,normal
13.28000,-10.97553,-2.27340,-0.47553,-0.24845,0.35155,-1.55155,normal
13.30000,-11.03936,-2.08191,-0.53936,-0.22784,0.37216,-1.57216,normal
13.32000,-10.95000,-1.80000,-0.90000,-0.20722,0.39278,-1.59278,normal
13.34000,-8.15116,-1.91628,-1.18372,0.20612,0.20000,-1.59694,normal
13.36000,-8.01163,-1.96279,-1.13721,0.24694,0.20000,-1.57653,normal
13.38000,-7.87209,-2.00930,-1.09070,0.28776,0.20000,-1.55612,normal
13.40000,-7.73256,-2.05581,-1.04419,0.32857,0.20000,-1.53571,normal
13.42000,-7.10000,-2.20000,-0.70000,0.36939,0.20000,-1.51531,normal
13.44000,-7.16667,-2.26667,-0.50000,0.72000,0.40000,-1.16000,normal
13.46000,-7.00130,-2.27532,-0.52468,0.80000,0.30000,-0.78611,normal
13.48000,-6.89740,-2.24935,-0.55065,0.80000,0.30000,-0.75833,normal
13.50000,-6.79351,-2.22338,-0.57662,0.80000,0.30000,-0.73056,normal
13.52000,-6.50000,-1.90000,-0.40000,0.80000,0.30000,-0.70278,normal
13.54000,-7.44948,-2.20000,-0.38763,0.49140,0.29140,-0.48280,normal
13.56000,-7.53196,-2.20000,-0.36701,0.46989,0.26989,-0.43978,normal
13.58000,-7.61443,-2.20000,-0.34639,0.44839,0.24839,-0.39677,normal
13.60000,-7.69691,-2.20000,-0.32577,0.42688,0.22688,-0.35376,normal
13.62000,-7.77938,-2.20000,-0.30515,0.40538,0.20538,-0.31075,normal
13.64000,-8.88140,-2.52791,-0.99070,-0.32637,-0.30879,0.51758,normal
13.66000,-8.83488,-2.59767,-0.96744,-0.39231,-0.33077,0.56154,normal
13.68000,-8.78837,-2.66744,-0.94419,-0.45824,-0.35275,0.60549,normal
13.70000,-8.74186,-2.73721,-0.92093,-0.52418,-0.37473,0.64945,normal
13.72000,-8.73333,-2.96667,-0.90000,-0.59011,-0.39670,0.69341,normal
13.74000,-8.14889,-3.82444,-0.78778,-0.46827,0.01058,1.42115,normal
13.76000,-8.23778,-3.86889,-0.76556,-0.41058,0.02981,1.45962,normal
13.78000,-8.32667,-3.91333,-0.74333,-0.35288,0.04904,1.49808,normal
13.80000,-8.41556,-3.95778,-0.72111,-0.29519,0.06827,1.53654,normal
13.82000,-8.80000,-4.10000,-0.70000,-0.23750,0.08750,1.57500,normal
13.84000,-10.21139,-3.99873,-1.10253,0.38000,0.30000,1.92000,normal
13.86000,-10.43924,-3.97342,-1.15316,0.90000,0.40000,2.31806,normal
13.88000,-10.66709,-3.94810,-1.20380,0.90000,0.40000,2.34583,normal
13.90000,-10.89494,-3.92278,-1.25443,0.90000,0.40000,2.37361,normal
13.92000,-11.90000,-3.90000,-1.50000,0.90000,0.40000,2.40000,normal
13.94000,-13.06452,-4.48387,-1.20000,1.11522,0.50761,1.97717,normal
13.96000,-13.15054,-4.46237,-1.20000,1.15870,0.52935,1.91196,normal
13.98000,-13.23656,-4.44086,-1.20000,1.20217,0.55109,1.84674,normal
14.00000,-13.32258,-4.41935,-1.20000,1.24565,0.57283,1.78152,normal
14.02000,-14.40000,-4.30000,-0.90000,1.28913,0.59457,1.71630,normal
14.04000,-13.69888,-3.98764,1.03258,2.59524,0.49048,0.07619,normal
14.06000,-13.49663,-3.76292,0.89775,2.57143,0.44286,-0.04286,normal
14.08000,-13.29438,-3.53820,0.76292,2.54762,0.39524,-0.16190,normal
14.10000,-13.09213,-3.31348,0.62809,2.52381,0.34762,-0.28095,normal
14.12000,-12.50000,-2.70000,-0.20000,2.50000,0.30000,-0.40000,normal
14.14000,-10.06087,1.75435,-0.16957,1.76598,-1.01031,-1.76186,normal
14.16000,-10.14783,1.68913,-0.12609,1.49794,-1.03093,-1.88557,normal
14.18000,-10.23478,1.62391,-0.08261,1.22990,-1.05155,-2.00928,normal
14.20000,-10.32174,1.55870,-0.03913,0.96186,-1.07216,-2.13299,normal
14.22000,-10.48000,0.98000,-0.30000,0.69381,-1.09278,-2.25670,normal
14.24000,-9.13412,-2.11647,-1.34235,-0.08095,-1.16190,-2.54762,normal
14.26000,-8.94588,-2.16353,-1.17765,-2.59189,-1.48378,-3.29189,normal
14.28000,-8.75765,-2.21059,-1.01294,-2.56486,-1.42973,-3.26486,normal
14.30000,-8.56941,-2.25765,-0.84824,-2.53784,-1.37568,-3.23784,normal
14.32000,-7.90000,-1.70000,-0.10000,-2.51081,-1.32162,-3.21081,normal
14.34000,-5.79286,-0.32143,0.39286,0.10235,-0.80000,-1.99059,normal
14.36000,-5.76905,-0.39286,0.36905,0.12588,-0.80000,-1.89647,normal
14.38000,-5.74524,-0.46429,0.34524,0.14941,-0.80000,-1.80235,normal
14.40000,-5.72143,-0.53571,0.32143,0.17294,-0.80000,-1.70824,normal
14.42000,-5.73333,-0.76667,0.33333,0.19647,-0.80000,-1.61412,normal
14.44000,-5.31000,-1.39778,0.43667,-0.50000,-0.77727,0.66818,normal
14.46000,-5.51000,-1.57556,0.50333,-0.50000,-0.73182,0.80455,normal
14.48000,-5.71000,-1.75333,0.57000,-0.50000,-0.68636,0.94091,normal
14.50000,-5.91000,-1.93111,0.63667,-0.50000,-0.64091,1.07727,normal
14.52000,-6.90000,-2.60000,1.20000,-0.28333,-0.38333,1.78333,normal
14.54000,-8.71089,-2.01683,1.58416,-0.61217,-0.20000,2.53652,normal
14.56000,-8.84950,-2.41287,1.56436,-0.62957,-0.20000,2.58870,normal
14.58000,-8.98812,-2.80891,1.54455,-0.64696,-0.20000,2.64087,normal
14.60000,-9.12673,-3.20495,1.52475,-0.66435,-0.20000,2.69304,normal
14.62000,-9.26535,-3.60099,1.50495,-0.68174,-0.20000,2.74522,normal
14.64000,-9.76000,-3.26000,0.82000,-0.69913,-0.20000,2.79739,normal
14.66000,-13.13380,-1.26197,3.04225,-1.90000,0.40000,3.00000,normal
14.68000,-12.57042,-2.89577,2.33803,-1.34928,0.22609,3.28986,normal
14.70000,-12.00704,-4.52958,1.63380,-0.79855,0.05217,3.57971,normal
14.72000,-11.80000,-2.40000,-1.00000,-0.24783,-0.12174,3.86957,normal
14.74000,-11.90000,-3.16889,0.35444,0.39767,0.10233,2.39070,normal
14.76000,-11.90000,-3.08000,0.51000,0.37442,0.12558,2.29767,normal
14.78000,-11.90000,-2.99111,0.66556,0.35116,0.14884,2.20465,normal
14.80000,-11.90000,-2.90222,0.82111,0.32791,0.17209,2.11163,normal
14.82000,-11.90000,-2.81333,0.97667,0.30465,0.19535,2.01860,normal
14.84000,-10.84545,-2.61136,1.72045,-0.70874,0.20874,0.46505,normal
14.86000,-10.93636,-2.63409,1.56136,-0.72816,0.22816,0.38738,normal
14.88000,-11.02727,-2.65682,1.40227,-0.74757,0.24757,0.30971,normal
14.90000,-11.11818,-2.67955,1.24318,-0.76699,0.26699,0.23204,normal
14.92000,-11.50000,-2.90000,0.60000,-0.78641,0.28641,0.15437,normal
14.94000,-11.78764,-4.30000,0.74494,0.10000,0.20000,-0.70000,normal
14.96000,-11.56292,-4.30000,0.83483,0.19302,0.20000,-0.72326,normal
14.98000,-11.33820,-4.30000,0.92472,0.28605,0.20000,-0.74651,normal
15.00000,-11.11348,-4.30000,1.01461,0.37907,0.20000,-0.76977,normal
15.02000,-10.35000,-4.05000,1.20000,0.47209,0.20000,-0.79302,normal
15.04000,-14.08140,-1.95349,-1.43721,1.59213,0.45281,-2.03146,normal
15.06000,-14.03488,-1.83721,-1.53023,1.56966,0.31798,-2.12135,normal
15.08000,-13.98837,-1.72093,-1.62326,1.54719,0.18315,-2.21124,normal
15.10000,-13.94186,-1.60465,-1.71628,1.52472,0.04831,-2.30112,normal
15.12000,-12.30000,-1.20000,-1.40000,1.50225,-0.08652,-2.39101,normal
15.14000,-11.73333,-1.90000,-0.97333,0.28043,-0.50978,-3.10000,normal
15.16000,-11.28889,-1.90000,-0.92889,0.23696,-0.53152,-3.10000,normal
15.18000,-10.84444,-1.90000,-0.88444,0.19348,-0.55326,-3.10000,normal
15.20000,-10.40000,-1.90000,-0.84000,0.15000,-0.57500,-3.10000,normal
15.22000,-8.80000,-2.30000,-0.70000,0.10652,-0.59674,-3.10000,normal
15.24000,-6.51848,-1.48152,-0.46522,-0.10769,0.12308,-3.08462,normal
15.26000,-6.40978,-1.59022,-0.55217,-0.12692,0.18077,-3.04615,normal
15.28000,-6.30109,-1.69891,-0.63913,-0.14615,0.23846,-3.00769,normal
15.30000,-6.19239,-1.80761,-0.72609,-0.16538,0.29615,-2.96923,normal
15.32000,-6.40000,-1.80000,-0.85000,-0.18462,0.35385,-2.93077,normal
15.34000,-7.50000,-2.07333,-1.18667,0.50000,0.85000,-2.45000,normal
15.36000,-7.57013,-2.10000,-1.22338,0.90000,0.67143,-1.72857,normal
15.38000,-7.64805,-2.10000,-1.24935,0.90000,0.61429,-1.58571,normal
15.40000,-7.72597,-2.10000,-1.27532,0.90000,0.55714,-1.44286,normal
15.42000,-7.90000,-2.05000,-1.35000,0.90000,0.50000,-1.30000,normal
15.44000,-7.18511,-1.52979,-1.15532,-0.30947,0.00947,0.75684,normal
15.46000,-7.16383,-1.57234,-1.09149,-0.33053,0.03053,0.88316,normal
15.48000,-7.14255,-1.61489,-1.02766,-0.35158,0.05158,1.00947,normal
15.50000,-7.12128,-1.65745,-0.96383,-0.37263,0.07263,1.13579,normal
15.52000,-7.10000,-1.70000,-0.90000,-0.39368,0.09368,1.26211,normal
15.54000,-9.05957,-5.11702,0.69149,-0.15579,0.80737,3.42947,normal
15.56000,-9.20851,-5.15957,0.67021,-0.02947,0.82842,3.51368,normal
15.58000,-9.35745,-5.20213,0.64894,0.09684,0.84947,3.59789,normal
15.60000,-9.50638,-5.24468,0.62766,0.22316,0.87053,3.68211,normal
15.62000,-9.65532,-5.28723,0.60638,0.34947,0.89158,3.76632,normal
15.64000,-12.86429,-3.95714,-0.57857,1.79468,1.09468,4.18404,normal
15.66000,-13.07857,-3.81429,-0.50714,1.77340,1.07340,4.12021,normal
15.68000,-13.29286,-3.67143,-0.43571,1.75213,1.05213,4.05638,normal
15.70000,-13.50714,-3.52857,-0.36429,1.73085,1.03085,3.99255,normal
15.72000,-14.30000,-3.30000,0.30000,1.70957,1.00957,3.92872,normal
15.74000,-15.62410,-4.32410,0.48193,0.60000,0.70000,3.30000,normal
15.76000,-15.72048,-4.42048,0.40964,-0.40000,0.37313,2.35970,normal
15.78000,-15.81687,-4.51687,0.33735,-0.40000,0.31343,2.27015,normal
15.80000,-15.91325,-4.61325,0.26506,-0.40000,0.25373,2.18060,normal
15.82000,-17.10000,-5.30000,0.40000,-0.10000,0.20000,1.80000,normal
15.84000,-11.99149,-4.69574,0.56596,0.83030,-0.73030,0.20909,normal
15.86000,-11.48085,-4.44043,0.52340,0.87071,-0.77071,0.08788,normal
15.88000,-10.97021,-4.18511,0.48085,0.91111,-0.81111,-0.03333,normal
15.90000,-10.45957,-3.92979,0.43830,0.95152,-0.85152,-0.15455,normal
15.92000,-8.60000,-2.50000,0.30000,0.99192,-0.89192,-0.27576,normal
15.94000,-9.10448,-1.38507,-1.01493,1.37143,-0.80952,-2.20952,normal
15.96000,-9.31343,-1.35522,-1.04478,1.27619,-0.84127,-2.24127,normal
15.98000,-9.52239,-1.32537,-1.07463,1.18095,-0.87302,-2.27302,normal
16.00000,-10.00000,-1.40000,-1.60000,0.00000,-1.60000,-2.80000,normal
16.02000,-8.91282,-1.42906,-1.25641,-1.14959,-1.67521,-3.12479,normal
16.04000,-8.81026,-1.46325,-1.20513,-1.21570,-1.64215,-3.15785,normal
16.06000,-8.70769,-1.49744,-1.15385,-1.28182,-1.60909,-3.19091,normal
16.08000,-8.60513,-1.53162,-1.10256,-1.34793,-1.57603,-3.22397,normal
16.10000,-8.50256,-1.56581,-1.05128,-1.41405,-1.54298,-3.25702,normal
16.12000,-8.40000,-1.60000,-1.00000,-1.48017,-1.50992,-3.29008,normal
16.14000,-6.98202,-2.21798,-1.11798,-1.60000,-1.10000,-3.23333,normal
16.16000,-6.93708,-2.26292,-1.16292,-1.54750,-0.93000,-3.16500,normal
16.18000,-6.89213,-2.30787,-1.20787,-1.47250,-0.83000,-3.11500,normal
16.20000,-6.84719,-2.35281,-1.25281,-1.39750,-0.73000,-3.06500,normal
16.22000,-6.80225,-2.39775,-1.29775,-1.32250,-0.63000,-3.01500,normal
16.24000,-6.40000,-2.63000,-1.76000,1.71190,1.10714,-1.08571,normal
16.26000,-6.40000,-2.69667,-1.67111,1.83095,1.17857,-0.94286,normal
16.28000,-6.40000,-2.76333,-1.58222,1.95000,1.25000,-0.80000,normal
16.30000,-6.40000,-2.83000,-1.49333,2.06905,1.32143,-0.65714,normal
16.32000,-6.40000,-2.89667,-1.40444,2.18810,1.39286,-0.51429,normal
16.34000,-8.08000,-3.32667,0.70000,3.30602,2.40000,1.41205,normal
16.36000,-8.21333,-3.37111,0.70000,3.33012,2.40000,1.46024,normal
16.38000,-8.34667,-3.41556,0.70000,3.35422,2.40000,1.50843,normal
16.40000,-8.48000,-3.46000,0.70000,3.37831,2.40000,1.55663,normal
16.42000,-8.65000,-3.25000,-0.00000,3.40000,2.30000,1.60000,normal
16.44000,-9.48511,-2.64894,-0.66596,2.77447,1.88298,1.17447,normal
16.46000,-9.59149,-2.58511,-0.62340,2.71064,1.84043,1.11064,normal
16.48000,-9.69787,-2.52128,-0.58085,2.64681,1.79787,1.04681,normal
16.50000,-9.80426,-2.45745,-0.53830,2.58298,1.75532,0.98298,normal
16.52000,-9.89000,-2.42000,0.16000,2.51915,1.71277,0.91915,normal
16.54000,-9.84898,-2.71633,1.19184,2.08000,1.44000,0.58000,normal
16.56000,-9.97143,-2.75714,1.17143,1.79000,1.21000,-0.01000,normal
16.58000,-10.09388,-2.79796,1.15102,1.76500,1.23500,-0.03500,normal
16.60000,-10.21633,-2.83878,1.13061,1.74000,1.26000,-0.06000,normal
16.62000,-10.33878,-2.87959,1.11020,1.71500,1.28500,-0.08500,normal
16.64000,-9.69500,-3.21500,1.29000,1.30000,0.90000,-0.20000,normal
16.66000,-9.64500,-3.36500,1.19000,1.13133,0.90000,-0.17711,normal
16.68000,-9.59500,-3.51500,1.09000,1.05904,0.90000,-0.15301,normal
16.70000,-9.54500,-3.66500,0.99000,0.98675,0.90000,-0.12892,normal
16.72000,-9.43333,-3.96667,0.73333,0.91446,0.90000,-0.10482,normal
16.74000,-9.01183,-4.15269,-1.12366,1.80000,0.58913,0.40000,normal
16.76000,-9.03333,-4.06667,-1.16667,1.80000,0.56739,0.40000,normal
16.78000,-9.05484,-3.98065,-1.20968,1.80000,0.54565,0.40000,normal
16.80000,-9.07634,-3.89462,-1.25269,1.80000,0.52391,0.40000,normal
16.82000,-9.09785,-3.80860,-1.29570,1.80000,0.50217,0.40000,normal
16.84000,-8.62472,-3.42472,-1.43708,0.67944,0.00000,0.40000,normal
16.86000,-8.66966,-3.46966,-1.50449,0.64206,0.00000,0.40000,normal
16.88000,-8.71461,-3.51461,-1.57191,0.60467,0.00000,0.40000,normal
16.90000,-8.75955,-3.55955,-1.63933,0.56729,0.00000,0.40000,normal
16.92000,-8.81538,-3.63077,-1.73077,0.52991,0.00000,0.40000,normal
16.94000,-9.85000,-4.42500,-2.27500,0.41111,0.00000,0.44444,normal
16.96000,-10.04800,-4.57200,-2.27600,0.75479,0.20000,0.72740,normal
16.98000,-10.10133,-4.65200,-2.24933,0.86438,0.20000,0.78219,normal
17.00000,-10.15467,-4.73200,-2.22267,0.97397,0.20000,0.83699,normal
17.02000,-10.34000,-4.86000,-2.18000,1.08356,0.20000,0.89178,normal
17.04000,-9.40000,-3.94725,-1.77363,2.80952,0.40476,0.59048,normal
17.06000,-9.40000,-3.85934,-1.72967,2.85714,0.42857,0.54286,normal
17.08000,-9.40000,-3.77143,-1.68571,2.90476,0.45238,0.49524,normal
17.10000,-9.40000,-3.68352,-1.64176,2.95238,0.47619,0.44762,normal
17.12000,-9.50000,-3.35000,-1.50000,3.00000,0.50000,0.40000,normal
17.14000,-10.82857,-2.31429,-1.14286,1.82571,0.38762,-0.41238,normal
17.16000,-11.01224,-2.33469,-1.20408,1.71143,0.36857,-0.43143,normal
17.18000,-11.19592,-2.35510,-1.26531,1.59714,0.34952,-0.45048,normal
17.20000,-11.37959,-2.37551,-1.32653,1.48286,0.33048,-0.46952,normal
17.22000,-11.56327,-2.39592,-1.38776,1.36857,0.31143,-0.48857,normal
17.24000,-8.72128,-4.15745,-0.35319,1.10674,0.40112,-0.50000,normal
17.26000,-8.76383,-4.07234,-0.45957,1.24157,0.42360,-0.50000,normal
17.28000,-8.80638,-3.98723,-0.56596,1.37640,0.44607,-0.50000,normal
17.30000,-8.84894,-3.90213,-0.67234,1.51124,0.46854,-0.50000,normal
17.32000,-8.89149,-3.81702,-0.77872,1.64607,0.49101,-0.50000,normal
17.34000,-10.18571,-1.49286,-1.25714,2.26667,0.26667,-1.13333,normal
17.36000,-10.13810,-1.46905,-1.11429,2.08415,0.17683,-1.22317,normal
17.38000,-10.09048,-1.44524,-0.97143,1.96220,0.15244,-1.24756,normal
17.40000,-10.04286,-1.42143,-0.82857,1.84024,0.12805,-1.27195,normal
17.42000,-9.80000,-1.65000,-0.50000,1.71829,0.10366,-1.29634,normal
17.44000,-9.00000,-2.12472,-0.17528,0.40000,0.21170,-1.18830,normal
17.46000,-9.00000,-2.16966,-0.13034,0.40000,0.23298,-1.16702,normal
17.48000,-9.00000,-2.21461,-0.08539,0.40000,0.25426,-1.14574,normal
17.50000,-9.00000,-2.25955,-0.04045,0.40000,0.27553,-1.12447,normal
17.52000,-9.30000,-2.60000,-0.05000,0.40000,0.29681,-1.10319,normal
17.54000,-8.95455,-2.37727,-0.38864,0.70000,0.40000,-0.39099,normal
17.56000,-8.86364,-2.33182,-0.36591,0.70000,0.40000,-0.37297,normal
17.58000,-8.77273,-2.28636,-0.34318,0.70000,0.40000,-0.35495,normal
17.60000,-8.68182,-2.24091,-0.32045,0.70000,0.40000,-0.33694,normal
17.62000,-8.46667,-2.20000,-0.25556,0.70000,0.40000,-0.31892,normal
17.64000,-7.85625,-2.91250,0.25625,0.70000,0.40000,-0.30090,normal
17.66000,-7.93714,-2.98143,0.30000,0.98750,0.60000,0.38125,normal
17.68000,-7.99429,-2.95286,0.30000,1.06129,0.63065,0.46129,normal
17.70000,-8.05143,-2.92429,0.30000,1.12581,0.66290,0.52581,normal
17.72000,-8.73333,-3.10000,0.46667,1.19032,0.69516,0.59032,normal
17.74000,-10.48750,-2.98750,-0.32500,0.78280,0.69140,1.50860,normal
17.76000,-10.64659,-3.14659,-0.37045,0.73978,0.66989,1.53011,normal
17.78000,-10.80568,-3.30568,-0.41591,0.69677,0.64839,1.55161,normal
17.80000,-10.96477,-3.46477,-0.46136,0.65376,0.62688,1.57312,normal
17.82000,-11.07273,-3.81818,-0.52727,0.61075,0.60538,1.59462,normal
17.84000,-9.46207,-5.38276,-0.97931,1.25618,0.22247,1.04382,normal
17.86000,-9.60000,-5.56667,-0.93333,1.36854,0.26742,0.93146,normal
17.88000,-9.73793,-5.75057,-0.88736,1.48090,0.31236,0.81910,normal
17.90000,-9.87586,-5.93448,-0.84138,1.59326,0.35730,0.70674,normal
17.92000,-11.50000,-5.05000,1.00000,1.75455,0.40909,0.54545,normal
17.94000,-12.46559,-8.33441,3.95484,2.02474,0.08763,-1.91649,normal
17.96000,-12.42258,-8.37742,4.14839,2.14845,0.02577,-1.99897,normal
17.98000,-12.37957,-8.42043,4.34194,2.27216,-0.03608,-2.08144,normal
18.00000,-12.33656,-8.46344,4.53548,2.39588,-0.09794,-2.16392,normal
18.02000,-12.75000,-8.55000,5.45000,2.51959,-0.15979,-2.24639,normal
18.04000,-12.76941,-8.50235,5.88588,1.90000,-2.72000,-3.72000,normal
18.06000,-12.15765,-8.54941,5.60353,1.51500,-3.78000,-3.74000,normal
18.08000,-11.54588,-8.59647,5.32118,1.54000,-4.08000,-3.64000,normal
18.10000,-10.93412,-8.64353,5.03882,1.56500,-4.38000,-3.54000,normal
18.12000,-10.32235,-8.69059,4.75647,1.59000,-4.68000,-3.44000,normal
18.14000,-2.45116,1.65349,4.46279,2.40000,-4.75000,-0.65000,normal
18.16000,-2.28837,1.16512,3.67209,1.63976,-3.95663,-0.19398,normal
18.18000,-2.12558,0.67674,2.88140,1.47108,-3.59518,0.02289,normal
18.20000,-1.96279,0.18837,2.09070,1.30241,-3.23373,0.23976,normal
18.22000,-1.80000,-0.30000,1.30000,1.13373,-2.87229,0.45663,normal
18.24000,-7.00105,-0.07789,-0.33263,1.37097,2.30968,2.10000,normal
18.26000,-7.46421,-0.35158,-0.69053,1.30645,2.33118,2.10000,normal
18.28000,-7.92737,-0.62526,-1.04842,1.24194,2.35269,2.10000,normal
18.30000,-8.39053,-0.89895,-1.40632,1.17742,2.37419,2.10000,normal
18.32000,-8.85368,-1.17263,-1.76421,1.11290,2.39570,2.10000,normal
18.34000,-12.33103,-6.22989,4.00230,0.67312,1.67419,1.47204,normal
18.36000,-12.19310,-8.68966,4.80690,1.40430,1.41613,1.19247,normal
18.38000,-12.05517,-11.14943,5.61149,2.13548,1.15806,0.91290,normal
18.40000,-11.91724,-13.60920,6.41609,2.86667,0.90000,0.63333,normal
18.42000,-7.63333,4.53333,12.05000,3.59785,0.64194,0.35376,normal
18.44000,-6.34146,-1.11707,11.30488,3.00000,-0.70000,0.13333,normal
18.46000,-6.04878,-0.70244,10.32927,0.15312,0.09219,0.00781,normal
18.48000,-5.75610,-0.28780,9.35366,-0.03438,0.06094,0.03906,normal
18.50000,-5.46341,0.12683,8.37805,-0.22188,0.02969,0.07031,normal
18.52000,-6.10000,0.00000,6.60000,-0.25000,0.20000,0.00000,normal
18.54000,-7.81848,1.26304,6.96739,-0.07826,0.08261,-0.09130,normal
18.56000,-7.70978,1.48043,6.92391,-0.27391,0.03913,-0.06957,normal
18.58000,-7.60109,1.69783,6.88043,-0.46957,-0.00435,-0.04783,normal
18.60000,-7.49239,1.91522,6.83696,-0.66522,-0.04783,-0.02609,normal
18.62000,-7.06250,0.67500,7.55000,-0.86087,-0.09130,-0.00435,normal
18.64000,-6.44545,-1.47727,6.21364,-0.38889,0.29630,0.00000,normal
18.66000,-6.53636,-1.43182,6.44091,-0.31481,0.27160,0.00000,normal
18.68000,-6.62727,-1.38636,6.66818,-0.24074,0.24691,0.00000,normal
18.70000,-6.71818,-1.34091,6.89545,-0.16667,0.22222,0.00000,normal
18.72000,-6.90000,-0.60000,5.90000,-0.10000,0.10000,0.00000,normal
18.74000,-6.28280,-0.70323,8.53548,-0.43143,-0.20000,-0.01048,normal
18.76000,-6.26129,-0.83226,7.95484,-0.48857,-0.20000,-0.02952,normal
18.78000,-6.23978,-0.96129,7.37419,-0.54571,-0.20000,-0.04857,normal
18.80000,-6.21828,-1.09032,6.79355,-0.60286,-0.20000,-0.06762,normal
18.82000,-6.83000,-1.56000,6.12000,-0.66000,-0.20000,-0.08667,normal
18.84000,-6.11529,-2.23765,7.53765,-0.70769,-0.43077,-0.20000,normal
18.86000,-5.90353,-2.33176,7.63176,-0.05362,-0.98841,-0.58841,normal
18.88000,-5.69176,-2.42588,7.72588,0.06232,-0.95942,-0.55942,normal
18.90000,-5.48000,-2.52000,7.82000,0.17826,-0.93043,-0.53043,normal
18.92000,-5.80000,-1.10000,6.50000,0.29420,-0.90145,-0.50145,normal
18.94000,-5.18280,-1.93118,8.47957,0.10000,-0.81368,-0.28632,normal
18.96000,-5.16129,-1.84516,8.32903,0.10000,-0.83474,-0.26526,normal
18.98000,-5.13978,-1.75914,8.17849,0.10000,-0.85579,-0.24421,normal
19.00000,-5.11828,-1.67312,8.02796,0.10000,-0.87684,-0.22316,normal
19.02000,-4.91667,-2.31667,6.91667,0.10000,-0.89789,-0.20211,normal
19.04000,-4.85955,-0.75393,9.09213,0.87419,-0.50860,-0.50000,normal
19.06000,-4.79213,-0.84382,8.91236,0.80968,-0.53011,-0.50000,normal
19.08000,-4.72472,-0.93371,8.73258,0.74516,-0.55161,-0.50000,normal
19.10000,-4.65730,-1.02360,8.55281,0.68065,-0.57312,-0.50000,normal
19.12000,-3.70000,-1.30000,8.10000,0.61613,-0.59462,-0.50000,normal
19.14000,-4.05591,-1.10968,7.60323,-0.02692,-1.12692,-0.31346,normal
19.16000,-3.62581,-1.49677,7.73226,-0.10385,-1.20385,-0.35192,normal
19.18000,-3.19570,-1.88387,7.86129,-0.18077,-1.28077,-0.39038,normal
19.20000,-2.76559,-2.27097,7.99032,-0.25769,-1.35769,-0.42885,normal
19.22000,-2.40000,-2.25500,8.20500,-0.33462,-1.43462,-0.46731,normal
19.24000,-2.10000,-1.63333,10.83333,-0.42500,-1.45000,-0.45000,normal
19.26000,-2.91216,-3.52703,9.61622,-0.37353,-1.07353,-0.35588,normal
19.28000,-3.75000,-2.50000,9.40000,-0.28529,-0.98529,-0.20882,normal
19.30000,-4.58784,-1.47297,9.18378,-0.19706,-0.89706,-0.06176,normal
19.32000,-2.10000,-3.50000,9.30000,-0.10882,-0.80882,0.08529,normal
19.34000,-1.40000,-2.28152,9.82065,-0.10000,-0.37701,0.31149,normal
19.36000,-1.40000,-2.39022,9.58152,-0.10000,-0.33103,0.33448,normal
19.38000,-1.40000,-2.49891,9.34239,-0.10000,-0.28506,0.35747,normal
19.40000,-1.40000,-2.60761,9.10326,-0.10000,-0.23908,0.38046,normal
19.42000,-2.30000,-1.70000,10.30000,-0.18571,-0.15714,0.40000,normal
19.44000,-1.76957,-2.00000,8.98261,0.00000,-0.10000,0.18791,normal
19.46000,-1.85652,-2.00000,8.96087,0.00000,-0.10000,0.16593,normal
19.48000,-1.94348,-2.00000,8.93913,0.00000,-0.10000,0.14396,normal
19.50000,-2.03043,-2.00000,8.91739,0.00000,-0.10000,0.12198,normal
19.52000,-1.60000,-2.00000,9.30000,0.00000,-0.10000,0.10000,normal
19.54000,-1.30769,-2.43077,9.16154,0.00000,-0.30000,0.11404,normal
19.56000,-1.46154,-2.18901,9.53516,0.00000,-0.30000,0.13158,normal
19.58000,-1.61538,-1.94725,9.90879,0.00000,-0.30000,0.14912,normal
19.60000,-1.76923,-1.70549,10.28242,0.00000,-0.30000,0.16667,normal
19.62000,-1.85500,-1.68000,10.52500,0.00000,-0.30000,0.18421,normal
19.64000,-0.95000,-2.10000,9.70000,-0.01667,-0.26667,0.20000,normal
19.66000,-1.86892,-1.63108,9.74595,-0.01905,0.10952,0.10000,normal
19.68000,-1.95000,-1.55000,9.80000,-0.08254,0.14127,0.10000,normal
19.70000,-2.03108,-1.46892,9.85405,-0.14603,0.17302,0.10000,normal
19.72000,-1.00000,-2.40000,10.20000,0.40000,0.20000,-0.10000,normal
19.74000,-1.43617,-2.27234,9.49149,0.30000,0.30000,-0.10000,normal
19.76000,-1.47872,-2.35745,9.36383,0.30000,0.30000,-0.10000,normal
19.78000,-1.52128,-2.44255,9.23617,0.30000,0.30000,-0.10000,normal
19.80000,-1.56383,-2.52766,9.10851,0.30000,0.30000,-0.10000,normal
19.82000,-0.30000,-1.70000,6.40000,0.30000,0.30000,-0.10000,normal
19.84000,0.18444,-0.98333,10.77667,1.53143,0.17714,-0.16571,normal
19.86000,0.00667,-0.65000,11.51000,1.41714,0.13905,-0.10857,normal
19.88000,-0.17111,-0.31667,12.24333,1.30286,0.10095,-0.05143,normal
19.90000,-0.34889,0.01667,12.97667,1.18857,0.06286,0.00571,normal
19.92000,-0.10000,-0.20000,8.60000,1.07429,0.02476,0.06286,normal
19.94000,-0.04574,1.51064,6.30106,0.30000,-0.60000,0.40000,normal
19.96000,0.01809,1.17021,6.06702,-0.79189,-0.20811,-0.06892,normal
19.98000,0.08191,0.82979,5.83298,-0.90000,-0.10000,-0.15000,normal
20.00000,0.14574,0.48936,5.59894,-1.00811,0.00811,-0.23108,normal
20.02000,-0.60000,-0.90000,8.70000,-0.45714,0.51429,-0.28571,normal
20.04000,0.50851,0.25532,9.23617,-0.15747,0.41149,-0.20000,normal
20.06000,0.63617,0.08511,9.27872,-0.27241,0.43448,-0.20000,normal
20.08000,0.76383,-0.08511,9.32128,-0.38736,0.45747,-0.20000,normal
20.10000,0.89149,-0.25532,9.36383,-0.50230,0.48046,-0.20000,normal
20.12000,0.40000,-3.80000,9.80000,-0.80000,0.80000,0.10000,normal
20.14000,-1.03617,-2.86489,7.77447,-0.31633,0.81633,0.30000,normal
20.16000,-1.07872,-2.58830,7.39149,-0.33673,0.83673,0.30000,normal
20.18000,-1.12128,-2.31170,7.00851,-0.35714,0.85714,0.30000,normal
20.20000,-1.16383,-2.03511,6.62553,-0.37755,0.87755,0.30000,normal
20.22000,-3.30000,-3.20000,6.50000,-0.39796,0.89796,0.30000,normal
20.24000,-4.07419,-1.39140,4.61828,0.28972,1.94486,-0.16636,normal
20.26000,-4.39677,-1.49892,4.63978,0.43925,2.01963,-0.11028,normal
20.28000,-4.71935,-1.60645,4.66129,0.58879,2.09439,-0.05421,normal
20.30000,-5.04194,-1.71398,4.68280,0.73832,2.16916,0.00187,normal
20.32000,-7.16667,-1.06667,5.56667,0.88785,2.24393,0.05794,normal
20.34000,-14.30000,1.91250,10.31250,2.90000,2.60000,1.00000,normal
20.36000,-12.20000,1.35600,8.44000,-0.50000,-0.30000,-0.50000,normal
20.38000,-10.86667,0.52933,7.37333,-0.46970,-0.23939,-0.50000,normal
20.40000,-9.53333,-0.29733,6.30667,-0.43939,-0.17879,-0.50000,normal
20.42000,-12.70000,-0.50000,4.40000,-0.40909,-0.11818,-0.50000,normal
20.44000,-4.92791,-0.75116,8.81163,-0.48222,-1.29111,-0.69111,normal
20.46000,-3.99767,-1.37907,9.09070,-0.43778,-1.26889,-0.66889,normal
20.48000,-3.06744,-2.00698,9.36977,-0.39333,-1.24667,-0.64667,normal
20.50000,-2.13721,-2.63488,9.64884,-0.34889,-1.22444,-0.62444,normal
20.52000,-0.70000,-0.30000,10.90000,-0.30444,-1.20222,-0.60222,normal
20.54000,-5.42135,-1.55730,9.43146,-0.23368,-0.92842,-0.08105,normal
20.56000,-5.62360,-1.15281,10.15056,-0.08632,-0.99158,-0.03895,normal
20.58000,-5.82584,-0.74831,10.86966,0.06105,-1.05474,0.00316,normal
20.60000,-6.02809,-0.34382,11.58876,0.20842,-1.11789,0.04526,normal
20.62000,-5.71250,-0.07500,10.62500,0.35579,-1.18105,0.08737,normal
20.64000,-2.36512,-0.62558,6.86977,0.47835,-1.20722,0.68557,normal
20.66000,-1.62093,-0.90465,8.35814,0.41649,-1.22784,0.64433,normal
20.68000,-0.87674,-1.18372,9.84651,0.35464,-1.24845,0.60309,normal
20.70000,-0.13256,-1.46279,11.33488,0.29278,-1.26907,0.56186,normal
20.72000,-3.70000,-3.20000,8.60000,0.23093,-1.28969,0.52062,normal
20.74000,-2.21829,-1.65122,9.87561,-0.10000,-0.40769,0.38462,normal
20.76000,-2.29146,-1.45610,9.77805,-0.38286,0.00571,0.41143,normal
20.78000,-2.36463,-1.26098,9.68049,-0.29714,0.03429,0.46857,normal
20.80000,-2.43780,-1.06585,9.58293,-0.21143,0.06286,0.52571,normal
20.82000,-2.50000,-0.81000,9.59000,-0.12571,0.09143,0.58286,normal
20.84000,-3.72471,-1.05294,9.10941,0.12667,0.08222,0.49111,normal
20.86000,-3.53647,-0.93529,9.13294,0.19333,0.03778,0.46889,normal
20.88000,-3.34824,-0.81765,9.15647,0.26000,-0.00667,0.44667,normal
20.90000,-3.16000,-0.70000,9.18000,0.32667,-0.05111,0.42444,normal
20.92000,-2.70000,-1.40000,9.80000,0.39333,-0.09556,0.40222,normal
20.94000,-0.93820,-0.18652,10.85955,0.84797,-1.00650,0.39350,normal
20.96000,-0.66854,-0.16404,10.79213,0.71789,-1.02276,0.37724,normal
20.98000,-0.39888,-0.14157,10.72472,0.58780,-1.03902,0.36098,normal
21.00000,-0.12921,-0.11910,10.65730,0.45772,-1.05528,0.34472,normal
21.02000,2.04444,-0.57778,4.86667,0.32764,-1.07154,0.32846,normal
21.04000,4.25806,2.11613,6.72903,0.19756,-1.08780,0.31220,normal
21.06000,3.50000,0.95000,5.25000,-1.65000,0.15000,0.15000,normal
21.08000,2.49455,-4.33818,7.82727,-1.73188,0.43768,-0.08986,normal
21.10000,1.33091,-4.48364,7.64545,-1.23913,0.58261,0.02609,normal
21.12000,0.50000,-3.65000,8.90000,-0.74638,0.72754,0.14203,normal
21.14000,-0.03000,-0.55625,8.16250,0.14000,0.88000,-0.08000,normal
21.16000,-0.23000,-0.93125,7.91250,-0.46234,1.12078,-0.30000,normal
21.18000,-0.43000,-1.30625,7.66250,-0.54026,1.14675,-0.30000,normal
21.20000,-0.63000,-1.68125,7.41250,-0.61818,1.17273,-0.30000,normal
21.22000,-1.22000,-2.12000,7.14000,-0.69610,1.19870,-0.30000,normal
21.24000,-5.54333,-0.08778,13.12111,0.84828,2.10000,0.70805,normal
21.26000,-5.61000,-0.37667,12.07667,0.64138,2.10000,0.34023,normal
21.28000,-5.67667,-0.66556,11.03222,0.43448,2.10000,-0.02759,normal
21.30000,-5.74333,-0.95444,9.98778,0.22759,2.10000,-0.39540,normal
21.32000,-5.65000,0.00000,9.40000,0.02069,2.10000,-0.76322,normal
21.34000,-9.27753,-0.91124,8.17416,-1.14045,1.57303,-0.27303,normal
21.36000,-9.90674,-0.59663,7.29775,-1.20787,1.52809,-0.22809,normal
21.38000,-10.53596,-0.28202,6.42135,-1.27528,1.48315,-0.18315,normal
21.40000,-11.16517,0.03258,5.54494,-1.34270,1.43820,-0.13820,normal
21.42000,-14.40000,0.80000,9.60000,-0.40000,0.10000,-0.70000,normal
21.44000,-15.00213,1.59468,-1.25426,-0.82453,-0.75660,-0.80189,normal
21.46000,-12.53404,-1.23511,0.68191,-0.73019,-1.07736,-1.17925,normal
21.48000,-10.06596,-4.06489,2.61809,-0.63585,-1.39811,-1.55660,normal
21.50000,-7.59787,-6.89468,4.55426,-0.54151,-1.71887,-1.93396,normal
21.52000,3.05000,-1.01667,11.55000,-0.44717,-2.03962,-2.31132,normal
21.54000,-6.81758,-3.86923,6.59341,0.87500,-1.41500,-1.21500,normal
21.56000,-6.48791,-2.94615,6.96703,-0.17778,-0.72222,-0.10556,normal
21.58000,-6.15824,-2.02308,7.34066,-0.06667,-0.83333,-0.13333,normal
21.60000,-5.82857,-1.10000,7.71429,0.04444,-0.94444,-0.16111,normal
21.62000,-5.49890,-0.17692,8.08791,0.15556,-1.05556,-0.18889,normal
21.64000,-3.41446,-2.01687,9.60482,0.40506,-0.90000,-0.48987,normal
21.66000,-3.46265,-2.73976,8.95422,0.45570,-0.90000,-0.38861,normal
21.68000,-3.51084,-3.46265,8.30361,0.50633,-0.90000,-0.28734,normal
21.70000,-3.55904,-4.18554,7.65301,0.55696,-0.90000,-0.18608,normal
21.72000,-3.00000,4.10000,11.00000,1.40000,-1.60000,1.00000,normal
21.74000,-2.68925,-0.17312,9.24624,1.07701,-1.08851,0.28851,normal
21.76000,-2.32366,-0.25914,9.41828,1.03103,-1.06552,0.26552,normal
21.78000,-1.95806,-0.34516,9.59032,0.98506,-1.04253,0.24253,normal
21.80000,-1.59247,-0.43118,9.76237,0.93908,-1.01954,0.21954,normal
21.82000,-1.40000,0.20000,10.60000,0.60000,-0.80000,0.30000,normal
21.84000,-1.50000,0.23548,10.20860,0.06991,-0.05487,0.00000,normal
21.86000,-1.50000,0.04194,10.10108,0.03451,-0.00177,0.00000,normal
21.88000,-1.50000,-0.15161,9.99355,-0.00088,0.05133,0.00000,normal
21.90000,-1.50000,-0.34516,9.88602,-0.03628,0.10442,0.00000,normal
21.92000,-1.54000,-0.40000,9.82000,-0.07168,0.15752,0.00000,normal
21.94000,-1.90000,-0.30000,9.80000,-0.13333,0.20000,0.03333,normal
21.96000,-1.90189,-0.26792,9.78302,-0.40000,0.09271,0.30729,normal
21.98000,-2.01509,-0.34340,9.76415,-0.40000,0.07187,0.32813,normal
22.00000,-2.12830,-0.41887,9.74528,-0.40000,0.05104,0.34896,normal
22.02000,-2.24151,-0.49434,9.72642,-0.40000,0.03021,0.36979,normal
22.04000,-2.35472,-0.56981,9.70755,-0.40000,0.00938,0.39062,normal
22.06000,6.51475,-5.03770,7.81803,-0.80000,-0.40000,0.90000,normal
22.08000,6.97377,-3.98852,7.49016,-0.62456,0.02105,0.23333,normal
22.10000,7.43279,-2.93934,7.16230,-0.44912,0.44211,-0.43333,normal
22.12000,2.80000,-3.00000,7.10000,0.30000,1.10000,-0.80000,normal
22.14000,1.28305,1.35508,9.08898,0.27638,1.22362,-0.65276,normal
22.16000,0.91017,1.06695,9.54661,0.24488,1.25512,-0.58976,normal
22.18000,0.53729,0.77881,10.00424,0.21339,1.28661,-0.52677,normal
22.20000,0.16441,0.49068,10.46186,0.18189,1.31811,-0.46378,normal
22.22000,-0.20847,0.20254,10.91949,0.15039,1.34961,-0.40079,normal
22.24000,-0.58136,-0.08559,11.37712,0.11890,1.38110,-0.33780,normal
22.26000,-6.55368,-0.47789,9.75053,0.12000,1.56000,-0.14000,normal
22.28000,-7.14316,-0.94105,9.83474,-0.68500,1.98500,0.03000,normal
22.30000,-7.73263,-1.40421,9.91895,-0.66000,1.96000,0.08000,normal
22.32000,-8.32211,-1.86737,10.00316,-0.63500,1.93500,0.13000,normal
22.34000,-8.91158,-2.33053,10.08737,-0.61000,1.91000,0.18000,normal
22.36000,-14.97049,-1.21311,7.80984,0.67241,1.23793,0.10690,normal
22.38000,-14.87213,-0.59016,7.84262,0.53448,0.92759,0.14138,normal
22.40000,-14.77377,0.03279,7.87541,0.39655,0.61724,0.17586,normal
22.42000,-11.80000,2.30000,4.10000,-0.58333,-0.43333,-0.06667,normal
22.44000,-10.82083,1.25833,4.35000,-0.40000,-0.94948,-0.11546,normal
22.46000,-9.84167,0.21667,4.60000,-0.40000,-1.01134,-0.25979,normal
22.48000,-8.86250,-0.82500,4.85000,-0.40000,-1.07320,-0.40412,normal
22.50000,-7.88333,-1.86667,5.10000,-0.40000,-1.13505,-0.54845,normal
22.52000,-3.50000,-2.96667,9.33333,-0.40000,-1.19691,-0.69278,normal
22.54000,-2.40674,-4.13371,4.03483,-0.20442,-0.20000,-0.10000,normal
22.56000,-2.87865,-4.49326,5.47303,-0.04513,-0.20000,-0.10000,normal
22.58000,-3.35056,-4.85281,6.91124,0.11416,-0.20000,-0.10000,normal
22.60000,-3.82247,-5.21236,8.34944,0.27345,-0.20000,-0.10000,normal
22.62000,-4.95000,-1.95000,9.30000,0.43274,-0.20000,-0.10000,normal
22.64000,-4.10000,0.90000,13.30000,0.59204,-0.20000,-0.10000,normal
22.66000,-4.49474,0.92632,11.82632,0.16949,-1.10000,0.21017,normal
22.68000,-4.88947,0.95263,10.35263,-0.13559,-1.10000,0.31186,normal
22.70000,-5.28421,0.97895,8.87895,-0.44068,-1.10000,0.41356,normal
22.72000,-4.75000,-0.00000,11.05000,-0.23333,-1.06667,0.30000,normal
22.74000,-2.71684,-2.49789,8.83474,-0.58605,-1.20000,0.10000,normal
22.76000,-2.73789,-2.24526,9.00316,-0.53953,-1.20000,0.10000,normal
22.78000,-2.75895,-1.99263,9.17158,-0.49302,-1.20000,0.10000,normal
22.80000,-2.78000,-1.74000,9.34000,-0.44651,-1.20000,0.10000,normal
22.82000,-2.90000,-1.56667,9.06667,-0.40000,-1.20000,0.10000,normal
22.84000,-2.78737,-2.80211,9.74421,0.21277,-0.58723,0.40000,normal
22.86000,-2.19789,-2.23368,9.80737,0.23404,-0.56596,0.40000,normal
22.88000,-1.60842,-1.66526,9.87053,0.25532,-0.54468,0.40000,normal
22.90000,-1.01895,-1.09684,9.93368,0.27660,-0.52340,0.40000,normal
22.92000,-0.42947,-0.52842,9.99684,0.29787,-0.50213,0.40000,normal
22.94000,1.52844,-3.49817,9.52385,-1.05238,0.41905,-0.04286,normal
22.96000,0.40917,-3.82844,9.23028,-0.97302,0.45079,0.05238,normal
22.98000,-0.71009,-4.15872,8.93670,-0.89365,0.48254,0.14762,normal
23.00000,-1.82936,-4.48899,8.64312,-0.81429,0.51429,0.24286,normal
23.02000,-2.94862,-4.81927,8.34954,-0.73492,0.54603,0.33810,normal
23.04000,-3.20000,-3.45000,8.75000,-0.65556,0.57778,0.43333,normal
23.06000,-3.29016,-2.00656,8.23770,-0.29091,0.26364,0.50909,normal
23.08000,-3.09344,-2.13770,6.99180,-0.20000,-0.10000,0.60000,normal
23.10000,-2.89672,-2.26885,5.74590,-0.20000,-0.10000,0.60000,normal
23.12000,-2.70000,-2.40000,4.50000,-0.20000,-0.10000,0.60000,normal
23.14000,-0.28889,-6.33444,9.06333,-0.33918,-0.62680,0.59381,normal
23.16000,-0.73333,-5.15667,7.93000,-0.09175,-0.66804,0.73814,normal
23.18000,-1.17778,-3.97889,6.79667,0.15567,-0.70928,0.88247,normal
23.20000,-1.62222,-2.80111,5.66333,0.40309,-0.75052,1.02680,normal
23.22000,1.75000,-3.70000,6.65000,0.65052,-0.79175,1.17113,normal
23.24000,0.71667,-0.59123,9.92807,1.46923,-0.51538,0.89231,normal
23.26000,0.38333,-0.02982,10.52456,1.40085,-0.54957,0.87521,normal
23.28000,0.05000,0.53158,11.12105,1.33248,-0.58376,0.85812,normal
23.30000,-0.28333,1.09298,11.71754,1.26410,-0.61795,0.84103,normal
23.32000,-0.61667,1.65439,12.31404,1.19573,-0.65214,0.82393,normal
23.34000,-0.95000,2.21579,12.91053,1.12735,-0.68632,0.80684,normal
23.36000,1.43333,-1.74286,8.52857,-0.87882,-1.27882,0.30000,normal
23.38000,1.21111,-0.88571,8.62381,-0.80824,-1.20824,0.30000,normal
23.40000,0.98889,-0.02857,8.71905,-0.73765,-1.13765,0.30000,normal
23.42000,-0.30000,0.50000,8.95000,-0.66706,-1.06706,0.30000,normal
23.44000,-0.98000,-0.40000,8.33000,-0.90000,-1.00000,0.40000,normal
23.46000,-0.71429,-0.74286,8.70714,-1.20000,-1.20000,0.40000,normal
23.48000,-1.00000,-0.80000,8.85000,-0.99821,-1.16607,0.66786,normal
23.50000,-1.28571,-0.85714,8.99286,-0.89107,-1.13036,0.73929,normal
23.52000,-2.20000,0.10000,9.80000,-0.90000,-1.30000,1.00000,normal
23.54000,-0.76304,-0.60000,9.12935,-0.65545,-1.28515,1.00000,normal
23.56000,-0.71957,-0.60000,9.28152,-0.59604,-1.26535,1.00000,normal
23.58000,-0.67609,-0.60000,9.43370,-0.53663,-1.24554,1.00000,normal
23.60000,-0.63261,-0.60000,9.58587,-0.47723,-1.22574,1.00000,normal
23.62000,0.00000,-2.52500,10.97500,-0.41782,-1.20594,1.00000,normal
23.64000,-2.52857,-2.95714,15.36190,0.45783,-0.03373,1.80843,normal
23.66000,-2.60000,-3.10000,14.76667,0.33735,-0.13012,1.83253,normal
23.68000,-2.67143,-3.24286,14.17143,0.21687,-0.22651,1.85663,normal
23.70000,-2.74286,-3.38571,13.57619,0.09639,-0.32289,1.88072,normal
23.72000,-0.25000,-5.10000,11.80000,0.70000,-0.25000,1.90000,normal
23.74000,-0.72340,-3.44255,11.67447,0.50727,-0.13091,1.98455,normal
23.76000,-0.63830,-3.37872,11.31277,0.39818,-0.16727,1.96636,normal
23.78000,-0.55319,-3.31489,10.95106,0.28909,-0.20364,1.94818,normal
23.80000,-0.46809,-3.25106,10.58936,0.18000,-0.24000,1.93000,normal
23.82000,0.47500,-3.95000,8.07500,0.07091,-0.27636,1.91182,normal
23.84000,1.80375,-1.29375,8.30500,-0.03571,-0.40000,1.65714,normal
23.86000,1.87875,-1.16875,8.40500,0.45652,-0.09130,1.61739,normal
23.88000,1.95375,-1.04375,8.50500,0.31159,-0.06232,1.67536,normal
23.90000,2.02875,-0.91875,8.60500,0.16667,-0.03333,1.73333,normal
23.92000,1.90000,-1.40000,8.60000,0.02174,-0.00435,1.79130,normal
23.94000,-1.75714,-4.21429,8.01429,-0.74608,0.40000,2.10000,normal
23.96000,-1.98163,-4.37755,7.89184,-0.64804,0.40000,2.10000,normal
23.98000,-2.20612,-4.54082,7.76939,-0.55000,0.40000,2.10000,normal
24.00000,-2.43061,-4.70408,7.64694,-0.45196,0.40000,2.10000,normal
24.02000,-2.65510,-4.86735,7.52449,-0.35392,0.40000,2.10000,normal
24.04000,-0.98101,-1.19241,9.64304,1.10000,-0.30000,0.80000,normal
24.06000,-0.85443,-1.14177,9.26329,1.07368,-0.22105,0.80000,normal
24.08000,-0.72785,-1.09114,8.88354,1.04737,-0.14211,0.80000,normal
24.10000,-0.60127,-1.04051,8.50380,1.02105,-0.06316,0.80000,normal
24.12000,-2.35000,-3.35000,7.80000,2.00000,0.90000,1.10000,normal
24.14000,-3.22935,1.34783,9.83261,2.60893,1.40000,0.90000,normal
24.16000,-3.38152,1.52174,10.22391,2.50179,1.40000,0.90000,normal
24.18000,-3.53370,1.69565,10.61522,2.39464,1.40000,0.90000,normal
24.20000,-3.68587,1.86957,11.00652,2.28750,1.40000,0.90000,normal
24.22000,-3.87143,1.83333,11.18095,2.18036,1.40000,0.90000,normal
24.24000,-1.60000,-1.20000,10.80000,1.68333,1.31667,1.02500,normal
24.26000,-0.83108,0.33919,11.23108,0.26571,0.60000,1.00000,normal
24.28000,-1.07432,0.90676,11.47432,0.18000,0.60000,1.00000,normal
24.30000,-1.31757,1.47432,11.71757,0.09429,0.60000,1.00000,normal
24.32000,-3.10000,0.60000,9.10000,0.00857,0.60000,1.00000,normal
24.34000,-3.45455,0.65909,9.01364,-0.10000,0.60000,0.60000,normal
24.36000,-3.54545,0.59091,9.03636,-0.10000,0.60000,0.60000,normal
24.38000,-3.63636,0.52273,9.05909,-0.10000,0.60000,0.60000,normal
24.40000,-3.72727,0.45455,9.08182,-0.10000,0.60000,0.60000,normal
24.42000,-3.55000,0.05000,9.35000,-0.10000,0.60000,0.60000,normal
24.44000,-3.77391,1.26630,10.06304,0.04157,0.37079,0.40000,normal
24.46000,-3.86087,1.46196,10.01957,-0.04831,0.32584,0.40000,normal
24.48000,-3.94783,1.65761,9.97609,-0.13820,0.28090,0.40000,normal
24.50000,-4.03478,1.85326,9.93261,-0.22809,0.23596,0.40000,normal
24.52000,-3.50000,0.60000,8.60000,-0.80000,-0.25000,0.30000,normal
24.54000,-2.91935,-0.51613,7.56452,-0.93628,-0.38407,0.20000,normal
24.56000,-2.94086,-0.64516,7.41398,-0.86549,-0.36637,0.20000,normal
24.58000,-2.96237,-0.77419,7.26344,-0.79469,-0.34867,0.20000,normal
24.60000,-2.98387,-0.90323,7.11290,-0.72389,-0.33097,0.20000,normal
24.62000,-3.10526,-0.86842,7.13158,-0.65310,-0.31327,0.20000,normal
24.64000,-2.50000,-0.65000,8.10000,-0.36923,-0.26154,0.16154,normal
24.66000,-2.26867,-0.43976,9.02048,0.60946,-0.20000,-0.00946,normal
24.68000,-2.34096,-0.27108,9.35783,0.63649,-0.20000,-0.03649,normal
24.70000,-2.41325,-0.10241,9.69518,0.66351,-0.20000,-0.06351,normal
24.72000,-2.48554,0.06627,10.03253,0.69054,-0.20000,-0.09054,normal
24.74000,-1.41099,-1.07692,8.50000,-0.28588,-0.49529,-0.30000,normal
24.76000,-1.43297,-1.23077,8.50000,-0.14471,-0.44824,-0.30000,normal
24.78000,-1.45495,-1.38462,8.50000,-0.00353,-0.40118,-0.30000,normal
24.80000,-1.47692,-1.53846,8.50000,0.13765,-0.35412,-0.30000,normal
24.82000,-1.49890,-1.69231,8.50000,0.27882,-0.30706,-0.30000,normal
24.84000,-1.79310,2.27241,9.71379,0.75833,0.02083,-0.43125,normal
24.86000,-1.44828,2.89310,9.73678,0.67500,0.06250,-0.49375,normal
24.88000,-1.10345,3.51379,9.75977,0.59167,0.10417,-0.55625,normal
24.90000,-0.75862,4.13448,9.78276,0.50833,0.14583,-0.61875,normal
24.92000,-0.80000,1.30000,10.40000,0.42500,0.18750,-0.68125,normal
24.94000,-1.28286,0.98286,10.31429,-0.50000,0.60000,-0.60000,normal
24.96000,-1.26381,0.96381,10.21905,-0.76552,0.70000,-0.47816,normal
24.98000,-1.24476,0.94476,10.12381,-0.83448,0.70000,-0.45517,normal
25.00000,-1.22571,0.92571,10.02857,-0.90345,0.70000,-0.43218,normal
25.02000,-1.20667,0.90667,9.93333,-0.97241,0.70000,-0.40920,normal
25.04000,-2.14444,-2.38519,7.07778,-0.79268,1.10488,-0.10000,normal
25.06000,-2.29259,-2.33580,7.00370,-0.71951,1.15366,-0.10000,normal
25.08000,-2.44074,-2.28642,6.92963,-0.64634,1.20244,-0.10000,normal
25.10000,-2.58889,-2.23704,6.85556,-0.57317,1.25122,-0.10000,normal
25.12000,-4.70000,-0.75000,7.30000,-0.50000,1.30000,-0.10000,normal
25.14000,-7.02174,-1.82609,9.69239,0.50000,2.10000,-0.08427,normal
25.16000,-7.28261,-1.73913,9.80109,0.50000,2.10000,-0.06180,normal
25.18000,-7.54348,-1.65217,9.90978,0.50000,2.10000,-0.03933,normal
25.20000,-7.80435,-1.56522,10.01848,0.50000,2.10000,-0.01685,normal
25.22000,-6.75000,0.35000,5.60000,0.35714,1.88571,0.28571,normal
25.24000,-6.54043,-0.68191,3.85532,-0.94747,1.32626,0.22626,normal
25.26000,-6.58298,-0.87340,3.38723,-0.86667,1.36667,0.26667,normal
25.28000,-6.62553,-1.06489,2.91915,-0.78586,1.40707,0.30707,normal
25.30000,-6.66809,-1.25638,2.45106,-0.70505,1.44747,0.34747,normal
25.32000,-11.50000,-2.70000,4.00000,-0.62424,1.48788,0.38788,normal
25.34000,-11.57727,0.92273,5.92273,0.30000,1.80000,0.60000,normal
25.36000,-11.30455,1.19545,6.19545,1.39394,0.73636,0.65758,normal
25.38000,-11.03182,1.46818,6.46818,1.09091,0.55455,0.53636,normal
25.40000,-10.75909,1.74091,6.74091,0.78788,0.37273,0.41515,normal
25.42000,-10.90000,-0.20000,8.60000,0.10000,0.20000,0.20000,normal
25.44000,-11.06703,1.69231,4.87143,-3.02921,-0.52360,-0.52360,normal
25.46000,-11.02308,0.61538,4.30000,-2.82697,-0.59101,-0.59101,normal
25.48000,-10.97912,-0.46154,3.72857,-2.62472,-0.65843,-0.65843,normal
25.50000,-10.93516,-1.53846,3.15714,-2.42247,-0.72584,-0.72584,normal
25.52000,-5.18750,-3.57500,6.93750,-2.22022,-0.79326,-0.79326,normal
25.54000,-7.26471,-3.37059,5.87647,-0.25769,-0.81058,-0.58942,normal
25.56000,-7.20588,-2.82157,6.17059,-0.18077,-0.82981,-0.57019,normal
25.58000,-7.14706,-2.27255,6.46471,-0.10385,-0.84904,-0.55096,normal
25.60000,-7.08824,-1.72353,6.75882,-0.02692,-0.86827,-0.53173,normal
25.62000,-7.02941,-1.17451,7.05294,0.05000,-0.88750,-0.51250,normal
25.64000,-6.49351,-2.31169,6.61948,0.20000,-1.00000,-0.60000,normal
25.66000,-6.36364,-2.54545,7.00909,0.26897,-1.02299,-0.60000,normal
25.68000,-6.23377,-2.77922,7.39870,0.33793,-1.04598,-0.60000,normal
25.70000,-6.10390,-3.01299,7.78831,0.40690,-1.06897,-0.60000,normal
25.72000,-5.81667,-0.25833,8.82500,0.47586,-1.09195,-0.60000,normal
25.74000,-4.01098,-3.25122,6.96707,0.29231,-0.76154,0.00769,normal
25.76000,-4.32805,-3.39756,8.01585,0.76800,-1.06267,0.37467,normal
25.78000,-4.64512,-3.54390,9.06463,1.00800,-1.00933,0.48133,normal
25.80000,-4.96220,-3.69024,10.11341,1.24800,-0.95600,0.58800,normal
25.82000,-5.10000,-0.90000,8.40000,1.48800,-0.90267,0.69467,normal
25.84000,-4.95227,-1.81477,8.48523,-0.11059,-0.27882,0.28941,normal
25.86000,-4.72500,-1.83750,8.46250,-0.13412,-0.23176,0.26588,normal
25.88000,-4.49773,-1.86023,8.43977,-0.15765,-0.18471,0.24235,normal
25.90000,-4.27045,-1.88295,8.41705,-0.18118,-0.13765,0.21882,normal
25.92000,-5.10000,-1.60000,8.40000,-1.00000,0.35000,-0.00000,normal
25.94000,-5.37742,-3.20968,7.62258,-1.17959,0.58163,0.01020,normal
25.96000,-5.46344,-3.55376,7.53656,-0.93469,0.56122,0.13265,normal
25.98000,-5.54946,-3.89785,7.45054,-0.68980,0.54082,0.25510,normal
26.00000,-5.63548,-4.24194,7.36452,-0.44490,0.52041,0.37755,normal
26.02000,-5.20000,-2.16667,7.88333,-0.20000,0.50000,0.50000,normal
26.04000,-4.29091,-3.85455,6.90000,0.04500,-0.11800,0.09100,normal
26.06000,-4.56364,-4.21818,6.90000,0.14500,-0.15800,0.07100,normal
26.08000,-4.83636,-4.58182,6.90000,0.24500,-0.19800,0.05100,normal
26.10000,-5.10909,-4.94545,6.90000,0.34500,-0.23800,0.03100,normal
26.12000,-3.93333,-4.46667,3.06667,0.44500,-0.27800,0.01100,normal
26.14000,2.98235,0.08235,2.50000,2.38182,-0.91818,0.22727,normal
26.16000,3.54706,-0.55294,2.10000,2.35068,-1.72740,-0.49589,normal
26.18000,4.11176,-1.18824,1.70000,1.99452,-1.48082,-0.63288,normal
26.20000,4.67647,-1.82353,1.30000,1.63836,-1.23425,-0.76986,normal
26.22000,-1.04000,0.10000,12.84000,1.40000,-0.80000,-1.25000,normal
26.24000,-2.38333,1.81667,12.20000,-0.81000,-1.11222,-0.63667,normal
26.26000,-2.09444,1.30556,11.66667,-1.01000,-1.13444,-0.70333,normal
26.28000,-1.80556,0.79444,11.13333,-1.21000,-1.15667,-0.77000,normal
26.30000,-1.51667,0.28333,10.60000,-1.41000,-1.17889,-0.83667,normal
26.32000,-1.70000,-0.10000,10.40000,-1.55000,-1.10000,-0.95000,normal
26.34000,-2.15000,1.63333,9.21667,-0.70000,-0.39146,-0.81707,normal
26.36000,-2.21667,1.41111,9.10556,-0.70000,-0.36707,-0.86585,normal
26.38000,-2.28333,1.18889,8.99444,-0.70000,-0.34268,-0.91463,normal
26.40000,-2.35000,0.96667,8.88333,-0.70000,-0.31829,-0.96341,normal
26.42000,-3.20000,0.20000,9.60000,-0.10000,0.00000,-0.80000,normal
26.44000,-3.34043,-0.06064,9.43936,0.01593,-0.08407,-0.58407,normal
26.46000,-3.38298,-0.12447,9.37553,0.03363,-0.06637,-0.56637,normal
26.48000,-3.42553,-0.18830,9.31170,0.05133,-0.04867,-0.54867,normal
26.50000,-3.46809,-0.25213,9.24787,0.06903,-0.03097,-0.53097,normal
26.52000,-3.75000,0.30000,8.65000,0.08673,-0.01327,-0.51327,normal
26.54000,-6.18889,-2.35556,8.53333,0.07273,0.00000,-0.21818,normal
26.56000,-7.01622,-2.06351,8.75405,0.48784,0.74865,0.63649,normal
26.58000,-7.66486,-1.60405,8.91622,0.46081,0.85676,0.71757,normal
26.60000,-8.31351,-1.14459,9.07838,0.43378,0.96486,0.79865,normal
26.62000,-9.77500,2.43750,9.65000,0.40676,1.07297,0.87973,normal
26.64000,-11.49412,-2.60588,3.47647,-2.70000,1.40000,2.20000,normal
26.66000,-11.68235,-2.41765,3.42941,-2.62308,1.50256,2.20000,normal
26.68000,-11.87059,-2.22941,3.38235,-2.54615,1.60513,2.20000,normal
26.70000,-12.05882,-2.04118,3.33529,-2.46923,1.70769,2.20000,normal
26.72000,-10.10000,-8.40000,9.50000,-2.30000,1.93333,2.03333,normal
26.74000,-3.41304,17.09565,9.61304,4.11978,-0.71538,-0.01209,normal
26.76000,-2.80435,14.96522,10.00435,3.06484,-0.56154,-0.03407,normal
26.78000,-2.19565,12.83478,10.39565,2.00989,-0.40769,-0.05604,normal
26.80000,-1.58696,10.70435,10.78696,0.95495,-0.25385,-0.07802,normal
26.82000,-5.50000,-2.30000,7.20000,-0.10000,-0.10000,-0.10000,normal
26.84000,-4.75618,-1.71011,7.97416,0.00000,0.20000,-0.08785,normal
26.86000,-5.40787,-1.86742,7.79438,0.00000,0.20000,-0.06916,normal
26.88000,-6.05955,-2.02472,7.61461,0.00000,0.20000,-0.05047,normal
26.90000,-6.71124,-2.18202,7.43483,0.00000,0.20000,-0.03178,normal
26.92000,-6.61667,-2.05000,7.46667,0.00000,0.20000,-0.01308,normal
26.94000,-6.10000,-2.30000,7.90000,0.00000,0.14419,-0.01395,normal
26.96000,-5.86087,-2.25652,7.94348,0.00000,-0.04186,-0.06047,normal
26.98000,-5.62174,-2.21304,7.98696,-0.13750,-0.10000,0.01250,normal
27.00000,-5.38261,-2.16957,8.03043,-0.57692,-0.22308,0.07692,normal
27.02000,-5.14348,-2.12609,8.07391,-0.53846,-0.26154,0.03846,normal
27.04000,-5.60000,-1.85000,7.47500,-0.50000,-0.30000,0.00000,normal
27.06000,-6.19855,-2.12174,6.54058,-0.15075,-0.33284,-0.01642,normal
27.08000,-6.05362,-2.29565,6.59855,-0.06119,-0.39254,-0.04627,normal
27.10000,-5.90870,-2.46957,6.65652,0.02836,-0.45224,-0.07612,normal
27.12000,-4.50000,-1.80000,8.10000,0.70000,-0.75000,-0.15000,normal
27.14000,-4.63871,-1.34516,8.46129,0.55046,-0.80000,-0.16697,normal
27.16000,-4.68172,-1.17312,8.41828,0.49541,-0.80000,-0.13028,normal
27.18000,-4.72473,-1.00108,8.37527,0.44037,-0.80000,-0.09358,normal
27.20000,-4.76774,-0.82903,8.33226,0.38532,-0.80000,-0.05688,normal
27.22000,-4.01429,-1.54286,8.95714,0.33028,-0.80000,-0.02018,normal
27.24000,-4.17159,-2.01250,8.74432,-0.96585,-0.88537,-0.00488,normal
27.26000,-3.51250,-3.26250,8.81250,-0.62439,-0.73902,-0.05366,normal
27.28000,-2.85341,-4.51250,8.88068,-0.28293,-0.59268,-0.10244,normal
27.30000,-2.19432,-5.76250,8.94886,0.05854,-0.44634,-0.15122,normal
27.32000,-4.58000,-0.36000,10.00000,0.40000,-0.30000,-0.20000,normal
27.34000,-3.53146,-2.05843,8.90000,-0.56022,0.00000,0.57527,normal
27.36000,-3.57640,-1.85618,8.90000,-0.64624,0.00000,0.68280,normal
27.38000,-3.62135,-1.65393,8.90000,-0.73226,0.00000,0.79032,normal
27.40000,-3.66629,-1.45169,8.90000,-0.81828,0.00000,0.89785,normal
27.42000,-5.00000,2.20000,9.60000,-2.30000,0.00000,1.35000,normal
27.44000,-5.40000,-1.58333,8.46667,-0.06842,0.56842,0.88421,normal
27.46000,-5.00000,-2.22778,8.82222,-0.02632,0.52632,0.86316,normal
27.48000,-4.60000,-2.87222,9.17778,0.01579,0.48421,0.84211,normal
27.50000,-4.20000,-3.51667,9.53333,0.05789,0.44211,0.82105,normal
27.52000,-4.90000,-1.51667,8.65000,0.10000,0.40000,0.80000,normal
27.54000,-4.89659,-1.63636,7.05909,0.07547,0.68774,0.85094,normal
27.56000,-4.73750,-2.00000,7.15000,0.03774,0.66887,0.77547,normal
27.58000,-4.57841,-2.36364,7.24091,-0.00000,0.65000,0.70000,normal
27.60000,-4.41932,-2.72727,7.33182,-0.03774,0.63113,0.62453,normal
27.62000,-5.46250,-2.11250,9.16250,-0.07547,0.61226,0.54906,normal
27.64000,-1.75570,-4.78228,8.43544,-0.70000,-0.60000,0.00000,normal
27.66000,-0.86962,-4.42785,7.14430,0.24545,-1.27273,0.31212,normal
27.68000,0.01646,-4.07342,5.85316,0.60909,-1.45455,0.34242,normal
27.70000,0.90253,-3.71899,4.56203,0.97273,-1.63636,0.37273,normal
27.72000,4.40000,-4.60000,-2.50000,1.70000,-1.30000,-0.50000,normal
27.74000,0.68913,-3.90761,13.35217,0.65464,-1.04742,-1.83505,normal
27.76000,0.55870,-3.79891,13.17826,0.36598,-0.98557,-1.87629,normal
27.78000,0.42826,-3.69022,13.00435,0.07732,-0.92371,-1.91753,normal
27.80000,0.29783,-3.58152,12.83043,-0.21134,-0.86186,-1.95876,normal
27.82000,-1.90000,0.70000,8.20000,-0.50000,-0.80000,-2.00000,normal
27.84000,-1.04516,1.54194,8.12581,-1.53000,-0.76000,-1.56000,normal
27.86000,-0.87312,1.47742,7.93226,-1.37444,-0.67111,-1.47111,normal
27.88000,-0.70108,1.41290,7.73871,-1.21889,-0.58222,-1.38222,normal
27.90000,-0.52903,1.34839,7.54516,-1.06333,-0.49333,-1.29333,normal
27.92000,-4.95714,0.44286,9.40000,-0.90778,-0.40444,-1.20444,normal
27.94000,-6.85568,2.88182,9.79318,1.77524,0.71238,0.96190,normal
27.96000,-6.78750,2.70000,9.47500,1.73714,0.73143,1.05714,normal
27.98000,-6.71932,2.51818,9.15682,1.69905,0.75048,1.15238,normal
28.00000,-6.65114,2.33636,8.83864,1.66095,0.76952,1.24762,normal
28.02000,-16.13333,1.30000,15.83333,1.62286,0.78857,1.34286,normal
28.04000,-6.38462,-3.71154,2.14231,-0.62727,-0.62727,1.03636,normal
28.06000,-6.28205,-3.78846,5.75769,-0.85652,-1.81304,0.26957,normal
28.08000,-6.17949,-3.86538,9.37308,-0.76957,-1.63913,0.00870,normal
28.10000,-6.07692,-3.94231,12.98846,-0.68261,-1.46522,-0.25217,normal
28.12000,-5.10000,4.10000,9.90000,-0.10000,-0.50000,-0.20000,normal
28.14000,-2.90000,-3.45000,8.31667,-0.76854,-1.30000,-0.48539,normal
28.16000,-2.36667,-2.85000,8.73889,-0.56629,-1.30000,-0.46292,normal
28.18000,-1.83333,-2.25000,9.16111,-0.36404,-1.30000,-0.44045,normal
28.20000,-1.30000,-1.65000,9.58333,-0.16180,-1.30000,-0.41798,normal
28.22000,-1.60000,-0.70000,12.00000,1.40000,-0.35000,-0.45000,normal
28.24000,-1.68085,0.93511,10.21809,0.64742,-0.18247,-0.36495,normal
28.26000,-1.76596,0.44574,10.02660,0.58557,-0.16186,-0.32371,normal
28.28000,-1.85106,-0.04362,9.83511,0.52371,-0.14124,-0.28247,normal
28.30000,-1.93617,-0.53298,9.64362,0.46186,-0.12062,-0.24124,normal
28.32000,-1.78571,-0.18571,9.78571,0.40000,-0.10000,-0.20000,normal
28.34000,-1.62273,0.65682,10.24773,-1.38224,-0.21215,0.76355,normal
28.36000,-1.35000,-0.02500,10.47500,-1.66262,-0.23084,0.70748,normal
28.38000,-1.07727,-0.70682,10.70227,-1.94299,-0.24953,0.65140,normal
28.40000,-0.80455,-1.38864,10.92955,-2.22336,-0.26822,0.59533,normal
28.42000,-1.80000,1.46667,10.90000,-2.50374,-0.28692,0.53925,normal
28.44000,-1.52530,-2.34578,7.43133,-0.06364,0.28182,0.30000,normal
28.46000,-1.83855,-1.96024,8.00964,-0.08750,0.50000,0.12813,normal
28.48000,-2.15181,-1.57470,8.58795,0.16250,0.50000,0.19062,normal
28.50000,-2.46506,-1.18916,9.16627,0.41250,0.50000,0.25312,normal
28.52000,-2.10000,-1.60000,9.60000,-0.80000,0.00000,0.20000,normal
28.54000,-2.39194,-1.08468,9.13871,-0.95680,-0.11440,0.11440,normal
28.56000,-2.48871,-1.06855,9.07419,-0.90880,-0.13040,0.13040,normal
28.58000,-2.58548,-1.05242,9.00968,-0.86080,-0.14640,0.14640,normal
28.60000,-2.68226,-1.03629,8.94516,-0.81280,-0.16240,0.16240,normal
28.62000,-2.77903,-1.02016,8.88065,-0.76480,-0.17840,0.17840,normal
28.64000,-2.87581,-1.00403,8.81613,-0.71680,-0.19440,0.19440,normal
28.66000,-1.96563,-2.11406,9.26563,-0.28065,-0.60484,0.30968,normal
28.68000,-2.15313,-1.58281,9.45313,-0.15161,-0.63710,0.37419,normal
28.70000,-2.34063,-1.05156,9.64063,-0.02258,-0.66935,0.43871,normal
28.72000,-0.70000,-2.80000,8.00000,0.08333,-0.75000,0.51667,normal
28.74000,-0.48750,-0.79773,9.06591,0.62784,-1.89072,0.81856,normal
28.76000,-0.73750,-0.66136,9.02045,0.68969,-1.87010,0.85979,normal
28.78000,-0.98750,-0.52500,8.97500,0.75155,-1.84948,0.90103,normal
28.80000,-1.23750,-0.38864,8.92955,0.81340,-1.82887,0.94227,normal
28.82000,-1.05000,-0.09000,8.97000,0.87526,-1.80825,0.98351,normal
28.84000,1.21852,0.22593,9.80370,1.66667,-1.80000,0.73333,normal
28.86000,1.61358,0.64568,10.14938,2.00000,-1.77534,0.77534,normal
28.88000,2.00864,1.06543,10.49506,2.00000,-1.74795,0.74795,normal
28.90000,2.40370,1.48519,10.84074,2.00000,-1.72055,0.72055,normal
28.92000,2.40000,4.30000,10.80000,1.65000,-1.00000,0.85000,normal
28.94000,3.20968,1.77097,10.08710,0.87021,-0.18511,0.44468,normal
28.96000,2.88710,1.40538,9.85054,0.82766,-0.16383,0.50851,normal
28.98000,2.56452,1.03978,9.61398,0.78511,-0.14255,0.57234,normal
29.00000,2.24194,0.67419,9.37742,0.74255,-0.12128,0.63617,normal
29.02000,2.16667,1.98333,9.20000,0.70000,-0.10000,0.70000,normal
29.04000,2.94468,1.44894,10.46596,-0.34468,0.91383,0.81383,normal
29.06000,3.00851,0.66170,10.27447,-0.25957,0.93511,0.83511,normal
29.08000,3.07234,-0.12553,10.08298,-0.17447,0.95638,0.85638,normal
29.10000,3.13617,-0.91277,9.89149,-0.08936,0.97766,0.87766,normal
29.12000,3.20000,-1.70000,9.70000,-0.00426,0.99894,0.89894,normal
29.14000,0.53191,4.60319,9.34043,0.32727,0.06364,1.48182,normal
29.16000,1.04255,4.45426,8.78723,0.16566,-0.01717,1.44141,normal
29.18000,1.55319,4.30532,8.23404,0.00404,-0.09798,1.40101,normal
29.20000,2.06383,4.15638,7.68085,-0.15758,-0.17879,1.36061,normal
29.22000,2.57447,4.00745,7.12766,-0.31919,-0.25960,1.32020,normal
29.24000,2.46456,2.59494,7.24937,-0.50000,-0.90000,1.55000,normal
29.26000,2.28734,0.56962,6.99620,1.37333,-0.93467,1.52267,normal
29.28000,2.11013,-1.45570,6.74304,0.84000,-1.22800,1.17600,normal
29.30000,1.93291,-3.48101,6.48987,0.30667,-1.52133,0.82933,normal
29.32000,6.78000,5.10000,10.50000,-0.40000,-2.20000,0.40000,normal
29.34000,6.32368,1.83947,8.36053,-2.70708,-1.87345,-0.31327,normal
29.36000,6.62193,1.89211,8.30789,-2.58319,-1.83805,-0.33097,normal
29.38000,6.92018,1.94474,8.25526,-2.45929,-1.80265,-0.34867,normal
29.40000,7.21842,1.99737,8.20263,-2.33540,-1.76726,-0.36637,normal
29.42000,7.51667,2.05000,8.15000,-2.21150,-1.73186,-0.38407,normal
29.44000,7.30000,2.95000,7.90000,-1.20000,-1.22000,0.16000,normal
29.46000,5.68767,7.66164,7.06575,-1.40843,-0.82169,0.66506,normal
29.48000,5.79726,7.11370,7.14795,-1.64940,-0.86988,0.80964,normal
29.50000,5.90685,6.56575,7.23014,-1.89036,-0.91807,0.95422,normal
29.52000,5.80000,3.20000,8.60000,-2.13133,-0.96627,1.09880,normal
29.54000,6.00000,-5.30000,8.50000,-3.70000,-1.80000,2.90000,normal
29.56000,6.00000,-5.40959,8.08904,-2.28387,-1.36129,2.76129,normal
29.58000,6.00000,-5.51918,7.67808,-1.89677,-1.23226,2.63226,normal
29.60000,6.00000,-5.62877,7.26712,-1.50968,-1.10323,2.50323,normal
29.62000,5.72828,-4.23131,7.88081,-0.56000,-0.84000,2.08000,normal
29.64000,5.86970,-3.88788,8.28485,0.75368,-0.36421,1.56421,normal
29.66000,6.01111,-3.54444,8.68889,0.81684,-0.32211,1.52211,normal
29.68000,6.15253,-3.20101,9.09293,0.88000,-0.28000,1.48000,normal
29.70000,6.29394,-2.85758,9.49697,0.94316,-0.23789,1.43789,normal
29.72000,3.58000,-7.08000,7.78000,0.10000,-0.10000,1.30000,normal
29.74000,3.58804,-6.41848,5.57174,0.93765,-0.37176,1.80941,normal
29.76000,3.30543,-6.30978,5.26739,1.03176,-0.30118,1.83294,normal
29.78000,3.02283,-6.20109,4.96304,1.12588,-0.23059,1.85647,normal
29.80000,2.74022,-6.09239,4.65870,1.22000,-0.16000,1.88000,normal
29.82000,1.30000,-4.40000,4.20000,2.40000,0.50000,1.80000,normal
29.84000,-0.41087,-5.09239,6.69239,1.97835,1.01443,1.59278,normal
29.86000,-0.54130,-5.20109,6.80109,1.91649,1.05567,1.57216,normal
29.88000,-0.67174,-5.30978,6.90978,1.85464,1.09691,1.55155,normal
29.90000,-0.80217,-5.41848,7.01848,1.79278,1.13814,1.53093,normal
29.92000,0.80000,1.50000,13.20000,1.73093,1.17938,1.51031,normal
29.94000,7.07723,2.99802,11.61089,2.71429,-0.84286,0.05714,normal
29.96000,5.82970,2.10693,11.51188,1.90370,-0.32222,0.32099,normal
29.98000,4.58218,1.21584,11.41287,1.53333,-0.10000,0.22222,normal
30.00000,3.33465,0.32475,11.31386,1.16296,0.12222,0.12346,normal
30.02000,2.08713,-0.56634,11.21485,0.79259,0.34444,0.02469,normal
30.04000,1.22941,-1.45176,9.60353,0.87907,0.09302,-0.20000,normal
30.06000,1.46471,-1.54588,9.79176,0.80930,0.06977,-0.20000,normal
30.08000,1.70000,-1.64000,9.98000,0.73953,0.04651,-0.20000,normal
30.10000,1.93529,-1.73412,10.16824,0.66977,0.02326,-0.20000,normal
30.12000,2.78571,-1.62857,11.75714,0.60000,0.00000,-0.20000,normal
30.14000,2.73708,-3.46292,6.56742,-0.03708,-0.10000,0.10000,normal
30.16000,2.64719,-3.55281,6.94944,0.05281,-0.10000,0.10000,normal
30.18000,2.55730,-3.64270,7.33146,0.14270,-0.10000,0.10000,normal
30.20000,2.46742,-3.73258,7.71348,0.23258,-0.10000,0.10000,normal
30.22000,3.60000,-2.30000,8.10000,0.71667,-0.18333,0.18333,normal
30.24000,3.13871,-3.42796,8.64731,0.83853,0.00000,0.22569,normal
30.26000,3.07419,-2.82581,9.01290,0.89358,0.00000,0.26239,normal
30.28000,3.00968,-2.22366,9.37849,0.94862,0.00000,0.29908,normal
30.30000,2.94516,-1.62151,9.74409,1.00367,0.00000,0.33578,normal
30.32000,2.40000,-1.90000,9.66667,1.05872,0.00000,0.37248,normal
30.34000,2.90263,-1.41316,10.07895,0.40000,-0.10000,0.50000,normal
30.36000,2.92895,-1.54474,9.86842,0.37059,0.01471,0.60000,normal
30.38000,2.95526,-1.67632,9.65789,0.31176,0.04412,0.60000,normal
30.40000,2.98158,-1.80789,9.44737,0.25294,0.07353,0.60000,normal
30.42000,3.26000,-1.58000,9.70000,0.40000,0.20000,0.70000,normal
30.44000,2.73556,-2.26444,9.22889,0.41379,0.51379,0.92759,normal
30.46000,2.78000,-2.22000,9.14000,0.43678,0.53678,0.97356,normal
30.48000,2.82444,-2.17556,9.05111,0.45977,0.55977,1.01954,normal
30.50000,2.86889,-2.13111,8.96222,0.48276,0.58276,1.06552,normal
30.52000,1.80000,-1.55000,10.40000,0.57143,0.67143,1.31429,normal
30.54000,1.96000,-1.54000,10.60000,0.46733,0.57822,1.90000,normal
30.56000,2.12842,-1.58211,10.60000,0.40792,0.53861,1.90000,normal
30.58000,2.29684,-1.62421,10.60000,0.34851,0.49901,1.90000,normal
30.60000,2.46526,-1.66632,10.60000,0.28911,0.45941,1.90000,normal
30.62000,2.78667,-1.91333,10.65333,0.22970,0.41980,1.90000,normal
30.64000,4.54103,-5.66923,9.70256,0.61596,-0.69681,1.18404,normal
30.66000,4.74615,-5.51538,9.21538,0.72234,-0.67553,1.07766,normal
30.68000,4.95128,-5.36154,8.72821,0.82872,-0.65426,0.97128,normal
30.70000,5.15641,-5.20769,8.24103,0.93511,-0.63298,0.86489,normal
30.72000,3.33333,-3.16667,8.56667,1.04149,-0.61170,0.75851,normal
30.74000,1.91053,2.04474,8.33684,2.27273,-0.41818,0.11818,normal
30.76000,2.01579,0.49211,7.70526,-0.80986,-0.52817,-0.55493,normal
30.78000,2.12105,-1.06053,7.07368,-1.42958,-0.58451,-0.86479,normal
30.80000,2.22632,-2.61316,6.44211,-2.04930,-0.64085,-1.17465,normal
30.82000,4.20000,-2.85000,6.45000,-2.66901,-0.69718,-1.48451,normal
30.84000,3.73182,0.72727,6.75227,-0.42410,0.41807,-2.19398,normal
30.86000,3.77727,0.90909,6.68409,-0.52048,0.49036,-2.16988,normal
30.88000,3.82273,1.09091,6.61591,-0.61687,0.56265,-2.14578,normal
30.90000,3.86818,1.27273,6.54773,-0.71325,0.63494,-2.12169,normal
30.92000,2.54000,-0.18000,6.04000,-1.40000,1.00000,-1.80000,normal
30.94000,0.89130,0.03478,6.03043,-1.02187,2.36250,-0.83750,normal
30.96000,0.63043,0.07826,5.94348,-0.91771,2.44583,-0.75417,normal
30.98000,0.36957,0.12174,5.85652,-0.81354,2.52917,-0.67083,normal
31.00000,0.10870,0.16522,5.76957,-0.70938,2.61250,-0.58750,normal
31.02000,-2.20000,1.80000,5.90000,-0.60521,2.69583,-0.50417,normal
31.04000,-4.97931,2.57471,4.61494,0.85149,3.80000,1.09010,normal
31.06000,-5.25517,2.68966,4.63793,0.93069,3.80000,1.22871,normal
31.08000,-5.53103,2.80460,4.66092,1.00990,3.80000,1.36733,normal
31.10000,-5.80690,2.91954,4.68391,1.08911,3.80000,1.50594,normal
31.12000,-8.65000,2.40000,5.95000,1.16832,3.80000,1.64455,normal
31.14000,-12.09425,3.37471,9.27011,2.30000,4.40000,1.70000,normal
31.16000,-12.39310,3.48966,9.22414,1.76316,4.23421,1.52368,normal
31.18000,-12.69195,3.60460,9.17816,1.50000,4.05000,1.55000,normal
31.20000,-12.99080,3.71954,9.13218,1.23684,3.86579,1.57632,normal
31.22000,-13.80000,-2.30000,6.90000,0.30000,2.90000,1.20000,normal
31.24000,-9.38333,-3.26667,16.96667,-2.62727,-0.97727,-0.89091,normal
31.26000,-10.69444,-4.15556,13.18889,-2.17273,-0.77273,-0.70909,normal
31.28000,-12.00556,-5.04444,9.41111,-1.71818,-0.56818,-0.52727,normal
31.30000,-13.31667,-5.93333,5.63333,-1.26364,-0.36364,-0.34545,normal
31.32000,-17.00000,2.80000,2.80000,-0.30000,-0.90000,-1.20000,normal
31.34000,-13.94565,0.21087,4.07391,-0.89239,-1.96630,-1.54022,normal
31.36000,-10.66304,-0.33261,6.37826,-1.00109,-2.16196,-1.82283,normal
31.38000,-7.38043,-0.87609,8.68261,-1.10978,-2.35761,-2.10543,normal
31.40000,-4.09783,-1.41957,10.98696,-1.21848,-2.55326,-2.38804,normal
31.42000,-6.85000,-1.95000,7.65000,-0.71667,-1.78333,-1.76667,normal
31.44000,-4.51398,-1.37527,7.40860,-0.18762,-1.18762,-0.27524,normal
31.46000,-4.21290,-1.13871,7.83871,-0.16857,-1.16857,-0.23714,normal
31.48000,-3.91183,-0.90215,8.26882,-0.14952,-1.14952,-0.19905,normal
31.50000,-3.61075,-0.66559,8.69892,-0.13048,-1.13048,-0.16095,normal
31.52000,-4.54211,-0.23684,9.32632,-0.11143,-1.11143,-0.12286,normal
31.54000,-3.55263,-0.22368,9.37632,0.60000,-0.85333,0.00667,normal
31.56000,-3.07895,-0.46053,10.13947,0.11184,-0.26447,0.31184,normal
31.58000,-2.60526,-0.69737,10.90263,0.13816,-0.18553,0.33816,normal
31.60000,-2.13158,-0.93421,11.66579,0.16447,-0.10658,0.36447,normal
31.62000,-4.44545,0.60000,9.50909,0.19079,-0.02763,0.39079,normal
31.64000,-3.26098,-1.19512,8.77561,-0.77975,0.29494,0.50000,normal
31.66000,-3.16341,-1.68293,9.21463,-0.67848,0.26962,0.50000,normal
31.68000,-3.06585,-2.17073,9.65366,-0.57722,0.24430,0.50000,normal
31.70000,-2.96829,-2.65854,10.09268,-0.47595,0.21899,0.50000,normal
31.72000,-2.85000,-1.90000,8.25000,-0.60000,0.00000,0.50000,normal
31.74000,-3.57204,-2.15806,11.33656,-0.29032,-0.13656,0.29140,normal
31.76000,-4.17419,-1.06129,11.16452,-0.16129,-0.17957,0.39892,normal
31.78000,-4.77634,0.03548,10.99247,-0.03226,-0.22258,0.50645,normal
31.80000,-5.37849,1.13226,10.82043,0.09677,-0.26559,0.61398,normal
31.82000,-3.60000,-1.00000,8.40000,-0.38333,-0.76667,-0.11667,normal
31.84000,2.28352,-1.70879,0.15604,-0.25098,-1.74216,0.43627,normal
31.86000,3.93187,-2.82967,4.55165,-0.32941,-2.11471,0.33824,normal
31.88000,5.58022,-3.95055,8.94725,-0.40784,-2.48725,0.24020,normal
31.90000,7.22857,-5.07143,13.34286,-0.48627,-2.85980,0.14216,normal
31.92000,7.22941,-4.56471,15.70588,-0.56471,-3.23235,0.04412,normal
31.94000,2.60506,-2.40127,5.17342,-1.00000,-2.00000,0.40000,normal
31.96000,2.22532,-2.80633,4.66709,-2.60933,-2.26400,-0.11333,normal
31.98000,1.84557,-3.21139,4.16076,-2.50267,-2.10400,-0.24667,normal
32.00000,1.46582,-3.61646,3.65443,-2.39600,-1.94400,-0.38000,normal
32.02000,2.90000,-3.20000,5.80000,-1.05000,-1.40000,-1.10000,normal
32.04000,1.80000,-0.91556,6.32444,-0.51613,-0.77097,-1.13871,normal
32.06000,1.80000,-0.56000,6.48000,0.02609,-0.06522,-1.09130,normal
32.08000,1.80000,-0.20444,6.63556,0.11304,0.05072,-1.06232,normal
32.10000,1.80000,0.15111,6.79111,0.20000,0.16667,-1.03333,normal
32.12000,0.36667,-0.23333,8.43333,0.28696,0.28261,-1.00435,normal
32.14000,0.02951,0.02623,8.74426,0.93088,1.17206,-0.15882,normal
32.16000,-0.46230,0.25574,9.00656,1.01912,1.37794,-0.04118,normal
32.18000,-0.95410,0.48525,9.26885,1.10735,1.58382,0.07647,normal
32.20000,-9.40526,2.24211,10.88070,1.19559,1.78971,0.19412,normal
32.22000,-9.45789,1.66316,10.68772,0.07551,2.69184,0.90000,normal
32.24000,-9.51053,1.08421,10.49474,0.01429,2.67143,0.90000,normal
32.26000,-9.56316,0.50526,10.30175,-0.04694,2.65102,0.90000,normal
32.28000,-9.61579,-0.07368,10.10877,-0.10816,2.63061,0.90000,normal
32.30000,-9.66842,-0.65263,9.91579,-0.16939,2.61020,0.90000,normal
32.32000,-9.86000,-0.26800,7.63200,-0.12617,3.30000,1.09346,normal
32.34000,-10.16000,-0.10800,6.79200,-0.20093,3.30000,1.07477,normal
32.36000,-10.46000,0.05200,5.95200,-0.27570,3.30000,1.05607,normal
32.38000,-10.76000,0.21200,5.11200,-0.35047,3.30000,1.03738,normal
32.40000,-11.06000,0.37200,4.27200,-0.42523,3.30000,1.01869,normal
32.42000,-7.00000,4.45000,7.35000,-0.50000,3.30000,1.00000,normal
32.44000,-4.19545,-2.91591,7.83636,-0.87176,0.12118,-0.10000,normal
32.46000,-4.33182,-1.93864,7.74545,-0.77765,0.19176,-0.10000,normal
32.48000,-4.46818,-0.96136,7.65455,-0.68353,0.26235,-0.10000,normal
32.50000,-4.60455,0.01591,7.56364,-0.58941,0.33294,-0.10000,normal
32.52000,-8.70000,-0.18571,7.15714,-0.65000,0.30000,-0.15000,normal
32.54000,-4.51000,-1.20500,8.43000,-0.81982,-1.30000,-0.59009,normal
32.56000,-4.39000,-1.34500,8.07000,-0.85586,-1.30000,-0.57207,normal
32.58000,-4.27000,-1.48500,7.71000,-0.89189,-1.30000,-0.55405,normal
32.60000,-4.15000,-1.62500,7.35000,-0.92793,-1.30000,-0.53604,normal
32.62000,-4.03000,-1.76500,6.99000,-0.96396,-1.30000,-0.51802,normal
32.64000,-5.18571,-1.32857,8.38571,-1.00000,-1.30000,-0.50000,normal
32.66000,-4.57761,-2.05821,8.34179,0.66364,-1.19091,0.41818,normal
32.68000,-3.83134,-1.99851,8.40149,0.82459,-1.23115,0.33770,normal
32.70000,-3.08507,-1.93881,8.46119,0.95574,-1.26393,0.27213,normal
32.72000,-3.37273,-0.10000,9.70909,1.08689,-1.29672,0.20656,normal
32.74000,-1.57273,-1.29545,10.37727,0.57053,-0.64105,0.15895,normal
32.76000,-2.02727,-1.45455,10.17273,0.52842,-0.55684,0.24316,normal
32.78000,-2.48182,-1.61364,9.96818,0.48632,-0.47263,0.32737,normal
32.80000,-2.93636,-1.77273,9.76364,0.44421,-0.38842,0.41158,normal
32.82000,-2.20000,1.20000,10.40000,0.40211,-0.30421,0.49579,normal
32.84000,-2.61304,0.96196,10.48913,-0.93068,0.63068,-0.08977,normal
32.86000,-2.78696,0.28804,10.01087,-0.99886,0.69886,-0.06705,normal
32.88000,-2.96087,-0.38587,9.53261,-1.06705,0.76705,-0.04432,normal
32.90000,-3.13478,-1.05978,9.05435,-1.13523,0.83523,-0.02159,normal
32.92000,-3.30000,-1.50000,8.70000,-1.16667,0.83333,0.03333,normal
32.94000,-4.10000,-1.50000,8.73182,-0.96894,0.49015,0.00000,normal
32.96000,-4.10000,-1.50000,8.77727,-1.07500,0.47500,0.00000,normal
32.98000,-4.10000,-1.50000,8.82273,-1.18106,0.45985,0.00000,normal
33.00000,-4.10000,-1.50000,8.86818,-1.28712,0.44470,0.00000,normal
33.02000,-3.95833,-1.50833,8.10000,-1.39318,0.42955,0.00000,normal
33.04000,-4.34722,-2.23056,8.10000,-1.49924,0.41439,0.00000,normal
33.06000,-4.15455,-2.82727,8.29091,-1.30000,0.40000,0.15000,normal
33.08000,-4.05802,-2.84074,8.40000,-0.33333,-0.15000,0.58333,normal
33.10000,-4.25556,-2.76667,8.40000,-0.27143,-0.22857,0.68571,normal
33.12000,-4.45309,-2.69259,8.40000,-0.23968,-0.26032,0.78095,normal
33.14000,-4.65062,-2.61852,8.40000,-0.20794,-0.29206,0.87619,normal
33.16000,-3.72857,-2.90000,8.30000,-0.11967,-0.91311,1.08033,normal
33.18000,-3.12540,-3.56667,8.07778,-0.21803,-0.97869,0.98197,normal
33.20000,-2.52222,-4.23333,7.85556,-0.31639,-1.04426,0.88361,normal
33.22000,-0.04000,-5.32000,9.32000,-0.40000,-1.70000,0.70000,normal
33.24000,0.72857,-2.77912,2.32747,1.31702,-2.10000,0.98085,normal
33.26000,1.58571,-3.46044,1.53626,1.33830,-2.10000,0.83191,normal
33.28000,2.44286,-4.14176,0.74505,1.35957,-2.10000,0.68298,normal
33.30000,3.30000,-4.82308,-0.04615,1.38085,-2.10000,0.53404,normal
33.32000,4.30000,-0.76000,7.10000,1.80000,-1.80000,0.20000,normal
33.34000,2.39778,-1.37333,8.07778,0.69813,-1.44206,-0.11589,normal
33.36000,2.02000,-0.84000,8.30000,0.82897,-1.49813,-0.00374,normal
33.38000,1.64222,-0.30667,8.52222,0.95981,-1.55421,0.10841,normal
33.40000,1.26444,0.22667,8.74444,1.09065,-1.61028,0.22056,normal
33.42000,-1.19091,1.85455,9.71818,1.22150,-1.66636,0.33271,normal
33.44000,-3.00789,2.12368,6.75000,1.50000,-1.68333,1.76667,normal
33.46000,-3.06053,2.28158,7.75000,3.30323,-1.30000,2.30000,normal
33.48000,-3.11316,2.43947,8.75000,3.75484,-1.30000,2.30000,normal
33.50000,-3.16579,2.59737,9.75000,4.20645,-1.30000,2.30000,normal
33.52000,8.80000,7.00000,10.30000,4.80000,-1.80000,1.83333,normal
33.54000,8.54468,5.70213,10.51277,0.43600,-1.05600,0.88800,normal
33.56000,8.28936,4.40426,10.72553,0.49600,-0.81600,0.86800,normal
33.58000,8.03404,3.10638,10.93830,0.55600,-0.57600,0.84800,normal
33.60000,7.77872,1.80851,11.15106,0.61600,-0.33600,0.82800,normal
33.62000,2.44375,5.79375,10.06250,0.67600,-0.09600,0.80800,normal
33.64000,-0.50000,4.08235,7.25294,-0.60575,1.99425,0.10575,normal
33.66000,-0.10000,3.61176,7.46471,-0.62874,1.97126,0.12874,normal
33.68000,0.30000,3.14118,7.67647,-0.65172,1.94828,0.15172,normal
33.70000,0.70000,2.67059,7.88824,-0.67471,1.92529,0.17471,normal
33.72000,1.10000,2.20000,8.10000,-0.69770,1.90230,0.19770,normal
33.74000,0.39565,3.15826,8.30000,-0.85312,0.96250,1.00938,normal
33.76000,0.22174,3.08870,8.30000,-0.77500,0.90000,1.02500,normal
33.78000,0.04783,3.01913,8.30000,-0.69688,0.83750,1.04062,normal
33.80000,-0.12609,2.94957,8.30000,-0.61875,0.77500,1.05625,normal
33.82000,-0.30000,2.88000,8.30000,-0.54063,0.71250,1.07187,normal
33.84000,-0.47391,2.81043,8.30000,-0.46250,0.65000,1.08750,normal
33.86000,1.20000,3.70000,9.23333,-0.01818,0.19091,1.08182,normal
33.88000,1.66957,4.75217,10.18696,1.10000,-0.30000,0.70000,normal
33.90000,1.52464,4.81014,10.50580,0.76250,-0.33393,0.76786,normal
33.92000,1.37971,4.86812,10.82464,0.51250,-0.36964,0.83929,normal
33.94000,-0.30000,-2.40000,8.80000,-3.00000,-0.70000,0.80000,normal
33.96000,0.14017,2.59658,7.84017,-2.28198,-0.27658,0.42342,normal
33.98000,-0.04786,2.35726,7.65214,-2.40811,-0.24054,0.45946,normal
34.00000,-0.23590,2.11795,7.46410,-2.53423,-0.20450,0.49550,normal
34.02000,-0.42393,1.87863,7.27607,-2.66036,-0.16847,0.53153,normal
34.04000,-0.61197,1.63932,7.08803,-2.78649,-0.13243,0.56757,normal
34.06000,-0.80000,1.40000,6.90000,-2.70000,0.00000,0.50000,normal
34.08000,-0.30000,-0.76000,7.60800,-1.67500,0.22500,0.75000,normal
34.10000,-0.30000,-0.96000,7.36800,-1.63654,0.26346,0.82692,normal
34.12000,0.10000,-1.90000,7.10000,-1.80000,0.50000,0.90000,normal
34.14000,1.82921,-2.34045,8.60674,-4.17615,0.05505,1.51009,normal
34.16000,1.33483,-3.19438,9.41573,-4.01101,0.12844,1.65688,normal
34.18000,0.84045,-4.04831,10.22472,-3.84587,0.20183,1.80367,normal
34.20000,0.34607,-4.90225,11.03371,-3.68073,0.27523,1.95046,normal
34.22000,-0.55385,-2.96154,11.96923,-3.51560,0.34862,2.09725,normal
34.24000,-0.80000,0.00000,9.90000,-3.67273,0.45455,2.52727,normal
34.26000,-1.36757,-0.21622,9.87297,-3.85625,1.07812,3.15313,normal
34.28000,-1.93514,-0.43243,9.84595,-4.16875,1.23438,3.05937,normal
34.30000,-2.50270,-0.64865,9.81892,-4.48125,1.39063,2.96562,normal
34.32000,-3.70000,-10.50000,7.00000,-4.80000,1.70000,2.40000,normal
34.34000,-3.72941,-10.02941,7.00000,0.22419,0.60000,2.27581,normal
34.36000,-3.75882,-9.55882,7.00000,0.25645,0.60000,2.24355,normal
34.38000,-3.78824,-9.08824,7.00000,0.28871,0.60000,2.21129,normal
34.40000,-3.68824,-13.29412,7.67647,0.60635,-1.01905,0.99365,normal
34.42000,-3.36891,-12.70588,7.89496,0.62222,-1.06667,0.97778,normal
34.44000,-3.04958,-12.11765,8.11345,0.63810,-1.11429,0.96190,normal
34.46000,-2.73025,-11.52941,8.33193,0.65397,-1.16190,0.94603,normal
34.48000,-2.41092,-10.94118,8.55042,0.66984,-1.20952,0.93016,normal
34.50000,-2.09160,-10.35294,8.76891,0.68571,-1.25714,0.91429,normal
34.52000,-1.55000,-11.85000,7.31250,0.20000,-1.40000,0.70000,normal
34.54000,-1.70000,-11.93333,7.23333,1.05203,-1.11301,0.17398,normal
34.56000,-1.70000,-11.85490,7.27255,1.11707,-1.12927,0.14146,normal
34.58000,-1.70000,-11.77647,7.31176,1.18211,-1.14553,0.10894,normal
34.60000,-1.70000,-11.69804,7.35098,1.24715,-1.16179,0.07642,normal
34.62000,-1.70000,-11.61961,7.39020,1.31220,-1.17805,0.04390,normal
34.64000,-1.80000,-10.20000,8.40000,1.37724,-1.19431,0.01138,normal
34.66000,-1.18182,-6.58182,7.79091,1.78333,-1.01667,-0.39167,normal
34.68000,-1.15152,-6.21818,7.60909,4.37759,-1.20000,-0.70000,normal
34.70000,-1.12121,-5.85455,7.42727,4.48103,-1.20000,-0.70000,normal
34.72000,-1.38750,-2.48750,7.98750,4.58448,-1.20000,-0.70000,normal
34.74000,-1.54762,-0.66905,8.65238,4.25506,-0.90000,-0.28876,normal
34.76000,-1.45238,-0.43095,8.74762,4.16517,-0.90000,-0.26629,normal
34.78000,-1.35714,-0.19286,8.84286,4.07528,-0.90000,-0.24382,normal
34.80000,-1.26190,0.04524,8.93810,3.98539,-0.90000,-0.22135,normal
34.82000,-1.20000,1.95000,8.95000,3.40000,-0.80000,-0.10000,normal
34.84000,-1.08315,1.28315,8.46629,1.78485,-0.58485,0.00000,normal
34.86000,-1.06067,1.26067,8.42135,1.76465,-0.56465,0.00000,normal
34.88000,-1.03820,1.23820,8.37640,1.74444,-0.54444,0.00000,normal
34.90000,-1.01573,1.21573,8.33146,1.72424,-0.52424,0.00000,normal
34.92000,0.00000,3.40000,7.70000,1.70404,-0.50404,0.00000,normal
34.94000,0.06400,3.32000,7.66800,0.89184,-0.39592,0.10000,normal
34.96000,0.12800,3.24000,7.63600,0.86463,-0.38231,0.10000,normal
34.98000,0.19200,3.16000,7.60400,0.83741,-0.36871,0.10000,normal
35.00000,0.25600,3.08000,7.57200,0.81020,-0.35510,0.10000,normal
35.02000,0.32000,3.00000,7.54000,0.78299,-0.34150,0.10000,normal
35.04000,0.38400,2.92000,7.50800,0.75578,-0.32789,0.10000,normal
35.06000,0.60000,3.95000,8.15000,0.72857,-0.31429,0.10000,normal
35.08000,0.54235,3.89412,8.27882,0.70136,-0.30068,0.10000,normal
35.10000,0.58941,3.77647,8.25529,0.44286,0.00000,0.41905,normal
35.12000,0.63647,3.65882,8.23176,0.34762,0.00000,0.45079,normal
35.14000,0.68353,3.54118,8.20824,0.25238,0.00000,0.48254,normal
35.16000,0.92121,3.83636,9.21061,-0.30000,0.10000,0.29048,normal
35.18000,0.98182,3.65455,9.24091,-0.30000,0.10000,0.22698,normal
35.20000,1.04242,3.47273,9.27121,-0.30000,0.10000,0.16349,normal
35.22000,1.05000,3.10000,9.30000,-0.30000,0.10000,0.10000,normal
35.24000,0.53908,4.75172,9.48736,0.11275,-0.17451,-0.22549,normal
35.26000,0.30920,4.68276,9.32644,0.13235,-0.13529,-0.26471,normal
35.28000,0.07931,4.61379,9.16552,0.15196,-0.09608,-0.30392,normal
35.30000,-0.15057,4.54483,9.00460,0.17157,-0.05686,-0.34314,normal
35.32000,0.16667,4.45000,8.95000,0.19118,-0.01765,-0.38235,normal
35.34000,-0.19367,3.92532,8.70000,0.20714,-0.00714,0.00000,normal
35.36000,-0.16835,4.02658,8.70000,0.30000,-0.10000,0.00000,normal
35.38000,-0.14304,4.12785,8.70000,0.30000,-0.10000,0.00000,normal
35.40000,-0.11772,4.22911,8.70000,0.30000,-0.10000,0.00000,normal
35.42000,0.18333,4.16667,8.50000,0.30000,-0.10000,0.00000,normal
35.44000,0.24828,3.99655,8.56437,0.20000,-0.18409,-0.08409,normal
35.46000,0.31724,4.13448,8.65632,0.20000,-0.16136,-0.06136,normal
35.48000,0.38621,4.27241,8.74828,0.20000,-0.13864,-0.03864,normal
35.50000,0.45517,4.41034,8.84023,0.20000,-0.11591,-0.01591,normal
35.52000,0.40000,4.30000,8.60000,0.00000,-0.10000,-0.10000,normal
35.54000,0.40000,4.38602,8.62151,0.04000,-0.10000,-0.08000,normal
35.56000,0.40000,4.47204,8.64301,0.08000,-0.10000,-0.06000,normal
35.58000,0.40000,4.55806,8.66452,0.12000,-0.10000,-0.04000,normal
35.60000,0.40000,4.64409,8.68602,0.16000,-0.10000,-0.02000,normal
35.62000,0.51250,4.51250,8.83750,0.20000,-0.10000,0.00000,normal
35.64000,-0.87126,4.80000,8.93218,-0.01633,0.06735,0.18367,normal
35.66000,-0.68736,4.80000,8.97816,-0.05714,-0.01429,0.14286,normal
35.68000,-0.50345,4.80000,9.02414,-0.09796,-0.09592,0.10204,normal
35.70000,-0.31954,4.80000,9.07011,-0.13878,-0.17755,0.06122,normal
35.72000,0.80000,4.10000,8.75000,-0.17959,-0.25918,0.02041,normal
35.74000,1.16154,3.93846,8.60000,0.08462,-0.05385,0.15385,normal
35.76000,1.00769,4.09231,8.60000,-0.06389,0.03611,0.50000,normal
35.78000,0.85385,4.24615,8.60000,-0.00833,0.09167,0.50000,normal
35.80000,0.70000,4.40000,8.60000,0.04722,0.14722,0.50000,normal
35.82000,0.05000,4.25000,8.80000,0.05000,0.20000,0.40000,normal
35.84000,0.03824,4.15294,8.72647,-0.48000,0.06000,-0.12000,normal
35.86000,0.30294,4.21176,8.75588,-0.45333,0.00667,-0.14667,normal
35.88000,0.56765,4.27059,8.78529,-0.42667,-0.04667,-0.17333,normal
35.90000,1.06667,4.30000,8.94444,-0.40000,-0.10000,-0.20000,normal
