timestamp,accel_x,accel_y,accel_z,gyro_x,gyro_y,gyro_z,label
0.00000,-0.30000,4.50000,8.80000,0.20000,0.10000,-0.10000,normal
0.02000,1.69663,4.19101,8.98989,0.01940,-0.28358,-0.14179,normal
0.04000,1.02247,4.39326,8.96742,0.04925,-0.10448,-0.05224,normal
0.06000,0.34831,4.59551,8.94494,0.07910,0.07463,0.03731,normal
0.08000,-0.32584,4.79775,8.92247,-0.04000,-0.02000,0.04000,normal
0.10000,-1.00000,5.00000,8.90000,-0.10000,0.08351,0.08351,normal
0.12000,-0.69474,4.46316,8.68421,-0.10000,0.06289,0.06289,normal
0.14000,-0.82105,4.54737,8.66316,-0.10000,0.04227,0.04227,normal
0.16000,-0.94737,4.63158,8.64211,-0.10000,0.02165,0.02165,normal
0.18000,-1.07368,4.71579,8.62105,-0.10000,0.00103,0.00103,normal
0.20000,-1.20000,4.80000,8.60000,-0.10000,0.08700,0.00000,normal
0.22000,-0.60000,4.30000,8.60000,-0.10000,0.06700,0.00000,normal
0.24000,-0.60000,4.30000,8.60000,-0.10000,0.04700,0.00000,normal
0.26000,-0.60000,4.30000,8.60000,-0.10000,0.02700,0.00000,normal
0.28000,-0.60000,4.30000,8.60000,-0.10000,0.00700,0.00000,normal
0.30000,-0.60000,4.30000,8.60000,-0.20000,0.10000,0.00000,normal
0.32000,-0.61398,4.12796,8.40000,-0.10000,0.10000,0.10000,normal
0.34000,-0.63548,4.17097,8.40000,-0.10000,0.10000,0.10000,normal
0.36000,-0.65699,4.21398,8.40000,-0.10000,0.10000,0.10000,normal
0.38000,-0.67849,4.25699,8.40000,-0.16000,0.10000,0.10000,normal
0.40000,-0.70000,4.30000,8.40000,-0.21364,0.20000,0.10000,normal
0.42000,-1.00000,4.02796,8.60000,-0.23636,0.20000,0.10000,normal
0.44000,-1.00000,4.07097,8.60000,-0.25909,0.20000,0.10000,normal
0.46000,-1.00000,4.11398,8.60000,-0.28182,0.20000,0.10000,normal
0.48000,-1.00000,4.15699,8.60000,-0.20000,0.30000,0.20000,normal
0.50000,-1.00000,4.20000,8.60000,-0.21667,0.20000,0.20000,normal
0.52000,-0.90000,4.08602,9.11398,-0.23627,0.20000,0.20000,normal
0.54000,-0.90000,4.06452,9.13548,-0.25588,0.20000,0.20000,normal
0.56000,-0.90000,4.04301,9.15699,-0.27549,0.20000,0.20000,normal
0.58000,-0.90000,4.02151,9.17849,-0.29510,0.20000,0.20000,normal
0.60000,-0.90000,4.00000,9.20000,-0.20000,0.10882,0.20000,normal
0.62000,-0.90588,3.89412,9.00588,-0.20000,0.12843,0.20000,normal
0.64000,-0.92941,3.87059,9.02941,-0.20000,0.14804,0.20000,normal
0.66000,-0.95294,3.84706,9.05294,-0.20000,0.16765,0.20000,normal
0.68000,-0.97647,3.82353,9.07647,-0.20000,0.18725,0.20000,normal
0.70000,-1.00000,3.80000,9.10000,-0.16000,0.10000,0.20000,normal
0.72000,-0.99412,3.60588,9.01176,-0.10000,0.10000,0.20000,normal
0.74000,-0.97059,3.62941,9.05882,-0.10000,0.10000,0.20000,normal
0.76000,-0.94706,3.65294,9.10588,-0.10000,0.10000,0.20000,normal
0.78000,-0.92353,3.67647,9.15294,-0.20000,0.10000,0.10000,normal
0.80000,-0.90000,3.70000,9.20000,-0.31461,0.11461,0.20000,normal
0.82000,-1.08602,3.61398,8.54409,-0.33708,0.13708,0.20000,normal
0.84000,-1.06452,3.63548,8.45806,-0.35955,0.15955,0.20000,normal
0.86000,-1.04301,3.65699,8.37204,-0.38202,0.18202,0.20000,normal
0.88000,-1.02151,3.67849,8.28602,-0.53333,0.20000,0.26667,normal
0.90000,-1.00000,3.70000,8.20000,-1.44685,0.62342,0.40000,normal
0.92000,-1.16182,3.94909,7.73818,-1.51892,0.65946,0.40000,normal
0.94000,-1.10727,3.87636,7.79273,-1.59099,0.69550,0.40000,normal
0.96000,-1.05273,3.80364,7.84727,-1.66306,0.73153,0.40000,normal
0.98000,-0.99818,3.73091,7.90182,-1.73514,0.76757,0.40000,normal
1.00000,-0.94364,3.65818,7.95636,-1.80000,1.00000,0.50000,normal
1.02000,-1.08571,2.38571,7.60000,-1.83696,1.13696,0.41848,normal
1.04000,-1.85000,2.01667,8.23333,-1.88043,1.18043,0.44022,normal
1.06000,-1.93333,1.71111,8.28889,-1.92391,1.22391,0.46196,normal
1.08000,-2.01667,1.40556,8.34444,-1.96739,1.26739,0.48370,normal
1.10000,-2.10000,1.10000,8.40000,-1.58000,1.48000,0.70000,normal
1.12000,-3.78125,0.54375,8.18750,-1.80000,1.42353,0.91176,normal
1.14000,-4.12000,-0.48000,7.52000,-1.80000,1.48235,0.94118,normal
1.16000,-4.28000,-0.72000,7.41333,-1.80000,1.54118,0.97059,normal
1.18000,-4.44000,-0.96000,7.30667,-1.80000,1.60000,1.00000,normal
1.20000,-4.60000,-1.20000,7.20000,-2.86977,1.70000,1.41163,normal
1.22000,-7.31111,-2.13333,6.50000,-3.00930,1.70000,1.43488,normal
1.24000,-7.53333,-2.40000,6.30000,-3.14884,1.70000,1.45814,normal
1.26000,-7.75556,-2.66667,6.10000,-3.28837,1.70000,1.48140,normal
1.28000,-7.97778,-2.93333,5.90000,-4.00000,1.40000,1.30000,normal
1.30000,-8.20000,-3.20000,5.70000,-3.44796,1.00000,1.08265,normal
1.32000,-8.07021,-3.01064,4.41489,-3.38673,1.00000,1.06224,normal
1.34000,-8.02766,-2.88298,4.43617,-3.32551,1.00000,1.04184,normal
1.36000,-7.98511,-2.75532,4.45745,-3.26429,1.00000,1.02143,normal
1.38000,-7.94255,-2.62766,4.47872,-3.20306,1.00000,1.00102,normal
1.40000,-7.90000,-2.50000,4.50000,-5.50000,1.08824,1.22353,normal
1.42000,-8.82727,-4.50909,2.14545,-5.50000,1.06863,1.26275,normal
1.44000,-8.89545,-4.78182,2.00909,-5.50000,1.04902,1.30196,normal
1.46000,-8.96364,-5.05455,1.87273,-5.50000,1.02941,1.34118,normal
1.48000,-9.03182,-5.32727,1.73636,-5.50000,1.00980,1.38039,normal
1.50000,-9.10000,-5.60000,1.60000,-4.44545,0.63636,1.84545,normal
1.52000,-9.70000,-6.90000,0.60000,-1.82973,0.41892,2.33784,normal
1.54000,-9.87500,-6.75000,0.77500,-1.58649,0.44595,2.39189,normal
1.56000,-10.05000,-6.60000,0.95000,-1.34324,0.47297,2.44595,normal
1.58000,-10.22500,-6.45000,1.12500,-1.10000,0.50000,2.50000,normal
1.60000,-10.40000,-6.30000,1.30000,-0.29121,0.81209,2.27582,normal
1.62000,-11.37778,-6.37778,2.31111,-0.09341,0.83407,2.23187,normal
1.64000,-11.33333,-6.13333,2.33333,0.10440,0.85604,2.18791,normal
1.66000,-11.28889,-5.88889,2.35556,0.30220,0.87802,2.14396,normal
1.68000,-11.24444,-5.64444,2.37778,0.50000,0.90000,2.10000,normal
1.70000,-11.20000,-5.40000,2.40000,0.94419,0.67209,0.87209,normal
1.72000,-9.94382,-3.35506,2.10000,0.85116,0.62558,0.82558,normal
1.74000,-9.83146,-3.26517,2.10000,0.75814,0.57907,0.77907,normal
1.76000,-9.71910,-3.17528,2.10000,0.66512,0.53256,0.73256,normal
1.78000,-9.60674,-3.08539,2.10000,-1.20000,0.00000,0.10000,normal
1.80000,-9.30000,-2.85000,2.15000,-1.20000,-0.03738,0.08131,normal
1.82000,-9.45102,-3.68163,2.11633,-1.20000,-0.07477,0.06262,normal
1.84000,-9.38980,-3.78367,2.13673,-1.20000,-0.11215,0.04393,normal
1.86000,-9.32857,-3.88571,2.15714,-1.20000,-0.14953,0.02523,normal
1.88000,-9.26735,-3.98776,2.17755,-1.20000,-0.18692,0.00654,normal
1.90000,-9.20612,-4.08980,2.19796,-0.10000,-0.15000,-0.25000,normal
1.92000,-9.59655,-4.58621,2.60000,0.14419,-0.17791,-0.30000,normal
1.94000,-9.57356,-4.49425,2.60000,0.19070,-0.15465,-0.30000,normal
1.96000,-9.55057,-4.40230,2.60000,0.23721,-0.13140,-0.30000,normal
1.98000,-9.52759,-4.31034,2.60000,0.28372,-0.10814,-0.30000,normal
2.00000,-9.50460,-4.21839,2.60000,0.90000,-0.30674,-0.60000,normal
2.02000,-10.21412,-3.08941,2.81765,0.90000,-0.32921,-0.60000,normal
2.04000,-10.30824,-3.01882,2.93529,0.90000,-0.35169,-0.60000,normal
2.06000,-10.40235,-2.94824,3.05294,0.90000,-0.37416,-0.60000,normal
2.08000,-10.49647,-2.87765,3.17059,0.90000,-0.39663,-0.60000,normal
2.10000,-10.59059,-2.80706,3.28824,-0.71099,-1.08901,-0.61099,normal
2.12000,-9.67586,-1.61609,2.15977,-0.73297,-1.06703,-0.63297,normal
2.14000,-9.60690,-1.66207,2.04483,-0.75495,-1.04505,-0.65495,normal
2.16000,-9.53793,-1.70805,1.92989,-0.77692,-1.02308,-0.67692,normal
2.18000,-9.46897,-1.75402,1.81494,-0.79890,-1.00110,-0.69890,normal
2.20000,-9.40000,-1.80000,1.70000,-1.38065,-0.68065,-0.90000,normal
2.22000,-9.82022,-3.26067,1.83933,-1.33763,-0.63763,-0.90000,normal
2.24000,-9.86517,-3.39551,1.70449,-1.29462,-0.59462,-0.90000,normal
2.26000,-9.91011,-3.53034,1.56966,-1.25161,-0.55161,-0.90000,normal
2.28000,-9.95506,-3.66517,1.43483,-1.20860,-0.50860,-0.90000,normal
2.30000,-10.00000,-3.80000,1.30000,1.05955,-0.08989,-0.91011,normal
2.32000,-9.08605,-2.89302,0.78605,0.96966,-0.06742,-0.93258,normal
2.34000,-9.03953,-2.86977,0.73953,0.87978,-0.04494,-0.95506,normal
2.36000,-8.99302,-2.84651,0.69302,0.78989,-0.02247,-0.97753,normal
2.38000,-8.94651,-2.82326,0.64651,0.70000,0.00000,-1.00000,normal
2.40000,-8.90000,-2.80000,0.60000,1.50000,0.10000,-0.69157,normal
2.42000,-9.61111,-3.58889,0.38889,1.50000,0.10000,-0.66747,normal
2.44000,-9.63333,-3.56667,0.36667,1.50000,0.10000,-0.64337,normal
2.46000,-9.65556,-3.54444,0.34444,1.50000,0.10000,-0.61928,normal
2.48000,-9.67778,-3.52222,0.32222,1.25000,-0.01667,-0.40000,normal
2.50000,-9.70000,-3.50000,0.30000,0.65185,-0.08796,-0.50000,normal
2.52000,-8.64615,-2.28654,0.60000,0.57778,-0.06944,-0.50000,normal
2.54000,-8.56923,-2.26731,0.60000,0.50370,-0.05093,-0.50000,normal
2.56000,-8.49231,-2.24808,0.60000,0.42963,-0.03241,-0.50000,normal
2.58000,-8.41538,-2.22885,0.60000,0.35556,-0.01389,-0.50000,normal
2.60000,-8.33846,-2.20962,0.60000,-0.20000,0.20000,-0.50000,normal
2.62000,-7.18929,-2.60357,1.30714,-0.17531,0.22469,-0.45062,normal
2.64000,-7.11786,-2.62738,1.35476,-0.15062,0.24938,-0.40123,normal
2.66000,-7.04643,-2.65119,1.40238,-0.12593,0.27407,-0.35185,normal
2.68000,-6.97500,-2.67500,1.45000,-0.10123,0.29877,-0.30247,normal
2.70000,-6.90357,-2.69881,1.49762,0.17471,0.40000,0.21264,normal
2.72000,-5.38977,-2.17955,1.47955,0.12874,0.40000,0.23563,normal
2.74000,-5.36705,-2.13409,1.43409,0.08276,0.40000,0.25862,normal
2.76000,-5.34432,-2.08864,1.38864,0.03678,0.40000,0.28161,normal
2.78000,-5.32159,-2.04318,1.34318,-0.40000,0.40000,0.40000,normal
2.80000,-5.40000,-2.05000,1.25000,-1.04583,0.21250,0.33750,normal
2.82000,-8.27021,1.67660,5.85532,-1.69167,0.02500,0.27500,normal
2.84000,-8.22766,1.35745,5.79149,-2.33750,-0.16250,0.21250,normal
2.86000,-8.18511,1.03830,5.72766,-2.98333,-0.35000,0.15000,normal
2.88000,-8.14255,0.71915,5.66383,-7.30000,-1.20000,-0.20000,normal
2.90000,-8.10000,0.40000,5.60000,-1.87379,-1.21165,0.35049,normal
2.92000,-7.14086,-5.94946,0.20968,-1.67961,-1.07573,0.42816,normal
2.94000,-7.48495,-5.73441,0.08065,-1.48544,-0.93981,0.50583,normal
2.96000,-7.82903,-5.51935,-0.04839,-1.29126,-0.80388,0.58350,normal
2.98000,-8.17312,-5.30430,-0.17742,-1.09709,-0.66796,0.66117,normal
3.00000,-9.95000,-5.70000,-0.60000,1.65000,0.65000,2.00000,normal
3.02000,-13.00000,-8.00000,0.70000,1.98219,0.40000,2.10000,normal
3.04000,-12.64557,-7.92405,0.90253,2.09178,0.40000,2.10000,normal
3.06000,-12.29114,-7.84810,1.10506,2.20137,0.40000,2.10000,normal
3.08000,-11.93671,-7.77215,1.30759,3.30000,1.20000,1.60000,normal
3.10000,-12.08000,-7.30000,1.40000,3.26848,0.29239,0.14022,normal
3.12000,-13.85604,-0.83077,2.34176,3.02935,0.09674,0.03152,normal
3.14000,-12.86703,-0.52308,2.78132,2.79022,-0.09891,-0.07717,normal
3.16000,-11.87802,-0.21538,3.22088,2.55109,-0.29457,-0.18587,normal
3.18000,-10.88901,0.09231,3.66044,2.31196,-0.49022,-0.29457,normal
3.20000,-9.90000,0.40000,4.10000,-1.48646,-0.81354,-0.88646,normal
3.22000,-5.42921,-1.68090,1.14944,-1.46562,-0.83438,-0.86562,normal
3.24000,-5.27191,-1.86067,1.03708,-1.44479,-0.85521,-0.84479,normal
3.26000,-5.11461,-2.04045,0.92472,-1.42396,-0.87604,-0.82396,normal
3.28000,-4.95730,-2.22022,0.81236,-1.40312,-0.89688,-0.80312,normal
3.30000,-4.80000,-2.40000,0.70000,1.07000,-0.89000,0.02000,normal
3.32000,-3.45435,-1.97717,2.12283,1.21000,-0.87000,0.06000,normal
3.34000,-3.32391,-1.91196,2.18804,1.35000,-0.85000,0.10000,normal
3.36000,-3.19348,-1.84674,2.25326,1.49000,-0.83000,0.14000,normal
3.38000,-3.06304,-1.78152,2.31848,1.63000,-0.81000,0.18000,normal
3.40000,-2.93261,-1.71630,2.38370,0.95625,0.27500,0.20000,normal
3.42000,-8.30000,-1.90000,1.80000,-0.96818,0.71364,0.30000,normal
3.44000,-8.52785,-2.12785,1.87595,-1.11970,0.74394,0.30000,normal
3.46000,-8.75570,-2.35570,1.95190,-1.27121,0.77424,0.30000,normal
3.48000,-8.98354,-2.58354,2.02785,-1.70000,1.00000,0.60000,normal
3.50000,-9.52000,-3.12000,2.08000,0.39697,1.30808,0.81313,normal
3.52000,-16.54516,-7.56989,0.21613,0.70000,1.16667,0.83333,normal
3.54000,-17.38387,-7.67742,0.08710,1.00303,1.02525,0.85354,normal
3.56000,-18.22258,-7.78495,-0.04194,1.30606,0.88384,0.87374,normal
3.58000,-19.06129,-7.89247,-0.17097,1.60909,0.74242,0.89394,normal
3.60000,-19.90000,-8.00000,-0.30000,1.81975,-1.28148,-0.60617,normal
3.62000,-14.64286,0.75714,1.30952,1.49877,-1.20741,-0.63086,normal
3.64000,-13.85714,1.04286,1.35714,1.17778,-1.13333,-0.65556,normal
3.66000,-13.07143,1.32857,1.40476,0.85679,-1.05926,-0.68025,normal
3.68000,-12.28571,1.61429,1.45238,-1.65000,-1.00000,-1.05000,normal
3.70000,-11.50000,1.90000,1.50000,-3.11226,-1.03585,-0.93585,normal
3.72000,-6.04255,-1.20851,4.15532,-3.24434,-0.96038,-0.86038,normal
3.74000,-5.53191,-1.50638,4.09149,-3.37642,-0.88491,-0.78491,normal
3.76000,-5.02128,-1.80426,4.02766,-3.50849,-0.80943,-0.70943,normal
3.78000,-4.51064,-2.10213,3.96383,-3.64057,-0.73396,-0.63396,normal
3.80000,-4.00000,-2.40000,3.90000,-2.50000,-0.11000,0.08000,normal
3.82000,-4.30123,-4.80000,0.40123,0.04444,-0.07778,0.62222,normal
3.84000,-4.32593,-4.80000,0.42593,0.35000,-0.05000,0.65000,normal
3.86000,-4.35062,-4.80000,0.45062,0.65556,-0.02222,0.67778,normal
3.88000,-4.37531,-4.80000,0.47531,1.98750,0.10000,0.70000,normal
3.90000,-4.40000,-4.80000,0.50000,1.63605,0.08721,0.58721,normal
3.92000,-6.00538,-2.63978,1.65484,1.51977,0.06395,0.56395,normal
3.94000,-6.15591,-2.55376,1.59032,1.40349,0.04070,0.54070,normal
3.96000,-6.30645,-2.46774,1.52581,1.28721,0.01744,0.51744,normal
3.98000,-6.45699,-2.38172,1.46129,-0.70000,-0.10000,0.00000,normal
4.00000,-7.00000,-2.10000,1.25000,-1.22889,-0.20000,-0.11444,normal
4.02000,-10.18495,-2.49032,1.16022,-1.27333,-0.20000,-0.13667,normal
4.04000,-10.16344,-2.61935,1.24624,-1.31778,-0.20000,-0.15889,normal
4.06000,-10.14194,-2.74839,1.33226,-1.36222,-0.20000,-0.18111,normal
4.08000,-10.12043,-2.87742,1.41828,-1.50000,0.60000,-0.10000,normal
4.10000,-10.30000,-3.25000,1.50000,-0.84639,-0.26701,-0.02680,normal
4.12000,-15.72065,-4.38696,1.64130,-0.76392,-0.37010,-0.06804,normal
4.14000,-14.82935,-4.21304,1.85870,-0.68144,-0.47320,-0.10928,normal
4.16000,-13.93804,-4.03913,2.07609,-0.59897,-0.57629,-0.15052,normal
4.18000,-13.04674,-3.86522,2.29348,-0.51649,-0.67938,-0.19175,normal
4.20000,-10.40000,-3.10000,2.55000,-0.50000,-0.25556,-0.28889,normal
4.22000,-18.02471,-3.82118,0.56235,-0.45385,0.00769,0.21538,normal
4.24000,-17.10706,-3.89176,1.10353,-0.36154,-0.17692,0.24615,normal
4.26000,-16.18941,-3.96235,1.64471,-0.26923,-0.36154,0.27692,normal
4.28000,-15.27176,-4.03294,2.18588,-0.36000,-0.34000,0.28000,normal
4.30000,-9.80000,-3.50000,4.50000,-0.38247,0.03505,0.10000,normal
4.32000,-5.31596,-2.27979,2.54043,-0.36186,0.07629,0.10000,normal
4.34000,-5.33723,-2.38617,2.32766,-0.34124,0.11753,0.10000,normal
4.36000,-5.35851,-2.49255,2.11489,-0.32062,0.15876,0.10000,normal
4.38000,-5.37979,-2.59894,1.90213,-0.30000,0.20000,0.10000,normal
4.40000,-5.40000,-2.80000,1.65000,0.20000,-0.24157,0.01461,normal
4.42000,-2.82581,-2.97527,2.17957,0.20000,-0.15169,0.03708,normal
4.44000,-3.14839,-3.08280,2.00753,0.20000,-0.06180,0.05955,normal
4.46000,-3.47097,-3.19032,1.83548,0.20000,0.02809,0.08202,normal
4.48000,-3.79355,-3.29785,1.66344,1.15000,0.45000,0.15000,normal
4.50000,-5.45000,-3.35000,1.20000,1.06842,0.21579,0.11579,normal
4.52000,-8.71075,-3.33011,2.96452,1.03333,0.23333,0.13333,normal
4.54000,-9.01183,-3.37312,2.77097,0.99825,0.25088,0.15088,normal
4.56000,-9.31290,-3.41613,2.57742,0.96316,0.26842,0.16842,normal
4.58000,-9.61398,-3.45914,2.38387,0.92807,0.28596,0.18596,normal
4.60000,-10.00714,-3.48571,2.13571,0.85556,0.34444,0.15556,normal
4.62000,-12.16000,-3.12000,0.38000,0.20000,0.63125,-0.19219,normal
4.64000,-17.37123,-3.99589,0.37671,0.20000,0.75625,-0.16094,normal
4.66000,-18.33014,-4.13288,0.48630,0.20000,0.88125,-0.12969,normal
4.68000,-19.28904,-4.26986,0.59589,0.30000,0.55000,-0.15000,normal
4.70000,-19.71667,-4.41667,0.98333,0.26591,-0.59773,-0.70000,normal
4.72000,-8.61573,-2.18876,0.88764,0.19773,-0.39318,-0.70000,normal
4.74000,-9.44719,-2.16629,0.66292,0.12955,-0.18864,-0.70000,normal
4.76000,-10.27865,-2.14382,0.43820,0.06136,0.01591,-0.70000,normal
4.78000,-11.11011,-2.12135,0.21348,-0.06667,0.33333,-0.70000,normal
4.80000,-12.65000,-2.40000,0.05000,-0.13125,-0.57917,-0.38958,normal
4.82000,-6.92708,-3.01458,2.09792,-0.19375,-0.53750,-0.36875,normal
4.84000,-6.82292,-3.03542,1.95208,-0.25625,-0.49583,-0.34792,normal
4.86000,-6.71875,-3.05625,1.80625,-0.31875,-0.45417,-0.32708,normal
4.88000,-6.61458,-3.07708,1.66042,-0.38125,-0.41250,-0.30625,normal
4.90000,-6.51042,-3.09792,1.51458,0.10952,-0.10000,-0.09048,normal
4.92000,-5.82088,-2.90000,1.85275,0.13333,-0.10000,-0.06667,normal
4.94000,-5.68901,-2.90000,1.94066,0.15714,-0.10000,-0.04286,normal
4.96000,-5.55714,-2.90000,2.02857,0.18095,-0.10000,-0.01905,normal
4.98000,-5.42527,-2.90000,2.11648,0.28000,-0.38000,0.00000,normal
5.00000,-4.75000,-2.75000,2.20000,0.08391,-0.06782,0.00000,normal
5.02000,-4.44086,-2.44516,0.45484,0.06092,-0.02184,0.00000,normal
5.04000,-4.78495,-2.50968,0.39032,0.03793,0.02414,0.00000,normal
5.06000,-5.12903,-2.57419,0.32581,0.01494,0.07011,0.00000,normal
5.08000,-5.47312,-2.63871,0.26129,-0.10000,0.20000,0.26667,normal
5.10000,-7.30000,-3.10000,0.30000,-0.10000,0.20000,0.51702,normal
5.12000,-9.45152,-3.93434,1.48586,-0.10000,0.20000,0.53830,normal
5.14000,-9.51212,-3.97475,1.58687,-0.10000,0.20000,0.55957,normal
5.16000,-9.57273,-4.01515,1.68788,-0.10000,0.20000,0.58085,normal
5.18000,-9.63333,-4.05556,1.78889,-0.10000,0.70000,0.70000,normal
5.20000,-9.69394,-4.09596,1.88990,0.22128,0.74681,0.66809,normal
5.22000,-16.65275,-4.87363,0.63956,0.26383,0.64043,0.60426,normal
5.24000,-16.74066,-4.82967,0.70549,0.30638,0.53404,0.54043,normal
5.26000,-16.82857,-4.78571,0.77143,0.34894,0.42766,0.47660,normal
5.28000,-16.91648,-4.74176,0.83736,0.39149,0.32128,0.41277,normal
5.30000,-15.25000,-4.45000,1.45000,1.14118,0.87647,-0.07059,normal
5.32000,-16.06882,-4.12473,1.58065,1.22027,0.59865,-0.12027,normal
5.34000,-15.59570,-4.01720,1.83871,1.24730,0.46351,-0.14730,normal
5.36000,-15.12258,-3.90968,2.09677,1.27432,0.32838,-0.17432,normal
5.38000,-14.64946,-3.80215,2.35484,1.15000,0.10000,-0.25000,normal
5.40000,-12.85000,-3.30000,3.10000,-0.01489,-0.27021,-0.68511,normal
5.42000,-5.62473,-1.44516,3.49462,-0.03617,-0.22766,-0.66383,normal
5.44000,-5.51720,-1.50968,3.34409,-0.05745,-0.18511,-0.64255,normal
5.46000,-5.40968,-1.57419,3.19355,-0.07872,-0.14255,-0.62128,normal
5.48000,-5.30215,-1.63871,3.04301,-0.10000,-0.10000,-0.60000,normal
5.50000,-5.45000,-1.95000,2.45000,1.10000,-0.42935,-0.28587,normal
5.52000,-3.00112,-2.16629,2.04382,1.10000,-0.32065,-0.26413,normal
5.54000,-3.20337,-2.09888,1.93146,1.10000,-0.21196,-0.24239,normal
5.56000,-3.40562,-2.03146,1.81910,1.10000,-0.10326,-0.22065,normal
5.58000,-3.60787,-1.96404,1.70674,1.05000,0.00000,-0.21667,normal
5.60000,-5.10000,-1.35000,1.55000,0.01000,0.01000,-0.20000,normal
5.62000,-7.16111,-3.18556,2.58778,0.03000,0.03000,-0.20000,normal
5.64000,-7.27222,-3.34111,2.56556,0.05000,0.05000,-0.20000,normal
5.66000,-7.38333,-3.49667,2.54333,0.07000,0.07000,-0.20000,normal
5.68000,-7.49444,-3.65222,2.52111,0.09000,0.09000,-0.20000,normal
5.70000,-7.95000,-3.90000,2.35000,0.94000,0.47000,-0.13000,normal
5.72000,-11.90000,-4.00000,0.60000,1.22222,0.73333,0.12222,normal
5.74000,-12.55000,-3.97500,0.67500,1.25000,0.65000,0.15000,normal
5.76000,-13.20000,-3.95000,0.75000,1.27778,0.56667,0.17778,normal
5.78000,-13.85000,-3.92500,0.82500,1.30000,0.28182,0.16364,normal
5.80000,-14.50000,-3.90000,0.90000,0.60000,0.32809,0.17303,normal
5.82000,-16.51158,-3.65579,0.77368,0.60000,0.14831,0.10562,normal
5.84000,-16.38526,-3.59263,0.87895,0.60000,-0.03146,0.03820,normal
5.86000,-16.25895,-3.52947,0.98421,0.60000,-0.21124,-0.02921,normal
5.88000,-16.13263,-3.46632,1.08947,0.60000,-0.39101,-0.09663,normal
5.90000,-16.00632,-3.40316,1.19474,-0.71071,-0.40000,-0.38929,normal
5.92000,-9.78295,-2.70000,1.85114,-0.73452,-0.40000,-0.36548,normal
5.94000,-9.07841,-2.70000,1.96477,-0.75833,-0.40000,-0.34167,normal
5.96000,-8.37386,-2.70000,2.07841,-0.78214,-0.40000,-0.31786,normal
5.98000,-7.66932,-2.70000,2.19205,0.00000,0.60000,0.40000,normal
6.00000,-5.95000,-2.90000,2.50000,0.70485,0.48252,0.63495,normal
6.02000,-5.52473,-4.73011,2.48495,0.82136,0.46311,0.67379,normal
6.04000,-5.41720,-4.77312,2.46344,0.93786,0.44369,0.71262,normal
6.06000,-5.30968,-4.81613,2.44194,1.05437,0.42427,0.75146,normal
6.08000,-5.20215,-4.85914,2.42043,1.17087,0.40485,0.79029,normal
6.10000,-4.90000,-4.50000,2.30000,1.89744,0.59487,0.80000,normal
6.12000,-8.14884,-4.00698,1.00000,1.87179,0.54359,0.80000,normal
6.14000,-8.31163,-4.03023,1.00000,1.84615,0.49231,0.80000,normal
6.16000,-8.47442,-4.05349,1.00000,1.82051,0.44103,0.80000,normal
6.18000,-8.63721,-4.07674,1.00000,1.56000,0.32000,0.72000,normal
6.20000,-8.80000,-4.10000,1.00000,0.88495,0.18495,0.26989,normal
6.22000,-9.22473,-4.80000,2.06989,0.86344,0.16344,0.22688,normal
6.24000,-9.11720,-4.80000,2.02688,0.84194,0.14194,0.18387,normal
6.26000,-9.00968,-4.80000,1.98387,0.82043,0.12043,0.14086,normal
6.28000,-8.90215,-4.80000,1.94086,0.80000,0.20000,-0.10000,normal
6.30000,-8.75000,-4.75000,1.95000,0.60000,0.41304,-0.30000,normal
6.32000,-11.28539,-5.34944,1.16292,0.60000,0.43478,-0.30000,normal
6.34000,-11.62247,-5.43933,1.09551,0.60000,0.45652,-0.30000,normal
6.36000,-11.95955,-5.52921,1.02809,0.60000,0.47826,-0.30000,normal
6.38000,-12.29663,-5.61910,0.96067,0.60000,0.50000,-0.30000,normal
6.40000,-13.70000,-5.90000,1.00000,2.12593,0.22593,-0.71296,normal
6.42000,-12.75714,-4.96374,1.18791,2.16296,0.26296,-0.73148,normal
6.44000,-13.04286,-4.89780,1.16593,2.20000,0.30000,-0.75000,normal
6.46000,-13.32857,-4.83187,1.14396,2.23704,0.33704,-0.76852,normal
6.48000,-13.61429,-4.76593,1.12198,2.27407,0.37407,-0.78704,normal
6.50000,-13.90000,-4.70000,1.10000,2.71538,0.18462,-0.93846,normal
6.52000,-10.64444,-2.25556,1.46667,2.47612,-0.20597,-1.30597,normal
6.54000,-10.00800,-2.32133,1.51467,2.35672,-0.23582,-1.33582,normal
6.56000,-9.76800,-2.34800,1.40800,2.23731,-0.26567,-1.36567,normal
6.58000,-9.52800,-2.37467,1.30133,2.11791,-0.29552,-1.39552,normal
6.60000,-9.00000,-2.30000,1.20000,1.10000,-0.40000,-1.40000,normal
6.62000,-7.48864,-3.11136,0.50000,1.10000,-0.40000,-1.40000,normal
6.64000,-7.46591,-3.13409,0.50000,1.10000,-0.40000,-1.40000,normal
6.66000,-7.44318,-3.15682,0.50000,1.10000,-0.40000,-1.40000,normal
6.68000,-7.42045,-3.17955,0.50000,1.15000,-0.30000,-1.30000,normal
6.70000,-7.40000,-3.40000,0.40000,1.60000,0.21412,-0.67176,normal
6.72000,-8.22273,-3.68864,0.51136,1.60000,0.23765,-0.62471,normal
6.74000,-8.26818,-3.66591,0.53409,1.60000,0.26118,-0.57765,normal
6.76000,-8.31364,-3.64318,0.55682,1.60000,0.28471,-0.53059,normal
6.78000,-8.35909,-3.62045,0.57955,1.60000,0.40000,-0.40000,normal
6.80000,-8.00000,-3.30000,0.75000,1.48646,0.62708,-0.40000,normal
6.82000,-7.62396,-2.98229,0.90000,1.46562,0.66875,-0.40000,normal
6.84000,-7.76979,-2.96146,0.90000,1.44479,0.71042,-0.40000,normal
6.86000,-7.91563,-2.94062,0.90000,1.42396,0.75208,-0.40000,normal
6.88000,-8.06146,-2.91979,0.90000,1.40312,0.79375,-0.40000,normal
6.90000,-9.60000,-2.90000,0.90000,1.30000,0.70000,-0.40000,normal
6.92000,-10.74000,-2.81647,1.52471,0.57857,0.87857,-0.07857,normal
6.94000,-11.14000,-2.86353,1.59529,0.55000,0.85000,-0.05000,normal
6.96000,-11.54000,-2.91059,1.66588,0.52143,0.82143,-0.02143,normal
6.98000,-11.94000,-2.95765,1.73647,0.30000,0.70000,-0.10000,normal
7.00000,-11.70000,-3.10000,2.30000,0.35816,1.10000,0.01939,normal
7.02000,-8.32258,-3.34839,0.78710,0.41939,1.10000,0.03980,normal
7.04000,-8.75269,-3.41290,0.63656,0.48061,1.10000,0.06020,normal
7.06000,-9.18280,-3.47742,0.48602,0.54184,1.10000,0.08061,normal
7.08000,-9.61290,-3.54194,0.33548,0.75000,1.05000,0.15000,normal
7.10000,-10.80000,-4.30000,0.20000,2.03146,1.10000,0.68427,normal
7.12000,-10.83182,-4.88864,1.90000,2.07640,1.10000,0.66180,normal
7.14000,-10.69545,-4.86591,1.90000,2.12135,1.10000,0.63933,normal
7.16000,-10.55909,-4.84318,1.90000,2.16629,1.10000,0.61685,normal
7.18000,-10.42273,-4.82045,1.90000,2.35000,1.00000,0.00000,normal
7.20000,-9.60000,-4.50000,1.50000,2.40000,0.88646,-0.31354,normal
7.22000,-8.54839,-3.20000,0.46774,2.40000,0.86563,-0.33437,normal
7.24000,-8.61290,-3.20000,0.42473,2.40000,0.84479,-0.35521,normal
7.26000,-8.67742,-3.20000,0.38172,2.40000,0.82396,-0.37604,normal
7.28000,-8.74194,-3.20000,0.33871,2.40000,0.80313,-0.39687,normal
7.30000,-8.88000,-3.22000,0.32000,1.99250,0.39750,-0.60250,normal
7.32000,-8.73256,-2.60000,1.49186,1.91750,0.37250,-0.62750,normal
7.34000,-8.82558,-2.60000,1.46860,1.84250,0.34750,-0.65250,normal
7.36000,-8.91860,-2.60000,1.44535,1.76750,0.32250,-0.67750,normal
7.38000,-9.01163,-2.60000,1.42209,1.40000,0.20000,-0.60000,normal
7.40000,-9.10000,-2.60000,1.40000,0.60000,0.18333,-0.38333,normal
7.42000,-9.14000,-2.92667,0.87333,0.60000,0.16250,-0.36250,normal
7.44000,-9.20667,-2.97111,0.82889,0.60000,0.14167,-0.34167,normal
7.46000,-9.27333,-3.01556,0.78444,0.60000,0.12083,-0.32083,normal
7.48000,-9.34000,-3.06000,0.74000,0.60000,0.10000,-0.30000,normal
7.50000,-9.50000,-3.20000,0.90000,0.70000,0.21089,-0.10000,normal
7.52000,-9.80000,-3.17701,0.84598,0.70000,0.23069,-0.10000,normal
7.54000,-9.80000,-3.13103,0.93793,0.70000,0.25050,-0.10000,normal
7.56000,-9.80000,-3.08506,1.02989,0.70000,0.27030,-0.10000,normal
7.58000,-9.80000,-3.03908,1.12184,0.70000,0.29010,-0.10000,normal
7.60000,-10.05000,-3.10000,1.30000,0.70000,0.38125,0.00000,normal
7.62000,-11.22326,-3.17209,1.60930,0.70000,0.30625,0.00000,normal
7.64000,-10.78140,-3.10233,1.63256,0.70000,0.23125,0.00000,normal
7.66000,-10.33953,-3.03256,1.65581,0.70000,0.15625,0.00000,normal
7.68000,-9.89767,-2.96279,1.67907,0.44000,-0.04000,-0.18000,normal
7.70000,-7.70000,-2.50000,1.40000,0.53333,0.38333,-0.30000,normal
7.72000,-11.13226,-3.36452,0.86129,0.57500,0.36250,-0.30000,normal
7.74000,-11.17527,-3.45054,1.07634,0.61667,0.34167,-0.30000,normal
7.76000,-11.21828,-3.53656,1.29140,0.65833,0.32083,-0.30000,normal
7.78000,-11.26129,-3.62258,1.50645,0.70000,0.30000,-0.30000,normal
7.80000,-10.40000,-4.00000,1.50000,1.08602,0.12796,-0.21398,normal
7.82000,-7.31124,-2.74494,1.13258,1.06452,0.17097,-0.23548,normal
7.84000,-7.33371,-2.83483,0.99775,1.04301,0.21398,-0.25699,normal
7.86000,-7.35618,-2.92472,0.86292,1.02151,0.25699,-0.27849,normal
7.88000,-7.37865,-3.01461,0.72809,1.00000,0.30000,-0.30000,normal
7.90000,-7.90000,-3.50000,0.50000,1.78980,0.58980,0.01020,normal
7.92000,-9.30000,-3.07849,0.80000,1.76939,0.56939,0.03061,normal
7.94000,-9.30000,-3.03548,0.80000,1.74898,0.54898,0.05102,normal
7.96000,-9.30000,-2.99247,0.80000,1.72857,0.52857,0.07143,normal
7.98000,-9.30000,-2.94946,0.80000,1.70816,0.50816,0.09184,normal
8.00000,-9.30000,-2.90645,0.80000,1.07143,0.30000,-0.21429,normal
8.02000,-9.20494,-2.30000,1.49753,0.87647,0.28824,-0.31176,normal
8.04000,-9.25432,-2.30000,1.47284,0.81765,0.25882,-0.34118,normal
8.06000,-9.30370,-2.30000,1.44815,0.75882,0.22941,-0.37059,normal
8.08000,-9.35309,-2.30000,1.42346,0.70000,0.20000,-0.40000,normal
8.10000,-9.50000,-2.30000,1.60000,0.07143,-0.10000,-0.48571,normal
8.12000,-9.46742,-1.72247,1.90000,0.02747,-0.10000,-0.46374,normal
8.14000,-9.60225,-1.76742,1.90000,-0.01648,-0.10000,-0.44176,normal
8.16000,-9.73708,-1.81236,1.90000,-0.06044,-0.10000,-0.41978,normal
8.18000,-9.87191,-1.85730,1.90000,-0.50000,0.00000,-0.40000,normal
8.20000,-10.80000,-2.80000,1.60000,0.15517,-0.22759,-0.21379,normal
8.22000,-9.41461,-3.70112,1.55056,0.24713,-0.27356,-0.23678,normal
8.24000,-9.07753,-3.52135,1.46067,0.33908,-0.31954,-0.25977,normal
8.26000,-8.74045,-3.34157,1.37079,0.43103,-0.36552,-0.28276,normal
8.28000,-8.40337,-3.16180,1.28090,1.30000,0.20000,-0.10000,normal
8.30000,-9.70000,-3.20000,0.40000,1.83455,-0.10000,0.11727,normal
8.32000,-11.02021,-2.84043,1.14362,1.87091,-0.10000,0.13545,normal
8.34000,-10.91383,-2.62766,1.33511,1.90727,-0.10000,0.15364,normal
8.36000,-10.80745,-2.41489,1.52660,1.94364,-0.10000,0.17182,normal
8.38000,-10.70106,-2.20213,1.71809,1.98000,-0.10000,0.19000,normal
8.40000,-10.36667,-1.93333,1.86667,0.07778,-0.14444,-0.04444,normal
8.42000,-7.13750,-2.55000,1.32500,-0.41857,-0.08143,-0.21857,normal
8.44000,-7.17403,-2.72338,1.20130,-0.44714,-0.05286,-0.24714,normal
8.46000,-7.25195,-2.85325,1.09740,-0.47571,-0.02429,-0.27571,normal
8.48000,-7.32987,-2.98312,0.99351,-0.20000,-0.20000,-0.30000,normal
8.50000,-7.60000,-3.20000,0.60000,0.21789,-0.40000,-0.30000,normal
8.52000,-7.14286,-3.04286,0.95714,0.23895,-0.40000,-0.30000,normal
8.54000,-7.05495,-2.95495,1.04505,0.26000,-0.40000,-0.30000,normal
8.56000,-6.96703,-2.86703,1.13297,0.28105,-0.40000,-0.30000,normal
8.58000,-6.87912,-2.77912,1.22088,0.30000,-0.40000,-0.30000,normal
8.60000,-6.40000,-2.50000,1.60000,-0.21596,-0.48404,-0.50000,normal
8.62000,-4.98842,-2.11263,0.67474,-0.23723,-0.46277,-0.50000,normal
8.64000,-5.13579,-2.13368,0.63263,-0.25851,-0.44149,-0.50000,normal
8.66000,-5.28316,-2.15474,0.59053,-0.27979,-0.42021,-0.50000,normal
8.68000,-5.43053,-2.17579,0.54842,-0.30000,-0.40000,-0.45000,normal
8.70000,-5.57789,-2.19684,0.50632,-0.50000,-0.28911,0.01089,normal
8.72000,-7.18652,-2.72472,0.90000,-0.50000,-0.26931,0.03069,normal
8.74000,-7.34382,-2.76966,0.90000,-0.50000,-0.24950,0.05050,normal
8.76000,-7.50112,-2.81461,0.90000,-0.50000,-0.22970,0.07030,normal
8.78000,-7.65843,-2.85955,0.90000,-0.50000,-0.20990,0.09010,normal
8.80000,-7.93333,-2.87778,0.92222,-0.77000,0.73000,0.48000,normal
8.82000,-19.20000,-3.50000,-0.20000,-1.12133,0.50800,1.07867,normal
8.84000,-19.04615,-3.65385,-0.07179,-1.14800,0.26800,1.05200,normal
8.86000,-18.89231,-3.80769,0.05641,-1.17467,0.02800,1.02533,normal
8.88000,-18.73846,-3.96154,0.18462,-1.20000,-0.25000,0.95000,normal
8.90000,-12.80000,-3.90000,2.00000,0.63404,0.92553,0.78511,normal
8.92000,-16.30323,-4.27527,1.11075,0.82553,0.81915,0.76383,normal
8.94000,-15.59355,-4.38280,1.41183,1.01702,0.71277,0.74255,normal
8.96000,-14.88387,-4.49032,1.71290,1.20851,0.60638,0.72128,normal
8.98000,-14.17419,-4.59785,2.01398,1.40000,0.50000,0.70000,normal
9.00000,-9.80000,-3.30000,3.90000,-0.04432,0.44091,0.28523,normal
9.02000,-6.60000,-0.16818,2.93182,-0.11250,0.35000,0.26250,normal
9.04000,-6.60000,-0.30455,2.79545,-0.18068,0.25909,0.23977,normal
9.06000,-6.60000,-0.44091,2.65909,-0.24886,0.16818,0.21705,normal
9.08000,-6.60000,-0.57727,2.52273,-0.60000,0.40000,0.35000,normal
9.10000,-5.00000,-1.10000,2.70000,-0.52897,0.44673,0.40000,normal
9.12000,-6.07097,-2.57742,2.71935,-0.45421,0.39065,0.40000,normal
9.14000,-6.56559,-2.81398,2.61183,-0.37944,0.33458,0.40000,normal
9.16000,-7.06022,-3.05054,2.50430,-0.30467,0.27850,0.40000,normal
9.18000,-7.55484,-3.28710,2.39677,-0.22991,0.22243,0.40000,normal
9.20000,-8.20000,-4.30000,2.10000,0.10000,0.05000,0.47500,normal
9.22000,-10.60250,-3.78500,2.11000,0.90000,-0.11429,0.27143,normal
9.24000,-10.62750,-3.63500,2.21000,0.90000,-0.14603,0.20794,normal
9.26000,-10.65250,-3.48500,2.31000,0.90000,-0.17778,0.14444,normal
9.28000,-10.67750,-3.33500,2.41000,-0.00485,-0.29903,-0.60097,normal
9.30000,-10.35000,-2.50000,2.60000,-0.10194,-0.27961,-0.62039,normal
9.32000,-11.22340,-2.40213,1.33191,-0.19903,-0.26019,-0.63981,normal
9.34000,-11.62766,-2.52979,1.24681,-0.29612,-0.24078,-0.65922,normal
9.36000,-12.03191,-2.65745,1.16170,-0.39320,-0.22136,-0.67864,normal
9.38000,-12.43617,-2.78511,1.07660,-0.49029,-0.20194,-0.69806,normal
9.40000,-14.40000,-3.50000,1.30000,-0.11707,-0.77439,-0.80000,normal
9.42000,-10.79545,-3.17727,0.59773,-0.16585,-0.70122,-0.80000,normal
9.44000,-11.38636,-3.13182,0.39318,-0.21463,-0.62805,-0.80000,normal
9.46000,-11.97727,-3.08636,0.18864,-0.26341,-0.55488,-0.80000,normal
9.48000,-12.56818,-3.04091,-0.01591,-0.00000,-0.70000,-0.60000,normal
9.50000,-15.90000,-3.20000,-0.20000,-0.15135,-0.46577,-0.50000,normal
9.52000,-8.70323,-2.90000,1.71935,-0.20541,-0.42973,-0.50000,normal
9.54000,-8.57419,-2.90000,1.61183,-0.25946,-0.39369,-0.50000,normal
9.56000,-8.44516,-2.90000,1.50430,-0.31351,-0.35766,-0.50000,normal
9.58000,-8.31613,-2.90000,1.39677,-0.36757,-0.32162,-0.50000,normal
9.60000,-8.04211,-2.85789,1.32105,-0.33846,-0.30000,-0.56154,normal
9.62000,-5.20000,-2.70000,1.80000,0.23367,0.10000,-0.60000,normal
9.64000,-5.36667,-2.35000,2.11667,0.29490,0.10000,-0.60000,normal
9.66000,-5.32963,-2.29444,2.13519,0.35612,0.10000,-0.60000,normal
9.68000,-5.29259,-2.23889,2.15370,0.41735,0.10000,-0.60000,normal
9.70000,-5.25556,-2.18333,2.17222,0.47857,0.10000,-0.60000,normal
9.72000,-5.21852,-2.12778,2.19074,0.17846,-0.11077,-0.18923,normal
9.74000,-6.31935,-1.90484,1.20000,0.11692,-0.14154,-0.15846,normal
9.76000,-6.44839,-1.93710,1.20000,0.05538,-0.17231,-0.12769,normal
9.78000,-6.57742,-1.96935,1.20000,-0.10000,-0.20000,-0.03333,normal
9.80000,-6.95000,-2.20000,1.20000,-0.68319,0.10840,0.50000,normal
9.82000,-8.63051,-3.62034,1.60000,-0.64958,0.12521,0.50000,normal
9.84000,-8.68136,-3.65424,1.60000,-0.61597,0.14202,0.50000,normal
9.86000,-8.73220,-3.68814,1.60000,-0.58235,0.15882,0.50000,normal
9.88000,-8.78305,-3.72203,1.60000,-0.54874,0.17563,0.50000,normal
9.90000,-8.83390,-3.75593,1.60000,-0.51513,0.19244,0.50000,normal
9.92000,-8.88475,-3.78983,1.60000,0.42687,1.39104,1.11791,normal
9.94000,-18.10870,-5.02609,1.06087,0.51642,1.36119,1.17761,normal
9.96000,-18.57246,-5.08406,0.97391,0.60597,1.33134,1.23731,normal
9.98000,-19.03623,-5.14203,0.88696,0.69552,1.30149,1.29701,normal
10.00000,-19.50000,-5.20000,0.80000,0.58750,0.56875,-0.01875,normal
10.02000,-12.45930,-1.70000,1.98372,0.53750,0.44375,-0.09375,normal
10.04000,-11.92442,-1.70000,2.16977,0.48750,0.31875,-0.16875,normal
10.06000,-11.38953,-1.70000,2.35581,0.43750,0.19375,-0.24375,normal
10.08000,-10.85465,-1.70000,2.54186,-0.90000,-0.60000,-0.50000,normal
10.10000,-7.20000,-1.40000,3.10000,-0.98333,-0.60000,-0.50000,normal
10.12000,-5.68587,-1.56522,2.80217,-1.06667,-0.60000,-0.50000,normal
10.14000,-5.53370,-1.65217,2.67174,-1.15000,-0.60000,-0.50000,normal
10.16000,-5.38152,-1.73913,2.54130,-1.23333,-0.60000,-0.50000,normal
10.18000,-5.22935,-1.82609,2.41087,-1.40000,-0.40000,-0.20000,normal
10.20000,-5.15000,-2.85000,1.35000,-0.11827,-0.38365,0.10000,normal
10.22000,-5.06250,-3.48750,1.81250,-0.02212,-0.36442,0.10000,normal
10.24000,-5.02083,-3.36250,1.93750,0.07404,-0.34519,0.10000,normal
10.26000,-4.97917,-3.23750,2.06250,0.17019,-0.32596,0.10000,normal
10.28000,-4.93750,-3.11250,2.18750,0.26635,-0.30673,0.10000,normal
10.30000,-5.20000,-2.40000,3.00000,0.38824,0.10588,0.30000,normal
10.32000,-7.96140,-3.59035,2.00965,0.60000,0.02444,0.28778,normal
10.34000,-7.89123,-3.57281,2.02719,0.60000,0.06889,0.26556,normal
10.36000,-7.82105,-3.55526,2.04474,0.60000,0.11333,0.24333,normal
10.38000,-7.75088,-3.53772,2.06228,0.60000,0.15778,0.22111,normal
10.40000,-7.68070,-3.52018,2.07982,0.60000,0.30000,0.20000,normal
10.42000,-7.61053,-3.50263,2.09737,0.10000,0.33684,-0.08158,normal
10.44000,-10.45714,-2.85714,1.00000,0.10000,0.38947,-0.05526,normal
10.46000,-11.37143,-2.97143,1.00000,0.10000,0.44211,-0.02895,normal
10.48000,-12.28571,-3.08571,1.00000,0.10000,0.49474,-0.00263,normal
10.50000,-13.20000,-3.20000,1.00000,0.19167,0.14167,-0.11667,normal
10.52000,-14.07442,-3.18140,0.79070,0.16786,-0.02500,-0.16429,normal
10.54000,-14.26047,-3.13488,0.76744,0.14405,-0.19167,-0.21190,normal
10.56000,-14.44651,-3.08837,0.74419,0.12024,-0.35833,-0.25952,normal
10.58000,-14.63256,-3.04186,0.72093,-0.10000,-0.40000,-0.50000,normal
10.60000,-11.20000,-2.90000,1.40000,-0.31406,-0.31406,-0.51406,normal
10.62000,-8.23276,-2.41121,1.46638,-0.32969,-0.32969,-0.52969,normal
10.64000,-8.12931,-2.42845,1.41466,-0.34531,-0.34531,-0.54531,normal
10.66000,-8.02586,-2.44569,1.36293,-0.36094,-0.36094,-0.56094,normal
10.68000,-7.92241,-2.46293,1.31121,-0.37656,-0.37656,-0.57656,normal
10.70000,-7.81897,-2.48017,1.25948,-0.39219,-0.39219,-0.59219,normal
10.72000,-7.71552,-2.49741,1.20776,-0.30909,-0.30000,-0.45455,normal
10.74000,-5.50000,-2.60000,1.50000,-0.07551,-0.40000,-0.37551,normal
10.76000,-5.26271,-2.60000,1.50000,-0.03469,-0.40000,-0.33469,normal
10.78000,-5.02542,-2.60000,1.50000,-0.10000,-0.20000,-0.10000,normal
10.80000,-4.60000,-2.55000,1.35000,-0.20000,-0.10000,0.20000,normal
10.82000,-5.49123,-2.61140,0.95439,-0.20000,-0.10000,0.20000,normal
10.84000,-5.63158,-2.62895,0.88421,-0.20000,-0.10000,0.20000,normal
10.86000,-5.77193,-2.64649,0.81404,-0.20000,-0.10000,0.20000,normal
10.88000,-5.91228,-2.66404,0.74386,-0.20000,-0.10000,0.20000,normal
10.90000,-6.05263,-2.68158,0.67368,-0.20000,-0.10000,0.20000,normal
10.92000,-6.19298,-2.69912,0.60351,-0.30000,0.09615,0.31923,normal
10.94000,-7.82647,-3.08676,1.02647,-0.30000,0.22436,0.34487,normal
10.96000,-7.88529,-3.05735,1.08529,-0.30000,0.35256,0.37051,normal
10.98000,-7.94412,-3.02794,1.14412,-0.30000,0.48077,0.39615,normal
11.00000,-9.40000,-3.05000,1.10000,-0.40000,1.60000,0.90000,normal
11.02000,-12.93148,-4.54167,3.36759,0.11212,-0.07879,0.78788,normal
11.04000,-12.45000,-4.37500,3.27500,0.13232,0.12323,0.76768,normal
11.06000,-11.96852,-4.20833,3.18241,0.15253,0.32525,0.74747,normal
11.08000,-11.48704,-4.04167,3.08981,0.17273,0.52727,0.72727,normal
11.10000,-11.00556,-3.87500,2.99722,0.19293,0.72929,0.70707,normal
11.12000,-10.52407,-3.70833,2.90463,0.38571,1.23333,0.57619,normal
11.14000,-14.89194,-2.77581,1.59194,1.05769,0.66538,0.24231,normal
11.16000,-13.50484,-2.61452,2.20484,1.17308,0.39615,0.12692,normal
11.18000,-12.11774,-2.45323,2.81774,1.28846,0.12692,0.01154,normal
11.20000,-9.55000,-1.90000,3.65000,-0.80000,-0.11200,-0.10000,normal
11.22000,-6.01818,-2.01636,2.03273,-0.80000,-0.17200,-0.10000,normal
11.24000,-5.83636,-2.05273,2.10545,-0.80000,-0.23200,-0.10000,normal
11.26000,-5.65455,-2.08909,2.17818,-0.80000,-0.29200,-0.10000,normal
11.28000,-5.47273,-2.12545,2.25091,-0.80000,-0.35200,-0.10000,normal
11.30000,-5.29091,-2.16182,2.32364,-0.70000,-0.55000,-0.20000,normal
11.32000,-5.10909,-2.19818,2.39636,-0.70000,-0.32762,-0.18190,normal
11.34000,-3.79400,-2.65600,1.61600,-0.70000,-0.25143,-0.16286,normal
11.36000,-4.21400,-2.73600,1.49600,-0.70000,-0.17524,-0.14381,normal
11.38000,-4.63400,-2.81600,1.37600,-0.70000,-0.09905,-0.12476,normal
11.40000,-5.05400,-2.89600,1.25600,-0.70000,-0.02286,-0.10571,normal
11.42000,-5.47400,-2.97600,1.13600,0.50000,0.19895,0.10000,normal
11.44000,-8.50000,-3.68621,1.68621,0.50000,0.17789,0.10000,normal
11.46000,-8.50000,-3.61724,1.61724,0.50000,0.15684,0.10000,normal
11.48000,-8.50000,-3.54828,1.54828,0.50000,0.13579,0.10000,normal
11.50000,-8.50000,-3.47931,1.47931,0.50000,0.11474,0.10000,normal
11.52000,-8.50000,-3.41034,1.41034,0.56000,0.16000,0.10000,normal
11.54000,-15.83333,-5.26667,1.38889,1.18302,0.55472,0.17925,normal
11.56000,-15.43396,-5.54340,1.47170,1.33396,0.29057,0.14151,normal
11.58000,-14.67925,-5.46792,1.43396,1.48491,0.02642,0.10377,normal
11.60000,-15.45000,-4.05000,-0.20000,1.57455,0.03000,-0.51909,normal
11.62000,-17.50360,-2.56396,0.58649,1.50182,-0.17000,-0.57364,normal
11.64000,-16.51261,-2.47387,0.80270,1.42909,-0.37000,-0.62818,normal
11.66000,-15.52162,-2.38378,1.01892,1.35636,-0.57000,-0.68273,normal
11.68000,-14.53063,-2.29369,1.23514,1.28364,-0.77000,-0.73727,normal
11.70000,-13.53964,-2.20360,1.45135,1.21091,-0.97000,-0.79182,normal
11.72000,-12.54865,-2.11351,1.66757,-0.74369,-0.79126,-1.41748,normal
11.74000,-7.73368,-1.33684,1.67789,-0.84078,-0.77184,-1.45631,normal
11.76000,-7.54421,-1.44211,1.61474,-0.93786,-0.75243,-1.49515,normal
11.78000,-7.35474,-1.54737,1.55158,-1.03495,-0.73301,-1.53398,normal
11.80000,-7.16526,-1.65263,1.48842,-1.13204,-0.71359,-1.57282,normal
11.82000,-6.97579,-1.75789,1.42526,-0.65714,-0.70000,-1.28571,normal
11.84000,-4.52442,-2.49651,0.99651,-0.16800,-0.66800,-0.86800,normal
11.86000,-4.68721,-2.47326,0.97326,-0.11467,-0.61467,-0.81467,normal
11.88000,-4.85000,-2.45000,0.95000,-0.06133,-0.56133,-0.76133,normal
11.90000,-5.01279,-2.42674,0.92674,-0.00800,-0.50800,-0.70800,normal
11.92000,-5.17558,-2.40349,0.90349,0.06170,-0.59043,0.21915,normal
11.94000,-5.02857,-1.80000,1.27857,-0.02340,-0.56915,0.26170,normal
11.96000,-5.11020,-1.80000,1.21735,-0.10851,-0.54787,0.30426,normal
11.98000,-5.19184,-1.80000,1.15612,-0.19362,-0.52660,0.34681,normal
12.00000,-5.27347,-1.80000,1.09490,-0.27872,-0.50532,0.38936,normal
12.02000,-5.35510,-1.80000,1.03367,-1.01087,-0.20000,0.61087,normal
12.04000,-6.31685,-2.22247,0.81124,-1.03261,-0.20000,0.63261,normal
12.06000,-6.38427,-2.31236,0.85618,-1.05435,-0.20000,0.65435,normal
12.08000,-6.45169,-2.40225,0.90112,-1.07609,-0.20000,0.67609,normal
12.10000,-6.51910,-2.49213,0.94607,-1.09783,-0.20000,0.69783,normal
12.12000,-6.58652,-2.58202,0.99101,-0.58947,0.98105,2.29789,normal
12.14000,-20.08901,-5.37033,0.31429,-0.48421,0.79158,2.27684,normal
12.16000,-19.56154,-5.54615,0.60000,-0.37895,0.60211,2.25579,normal
12.18000,-19.03407,-5.72198,0.88571,-0.27368,0.41263,2.23474,normal
12.20000,-18.50659,-5.89780,1.17143,-0.16842,0.22316,2.21368,normal
12.22000,-17.97912,-6.07363,1.45714,0.78571,1.35714,1.95714,normal
12.24000,-16.10000,-4.13333,0.73333,2.12419,1.25968,1.17581,normal
12.26000,-14.67595,-3.79873,1.34430,2.22097,1.09839,1.07903,normal
12.28000,-13.94177,-3.44430,1.74937,2.31774,0.93710,0.98226,normal
12.30000,-13.20759,-3.08987,2.15443,1.10000,0.10000,0.20000,normal
12.32000,-12.47342,-2.73544,2.55949,-1.07010,0.22990,-0.11753,normal
12.34000,-7.08125,-0.52187,2.83750,-1.15258,0.14742,-0.13814,normal
12.36000,-7.20625,-0.70937,2.58750,-1.23505,0.06495,-0.15876,normal
12.38000,-7.33125,-0.89688,2.33750,-1.31753,-0.01753,-0.17938,normal
12.40000,-7.45625,-1.08438,2.08750,-1.40000,-0.10000,-0.20000,normal
12.42000,-7.58125,-1.27187,1.83750,-1.16923,-0.55385,-0.40000,normal
12.44000,-2.60000,-3.02985,2.84030,-1.10769,-0.46154,-0.40000,normal
12.46000,-2.60000,-3.08955,2.72090,-1.04615,-0.36923,-0.40000,normal
12.48000,-2.60000,-3.14925,2.60149,0.40000,0.00000,-0.10000,normal
12.50000,-4.85000,-3.70000,1.55000,0.60000,0.13333,0.13333,normal
12.52000,-8.01778,-4.13111,2.04667,0.60000,0.17037,0.17037,normal
12.54000,-8.32889,-4.17556,2.11333,0.60000,0.20741,0.20741,normal
12.56000,-8.64000,-4.22000,2.18000,0.60000,0.24444,0.24444,normal
12.58000,-8.95111,-4.26444,2.24667,0.60000,0.28148,0.28148,normal
12.60000,-11.02000,-4.70000,2.62000,0.89802,-0.09406,0.19802,normal
12.62000,-11.52807,-4.62895,2.41316,0.87822,-0.03465,0.17822,normal
12.64000,-12.12456,-4.68158,2.25526,0.85842,0.02475,0.15842,normal
12.66000,-12.72105,-4.73421,2.09737,0.83861,0.08416,0.13861,normal
12.68000,-13.31754,-4.78684,1.93947,0.81881,0.14356,0.11881,normal
12.70000,-13.91404,-4.83947,1.78158,0.80000,0.45000,0.10000,normal
12.72000,-14.51053,-4.89211,1.62368,0.57767,-0.55922,-1.05437,normal
12.74000,-16.80105,-4.21579,0.30737,0.40291,-0.50097,-1.13204,normal
12.76000,-17.34842,-4.42632,0.13895,0.22816,-0.44272,-1.20971,normal
12.78000,-17.89579,-4.63684,-0.02947,0.05340,-0.38447,-1.28738,normal
12.80000,-18.44316,-4.84737,-0.19789,-0.12136,-0.32621,-1.36505,normal
12.82000,-18.99053,-5.05789,-0.36632,0.20119,-1.19643,-3.30000,normal
12.84000,-7.17442,-3.21395,0.92326,0.22500,-1.12500,-3.30000,normal
12.86000,-6.54651,-3.28372,1.03953,0.24881,-1.05357,-3.30000,normal
12.88000,-5.91860,-3.35349,1.15581,0.27262,-0.98214,-3.30000,normal
12.90000,-5.29070,-3.42326,1.27209,0.29643,-0.91071,-3.30000,normal
12.92000,-4.66279,-3.49302,1.38837,1.08505,0.20748,-1.97757,normal
12.94000,-3.35281,-4.09213,1.91573,1.04766,0.22617,-1.92150,normal
12.96000,-3.21798,-4.06966,1.96067,1.01028,0.24486,-1.86542,normal
12.98000,-3.08315,-4.04719,2.00562,0.97290,0.26355,-1.80935,normal
13.00000,-2.94831,-4.02472,2.05056,0.93551,0.28224,-1.75327,normal
13.02000,-2.81348,-4.00225,2.09551,0.90000,0.35000,-1.55000,normal
13.04000,-3.12000,-3.68000,1.10000,0.66418,0.27612,-1.07612,normal
13.06000,-2.72466,-3.77534,1.11507,0.57463,0.21642,-1.01642,normal
13.08000,-2.58767,-3.91233,1.14247,0.48507,0.15672,-0.95672,normal
13.10000,-2.45068,-4.04932,1.16986,0.36000,0.12000,-0.84000,normal
13.12000,-2.31370,-4.18630,1.19726,0.20000,0.57021,-0.06489,normal
13.14000,-4.39570,-6.39462,0.54086,0.20000,0.69787,-0.00106,normal
13.16000,-4.93333,-6.56667,0.43333,0.20000,0.82553,0.06277,normal
13.18000,-5.47097,-6.73871,0.32581,0.20000,0.95319,0.12660,normal
13.20000,-6.00860,-6.91075,0.21828,0.20000,1.08085,0.19043,normal
13.22000,-6.54624,-7.08280,0.11075,2.48556,1.47556,2.00000,normal
13.24000,-12.59775,-8.16629,3.83708,2.64111,1.43111,2.00000,normal
13.26000,-12.30562,-7.78427,3.65730,2.79667,1.38667,2.00000,normal
13.28000,-12.01348,-7.40225,3.47753,2.95222,1.34222,2.00000,normal
13.30000,-11.72135,-7.02022,3.29775,3.50000,2.00000,1.90000,normal
13.32000,-11.42921,-6.63820,3.11798,3.31089,0.95545,1.05545,normal
13.34000,-10.68172,-0.92258,3.93548,3.19208,0.89604,0.99604,normal
13.36000,-10.46667,-0.60000,4.00000,3.07327,0.83663,0.93663,normal
13.38000,-10.25161,-0.27742,4.06452,2.95446,0.77723,0.87723,normal
13.40000,-10.03656,0.04516,4.12903,2.83564,0.71782,0.81782,normal
13.42000,-9.82151,0.36774,4.19355,0.57143,0.32857,0.51429,normal
13.44000,-5.96744,-1.53721,4.27674,-1.40500,-0.03500,0.60000,normal
13.46000,-5.80465,-1.72326,4.16047,-1.55500,-0.08500,0.60000,normal
13.48000,-5.64186,-1.90930,4.04419,-1.70500,-0.13500,0.60000,normal
13.50000,-5.47907,-2.09535,3.92791,-1.85500,-0.18500,0.60000,normal
13.52000,-5.31628,-2.28140,3.81163,-1.97590,-0.38795,0.59398,normal
13.54000,-5.47442,-4.61395,0.52791,-1.87952,-0.33976,0.56988,normal
13.56000,-5.84651,-4.68372,0.66744,-1.78313,-0.29157,0.54578,normal
13.58000,-6.21860,-4.75349,0.80698,-1.68675,-0.24337,0.52169,normal
13.60000,-6.59070,-4.82326,0.94651,-1.10000,-0.20000,0.40000,normal
13.62000,-6.96279,-4.89302,1.08605,-0.56591,-0.07727,-0.02273,normal
13.64000,-8.02553,-4.23617,1.85106,-0.49773,-0.03182,-0.06818,normal
13.66000,-8.06809,-4.12979,1.93617,-0.42955,0.01364,-0.11364,normal
13.68000,-8.11064,-4.02340,2.02128,-0.36136,0.05909,-0.15909,normal
13.70000,-8.15319,-3.91702,2.10638,0.00000,-0.10000,-0.30000,normal
13.72000,-8.19574,-3.81064,2.19149,0.30000,0.49231,-0.28462,normal
13.74000,-8.98065,-3.26452,4.10968,0.30000,0.47033,-0.24066,normal
13.76000,-9.28172,-3.37204,3.95914,0.30000,0.44835,-0.19670,normal
13.78000,-9.58280,-3.47957,3.80860,0.30000,0.42637,-0.15275,normal
13.80000,-9.88387,-3.58710,3.65806,0.30000,0.40440,-0.10879,normal
13.82000,-10.18495,-3.69462,3.50753,1.70000,-0.00238,1.09881,normal
13.84000,-17.78182,-5.98409,2.40682,1.70000,-0.05000,1.07500,normal
13.86000,-17.05455,-5.59773,2.42955,1.70000,-0.09762,1.05119,normal
13.88000,-16.32727,-5.21136,2.45227,1.70000,-0.14524,1.02738,normal
13.90000,-15.60000,-4.82500,2.47500,1.70000,-0.19286,1.00357,normal
13.92000,-14.87273,-4.43864,2.49773,-0.92391,-0.02391,0.38804,normal
13.94000,-12.16809,-3.67660,3.98936,-0.96739,-0.06739,0.36630,normal
13.96000,-11.61489,-3.80426,4.13830,-1.01087,-0.11087,0.34457,normal
13.98000,-11.06170,-3.93191,4.28723,-1.05435,-0.15435,0.32283,normal
14.00000,-10.50851,-4.05957,4.43617,-1.09783,-0.19783,0.30109,normal
14.02000,-9.95532,-4.18723,4.58511,-0.68043,-0.40978,-0.10978,normal
14.04000,-4.15957,-3.86170,2.31277,-0.63696,-0.43152,-0.13152,normal
14.06000,-3.92553,-3.79787,2.33404,-0.59348,-0.45326,-0.15326,normal
14.08000,-3.69149,-3.73404,2.35532,-0.55000,-0.47500,-0.17500,normal
14.10000,-3.45745,-3.67021,2.37660,-0.50652,-0.49674,-0.19674,normal
14.12000,-3.22340,-3.60638,2.39787,-0.81923,-0.58077,-0.60000,normal
14.14000,-1.43043,-2.12174,1.29130,-0.85769,-0.54231,-0.60000,normal
14.16000,-1.69130,-2.16522,1.07391,-0.89615,-0.50385,-0.60000,normal
14.18000,-1.95217,-2.20870,0.85652,-0.93462,-0.46538,-0.60000,normal
14.20000,-2.21304,-2.25217,0.63913,-0.97308,-0.42692,-0.60000,normal
14.22000,-2.47391,-2.29565,0.42174,-0.58000,-0.30000,-0.34000,normal
14.24000,-4.40000,-2.70000,-0.20000,-0.42162,0.29459,0.04324,normal
14.26000,-7.41026,-4.70256,2.40256,-0.44865,0.53784,0.09730,normal
14.28000,-7.92308,-4.83077,2.53077,-0.47568,0.78108,0.15135,normal
14.30000,-8.43590,-4.95897,2.65897,-0.50000,2.10000,0.90000,normal
14.32000,-8.94872,-5.08718,2.78718,-0.28632,0.30105,0.64947,normal
14.34000,-15.87347,-6.87653,3.91020,-0.09684,0.46947,0.56526,normal
14.36000,-15.09796,-6.65204,3.74694,0.09263,0.63789,0.48105,normal
14.38000,-14.32245,-6.42755,3.58367,0.28211,0.80632,0.39684,normal
14.40000,-13.54694,-6.20306,3.42041,0.47158,0.97474,0.31263,normal
14.42000,-12.77143,-5.97857,3.25714,-0.65146,-1.35146,-0.90971,normal
14.44000,-10.05618,-5.09213,3.63933,-0.55437,-1.25437,-0.92913,normal
14.46000,-9.35955,-5.06966,3.75169,-0.45728,-1.15728,-0.94854,normal
14.48000,-8.66292,-5.04719,3.86404,-0.36019,-1.06019,-0.96796,normal
14.50000,-7.96629,-5.02472,3.97640,-0.26311,-0.96311,-0.98738,normal
14.52000,-7.26966,-5.00225,4.08876,2.34000,-0.06000,-0.78000,normal
14.54000,-4.17755,-3.49898,0.90000,2.45200,0.13200,-0.68400,normal
14.56000,-4.13673,-3.31531,0.90000,2.37200,0.18533,-0.65733,normal
14.58000,-4.09592,-3.13163,0.90000,2.29200,0.23867,-0.63067,normal
14.60000,-4.05510,-2.94796,0.90000,2.21200,0.29200,-0.60400,normal
14.62000,-4.01429,-2.76429,0.90000,0.87802,0.78791,-0.47802,normal
14.64000,-4.78295,-3.23182,-0.07955,0.83407,0.96374,-0.43407,normal
14.66000,-5.30568,-3.32273,-0.30682,0.79011,1.13956,-0.39011,normal
14.68000,-5.82841,-3.41364,-0.53409,0.74615,1.31538,-0.34615,normal
14.70000,-6.35114,-3.50455,-0.76136,0.70220,1.49121,-0.30220,normal
14.72000,-6.87386,-3.59545,-0.98864,1.86742,0.96742,0.21124,normal
14.74000,-10.94945,-6.19121,1.52088,2.00225,1.10225,0.23371,normal
14.76000,-11.05934,-5.94945,1.34505,2.13708,1.23708,0.25618,normal
14.78000,-11.16923,-5.70769,1.16923,2.27191,1.37191,0.27865,normal
14.80000,-11.27912,-5.46593,0.99341,2.90000,1.70000,0.10000,normal
14.82000,-11.38901,-5.22418,0.81758,3.67732,1.88866,-0.48866,normal
14.84000,-10.48817,-3.37634,-0.20538,3.63608,1.86804,-0.46804,normal
14.86000,-10.46667,-3.33333,-0.03333,3.59485,1.84742,-0.44742,normal
14.88000,-10.44516,-3.29032,0.13871,3.55361,1.82680,-0.42680,normal
14.90000,-10.42366,-3.24731,0.31075,3.51237,1.80619,-0.40619,normal
14.92000,-10.40215,-3.20430,0.48280,2.40000,1.40000,-0.30000,normal
14.94000,-8.80000,-2.87460,1.82540,2.30000,1.35217,-0.30000,normal
14.96000,-8.80000,-2.74762,1.95238,2.30000,1.26522,-0.30000,normal
14.98000,-8.80000,-2.62063,2.07937,2.05000,1.10000,-0.15000,normal
15.00000,-8.65000,-2.70000,2.15000,1.90000,0.90000,0.11308,normal
15.02000,-8.83684,-4.11228,0.56316,1.90000,0.90000,0.13178,normal
15.04000,-8.88947,-4.12982,0.51053,1.90000,0.90000,0.15047,normal
15.06000,-8.94211,-4.14737,0.45789,1.90000,0.90000,0.16916,normal
15.08000,-8.99474,-4.16491,0.40526,1.90000,0.90000,0.18785,normal
15.10000,-9.04737,-4.18246,0.35263,1.93333,0.96667,0.36667,normal
15.12000,-9.10000,-4.20000,0.30000,2.03564,1.00000,0.40000,normal
15.14000,-9.05050,-5.16733,0.43366,2.07525,1.00000,0.40000,normal
15.16000,-9.10990,-5.24653,0.47327,2.11485,1.00000,0.40000,normal
15.18000,-9.16931,-5.32574,0.51287,2.15446,1.00000,0.40000,normal
15.20000,-9.22871,-5.40495,0.55248,2.19406,1.00000,0.40000,normal
15.22000,-9.28812,-5.48416,0.59208,3.19149,0.79149,-0.21702,normal
15.24000,-9.71573,-4.89213,-0.09213,3.17021,0.77021,-0.25957,normal
15.26000,-9.76067,-4.86966,-0.06966,3.14894,0.74894,-0.30213,normal
15.28000,-9.80562,-4.84719,-0.04719,3.12766,0.72766,-0.34468,normal
15.30000,-9.85056,-4.82472,-0.02472,3.10638,0.70638,-0.38723,normal
15.32000,-9.89551,-4.80225,-0.00225,2.35000,0.35000,-0.55000,normal
15.34000,-9.70930,-4.58605,0.28605,1.83067,0.18267,-0.73467,normal
15.36000,-9.75581,-4.51628,0.21628,1.72400,0.15600,-0.78800,normal
15.38000,-9.80233,-4.44651,0.14651,1.61733,0.12933,-0.84133,normal
15.40000,-9.84884,-4.37674,0.07674,1.51067,0.10267,-0.89467,normal
15.42000,-9.89535,-4.30698,0.00698,-0.07949,0.10000,-1.31026,normal
15.44000,-10.44068,-8.69153,0.23898,-0.04530,0.10000,-1.32735,normal
15.46000,-10.50847,-8.84407,0.13729,-0.01111,0.10000,-1.34444,normal
15.48000,-10.57627,-8.99661,0.03559,0.02308,0.10000,-1.36154,normal
15.50000,-10.64407,-9.14915,-0.06610,0.05726,0.10000,-1.37863,normal
15.52000,-10.71186,-9.30169,-0.16780,0.09145,0.10000,-1.39573,normal
15.54000,-10.77966,-9.45424,-0.26949,1.51579,-0.33158,-3.15263,normal
15.56000,-10.90000,-9.14706,0.02353,1.30526,-0.41053,-3.28421,normal
15.58000,-10.90000,-9.38235,0.14118,1.09474,-0.48947,-3.41579,normal
15.60000,-10.90000,-9.61765,0.25882,0.88421,-0.56842,-3.54737,normal
15.62000,-10.90000,-9.85294,0.37647,1.39111,-0.70444,-4.38667,normal
15.64000,-8.01348,-8.85955,1.33258,1.34667,-0.72667,-4.32000,normal
15.66000,-8.05843,-8.72472,1.10787,1.30222,-0.74889,-4.25333,normal
15.68000,-8.10337,-8.58989,0.88315,1.25778,-0.77111,-4.18667,normal
15.70000,-8.14831,-8.45506,0.65843,1.21333,-0.79333,-4.12000,normal
15.72000,-8.19326,-8.32022,0.43371,0.95000,-1.01250,-3.86250,normal
15.74000,-5.76279,-8.68140,4.31395,0.59041,-0.90000,-3.38493,normal
15.76000,-5.57674,-8.58837,4.38372,0.75479,-0.90000,-3.35753,normal
15.78000,-5.39070,-8.49535,4.45349,0.91918,-0.90000,-3.33014,normal
15.80000,-5.20465,-8.40233,4.52326,1.08356,-0.90000,-3.30274,normal
15.82000,-5.01860,-8.30930,4.59302,1.48202,-0.69101,-1.87303,normal
15.84000,-0.66444,-7.17556,4.88889,1.43708,-0.66854,-1.80562,normal
15.86000,-0.57556,-6.86444,5.11111,1.39213,-0.64607,-1.73820,normal
15.88000,-0.48667,-6.55333,5.33333,1.34719,-0.62360,-1.67079,normal
15.90000,-0.39778,-6.24222,5.55556,1.30225,-0.60112,-1.60337,normal
15.92000,-0.30889,-5.93111,5.77778,1.01818,-0.07955,-0.47955,normal
15.94000,1.21978,-4.20000,3.41978,0.83636,-0.03409,-0.43409,normal
15.96000,1.26374,-4.20000,3.46374,0.65455,0.01136,-0.38864,normal
15.98000,1.30769,-4.20000,3.50769,0.47273,0.05682,-0.34318,normal
16.00000,1.35165,-4.20000,3.55165,-0.40000,0.20000,-0.10000,normal
16.02000,1.39560,-4.20000,3.59560,-0.04167,0.42778,0.51389,normal
16.04000,0.54086,-3.40538,1.38280,-0.09722,0.46481,0.53241,normal
16.06000,0.43333,-3.23333,1.53333,-0.15278,0.50185,0.55093,normal
16.08000,0.32581,-3.06129,1.68387,-0.20833,0.53889,0.56944,normal
16.10000,0.21828,-2.88925,1.83441,-0.26389,0.57593,0.58796,normal
16.12000,0.11075,-2.71720,1.98495,-0.51000,0.74000,0.67000,normal
16.14000,-5.13333,-7.23333,2.50000,0.93944,0.03662,0.50563,normal
16.16000,-11.90897,-12.95641,10.03077,-0.38451,0.09296,-0.25493,normal
16.18000,-18.03718,-18.90513,18.18462,-1.70845,0.14930,-1.01549,normal
16.20000,-24.16538,-24.85385,26.33846,-0.92500,-0.80000,-1.47500,normal
16.22000,-30.29359,-30.80256,34.49231,0.12824,0.32471,-0.56235,normal
16.24000,2.87419,-9.54194,3.00323,0.19882,0.13647,-0.46824,normal
16.26000,2.83118,-10.44516,3.17527,0.26941,-0.05176,-0.37412,normal
16.28000,2.78817,-11.34839,3.34731,0.34000,-0.24000,-0.28000,normal
16.30000,2.74516,-12.25161,3.51935,0.70000,-0.20000,-0.20000,normal
16.32000,2.70215,-13.15484,3.69140,0.62680,0.31340,0.38660,normal
16.34000,4.02128,-9.24468,7.87234,0.66804,0.33402,0.36598,normal
16.36000,4.36170,-9.15957,7.82979,0.70928,0.35464,0.34536,normal
16.38000,4.70213,-9.07447,7.78723,0.75052,0.37526,0.32474,normal
16.40000,5.04255,-8.98936,7.74468,0.79175,0.39588,0.30412,normal
16.42000,5.38298,-8.90426,7.70213,-1.70485,-0.25922,1.16602,normal
16.44000,4.79579,-12.20421,7.33579,-1.43301,-0.14272,1.06893,normal
16.46000,4.12211,-10.87789,7.06211,-1.16117,-0.02621,0.97184,normal
16.48000,3.44842,-9.55158,6.78842,-0.88932,0.09029,0.87476,normal
16.50000,2.77474,-8.22526,6.51474,-0.61748,0.20680,0.77767,normal
16.52000,2.10105,-6.89895,6.24105,-0.36000,-0.10000,0.66000,normal
16.54000,3.63333,-8.56667,4.20000,0.56957,-0.27681,-0.40000,normal
16.56000,4.00667,-6.03333,4.93067,0.74348,-0.21884,-0.40000,normal
16.58000,3.87333,-5.36667,5.11733,0.91739,-0.16087,-0.40000,normal
16.60000,3.74000,-4.70000,5.30400,1.09130,-0.10290,-0.40000,normal
16.62000,3.60667,-4.03333,5.49067,0.46170,-0.38723,-0.28723,normal
16.64000,1.43000,-4.92000,5.57000,0.39787,-0.36596,-0.26596,normal
16.66000,1.27444,-4.96444,5.50333,0.33404,-0.34468,-0.24468,normal
16.68000,1.11889,-5.00889,5.43667,0.27021,-0.32340,-0.22340,normal
16.70000,0.96333,-5.05333,5.37000,0.20638,-0.30213,-0.20213,normal
16.72000,0.80778,-5.09778,5.30333,0.49100,-0.30000,0.00000,normal
16.74000,0.36292,-5.90899,6.90000,0.47100,-0.30000,0.00000,normal
16.76000,0.52022,-5.93146,6.90000,0.45100,-0.30000,0.00000,normal
16.78000,0.67753,-5.95393,6.90000,0.43100,-0.30000,0.00000,normal
16.80000,0.83483,-5.97640,6.90000,0.41100,-0.30000,0.00000,normal
16.82000,0.99213,-5.99888,6.90000,0.09750,-0.09750,0.30500,normal
16.84000,2.92581,-8.40323,8.62581,0.07250,-0.07250,0.35500,normal
16.86000,2.96882,-8.57527,8.66882,0.04750,-0.04750,0.40500,normal
16.88000,3.01183,-8.74731,8.71183,0.02250,-0.02250,0.45500,normal
16.90000,3.05484,-8.91935,8.75484,0.04000,0.04000,0.58000,normal
16.92000,3.09785,-9.09140,8.79785,0.52667,0.10000,0.47333,normal
16.94000,3.58710,-5.61613,6.48710,0.57111,0.10000,0.42889,normal
16.96000,3.56559,-5.80968,6.46559,0.61556,0.10000,0.38444,normal
16.98000,3.54409,-6.00323,6.44409,0.66000,0.10000,0.34000,normal
17.00000,3.52258,-6.19677,6.42258,0.75000,0.20000,0.30000,normal
17.02000,3.50108,-6.39032,6.40108,-0.10000,0.18384,0.28384,normal
17.04000,2.07447,-4.73830,6.37447,-0.10000,0.16364,0.26364,normal
17.06000,2.03191,-4.80213,6.33191,-0.10000,0.14343,0.24343,normal
17.08000,1.98936,-4.86596,6.28936,-0.10000,0.12323,0.22323,normal
17.10000,1.94681,-4.92979,6.24681,-0.10000,0.10303,0.20303,normal
17.12000,1.90426,-4.99362,6.20426,1.00000,-0.10000,-0.10000,normal
17.14000,1.46818,-4.76023,6.54773,1.00000,-0.10000,-0.10000,normal
17.16000,1.37727,-4.64659,6.68409,1.00000,-0.10000,-0.10000,normal
17.18000,1.28636,-4.53295,6.82045,1.00000,-0.10000,-0.10000,normal
17.20000,1.19545,-4.41932,6.95682,1.00000,-0.10000,-0.10000,normal
17.22000,1.10455,-4.30568,7.09318,0.86667,-0.66667,-0.35556,normal
17.24000,0.94737,-6.05263,10.32947,0.95844,-0.73766,-0.40000,normal
17.26000,1.15789,-5.84211,10.37158,0.90649,-0.65974,-0.40000,normal
17.28000,1.36842,-5.63158,10.41368,0.85455,-0.58182,-0.40000,normal
17.30000,1.57895,-5.42105,10.45579,0.80260,-0.50390,-0.40000,normal
17.32000,1.78947,-5.21053,10.49789,-0.44667,-0.09111,-0.09111,normal
17.34000,3.85000,-5.76000,8.56000,-0.31333,-0.06889,-0.06889,normal
17.36000,3.96111,-6.11556,8.24889,-0.18000,-0.04667,-0.04667,normal
17.38000,4.07222,-6.47111,7.93778,-0.04667,-0.02444,-0.02444,normal
17.40000,4.18333,-6.82667,7.62667,0.08667,-0.00222,-0.00222,normal
17.42000,4.29444,-7.18222,7.31556,0.43474,0.51158,0.10000,normal
17.44000,3.39111,-5.77333,7.55556,0.49789,0.53263,0.10000,normal
17.46000,3.36889,-5.70667,7.44444,0.56105,0.55368,0.10000,normal
17.48000,3.34667,-5.64000,7.33333,0.62421,0.57474,0.10000,normal
17.50000,3.32444,-5.57333,7.22222,0.68737,0.59579,0.10000,normal
17.52000,3.30222,-5.50667,7.11111,0.30000,0.18113,0.19057,normal
17.54000,0.38636,-4.17273,8.17955,0.30000,0.14340,0.17170,normal
17.56000,0.34091,-4.08182,8.11136,0.30000,0.10566,0.15283,normal
17.58000,0.29545,-3.99091,8.04318,0.30000,0.06792,0.13396,normal
17.60000,0.25000,-3.90000,7.97500,0.30000,0.03019,0.11509,normal
17.62000,0.20455,-3.80909,7.90682,0.50000,-0.40000,-0.10000,normal
17.64000,0.76842,-3.11053,6.90000,0.60000,-0.60000,-0.20000,normal
17.66000,0.83684,-3.35526,6.95526,0.60000,-0.60000,-0.20000,normal
17.68000,0.88947,-3.43421,7.03421,0.60000,-0.60000,-0.20000,normal
17.70000,0.94211,-3.51316,7.11316,0.60000,-0.60000,-0.20000,normal
17.72000,0.99474,-3.59211,7.19211,-0.43571,-0.92143,-0.09286,normal
17.74000,-0.24767,-3.85349,10.34186,-0.55476,-0.99286,-0.06905,normal
17.76000,-0.03837,-3.66744,10.10930,-0.67381,-1.06429,-0.04524,normal
17.78000,0.17093,-3.48140,9.87674,-0.79286,-1.13571,-0.02143,normal
17.80000,0.38023,-3.29535,9.64419,-1.20000,-1.20000,0.10000,normal
17.82000,0.58953,-3.10930,9.41163,0.00000,0.12560,0.40000,normal
17.84000,3.52000,-5.69000,9.73000,0.00000,0.15760,0.40000,normal
17.86000,3.38667,-5.67333,9.61333,0.00000,0.18960,0.40000,normal
17.88000,3.25333,-5.65667,9.49667,0.00000,0.22160,0.40000,normal
17.90000,3.12000,-5.64000,9.38000,0.00000,0.25360,0.40000,normal
17.92000,2.98667,-5.62333,9.26333,0.00000,0.28560,0.40000,normal
17.94000,2.85333,-5.60667,9.14667,-0.69103,0.49872,0.99872,normal
17.96000,2.30000,-5.10000,8.60000,-0.51154,0.47308,0.97308,normal
17.98000,2.46129,-5.26129,7.92258,-0.33205,0.44744,0.94744,normal
18.00000,2.62258,-5.42258,7.24516,-0.15256,0.42179,0.92179,normal
18.02000,2.78387,-5.58387,6.56774,0.48000,0.56000,0.88000,normal
18.04000,1.60000,-4.60000,7.40000,-0.14444,0.78889,0.77778,normal
18.06000,1.22658,-3.04557,9.19114,-0.27143,0.75714,0.71429,normal
18.08000,0.92278,-3.09620,9.29241,-0.39841,0.72540,0.65079,normal
18.10000,0.61899,-3.14684,9.39367,-0.50000,0.50000,0.45000,normal
18.12000,0.31519,-3.19747,9.49494,0.10208,-0.12917,0.17083,normal
18.14000,1.04421,-5.32316,7.28842,0.24792,-0.17083,0.12917,normal
18.16000,1.10737,-5.07053,7.41474,0.39375,-0.21250,0.08750,normal
18.18000,1.17053,-4.81789,7.54105,0.53958,-0.25417,0.04583,normal
18.20000,1.23368,-4.56526,7.66737,0.68542,-0.29583,0.00417,normal
18.22000,1.29684,-4.31263,7.79368,0.12143,-0.60000,-0.30000,normal
18.24000,1.82697,-5.16292,8.34494,0.19286,-0.60000,-0.30000,normal
18.26000,1.89438,-5.32022,8.45730,0.26429,-0.60000,-0.30000,normal
18.28000,1.96180,-5.47753,8.56966,0.33571,-0.60000,-0.30000,normal
18.30000,2.02921,-5.63483,8.68202,0.65000,-0.45000,-0.30000,normal
18.32000,2.09663,-5.79213,8.79438,0.10000,0.01569,-0.16863,normal
18.34000,2.42581,-5.16129,10.11290,0.10000,0.03529,-0.12941,normal
18.36000,2.46882,-5.09677,10.13441,0.10000,0.05490,-0.09020,normal
18.38000,2.51183,-5.03226,10.15591,0.10000,0.07451,-0.05098,normal
18.40000,2.55484,-4.96774,10.17742,0.10000,0.09412,-0.01176,normal
18.42000,2.59785,-4.90323,10.19892,0.09231,0.48462,0.10000,normal
18.44000,1.84235,-4.17647,9.03882,-0.20000,0.74146,0.28049,normal
18.46000,2.05412,-4.05882,8.73294,-0.20000,0.66829,0.25610,normal
18.48000,2.26588,-3.94118,8.42706,-0.20000,0.59512,0.23171,normal
18.50000,2.47765,-3.82353,8.12118,-0.20000,0.52195,0.20732,normal
18.52000,2.68941,-3.70588,7.81529,0.19111,0.79111,0.00889,normal
18.54000,0.04253,-4.47126,8.78851,0.16889,0.76889,0.03111,normal
18.56000,-0.18736,-4.35632,8.74253,0.14667,0.74667,0.05333,normal
18.58000,-0.41724,-4.24138,8.69655,0.12444,0.72444,0.07556,normal
18.60000,-0.64713,-4.12644,8.65057,0.10222,0.70222,0.09778,normal
18.62000,-0.87701,-4.01149,8.60460,-0.30000,-0.54348,-0.02174,normal
18.64000,0.59438,-3.71573,7.50562,-0.30000,-0.63043,-0.06522,normal
18.66000,0.86404,-3.76067,7.23596,-0.30000,-0.71739,-0.10870,normal
18.68000,1.13371,-3.80562,6.96629,-0.30000,-0.80435,-0.15217,normal
18.70000,1.40337,-3.85056,6.69663,-0.30000,-0.89130,-0.19565,normal
18.72000,1.67303,-3.89551,6.42697,0.61058,-0.84231,-0.31058,normal
18.74000,0.77191,-3.77079,8.84494,0.62981,-0.91923,-0.32981,normal
18.76000,0.95169,-4.19775,8.95730,0.64904,-0.99615,-0.34904,normal
18.78000,1.13146,-4.62472,9.06966,0.66827,-1.07308,-0.36827,normal
18.80000,1.31124,-5.05169,9.18202,0.68750,-1.15000,-0.38750,normal
18.82000,1.49101,-5.47865,9.29438,0.90588,-1.15882,-0.31765,normal
18.84000,2.20000,-3.30000,10.30000,-0.39296,-0.56479,-0.40000,normal
18.86000,3.29487,-5.59487,7.89231,-0.36479,-0.42394,-0.40000,normal
18.88000,3.03846,-5.33846,7.50769,-0.33662,-0.28310,-0.40000,normal
18.90000,2.78205,-5.08205,7.12308,-0.30845,-0.14225,-0.40000,normal
18.92000,2.52564,-4.82564,6.73846,-2.02921,0.20000,0.83933,normal
18.94000,-0.96071,0.34643,12.60000,-1.82697,0.20000,0.95169,normal
18.96000,-0.69881,-2.01071,11.93333,-1.62472,0.20000,1.06404,normal
18.98000,-0.43690,-4.36786,11.26667,-1.42247,0.20000,1.17640,normal
19.00000,-0.17500,-6.72500,10.60000,-1.22022,0.20000,1.28876,normal
19.02000,0.08690,-9.08214,9.93333,0.36526,-0.25368,-0.05368,normal
19.04000,1.59775,-4.99888,7.57191,0.30211,-0.16947,0.03053,normal
19.06000,2.09213,-5.24607,7.75169,0.23895,-0.08526,0.11474,normal
19.08000,2.58652,-5.49326,7.93146,0.17579,-0.00105,0.19895,normal
19.10000,3.08090,-5.74045,8.11124,0.11263,0.08316,0.28316,normal
19.12000,3.57528,-5.98764,8.29101,1.09159,0.10841,0.09159,normal
19.14000,1.90000,-2.54828,6.97931,1.07290,0.12710,0.07290,normal
19.16000,1.90000,-2.70920,6.91034,1.05421,0.14579,0.05421,normal
19.18000,1.90000,-2.87011,6.84138,1.03551,0.16449,0.03551,normal
19.20000,1.90000,-3.03103,6.77241,1.01682,0.18318,0.01682,normal
19.22000,1.90000,-3.19195,6.70345,0.65000,-0.20000,-0.20000,normal
19.24000,1.20000,-2.20000,8.20000,0.02078,-0.52078,-0.12078,normal
19.26000,1.58312,-2.96234,8.36623,0.04675,-0.54675,-0.14675,normal
19.28000,1.68701,-3.04026,8.57403,0.07273,-0.57273,-0.17273,normal
19.30000,1.79091,-3.11818,8.78182,0.09870,-0.59870,-0.19870,normal
19.32000,1.89481,-3.19610,8.98961,-0.20000,-0.17701,-0.30000,normal
19.34000,3.41000,-5.14000,10.19000,-0.20000,-0.13103,-0.30000,normal
19.36000,3.43222,-5.00667,10.39000,-0.20000,-0.08506,-0.30000,normal
19.38000,3.45444,-4.87333,10.59000,-0.20000,-0.03908,-0.30000,normal
19.40000,3.47667,-4.74000,10.79000,-0.10000,0.10000,-0.20000,normal
19.42000,3.49889,-4.60667,10.99000,-0.23333,0.80000,0.03333,normal
19.44000,3.74787,-5.22766,10.73085,-0.27255,0.80000,0.07255,normal
19.46000,3.51383,-5.27021,10.62447,-0.31176,0.80000,0.11176,normal
19.48000,3.27979,-5.31277,10.51809,-0.35098,0.80000,0.15098,normal
19.50000,3.04574,-5.35532,10.41170,-0.39020,0.80000,0.19020,normal
19.52000,2.81170,-5.39787,10.30532,0.20000,0.69880,0.00000,normal
19.54000,1.48617,-3.22766,7.52447,0.20000,0.67470,0.00000,normal
19.56000,1.46489,-3.27021,7.71596,0.20000,0.65060,0.00000,normal
19.58000,1.44362,-3.31277,7.90745,0.20000,0.62651,0.00000,normal
19.60000,1.42234,-3.35532,8.09894,0.20000,0.60241,0.00000,normal
19.62000,1.40106,-3.39787,8.29043,-0.28710,-0.22581,-0.11290,normal
19.64000,0.14545,-2.56364,7.52727,-0.26559,-0.26882,-0.13441,normal
19.66000,0.25909,-2.72273,7.34545,-0.24409,-0.31183,-0.15591,normal
19.68000,0.37273,-2.88182,7.16364,-0.22258,-0.35484,-0.17742,normal
19.70000,0.48636,-3.04091,6.98182,-0.20108,-0.39785,-0.19892,normal
19.72000,0.60000,-3.20000,6.80000,0.28478,-0.71522,-0.40000,normal
19.74000,1.54000,-2.93000,8.26000,0.26304,-0.73696,-0.40000,normal
19.76000,1.62889,-2.99667,8.39333,0.24130,-0.75870,-0.40000,normal
19.78000,1.71778,-3.06333,8.52667,0.21957,-0.78043,-0.40000,normal
19.80000,1.80667,-3.13000,8.66000,-0.10000,-0.85000,-0.25000,normal
19.82000,1.89556,-3.19667,8.79333,-0.01019,-0.61019,-0.01019,normal
19.84000,2.51489,-4.30000,9.81277,-0.02870,-0.62870,-0.02870,normal
19.86000,2.70638,-4.30000,9.83404,-0.04722,-0.64722,-0.04722,normal
19.88000,2.89787,-4.30000,9.85532,-0.06574,-0.66574,-0.06574,normal
19.90000,3.08936,-4.30000,9.87660,-0.08426,-0.68426,-0.08426,normal
19.92000,3.28085,-4.30000,9.89787,0.00000,-0.55000,-0.10000,normal
19.94000,2.29518,-4.29518,10.89277,0.37681,0.42319,0.31159,normal
19.96000,2.24699,-4.24699,10.82048,0.31884,0.48116,0.34058,normal
19.98000,2.19880,-4.19880,10.74819,0.26087,0.53913,0.36957,normal
20.00000,2.15060,-4.15060,10.67590,0.20290,0.59710,0.39855,normal
20.02000,2.10241,-4.10241,10.60361,0.10000,0.60976,0.40000,normal
20.04000,2.74066,-3.31978,7.87912,0.10000,0.65854,0.40000,normal
20.06000,2.60879,-3.36374,8.05495,0.10000,0.70732,0.40000,normal
20.08000,2.47692,-3.40769,8.23077,0.10000,0.75610,0.40000,normal
20.10000,2.34505,-3.45165,8.40659,0.10000,0.90000,0.60000,normal
20.12000,2.21319,-3.49560,8.58242,0.38710,0.57419,0.28710,normal
20.14000,0.71290,-2.56452,8.26129,0.36559,0.53118,0.26559,normal
20.16000,0.73441,-2.67204,8.19677,0.34409,0.48817,0.24409,normal
20.18000,0.75591,-2.77957,8.13226,0.32258,0.44516,0.22258,normal
20.20000,0.77742,-2.88710,8.06774,0.30108,0.40215,0.20108,normal
20.22000,0.79892,-2.99462,8.00323,0.51212,-0.48788,-0.40000,normal
20.24000,1.77303,-3.19101,8.09888,0.53232,-0.46768,-0.40000,normal
20.26000,1.70562,-3.16854,8.34607,0.55253,-0.44747,-0.40000,normal
20.28000,1.63820,-3.14607,8.59326,0.57273,-0.42727,-0.40000,normal
20.30000,1.57079,-3.12360,8.84045,0.59293,-0.40707,-0.40000,normal
20.32000,1.50337,-3.10112,9.08764,0.21111,-0.54444,-0.20000,normal
20.34000,2.41951,-3.49756,11.49024,0.10000,-0.78169,-0.20000,normal
20.36000,2.61463,-3.47317,11.39268,0.10000,-0.75352,-0.20000,normal
20.38000,2.80976,-3.44878,11.29512,0.10000,-0.72535,-0.20000,normal
20.40000,3.00488,-3.42439,11.19756,0.00000,-0.50000,-0.30000,normal
20.42000,3.20000,-3.40000,11.10000,0.11034,0.23103,-0.27931,normal
20.44000,4.06129,-3.47419,10.49355,0.13333,0.30000,-0.23333,normal
20.46000,3.99677,-3.43118,10.81613,0.15632,0.36897,-0.18736,normal
20.48000,3.93226,-3.38817,11.13871,0.17931,0.43793,-0.14138,normal
20.50000,3.86774,-3.34516,11.46129,0.06667,0.76667,-0.03333,normal
20.52000,3.80323,-3.30215,11.78387,-0.04851,0.61287,-0.20000,normal
20.54000,2.32581,-3.17419,7.90000,0.03069,0.63267,-0.20000,normal
20.56000,2.36882,-3.13118,7.90000,0.10990,0.65248,-0.20000,normal
20.58000,2.41183,-3.08817,7.90000,0.18911,0.67228,-0.20000,normal
20.60000,2.45484,-3.04516,7.90000,0.26832,0.69208,-0.20000,normal
20.62000,2.49785,-3.00215,7.90000,-0.01263,0.28737,-0.00632,normal
20.64000,0.79036,-1.61687,8.30723,-0.05474,0.24526,-0.02737,normal
20.66000,0.69398,-1.78554,8.37952,-0.09684,0.20316,-0.04842,normal
20.68000,0.59759,-1.95422,8.45181,-0.13895,0.16105,-0.06947,normal
20.70000,0.50120,-2.12289,8.52410,-0.18105,0.11895,-0.09053,normal
20.72000,0.40482,-2.29157,8.59639,-0.11000,-0.37000,-0.19000,normal
20.74000,1.50000,-2.90000,7.20000,0.30000,-0.81951,-0.20000,normal
20.76000,1.62500,-2.80000,7.32500,0.30000,-0.84390,-0.20000,normal
20.78000,1.75000,-2.70000,7.45000,0.30000,-0.86829,-0.20000,normal
20.80000,1.87500,-2.60000,7.57500,0.30000,-0.89268,-0.20000,normal
20.82000,2.00000,-2.50000,7.70000,-0.10000,-1.30000,-0.10000,normal
20.84000,1.83976,-2.78916,10.32892,-0.10000,-1.30000,-0.10000,normal
20.86000,2.10482,-2.71687,10.52169,-0.10000,-1.30000,-0.10000,normal
20.88000,2.36988,-2.64458,10.71446,-0.10000,-1.30000,-0.10000,normal
20.90000,2.63494,-2.57229,10.90723,-0.10000,-1.30000,-0.10000,normal
20.92000,2.90000,-2.50000,11.10000,0.09174,-0.78349,0.20000,normal
20.94000,4.34045,-2.74045,9.83933,0.07339,-0.74679,0.20000,normal
20.96000,4.43034,-2.83034,9.70449,0.05505,-0.71009,0.20000,normal
20.98000,4.52022,-2.92022,9.56966,0.03670,-0.67339,0.20000,normal
21.00000,4.61011,-3.01011,9.43483,0.01835,-0.63670,0.20000,normal
21.02000,4.70000,-3.10000,9.30000,0.00000,-0.60000,0.20000,normal
21.04000,3.38404,-2.05745,8.51489,0.00000,0.59012,0.60000,normal
21.06000,3.32021,-1.88723,8.17447,0.00000,0.56543,0.60000,normal
21.08000,3.25638,-1.71702,7.83404,0.00000,0.54074,0.60000,normal
21.10000,3.19255,-1.54681,7.49362,0.00000,0.51605,0.60000,normal
21.12000,3.12872,-1.37660,7.15319,0.07000,0.57000,0.46000,normal
21.14000,2.50000,-2.00000,8.00000,-0.01190,0.88810,0.58810,normal
21.16000,0.96731,-2.29615,9.13846,-0.05952,0.84048,0.54048,normal
21.18000,0.92885,-2.52692,8.83077,0.50000,0.80000,0.30000,normal
21.20000,1.63333,-2.31667,7.28333,0.48785,0.68785,0.20000,normal
21.22000,1.68839,-1.40000,7.94196,0.46916,0.66916,0.20000,normal
21.24000,1.67054,-1.40000,7.85268,0.45047,0.65047,0.20000,normal
21.26000,1.65268,-1.40000,7.76339,0.43178,0.63178,0.20000,normal
21.28000,1.63482,-1.40000,7.67411,0.41308,0.61308,0.20000,normal
21.30000,1.61696,-1.40000,7.58482,0.50000,0.39459,0.10000,normal
21.32000,1.45000,-1.55000,7.20000,0.50000,0.35856,0.10000,normal
21.34000,0.71633,-1.30204,6.94694,0.50000,0.32252,0.10000,normal
21.36000,0.73673,-1.17959,7.13061,0.50000,0.28649,0.10000,normal
21.38000,0.75714,-1.05714,7.31429,0.50000,0.25045,0.10000,normal
21.40000,0.77755,-0.93469,7.49796,0.50000,0.21441,0.10000,normal
21.42000,0.79796,-0.81224,7.68163,-0.00645,0.40323,0.40000,normal
21.44000,1.20732,-1.09756,11.59512,-0.04946,0.42473,0.40000,normal
21.46000,1.28049,-1.07317,11.54634,-0.09247,0.44624,0.40000,normal
21.48000,1.35366,-1.04878,11.49756,-0.13548,0.46774,0.40000,normal
21.50000,1.42683,-1.02439,11.44878,-0.17849,0.48925,0.40000,normal
21.52000,1.50000,-1.00000,11.40000,-0.20000,0.85000,0.20000,normal
21.54000,0.10000,-0.90000,8.60000,0.17895,1.82105,0.32105,normal
21.56000,-0.05000,-0.37500,8.85000,0.15263,1.84737,0.34737,normal
21.58000,-0.20000,0.15000,9.10000,0.12632,1.87368,0.37368,normal
21.60000,-0.35000,0.67500,9.35000,0.10000,1.90000,0.40000,normal
21.62000,-0.50000,1.20000,9.60000,-0.38646,1.65937,0.38646,normal
21.64000,-3.14624,-3.54409,9.49032,-0.36562,1.59687,0.36562,normal
21.66000,-2.90968,-3.45806,9.16774,-0.34479,1.53437,0.34479,normal
21.68000,-2.67312,-3.37204,8.84516,-0.32396,1.47187,0.32396,normal
21.70000,-2.43656,-3.28602,8.52258,-0.30313,1.40938,0.30313,normal
21.72000,-2.20000,-3.20000,8.20000,-0.90000,1.30000,0.40957,normal
21.74000,-2.73043,-2.56087,8.66087,-0.90000,1.30000,0.43085,normal
21.76000,-2.94783,-2.49565,8.59565,-0.90000,1.30000,0.45213,normal
21.78000,-3.16522,-2.43043,8.53043,-0.90000,1.30000,0.47340,normal
21.80000,-3.38261,-2.36522,8.46522,-0.90000,1.30000,0.49468,normal
21.82000,-3.60000,-2.30000,8.40000,-1.88875,-0.11125,0.50375,normal
21.84000,-2.68387,-4.69032,5.36774,-1.81375,-0.18625,0.52875,normal
21.86000,-2.81290,-4.36774,5.62581,-1.73875,-0.26125,0.55375,normal
21.88000,-2.94194,-4.04516,5.88387,-1.66375,-0.33625,0.57875,normal
21.90000,-3.07097,-3.72258,6.14194,-2.10000,-0.84000,0.68000,normal
21.92000,-3.20000,-3.40000,6.40000,-1.55140,-0.91028,1.08972,normal
21.94000,-4.10215,-3.09785,9.52043,-1.64486,-0.92897,1.07103,normal
21.96000,-3.95161,-3.24839,9.09032,-1.73832,-0.94766,1.05234,normal
21.98000,-3.80108,-3.39892,8.66022,-1.83178,-0.96636,1.03364,normal
22.00000,-3.65054,-3.54946,8.23011,-1.92523,-0.98505,1.01495,normal
22.02000,-3.50000,-3.70000,7.80000,-1.95000,-1.15000,1.15000,normal
22.04000,-4.90000,-3.57143,8.32857,-2.43462,-1.52179,1.24359,normal
22.06000,-5.63243,-3.77297,6.58649,-2.35769,-1.54744,1.29487,normal
22.08000,-5.82162,-3.44865,6.42432,-2.28077,-1.57308,1.34615,normal
22.10000,-6.01081,-3.12432,6.26216,-2.20385,-1.59872,1.39744,normal
22.12000,-6.20000,-2.80000,6.10000,1.09307,-1.57327,1.30000,normal
22.14000,-3.87955,-6.49205,11.60795,0.85545,-1.51386,1.30000,normal
22.16000,-3.83409,-6.69659,11.40341,0.61782,-1.45446,1.30000,normal
22.18000,-3.78864,-6.90114,11.19886,0.38020,-1.39505,1.30000,normal
22.20000,-3.74318,-7.10568,10.99432,0.14257,-1.33564,1.30000,normal
22.22000,-3.64444,-7.23333,10.63333,-1.11250,-1.22500,1.38750,normal
22.24000,-3.05955,-5.99888,6.90000,-0.46364,-1.38182,1.30000,normal
22.26000,-2.96966,-5.77416,6.90000,-0.34242,-1.32121,1.30000,normal
22.28000,-2.87978,-5.54944,6.90000,-0.22121,-1.26061,1.30000,normal
22.30000,-2.78989,-5.32472,6.90000,-0.10000,-1.20000,1.30000,normal
22.32000,-2.70000,-5.10000,6.90000,-0.47778,-0.77778,0.98889,normal
22.34000,-1.84444,-5.44444,7.04444,-0.43333,-0.73333,0.96667,normal
22.36000,-1.73333,-5.53333,6.93333,-0.38889,-0.68889,0.94444,normal
22.38000,-1.62222,-5.62222,6.82222,-0.34444,-0.64444,0.92222,normal
22.40000,-1.51111,-5.71111,6.71111,-0.30000,-0.60000,0.90000,normal
22.42000,-1.40000,-5.80000,6.60000,0.21111,-0.58889,0.80000,normal
22.44000,-1.13333,-5.10000,6.53333,0.23333,-0.56667,0.80000,normal
22.46000,-1.20000,-4.90000,6.60000,0.25556,-0.54444,0.80000,normal
22.48000,-1.26667,-4.70000,6.66667,0.27778,-0.52222,0.80000,normal
22.50000,-1.33333,-4.50000,6.73333,0.30000,-0.50000,0.80000,normal
22.52000,-1.40000,-4.30000,6.80000,0.38667,-0.32667,0.87333,normal
22.54000,-1.89890,-6.00330,7.32088,0.36762,-0.36476,0.83524,normal
22.56000,-2.09670,-5.40989,7.56264,0.34857,-0.40286,0.79714,normal
22.58000,-2.29451,-4.81648,7.80440,0.32952,-0.44095,0.75905,normal
22.60000,-2.49231,-4.22308,8.04615,0.31048,-0.47905,0.72095,normal
22.62000,-2.69011,-3.62967,8.28791,0.20000,-0.58333,0.69167,normal
22.64000,-1.78182,-5.69091,7.61818,0.47778,-0.20000,0.71111,normal
22.66000,-1.99241,-5.41519,7.84051,0.41429,-0.20000,0.74286,normal
22.68000,-2.19494,-5.01013,8.09367,0.35079,-0.20000,0.77460,normal
22.70000,-2.39747,-4.60506,8.34684,-0.70000,-0.40000,1.00000,normal
22.72000,-2.60000,-4.20000,8.60000,-2.02718,-1.35922,0.90000,normal
22.74000,-5.37449,-3.42653,11.87347,-2.06602,-1.30097,0.90000,normal
22.76000,-5.02755,-3.46735,11.83265,-2.10485,-1.24272,0.90000,normal
22.78000,-4.68061,-3.50816,11.79184,-2.14369,-1.18447,0.90000,normal
22.80000,-4.33367,-3.54898,11.75102,-2.18252,-1.12621,0.90000,normal
22.82000,-3.98673,-3.58980,11.71020,-1.85455,-0.78864,0.30568,normal
22.84000,-0.64762,-9.67619,6.76667,-1.67273,-0.74318,0.32841,normal
22.86000,-0.88571,-9.55714,7.10000,-1.49091,-0.69773,0.35114,normal
22.88000,-1.12381,-9.43810,7.43333,-1.30909,-0.65227,0.37386,normal
22.90000,-1.36190,-9.31905,7.76667,-1.12727,-0.60682,0.39659,normal
22.92000,-1.60000,-9.20000,8.10000,-0.77027,-1.30991,-0.00991,normal
22.94000,-1.86400,-7.66400,6.91200,-0.71622,-1.32793,-0.02793,normal
22.96000,-1.80400,-7.60400,6.93200,-0.66216,-1.34595,-0.04595,normal
22.98000,-1.74400,-7.54400,6.95200,-0.60811,-1.36396,-0.06396,normal
23.00000,-1.68400,-7.48400,6.97200,-0.55405,-1.38198,-0.08198,normal
23.02000,-1.62400,-7.42400,6.99200,-0.50000,-1.40000,-0.10000,normal
23.04000,-2.54000,-5.77000,5.26000,-0.34000,-1.52154,-0.62462,normal
23.06000,-0.80649,-5.02208,7.02857,-0.74000,-1.58308,-0.40923,normal
23.08000,-1.63766,-5.04805,7.88571,-1.14000,-1.64462,-0.19385,normal
23.10000,-2.46883,-5.07403,8.74286,-2.30000,-2.25000,0.10000,normal
23.12000,-3.30000,-5.10000,9.60000,0.52447,-1.87234,0.50000,normal
23.14000,0.07826,-8.66087,4.85217,0.71596,-1.82979,0.50000,normal
23.16000,0.20870,-8.59565,4.93913,0.90745,-1.78723,0.50000,normal
23.18000,0.33913,-8.53043,5.02609,1.09894,-1.74468,0.50000,normal
23.20000,0.46957,-8.46522,5.11304,1.29043,-1.70213,0.50000,normal
23.22000,0.60000,-8.40000,5.20000,0.60000,-1.80000,0.40000,normal
23.24000,0.77053,-8.61474,6.43474,0.60000,-1.80000,0.40000,normal
23.26000,0.72842,-8.63579,6.05579,0.60000,-1.80000,0.40000,normal
23.28000,0.68632,-8.65684,5.67684,0.60000,-1.80000,0.40000,normal
23.30000,0.64421,-8.67789,5.29789,0.60000,-1.80000,0.40000,normal
23.32000,0.60211,-8.69895,4.91895,1.00000,-1.06887,1.12075,normal
23.34000,0.05455,-5.20000,5.40909,1.00000,-1.01226,1.15849,normal
23.36000,-0.80909,-5.20000,5.43182,1.00000,-0.95566,1.19623,normal
23.38000,-1.67273,-5.20000,5.45455,1.00000,-0.89906,1.23396,normal
23.40000,-2.53636,-5.20000,5.47727,1.00000,-0.84245,1.27170,normal
23.42000,-3.40000,-5.20000,5.50000,1.82308,-1.00769,0.83077,normal
23.44000,1.44500,-6.57000,8.43000,2.98636,-0.72273,1.50000,normal
23.46000,3.77105,-3.16316,11.80395,2.53182,-0.81364,1.50000,normal
23.48000,4.66579,-2.84737,11.40921,2.07727,-0.90455,1.50000,normal
23.50000,5.56053,-2.53158,11.01447,1.62273,-0.99545,1.50000,normal
23.52000,6.45526,-2.21579,10.61974,0.84235,-1.30000,0.86824,normal
23.54000,3.46966,-3.98090,6.89101,0.93647,-1.30000,0.79765,normal
23.56000,3.40225,-4.16067,7.09326,1.03059,-1.30000,0.72706,normal
23.58000,3.33483,-4.34045,7.29551,1.12471,-1.30000,0.65647,normal
23.60000,3.26742,-4.52022,7.49775,1.30000,-1.30000,0.30000,normal
23.62000,3.20000,-4.70000,7.70000,1.00000,-1.50000,0.18172,normal
23.64000,4.15957,-3.60426,7.80000,1.00000,-1.50000,0.16022,normal
23.66000,4.24468,-3.75319,7.80000,1.00000,-1.50000,0.13871,normal
23.68000,4.32979,-3.90213,7.80000,1.00000,-1.50000,0.11720,normal
23.70000,4.41489,-4.05106,7.80000,1.10000,-1.24286,0.10000,normal
23.72000,4.50000,-4.20000,7.80000,0.75102,-0.67551,0.10000,normal
23.74000,5.35670,-3.27216,10.90103,0.66939,-0.63469,0.10000,normal
23.76000,5.29485,-3.37526,11.04536,0.58776,-0.59388,0.10000,normal
23.78000,5.23299,-3.47835,11.18969,0.50612,-0.55306,0.10000,normal
23.80000,5.17113,-3.58144,11.33402,0.42449,-0.51224,0.10000,normal
23.82000,5.10928,-3.68454,11.47835,0.08000,-0.28000,0.22000,normal
23.84000,5.79551,-2.43596,10.12584,0.80000,0.06000,0.62400,normal
23.86000,5.77303,-2.61573,10.75506,0.80000,0.19333,0.67733,normal
23.88000,5.75056,-2.79551,11.38427,0.80000,0.32667,0.73067,normal
23.90000,5.72809,-2.97528,12.01348,0.80000,0.46000,0.78400,normal
23.92000,5.70562,-3.15506,12.64270,0.64494,0.43596,0.48202,normal
23.94000,3.93000,-2.36000,5.14000,0.75730,0.52584,0.43708,normal
23.96000,3.77444,-2.49333,5.67333,0.86966,0.61573,0.39213,normal
23.98000,3.61889,-2.62667,6.20667,0.98202,0.70562,0.34719,normal
24.00000,3.46333,-2.76000,6.74000,1.09438,0.79551,0.30225,normal
24.02000,3.30778,-2.89333,7.27333,0.01047,0.30000,0.41047,normal
24.04000,1.19000,-1.19000,7.97000,0.03372,0.30000,0.43372,normal
24.06000,1.16778,-1.39000,8.12556,0.05698,0.30000,0.45698,normal
24.08000,1.14556,-1.59000,8.28111,0.08023,0.30000,0.48023,normal
24.10000,1.12333,-1.79000,8.43667,0.10000,-0.30000,0.20000,normal
24.12000,1.10111,-1.99000,8.59222,0.29495,-0.60505,0.10000,normal
24.14000,2.42796,-2.10000,7.78602,0.27475,-0.62525,0.10000,normal
24.16000,2.47097,-2.10000,7.76452,0.25455,-0.64545,0.10000,normal
24.18000,2.51398,-2.10000,7.74301,0.23434,-0.66566,0.10000,normal
24.20000,2.55699,-2.10000,7.72151,0.21414,-0.68586,0.10000,normal
24.22000,2.60000,-2.10000,7.70000,0.20000,-0.70000,0.20000,normal
24.24000,3.41071,-2.21429,9.59643,0.20000,-0.70000,0.20000,normal
24.26000,3.48214,-2.30952,9.57262,0.20000,-0.70000,0.20000,normal
24.28000,3.55357,-2.40476,9.54881,0.20000,-0.70000,0.20000,normal
24.30000,3.62500,-2.50000,9.52500,0.20000,-0.70000,0.20000,normal
24.32000,3.69643,-2.59524,9.50119,0.22198,-0.47802,0.21099,normal
24.34000,4.20805,-2.73218,9.55977,0.26593,-0.43407,0.23297,normal
24.36000,4.23103,-2.82414,9.44483,0.30989,-0.39011,0.25495,normal
24.38000,4.25402,-2.91609,9.32989,0.35385,-0.34615,0.27692,normal
24.40000,4.27701,-3.00805,9.21494,0.39780,-0.30220,0.29890,normal
24.42000,4.30000,-3.10000,9.10000,0.02376,0.27624,0.58812,normal
24.44000,2.77356,-1.75402,10.37011,0.06337,0.23663,0.56832,normal
24.46000,2.95747,-1.63908,9.79540,0.10297,0.19703,0.54851,normal
24.48000,3.14138,-1.52414,9.22069,0.14257,0.15743,0.52871,normal
24.50000,3.32529,-1.40920,8.64598,0.18218,0.11782,0.50891,normal
24.52000,3.75000,-1.30000,7.85000,0.83684,0.63158,0.33158,normal
24.54000,3.06404,-0.85506,9.36404,0.65270,0.69054,0.40000,normal
24.56000,2.97416,-0.74270,9.27416,0.51757,0.66351,0.40000,normal
24.58000,2.88427,-0.63034,9.18427,0.38243,0.63649,0.40000,normal
24.60000,2.79438,-0.51798,9.09438,0.24730,0.60946,0.40000,normal
24.62000,2.70449,-0.40562,9.00449,0.20930,0.39070,0.20000,normal
24.64000,2.28571,-0.99286,7.59286,0.23256,0.36744,0.20000,normal
24.66000,2.19048,-0.94524,7.54524,0.25581,0.34419,0.20000,normal
24.68000,2.09524,-0.89762,7.49762,0.27907,0.32093,0.20000,normal
24.70000,2.00000,-0.85000,7.45000,0.10000,0.14000,0.08000,normal
24.72000,1.90476,-0.80238,7.40238,0.20000,-0.31111,-0.01111,normal
24.74000,2.51263,-1.20000,8.31263,0.20000,-0.33333,-0.03333,normal
24.76000,2.53368,-1.20000,8.33368,0.20000,-0.35556,-0.05556,normal
24.78000,2.55474,-1.20000,8.35474,0.20000,-0.37778,-0.07778,normal
24.80000,2.57579,-1.20000,8.37579,0.20000,-0.40000,-0.10000,normal
24.82000,2.59684,-1.20000,8.39684,-0.18750,-0.17500,-0.37500,normal
24.84000,3.64270,-1.67753,10.68090,-0.16827,-0.29038,-0.18269,normal
24.86000,3.32809,-1.63258,11.24270,-0.14904,-0.40577,0.00962,normal
24.88000,3.01348,-1.58764,11.80449,-0.12981,-0.52115,0.20192,normal
24.90000,2.69888,-1.54270,12.36629,-0.11058,-0.63654,0.39423,normal
24.92000,3.65000,-1.45000,12.15000,-0.30000,-0.10000,-0.36000,normal
24.94000,7.58000,-1.76000,12.00000,-0.52432,-0.47297,0.20541,normal
24.96000,7.28395,-1.82840,12.03580,-0.41622,-0.14865,0.07027,normal
24.98000,6.74074,-2.17407,11.86296,-0.30811,0.17568,-0.06486,normal
25.00000,6.19753,-2.51975,11.69012,-0.20000,0.50000,-0.20000,normal
25.02000,5.65432,-2.86543,11.51728,-0.16739,0.71087,-0.20000,normal
25.04000,3.76667,-1.21111,7.01111,-0.10217,0.73261,-0.20000,normal
25.06000,3.70000,-1.03333,7.03333,-0.03696,0.75435,-0.20000,normal
25.08000,3.63333,-0.85556,7.05556,0.02826,0.77609,-0.20000,normal
25.10000,3.56667,-0.67778,7.07778,0.09348,0.79783,-0.20000,normal
25.12000,3.50000,-0.50000,7.10000,-0.31304,0.67391,0.01304,normal
25.14000,0.20920,-1.67241,8.51724,-0.33478,0.63043,0.03478,normal
25.16000,0.23218,-1.60345,8.31034,-0.35652,0.58696,0.05652,normal
25.18000,0.25517,-1.53448,8.10345,-0.37826,0.54348,0.07826,normal
25.20000,0.27816,-1.46552,7.89655,-0.40000,0.50000,0.10000,normal
25.22000,0.35000,-1.50000,8.15000,0.00000,-0.54231,-0.10000,normal
25.24000,0.75618,-1.77640,7.65730,0.00000,-0.61923,-0.10000,normal
25.26000,0.86854,-1.52921,7.97191,0.00000,-0.69615,-0.10000,normal
25.28000,0.98090,-1.28202,8.28652,0.00000,-0.77308,-0.10000,normal
25.30000,1.09326,-1.03483,8.60112,0.00000,-0.85000,-0.10000,normal
25.32000,0.95000,-1.25000,9.40000,-0.02000,-0.93000,-0.09000,normal
25.34000,3.08000,-1.86000,9.56000,-0.18485,-1.37727,0.00758,normal
25.36000,3.44675,-1.87662,9.92727,-0.12424,-1.28636,0.03788,normal
25.38000,3.49870,-1.85065,10.29091,-0.06364,-1.19545,0.06818,normal
25.40000,3.55065,-1.82468,10.65455,-0.00303,-1.10455,0.09848,normal
25.42000,3.45000,-1.95000,10.85000,-0.08617,-0.57234,0.11383,normal
25.44000,4.35652,-2.24239,10.34239,-0.06489,-0.52979,0.13511,normal
25.46000,4.44348,-2.30761,10.40761,-0.04362,-0.48723,0.15638,normal
25.48000,4.53043,-2.37283,10.47283,-0.02234,-0.44468,0.17766,normal
25.50000,4.61739,-2.43804,10.53804,-0.00106,-0.40213,0.19894,normal
25.52000,4.70000,-2.10000,10.90000,-0.40000,0.66211,0.58737,normal
25.54000,3.08901,-0.93297,10.24725,-0.40000,0.59895,0.56632,normal
25.56000,3.06703,-0.99890,9.74176,-0.40000,0.53579,0.54526,normal
25.58000,3.04505,-1.06484,9.23626,-0.40000,0.47263,0.52421,normal
25.60000,3.02308,-1.13077,8.73077,-0.40000,0.40947,0.50316,normal
25.62000,3.00110,-1.19670,8.22527,-0.03333,0.77778,0.38889,normal
25.64000,1.48372,-1.50000,9.24302,-0.09394,0.73737,0.36869,normal
25.66000,1.43721,-1.50000,9.08023,-0.15455,0.69697,0.34848,normal
25.68000,1.39070,-1.50000,8.91744,-0.21515,0.65657,0.32828,normal
25.70000,1.34419,-1.50000,8.75465,-0.27576,0.61616,0.30808,normal
25.72000,1.40000,-1.70000,8.00000,-0.05000,0.25000,0.15000,normal
25.74000,1.10988,-1.20741,6.89012,0.00000,-0.19351,-0.04675,normal
25.76000,1.20864,-1.28148,6.79136,0.00000,-0.29740,-0.09870,normal
25.78000,1.30741,-1.35556,6.69259,0.00000,-0.40130,-0.15065,normal
25.80000,1.40617,-1.42963,6.59383,0.05000,-0.55000,-0.25000,normal
25.82000,1.90000,-2.00000,6.85000,0.26889,-0.63111,-0.20000,normal
25.84000,3.00000,-1.82667,9.93889,0.22444,-0.67556,-0.20000,normal
25.86000,3.00000,-1.69333,9.82778,0.18000,-0.72000,-0.20000,normal
25.88000,3.00000,-1.56000,9.71667,0.13556,-0.76444,-0.20000,normal
25.90000,3.00000,-1.42667,9.60556,0.24286,-0.71429,-0.10000,normal
25.92000,3.35000,-1.65000,9.60000,0.18539,-0.28539,-0.10000,normal
25.94000,4.76989,-2.00000,11.14516,0.16292,-0.26292,-0.10000,normal
25.96000,4.72688,-2.00000,11.20968,0.14045,-0.24045,-0.10000,normal
25.98000,4.68387,-2.00000,11.27419,0.11798,-0.21798,-0.10000,normal
26.00000,4.64086,-2.00000,11.33871,-0.20000,0.80000,0.00000,normal
26.02000,4.50000,-1.90000,11.35000,-0.40000,1.08393,0.11607,normal
26.04000,3.81935,-3.75484,12.95376,-0.40000,1.06607,0.13393,normal
26.06000,3.56129,-3.69032,12.45914,-0.40000,1.04821,0.15179,normal
26.08000,3.30323,-3.62581,11.96452,-0.40000,1.03036,0.16964,normal
26.10000,3.04516,-3.56129,11.46989,-0.40000,1.01250,0.18750,normal
26.12000,2.85000,-2.75000,9.55000,-0.30769,0.90769,0.10769,normal
26.14000,3.10000,-1.10000,6.80000,0.57538,0.98769,-0.27538,normal
26.16000,2.20130,-2.53377,9.21039,0.51385,0.95692,-0.21385,normal
26.18000,1.96753,-2.45584,9.34026,0.45231,0.92615,-0.15231,normal
26.20000,1.73377,-2.37792,9.47013,0.00000,0.60000,0.05000,normal
26.22000,1.50000,-2.30000,9.60000,-0.08681,-0.03956,0.00000,normal
26.24000,0.45652,-2.12935,8.10109,-0.06484,-0.10549,0.00000,normal
26.26000,0.54348,-2.02065,7.94891,-0.04286,-0.17143,0.00000,normal
26.28000,0.63043,-1.91196,7.79674,-0.02088,-0.23736,0.00000,normal
26.30000,0.71739,-1.80326,7.64457,0.00000,-0.40000,-0.05000,normal
26.32000,0.95000,-1.70000,7.00000,0.40000,-0.81839,-0.20000,normal
26.34000,1.56111,-1.46333,8.57333,0.40000,-0.86437,-0.20000,normal
26.36000,1.67222,-1.39667,8.70667,0.40000,-0.91034,-0.20000,normal
26.38000,1.78333,-1.33000,8.84000,0.40000,-0.95632,-0.20000,normal
26.40000,1.89444,-1.26333,8.97333,0.35000,-1.00000,-0.15000,normal
26.42000,2.20000,-1.00000,9.25000,0.08947,-1.06842,0.10000,normal
26.44000,4.02444,-2.30000,11.47556,0.06842,-1.00526,0.10000,normal
26.46000,4.06889,-2.30000,11.43111,0.04737,-0.94211,0.10000,normal
26.48000,4.11333,-2.30000,11.38667,0.02632,-0.87895,0.10000,normal
26.50000,4.15778,-2.30000,11.34222,0.00526,-0.81579,0.10000,normal
26.52000,4.19000,-2.31000,11.23000,0.00000,-0.51875,0.19375,normal
26.54000,4.31529,-1.50824,10.82824,0.41690,0.43380,0.40845,normal
26.56000,4.03294,-1.20235,10.92235,0.47324,0.54648,0.43662,normal
26.58000,3.75059,-0.89647,11.01647,0.52958,0.65915,0.46479,normal
26.60000,3.46824,-0.59059,11.11059,0.58592,0.77183,0.49296,normal
26.62000,2.80000,-0.20000,10.50000,0.21915,0.81915,0.29043,normal
26.64000,2.64118,-1.40000,7.79412,0.26170,0.86170,0.26915,normal
26.66000,2.40588,-1.40000,8.17059,0.30426,0.90426,0.24787,normal
26.68000,2.17059,-1.40000,8.54706,0.34681,0.94681,0.22660,normal
26.70000,1.93529,-1.40000,8.92353,0.38936,0.98936,0.20532,normal
26.72000,1.70000,-1.40000,9.30000,-0.07327,0.89109,0.29109,normal
26.74000,0.78315,-0.93371,7.56742,-0.01386,0.87129,0.27129,normal
26.76000,0.71573,-1.06854,7.83708,0.04554,0.85149,0.25149,normal
26.78000,0.64831,-1.20337,8.10674,0.10495,0.83168,0.23168,normal
26.80000,0.58090,-1.33820,8.37640,0.16436,0.81188,0.21188,normal
26.82000,0.51348,-1.47303,8.64607,0.19868,0.09605,-0.00132,normal
26.84000,0.47356,-0.93678,7.49195,0.17237,0.01711,-0.02763,normal
26.86000,0.65747,-1.02874,7.72184,0.14605,-0.06184,-0.05395,normal
26.88000,0.84138,-1.12069,7.95172,0.11974,-0.14079,-0.08026,normal
26.90000,1.02529,-1.21264,8.18161,0.20000,-0.17500,0.02500,normal
26.92000,1.80000,-1.50000,9.20000,-0.13956,-0.10000,0.08681,normal
26.94000,2.76186,-0.94639,9.52371,-0.20549,-0.10000,0.06484,normal
26.96000,2.84433,-1.00825,9.68866,-0.27143,-0.10000,0.04286,normal
26.98000,2.92680,-1.07010,9.85361,-0.33736,-0.10000,0.02088,normal
27.00000,3.00928,-1.13196,10.01856,-0.38000,-0.06000,0.00000,normal
27.02000,3.09175,-1.19381,10.18351,-0.28690,0.63929,0.11310,normal
27.04000,2.10112,-1.41348,11.22472,-0.26310,0.71071,0.13690,normal
27.06000,1.92135,-1.25618,11.26966,-0.23929,0.78214,0.16071,normal
27.08000,1.74157,-1.09888,11.31461,-0.21548,0.85357,0.18452,normal
27.10000,1.56180,-0.94157,11.35955,-0.86667,1.60000,0.33333,normal
27.12000,0.80000,-1.30000,10.50000,-1.00000,1.78491,0.40000,normal
27.14000,-0.43021,-1.40625,10.55833,-1.00000,1.76604,0.40000,normal
27.16000,-0.70104,-1.53125,10.39167,-1.00000,1.74717,0.40000,normal
27.18000,-0.97187,-1.65625,10.22500,-1.00000,1.72830,0.40000,normal
27.20000,-1.24271,-1.78125,10.05833,-1.00000,1.70943,0.40000,normal
27.22000,-1.80000,-2.30000,9.95000,0.25000,1.20000,0.60000,normal
27.24000,-3.80000,-0.96629,9.72360,0.25946,1.12027,0.56081,normal
27.26000,-3.80000,-0.89888,9.97079,0.20541,1.14730,0.64189,normal
27.28000,-3.80000,-0.83146,10.21798,0.15135,1.17432,0.72297,normal
27.30000,-3.80000,-0.76404,10.46517,-0.15000,1.05000,0.70000,normal
27.32000,-4.50000,1.40000,9.30000,-0.26667,0.80000,0.50000,normal
27.34000,-3.70000,-1.07303,8.02472,-0.22222,0.80000,0.50000,normal
27.36000,-3.70000,-1.38764,8.06966,-0.17778,0.80000,0.50000,normal
27.38000,-3.70000,-1.70225,8.11461,-0.13333,0.80000,0.50000,normal
27.40000,-3.70000,-2.01685,8.15955,-0.50000,0.00000,0.10000,normal
27.42000,-4.10000,-1.20000,8.10000,-0.22000,0.14000,-0.16000,normal
27.44000,-2.05161,-2.80968,7.30000,-0.13579,0.18211,-0.11789,normal
27.46000,-1.98710,-3.08925,7.30000,-0.05158,0.22421,-0.07579,normal
27.48000,-1.92258,-3.36882,7.30000,0.03263,0.26632,-0.03368,normal
27.50000,-1.85806,-3.64839,7.30000,-0.10000,0.40000,0.10000,normal
27.52000,-2.50000,-1.30000,7.50000,-0.10000,0.51731,0.23462,normal
27.54000,-3.62903,-1.74516,8.08065,-0.10000,0.53654,0.27308,normal
27.56000,-3.80108,-1.93871,8.18817,-0.10000,0.55577,0.31154,normal
27.58000,-3.97312,-2.13226,8.29570,-0.10000,0.57500,0.35000,normal
27.60000,-4.14516,-2.32581,8.40323,-0.10000,0.59423,0.38846,normal
27.62000,-5.20000,-1.70000,8.70000,-0.60000,0.45000,0.60000,normal
27.64000,-6.51463,-2.18902,7.91098,-0.61884,0.24348,0.76232,normal
27.66000,-6.61220,-2.11585,7.98415,-0.64783,0.15652,0.70435,normal
27.68000,-6.70976,-2.04268,8.05732,-0.67681,0.06957,0.64638,normal
27.70000,-6.80732,-1.96951,8.13049,-0.62000,0.00000,0.68000,normal
27.72000,-6.45000,-2.20000,7.75000,0.44043,-0.38511,0.51489,normal
27.74000,-5.07957,-2.09032,9.60108,0.35532,-0.36383,0.53617,normal
27.76000,-4.90753,-2.21935,10.03118,0.27021,-0.34255,0.55745,normal
27.78000,-4.73548,-2.34839,10.46129,0.18511,-0.32128,0.57872,normal
27.80000,-4.56344,-2.47742,10.89140,0.10000,-0.30000,0.60000,normal
27.82000,-4.35000,-2.50000,11.10000,-0.17241,-0.50000,1.10000,normal
27.84000,-4.01124,-2.38876,8.14382,-0.12644,-0.50000,1.10000,normal
27.86000,-4.03371,-2.36629,8.03146,-0.08046,-0.50000,1.10000,normal
27.88000,-4.05618,-2.34382,7.91910,-0.03448,-0.50000,1.10000,normal
27.90000,-4.07865,-2.32135,7.80674,-0.60000,-0.40000,1.40000,normal
27.92000,-4.50000,-2.20000,8.20000,-1.02250,-0.27750,1.47750,normal
27.94000,-4.20000,-1.88824,10.21176,-1.04750,-0.25250,1.45250,normal
27.96000,-4.20000,-2.00588,10.09412,-1.07250,-0.22750,1.42750,normal
27.98000,-4.20000,-2.12353,9.97647,-1.09750,-0.20250,1.40250,normal
28.00000,-4.16923,-2.09231,9.59231,-1.20000,0.00000,1.40000,normal
28.02000,-4.80755,-2.60000,8.01509,-1.20000,-0.02083,1.37917,normal
28.04000,-4.82642,-2.60000,8.05283,-1.20000,-0.04167,1.35833,normal
28.06000,-4.84528,-2.60000,8.09057,-1.20000,-0.06250,1.33750,normal
28.08000,-4.86415,-2.60000,8.12830,-1.20000,-0.08333,1.31667,normal
28.10000,-4.88302,-2.60000,8.16604,-1.20000,-0.30000,1.00000,normal
28.12000,-5.04000,-2.80000,8.24000,-1.10000,-0.57282,0.98641,normal
28.14000,-4.08511,-2.05957,8.49149,-1.10000,-0.53398,0.96699,normal
28.16000,-4.06383,-2.14468,8.19362,-1.10000,-0.49515,0.94757,normal
28.18000,-4.04255,-2.22979,7.89574,-1.10000,-0.45631,0.92816,normal
28.20000,-4.02128,-2.31489,7.59787,-1.10000,-0.41748,0.90874,normal
28.22000,-4.00000,-2.40000,7.30000,-0.90000,-0.10000,0.50000,normal
28.24000,-3.49750,-3.30125,8.41500,-0.84667,-0.04667,0.50000,normal
28.26000,-3.44750,-3.32625,8.71500,-0.79333,0.00667,0.50000,normal
28.28000,-3.39750,-3.35125,9.01500,-0.74000,0.06000,0.50000,normal
28.30000,-3.34750,-3.37625,9.31500,-0.40000,-0.11429,0.22857,normal
28.32000,-3.85000,-3.05000,9.10000,-0.50000,0.10000,0.18854,normal
28.34000,-4.33191,-3.33191,7.65213,-0.50000,0.10000,0.16771,normal
28.36000,-4.37447,-3.37447,7.58830,-0.50000,0.10000,0.14688,normal
28.38000,-4.41702,-3.41702,7.52447,-0.50000,0.10000,0.12604,normal
28.40000,-4.45957,-3.45957,7.46064,-0.50000,0.10000,0.10521,normal
28.42000,-4.50000,-3.60000,7.90000,-0.22222,0.02222,0.00000,normal
28.44000,-4.91310,-3.27024,9.81071,-0.31884,0.11884,0.03768,normal
28.46000,-5.36548,-3.15119,9.45357,-0.34783,0.14783,0.09565,normal
28.48000,-5.81786,-3.03214,9.09643,-0.37681,0.17681,0.15362,normal
28.50000,-6.27024,-2.91310,8.73929,-1.15000,-0.05000,0.15000,normal
28.52000,-6.75000,-3.30000,8.90000,-1.08085,-0.77660,-0.13830,normal
28.54000,-8.63978,-3.93011,7.46559,-1.05957,-0.86170,-0.18085,normal
28.56000,-8.55376,-3.97312,7.70215,-1.03830,-0.94681,-0.22340,normal
28.58000,-8.46774,-4.01613,7.93871,-1.01702,-1.03191,-0.26596,normal
28.60000,-8.38172,-4.05914,8.17527,-0.20000,-1.80000,-0.40000,normal
28.62000,-7.95000,-4.40000,8.45000,1.22979,-1.85745,-0.16170,normal
28.64000,-4.98925,-6.59892,8.54516,1.48511,-1.92128,-0.11915,normal
28.66000,-4.68817,-6.16882,8.60968,1.74043,-1.98511,-0.07660,normal
28.68000,-4.38710,-5.73871,8.67419,1.99574,-2.04894,-0.03404,normal
28.70000,-4.08602,-5.30860,8.73871,2.76000,-2.18000,0.16000,normal
28.72000,-2.95000,-4.00000,8.60000,3.52667,-1.17333,0.60000,normal
28.74000,0.23043,-1.47826,7.69783,3.56476,-1.13524,0.60000,normal
28.76000,0.27391,-1.30435,7.98043,3.60286,-1.09714,0.60000,normal
28.78000,0.31739,-1.13043,8.26304,3.64095,-1.05905,0.60000,normal
28.80000,0.36087,-0.95652,8.54565,3.67905,-1.02095,0.60000,normal
28.82000,0.36364,-0.65455,8.87273,3.52000,-0.73000,0.60000,normal
28.84000,0.01839,-0.20000,8.97356,2.02836,-0.30000,0.28209,normal
28.86000,0.06437,-0.20000,9.15747,1.90896,-0.30000,0.25224,normal
28.88000,0.11034,-0.20000,9.34138,1.78955,-0.30000,0.22239,normal
28.90000,0.15632,-0.20000,9.52529,1.10000,-0.24000,0.16000,normal
28.92000,0.30000,0.20000,9.90000,1.00000,-0.30000,0.10000,normal
28.94000,1.00000,0.13191,8.70000,1.00000,-0.30000,0.10000,normal
28.96000,1.00000,0.17447,8.70000,1.00000,-0.30000,0.10000,normal
28.98000,1.00000,0.21702,8.70000,1.00000,-0.30000,0.10000,normal
29.00000,1.00000,0.25957,8.70000,1.00000,-0.20000,0.40000,normal
29.02000,1.10000,0.00000,9.00000,0.87143,-0.18571,0.41429,normal
29.04000,0.47638,2.02362,9.32362,0.84135,-0.17068,0.42932,normal
29.06000,0.44488,2.05512,9.35512,0.81128,-0.15564,0.44436,normal
29.08000,0.41339,2.08661,9.38661,0.78120,-0.14060,0.45940,normal
29.10000,0.38189,2.11811,9.41811,0.75113,-0.12556,0.47444,normal
29.12000,0.35039,2.14961,9.44961,0.72105,-0.11053,0.48947,normal
29.14000,0.31890,2.18110,9.48110,0.40000,-0.30000,0.60000,normal
29.16000,0.30000,2.80000,9.10000,0.26632,-0.28316,0.70000,normal
29.18000,0.66190,3.69048,8.26190,0.22421,-0.26211,0.70000,normal
29.20000,0.61429,3.92857,8.21429,0.18211,-0.24105,0.70000,normal
29.22000,0.56667,4.16667,8.16667,0.14000,-0.22000,0.70000,normal
29.24000,0.51905,4.40476,8.11905,0.00000,-0.10000,0.80000,normal
29.26000,0.65000,3.40000,8.60000,0.27333,0.00000,0.70000,normal
29.28000,0.70000,2.81224,8.58980,0.22889,0.00000,0.70000,normal
29.30000,0.70000,3.01633,8.75306,-0.09905,0.00000,0.50000,normal
29.32000,1.00000,3.35000,9.00000,-0.08000,0.00000,0.50000,normal
29.34000,1.18247,2.71753,9.01753,-0.06095,0.00000,0.50000,normal
29.36000,1.16186,2.73814,9.03814,-0.04190,0.00000,0.50000,normal
29.38000,1.14124,2.75876,9.05876,-0.02286,0.00000,0.50000,normal
29.40000,1.12062,2.77938,9.07938,-0.00381,0.00000,0.50000,normal
29.42000,1.10000,2.80000,9.10000,0.10465,0.10000,0.20000,normal
29.44000,1.10000,3.38193,8.91807,0.12791,0.10000,0.20000,normal
29.46000,1.10000,3.30964,8.99036,0.15116,0.10000,0.20000,normal
29.48000,1.10000,3.23735,9.06265,0.17442,0.10000,0.20000,normal
29.50000,1.10000,3.16506,9.13494,0.19767,0.10000,0.20000,normal
29.52000,1.10000,3.40000,9.20000,0.10267,0.10000,0.10000,normal
29.54000,0.90000,3.65109,9.20000,0.12933,0.10000,0.10000,normal
29.56000,0.90000,3.58587,9.20000,0.15600,0.10000,0.10000,normal
29.58000,0.90000,3.52065,9.20000,0.18267,0.10000,0.10000,normal
29.60000,0.90000,3.45543,9.20000,0.26000,0.00000,0.10000,normal
29.62000,1.00000,3.60000,9.10000,0.30000,0.00000,0.10000,normal
29.64000,1.01702,3.81702,8.91702,0.30000,0.00000,0.10000,normal
29.66000,1.03830,3.83830,8.93830,0.30000,0.00000,0.10000,normal
29.68000,1.05957,3.85957,8.95957,0.30000,0.00000,0.10000,normal
29.70000,1.08085,3.88085,8.98085,0.10000,0.00000,0.00000,normal
29.72000,1.10000,3.80000,8.80000,0.08444,0.00000,0.00000,normal
29.74000,0.98421,3.95263,8.90000,0.06222,0.00000,0.00000,normal
29.76000,0.96316,3.88947,8.90000,0.04000,0.00000,0.00000,normal
29.78000,0.94211,3.82632,8.90000,0.01778,0.00000,0.00000,normal
29.80000,0.92105,3.76316,8.90000,0.00000,0.00000,0.00000,normal
29.82000,0.90000,3.70000,8.90000,0.00000,0.00000,0.00000,normal
29.84000,0.88108,3.91892,8.90000,0.00000,0.00000,0.00000,normal
29.86000,0.85405,3.94595,8.90000,0.00000,0.00000,0.00000,normal
29.88000,0.82703,3.97297,8.90000,0.00000,0.00000,0.00000,normal
29.90000,0.80000,4.00000,8.90000,1.70000,-0.00000,-0.40000,normal
